co_uf;sg_uf;no_uf;co_municipio;no_municipio;ano;periodo;gasto_total_saude;gasto_aps;perc_aps_sobre_total;status
12;AC;Acre;120001;Acrelândia;2023;2;14676691.31;14676691.31;100.00;OK
12;AC;Acre;120005;Assis Brasil;2023;2;7958865.26;6876989.52;86.41;OK
12;AC;Acre;120010;Brasiléia;2023;2;22623939.76;19251991.55;85.10;OK
12;AC;Acre;120013;Bujari;2023;2;10800083.04;3362109.32;31.13;OK
12;AC;Acre;120017;Capixaba;2023;2;10018002.27;8335485.87;83.21;OK
12;AC;Acre;120020;Cruzeiro do Sul;2023;2;77735171.86;60330147.08;77.61;OK
12;AC;Acre;120025;Epitaciolândia;2023;2;15990831.69;14406709.06;90.09;OK
12;AC;Acre;120030;Feijó;2023;2;23687718.82;23687718.82;100.00;OK
12;AC;Acre;120032;Jordão;2023;2;7859409.61;7759187.40;98.72;OK
12;AC;Acre;120034;Manoel Urbano;2023;2;9156362.95;8183600.69;89.38;OK
12;AC;Acre;120035;Marechal Thaumaturgo;2023;2;14723737.52;14723737.52;100.00;OK
12;AC;Acre;120033;Mâncio Lima;2023;2;13617432.20;11150572.72;81.88;OK
12;AC;Acre;120038;Plácido de Castro;2023;2;15156833.79;13970632.01;92.17;OK
12;AC;Acre;120080;Porto Acre;2023;2;14365915.64;14053602.76;97.83;OK
12;AC;Acre;120039;Porto Walter;2023;2;8839435.76;7678160.17;86.86;OK
12;AC;Acre;120040;Rio Branco;2023;2;313604022.24;269366007.30;85.89;OK
12;AC;Acre;120042;Rodrigues Alves;2023;2;16091621.74;15845791.34;98.47;OK
12;AC;Acre;120043;Santa Rosa do Purus;2023;2;5471964.39;5293074.77;96.73;OK
12;AC;Acre;120050;Sena Madureira;2023;2;37465938.85;23425561.20;62.52;OK
12;AC;Acre;120045;Senador Guiomard;2023;2;19587809.98;19570301.81;99.91;OK
12;AC;Acre;120060;Tarauacá;2023;2;27523803.30;24418581.77;88.72;OK
12;AC;Acre;120070;Xapuri;2023;2;17655817.93;15020177.56;85.07;OK
27;AL;Alagoas;270020;Anadia;2023;2;21408528.57;7512973.19;35.09;OK
27;AL;Alagoas;270030;Arapiraca;2023;2;330229076.24;99883718.27;30.25;OK
27;AL;Alagoas;270040;Atalaia;2023;2;45025172.72;16585430.10;36.84;OK
27;AL;Alagoas;270050;Barra de Santo Antônio;2023;2;18739050.41;17561595.65;93.72;OK
27;AL;Alagoas;270060;Barra de São Miguel;2023;2;17737102.67;5861416.73;33.05;OK
27;AL;Alagoas;270070;Batalha;2023;2;26701206.84;12492035.30;46.78;OK
27;AL;Alagoas;270090;Belo Monte;2023;2;9758158.18;3414434.70;34.99;OK
27;AL;Alagoas;270080;Belém;2023;2;7395784.65;3585765.23;48.48;OK
27;AL;Alagoas;270100;Boca da Mata;2023;2;27365639.35;20210293.52;73.85;OK
27;AL;Alagoas;270110;Branquinha;2023;2;18051193.82;8378530.07;46.42;OK
27;AL;Alagoas;270120;Cacimbinhas;2023;2;14646697.58;5475114.61;37.38;OK
27;AL;Alagoas;270130;Cajueiro;2023;2;24187417.06;13934963.36;57.61;OK
27;AL;Alagoas;270135;Campestre;2023;2;11546637.18;1700712.59;14.73;OK
27;AL;Alagoas;270140;Campo Alegre;2023;2;50862291.64;15383658.11;30.25;OK
27;AL;Alagoas;270150;Campo Grande;2023;2;8348270.56;4731272.31;56.67;OK
27;AL;Alagoas;270160;Canapi;2023;2;20702999.27;9875897.69;47.70;OK
27;AL;Alagoas;270170;Capela;2023;2;26502869.81;17150396.25;64.71;OK
27;AL;Alagoas;270180;Carneiros;2023;2;11459903.30;4638780.03;40.48;OK
27;AL;Alagoas;270190;Chã Preta;2023;2;10785402.85;9802495.45;90.89;OK
27;AL;Alagoas;270200;Coité do Nóia;2023;2;12707087.19;5153855.60;40.56;OK
27;AL;Alagoas;270210;Colônia Leopoldina;2023;2;22281131.47;6913749.89;31.03;OK
27;AL;Alagoas;270220;Coqueiro Seco;2023;2;9546250.66;3206764.95;33.59;OK
27;AL;Alagoas;270230;Coruripe;2023;2;85553662.20;24808399.54;29.00;OK
27;AL;Alagoas;270235;Craíbas;2023;2;29859540.36;14498407.13;48.56;OK
27;AL;Alagoas;270240;Delmiro Gouveia;2023;2;59048769.37;16440627.20;27.84;OK
27;AL;Alagoas;270250;Dois Riachos;2023;2;15285486.12;7111309.17;46.52;OK
27;AL;Alagoas;270255;Estrela de Alagoas;2023;2;18418605.18;14535572.09;78.92;OK
27;AL;Alagoas;270260;Feira Grande;2023;2;22426380.86;10843554.15;48.35;OK
27;AL;Alagoas;270270;Feliz Deserto;2023;2;8505909.37;7912073.12;93.02;OK
27;AL;Alagoas;270280;Flexeiras;2023;2;20679119.15;6729485.75;32.54;OK
27;AL;Alagoas;270290;Girau do Ponciano;2023;2;30380290.31;8662159.66;28.51;OK
27;AL;Alagoas;270300;Ibateguara;2023;2;17259813.06;6447125.99;37.35;OK
27;AL;Alagoas;270310;Igaci;2023;2;29335240.52;8562521.10;29.19;OK
27;AL;Alagoas;270320;Igreja Nova;2023;2;26425562.68;11160437.91;42.23;OK
27;AL;Alagoas;270330;Inhapi;2023;2;20054161.46;10038567.94;50.06;OK
27;AL;Alagoas;270340;Jacaré dos Homens;2023;2;9086866.54;7200318.53;79.24;OK
27;AL;Alagoas;270350;Jacuípe;2023;2;9694518.37;7205654.91;74.33;OK
27;AL;Alagoas;270360;Japaratinga;2023;2;12243918.51;7019008.81;57.33;OK
27;AL;Alagoas;270370;Jaramataia;2023;2;10363931.26;9833703.91;94.88;OK
27;AL;Alagoas;270375;Jequiá da Praia;2023;2;19464116.69;10787362.31;55.42;OK
27;AL;Alagoas;270380;Joaquim Gomes;2023;2;27937289.94;10415046.35;37.28;OK
27;AL;Alagoas;270390;Jundiá;2023;2;10729011.91;1980938.74;18.46;OK
27;AL;Alagoas;270400;Junqueiro;2023;2;36862623.84;16568976.05;44.95;OK
27;AL;Alagoas;270410;Lagoa da Canoa;2023;2;18885098.55;8705476.20;46.10;OK
27;AL;Alagoas;270420;Limoeiro de Anadia;2023;2;31606793.63;12230814.84;38.70;OK
27;AL;Alagoas;270430;Maceió;2023;2;1369568501.56;347484313.78;25.37;OK
27;AL;Alagoas;270440;Major Isidoro;2023;2;27218908.94;12456376.20;45.76;OK
27;AL;Alagoas;270490;Mar Vermelho;2023;2;7034718.37;4884926.44;69.44;OK
27;AL;Alagoas;270450;Maragogi;2023;2;44560265.76;15311361.03;34.36;OK
27;AL;Alagoas;270460;Maravilha;2023;2;12935450.34;6429640.16;49.71;OK
27;AL;Alagoas;270470;Marechal Deodoro;2023;2;86930961.07;51158978.05;58.85;OK
27;AL;Alagoas;270480;Maribondo;2023;2;18606383.01;14994031.34;80.59;OK
27;AL;Alagoas;270500;Mata Grande;2023;2;21940282.95;5820864.92;26.53;OK
27;AL;Alagoas;270510;Matriz de Camaragibe;2023;2;30246289.70;13841788.27;45.76;OK
27;AL;Alagoas;270520;Messias;2023;2;21149715.09;8674081.03;41.01;OK
27;AL;Alagoas;270530;Minador do Negrão;2023;2;8812469.02;5309486.72;60.25;OK
27;AL;Alagoas;270540;Monteirópolis;2023;2;11140887.76;10056797.48;90.27;OK
27;AL;Alagoas;270550;Murici;2023;2;37055978.42;21867298.94;59.01;OK
27;AL;Alagoas;270560;Novo Lino;2023;2;13201301.60;5452310.56;41.30;OK
27;AL;Alagoas;270590;Olho d'Água Grande;2023;2;7701024.93;3067361.39;39.83;OK
27;AL;Alagoas;270570;Olho d'Água das Flores;2023;2;23992825.79;10968357.06;45.72;OK
27;AL;Alagoas;270580;Olho d'Água do Casado;2023;2;11994814.97;8525753.11;71.08;OK
27;AL;Alagoas;270600;Olivença;2023;2;10807275.86;10078934.86;93.26;OK
27;AL;Alagoas;270610;Ouro Branco;2023;2;14967078.61;10003908.59;66.84;OK
27;AL;Alagoas;270620;Palestina;2023;2;8639407.42;5025572.67;58.17;OK
27;AL;Alagoas;270630;Palmeira dos Índios;2023;2;111060491.64;25466301.79;22.93;OK
27;AL;Alagoas;270642;Pariconha;2023;2;15159096.85;7402881.39;48.83;OK
27;AL;Alagoas;270644;Paripueira;2023;2;14157859.48;13542450.86;95.65;OK
27;AL;Alagoas;270650;Passo de Camaragibe;2023;2;15971366.50;6118506.43;38.31;OK
27;AL;Alagoas;270660;Paulo Jacinto;2023;2;14391575.47;5553689.99;38.59;OK
27;AL;Alagoas;270670;Penedo;2023;2;94076370.22;29264862.60;31.11;OK
27;AL;Alagoas;270680;Piaçabuçu;2023;2;25024428.46;12356818.55;49.38;OK
27;AL;Alagoas;270690;Pilar;2023;2;81372168.08;51009644.66;62.69;OK
27;AL;Alagoas;270700;Pindoba;2023;2;7561287.45;3387831.23;44.80;OK
27;AL;Alagoas;270710;Piranhas;2023;2;27071436.42;16886339.12;62.38;OK
27;AL;Alagoas;270730;Porto Calvo;2023;2;30035056.11;10078548.77;33.56;OK
27;AL;Alagoas;270750;Porto Real do Colégio;2023;2;24149167.97;11069514.48;45.84;OK
27;AL;Alagoas;270740;Porto de Pedras;2023;2;16301680.82;10093232.84;61.92;OK
27;AL;Alagoas;270720;Poço das Trincheiras;2023;2;17007111.77;8834959.19;51.95;OK
27;AL;Alagoas;270640;Pão de Açúcar;2023;2;31673418.40;10624095.09;33.54;OK
27;AL;Alagoas;270760;Quebrangulo;2023;2;18630173.77;8930458.03;47.94;OK
27;AL;Alagoas;270770;Rio Largo;2023;2;73243931.54;37175207.74;50.76;OK
27;AL;Alagoas;270780;Roteiro;2023;2;9872711.69;7545430.94;76.43;OK
27;AL;Alagoas;270790;Santa Luzia do Norte;2023;2;11226526.15;4349630.67;38.74;OK
27;AL;Alagoas;270800;Santana do Ipanema;2023;2;131700844.60;28072426.81;21.32;OK
27;AL;Alagoas;270810;Santana do Mundaú;2023;2;15125361.00;7977369.44;52.74;OK
27;AL;Alagoas;270890;Satuba;2023;2;9433877.64;668010.85;7.08;OK
27;AL;Alagoas;270895;Senador Rui Palmeira;2023;2;16799152.43;15030775.62;89.47;OK
27;AL;Alagoas;270820;São Brás;2023;2;11602663.56;1513446.84;13.04;OK
27;AL;Alagoas;270830;São José da Laje;2023;2;30024674.61;8893592.61;29.62;OK
27;AL;Alagoas;270840;São José da Tapera;2023;2;41334960.12;30232172.67;73.14;OK
27;AL;Alagoas;270850;São Luís do Quitunde;2023;2;37762245.86;11037144.82;29.23;OK
27;AL;Alagoas;270860;São Miguel dos Campos;2023;2;108959487.45;48675438.09;44.67;OK
27;AL;Alagoas;270870;São Miguel dos Milagres;2023;2;13422579.25;9366221.14;69.78;OK
27;AL;Alagoas;270880;São Sebastião;2023;2;40086837.84;34865352.39;86.97;OK
27;AL;Alagoas;270900;Tanque d'Arca;2023;2;8352338.78;4584621.69;54.89;OK
27;AL;Alagoas;270910;Taquarana;2023;2;22499284.34;18984411.94;84.38;OK
27;AL;Alagoas;270915;Teotônio Vilela;2023;2;55180712.81;21794709.02;39.50;OK
27;AL;Alagoas;270920;Traipu;2023;2;25877966.88;21249248.09;82.11;OK
27;AL;Alagoas;270930;União dos Palmares;2023;2;58332049.23;35724508.22;61.24;OK
27;AL;Alagoas;270940;Viçosa;2023;2;31080823.96;14503309.15;46.66;OK
27;AL;Alagoas;270010;Água Branca;2023;2;22091041.11;17821006.50;80.67;OK
16;AP;Amapá ;160010;Amapá;2023;2;8615830.38;6281333.62;72.90;OK
16;AP;Amapá ;160020;Calçoene;2023;2;9609631.63;2891427.15;30.09;OK
16;AP;Amapá ;160021;Cutias;2023;2;1417600.26;1417600.26;100.00;OK
16;AP;Amapá ;160023;Ferreira Gomes;2023;2;14909619.36;11993588.42;80.44;OK
16;AP;Amapá ;160025;Itaubal;2023;2;9943328.03;7598750.30;76.42;OK
16;AP;Amapá ;160027;Laranjal do Jari;2023;2;42427319.96;30719943.01;72.41;OK
16;AP;Amapá ;160030;Macapá;2023;2;384409987.31;201968513.03;52.54;OK
16;AP;Amapá ;160040;Mazagão;2023;2;27414273.62;25060768.75;91.42;OK
16;AP;Amapá ;160050;Oiapoque;2023;2;12997925.52;12997925.52;100.00;OK
16;AP;Amapá ;160015;Pedra Branca do Amapari;2023;2;27170467.97;25879565.28;95.25;OK
16;AP;Amapá ;160053;Porto Grande;2023;2;15957748.98;6028286.85;37.78;OK
16;AP;Amapá ;160055;Pracuúba;2023;2;7328525.86;5395201.79;73.62;OK
16;AP;Amapá ;160060;Santana;2023;2;82592931.52;51947119.19;62.90;OK
16;AP;Amapá ;160005;Serra do Navio;2023;2;7019245.77;5511809.71;78.52;OK
16;AP;Amapá ;160070;Tartarugalzinho;2023;2;22780261.54;12282207.92;53.92;OK
16;AP;Amapá ;160080;Vitória do Jari;2023;2;18124728.34;16779863.07;92.58;OK
13;AM;Amazonas;130002;Alvarães;2023;2;34586037.73;34586028.74;100.00;OK
13;AM;Amazonas;130006;Amaturá;2023;2;14713771.06;5279375.97;35.88;OK
13;AM;Amazonas;130008;Anamã;2023;2;18109266.69;6982618.68;38.56;OK
13;AM;Amazonas;130010;Anori;2023;2;26641835.47;19482087.15;73.13;OK
13;AM;Amazonas;130014;Apuí;2023;2;23338049.37;15803930.48;67.72;OK
13;AM;Amazonas;130020;Atalaia do Norte;2023;2;20615663.02;7029815.62;34.10;OK
13;AM;Amazonas;130030;Autazes;2023;2;60736114.58;38835178.53;63.94;OK
13;AM;Amazonas;130040;Barcelos;2023;2;25451626.31;8638535.21;33.94;OK
13;AM;Amazonas;130050;Barreirinha;2023;2;30053137.55;12041864.25;40.07;OK
13;AM;Amazonas;130060;Benjamin Constant;2023;2;40762331.31;26970032.30;66.16;OK
13;AM;Amazonas;130063;Beruri;2023;2;13443414.81;5473522.29;40.72;OK
13;AM;Amazonas;130068;Boa Vista do Ramos;2023;2;22963165.95;17021679.58;74.13;OK
13;AM;Amazonas;130070;Boca do Acre;2023;2;33997733.08;33105132.57;97.37;OK
13;AM;Amazonas;130080;Borba;2023;2;31069397.65;11271852.35;36.28;OK
13;AM;Amazonas;130083;Caapiranga;2023;2;6655999.80;4901460.48;73.64;OK
13;AM;Amazonas;130090;Canutama;2023;2;20231176.06;6997221.79;34.59;OK
13;AM;Amazonas;130100;Carauari;2023;2;28293537.75;19528164.33;69.02;OK
13;AM;Amazonas;130110;Careiro;2023;2;65471537.40;47905775.16;73.17;OK
13;AM;Amazonas;130115;Careiro da Várzea;2023;2;26305864.99;22038999.89;83.78;OK
13;AM;Amazonas;130120;Coari;2023;2;132343857.00;69360623.57;52.41;OK
13;AM;Amazonas;130130;Codajás;2023;2;30748239.33;12180251.25;39.61;OK
13;AM;Amazonas;130140;Eirunepé;2023;2;36260870.01;24671341.95;68.04;OK
13;AM;Amazonas;130150;Envira;2023;2;22119212.07;13255970.22;59.93;OK
13;AM;Amazonas;130160;Fonte Boa;2023;2;37277419.68;22793772.87;61.15;OK
13;AM;Amazonas;130165;Guajará;2023;2;19569777.08;8984258.22;45.91;OK
13;AM;Amazonas;130170;Humaitá;2023;2;54506508.24;33336566.84;61.16;OK
13;AM;Amazonas;130180;Ipixuna;2023;2;30145326.91;20774330.85;68.91;OK
13;AM;Amazonas;130185;Iranduba;2023;2;62894354.57;54564507.44;86.76;OK
13;AM;Amazonas;130190;Itacoatiara;2023;2;104568288.24;55117091.22;52.71;OK
13;AM;Amazonas;130195;Itamarati;2023;2;17413907.25;10002692.37;57.44;OK
13;AM;Amazonas;130200;Itapiranga;2023;2;14020183.63;7374827.51;52.60;OK
13;AM;Amazonas;130210;Japurá;2023;2;12262720.74;6038418.97;49.24;OK
13;AM;Amazonas;130220;Juruá;2023;2;21162799.00;12825311.33;60.60;OK
13;AM;Amazonas;130230;Jutaí;2023;2;31944073.78;23239920.83;72.75;OK
13;AM;Amazonas;130240;Lábrea;2023;2;22316534.36;10799511.00;48.39;OK
13;AM;Amazonas;130250;Manacapuru;2023;2;128345111.97;51056162.15;39.78;OK
13;AM;Amazonas;130255;Manaquiri;2023;2;23632271.20;13631103.25;57.68;OK
13;AM;Amazonas;130260;Manaus;2023;2;1581442108.97;685066252.37;43.32;OK
13;AM;Amazonas;130270;Manicoré;2023;2;67119293.47;41959254.54;62.51;OK
13;AM;Amazonas;130280;Maraã;2023;2;13734983.66;10424037.55;75.89;OK
13;AM;Amazonas;130290;Maués;2023;2;70069679.31;44006441.43;62.80;OK
13;AM;Amazonas;130300;Nhamundá;2023;2;36612591.38;31298711.81;85.49;OK
13;AM;Amazonas;130310;Nova Olinda do Norte;2023;2;35738698.62;20335348.75;56.90;OK
13;AM;Amazonas;130320;Novo Airão;2023;2;22286416.21;17494000.43;78.50;OK
13;AM;Amazonas;130330;Novo Aripuanã;2023;2;21624570.78;10498328.87;48.55;OK
13;AM;Amazonas;130340;Parintins;2023;2;113924661.84;48283051.88;42.38;OK
13;AM;Amazonas;130350;Pauini;2023;2;18866003.34;16857192.24;89.35;OK
13;AM;Amazonas;130353;Presidente Figueiredo;2023;2;64249231.03;42410566.89;66.01;OK
13;AM;Amazonas;130356;Rio Preto da Eva;2023;2;34279345.77;13581688.63;39.62;OK
13;AM;Amazonas;130360;Santa Isabel do Rio Negro;2023;2;24603763.84;7403274.75;30.09;OK
13;AM;Amazonas;130370;Santo Antônio do Içá;2023;2;29513348.12;13845060.50;46.91;OK
13;AM;Amazonas;130400;Silves;2023;2;20152824.99;12908565.18;64.05;OK
13;AM;Amazonas;130380;São Gabriel da Cachoeira;2023;2;28657777.64;19639123.30;68.53;OK
13;AM;Amazonas;130390;São Paulo de Olivença;2023;2;38315402.46;29711237.49;77.54;OK
13;AM;Amazonas;130395;São Sebastião do Uatumã;2023;2;19202705.28;9998272.90;52.07;OK
13;AM;Amazonas;130406;Tabatinga;2023;2;53163922.24;41378401.98;77.83;OK
13;AM;Amazonas;130410;Tapauá;2023;2;37405731.49;24142358.14;64.54;OK
13;AM;Amazonas;130420;Tefé;2023;2;81532466.98;43986753.70;53.95;OK
13;AM;Amazonas;130423;Tonantins;2023;2;25085539.31;11388927.84;45.40;OK
13;AM;Amazonas;130426;Uarini;2023;2;15728884.94;6583791.67;41.86;OK
13;AM;Amazonas;130430;Urucará;2023;2;22697630.42;20649608.76;90.98;OK
13;AM;Amazonas;130440;Urucurituba;2023;2;28665017.76;28546659.39;99.59;OK
29;BA;Bahia;290020;Abaré;2023;2;18747894.58;18483137.83;98.59;OK
29;BA;Bahia;290010;Abaíra;2023;2;9144587.33;8924486.27;97.59;OK
29;BA;Bahia;290030;Acajutiba;2023;2;17495155.45;9471222.43;54.14;OK
29;BA;Bahia;290035;Adustina;2023;2;18249511.71;16013917.01;87.75;OK
29;BA;Bahia;290060;Aiquara;2023;2;7008046.28;1914701.31;27.32;OK
29;BA;Bahia;290070;Alagoinhas;2023;2;161652206.92;42724866.13;26.43;OK
29;BA;Bahia;290080;Alcobaça;2023;2;25240912.96;9750630.52;38.63;OK
29;BA;Bahia;290090;Almadina;2023;2;7571136.17;2445289.30;32.30;OK
29;BA;Bahia;290100;Amargosa;2023;2;34780781.23;14204679.88;40.84;OK
29;BA;Bahia;290110;Amélia Rodrigues;2023;2;27347548.54;12080334.27;44.17;OK
29;BA;Bahia;290115;América Dourada;2023;2;17818840.73;7727364.56;43.37;OK
29;BA;Bahia;290120;Anagé;2023;2;21396056.28;9463489.06;44.23;OK
29;BA;Bahia;290130;Andaraí;2023;2;13431266.17;4818309.22;35.87;OK
29;BA;Bahia;290135;Andorinha;2023;2;18821988.27;7576775.36;40.25;OK
29;BA;Bahia;290140;Angical;2023;2;14753987.58;9744831.85;66.05;OK
29;BA;Bahia;290150;Anguera;2023;2;12013208.50;6786774.32;56.49;OK
29;BA;Bahia;290160;Antas;2023;2;16087390.23;6691851.89;41.60;OK
29;BA;Bahia;290170;Antônio Cardoso;2023;2;10859284.14;4737134.23;43.62;OK
29;BA;Bahia;290180;Antônio Gonçalves;2023;2;10975909.84;10812633.84;98.51;OK
29;BA;Bahia;290190;Aporá;2023;2;16293382.98;6525486.47;40.05;OK
29;BA;Bahia;290195;Apuarema;2023;2;6998851.23;6160668.25;88.02;OK
29;BA;Bahia;290200;Aracatu;2023;2;13130128.52;5121539.98;39.01;OK
29;BA;Bahia;290210;Araci;2023;2;45692819.06;14782739.03;32.35;OK
29;BA;Bahia;290220;Aramari;2023;2;9964478.87;6182053.21;62.04;OK
29;BA;Bahia;290225;Arataca;2023;2;10424871.46;5284875.29;50.69;OK
29;BA;Bahia;290230;Aratuípe;2023;2;7956886.70;7662691.63;96.30;OK
29;BA;Bahia;290205;Araças;2023;2;12960450.56;5271610.18;40.67;OK
29;BA;Bahia;290240;Aurelino Leal;2023;2;14080175.25;12473064.65;88.59;OK
29;BA;Bahia;290250;Baianópolis;2023;2;16462012.94;14745388.90;89.57;OK
29;BA;Bahia;290260;Baixa Grande;2023;2;17443835.16;6694385.08;38.38;OK
29;BA;Bahia;290265;Banzaê;2023;2;14515993.36;8097813.99;55.79;OK
29;BA;Bahia;290270;Barra;2023;2;35899292.90;23446273.64;65.31;OK
29;BA;Bahia;290280;Barra da Estiva;2023;2;18532865.35;7328375.98;39.54;OK
29;BA;Bahia;290290;Barra do Choça;2023;2;33472554.96;14773857.32;44.14;OK
29;BA;Bahia;290300;Barra do Mendes;2023;2;17594260.94;10680861.22;60.71;OK
29;BA;Bahia;290310;Barra do Rocha;2023;2;8418918.43;3507792.67;41.67;OK
29;BA;Bahia;290320;Barreiras;2023;2;229014131.81;65248308.52;28.49;OK
29;BA;Bahia;290323;Barro Alto;2023;2;14289821.61;14183459.76;99.26;OK
29;BA;Bahia;290330;Barro Preto;2023;2;8564962.04;8361652.71;97.63;OK
29;BA;Bahia;290327;Barrocas;2023;2;17381799.83;13704375.97;78.84;OK
29;BA;Bahia;290340;Belmonte;2023;2;20016126.52;5850302.05;29.23;OK
29;BA;Bahia;290350;Belo Campo;2023;2;24167881.48;17468168.82;72.28;OK
29;BA;Bahia;290360;Biritinga;2023;2;16578055.88;5922098.02;35.72;OK
29;BA;Bahia;290370;Boa Nova;2023;2;11385229.79;6072040.73;53.33;OK
29;BA;Bahia;290380;Boa Vista do Tupim;2023;2;17174908.76;7436778.09;43.30;OK
29;BA;Bahia;290390;Bom Jesus da Lapa;2023;2;104503839.23;77097844.64;73.78;OK
29;BA;Bahia;290395;Bom Jesus da Serra;2023;2;10945473.59;3271697.06;29.89;OK
29;BA;Bahia;290400;Boninal;2023;2;15264311.71;12577743.17;82.40;OK
29;BA;Bahia;290405;Bonito;2023;2;20850954.61;9008731.65;43.21;OK
29;BA;Bahia;290410;Boquira;2023;2;19621118.23;8190242.08;41.74;OK
29;BA;Bahia;290420;Botuporã;2023;2;12971104.30;12147218.48;93.65;OK
29;BA;Bahia;290440;Brejolândia;2023;2;9840605.92;3319404.88;33.73;OK
29;BA;Bahia;290430;Brejões;2023;2;14527889.08;6521371.08;44.89;OK
29;BA;Bahia;290450;Brotas de Macaúbas;2023;2;14034758.71;7246197.53;51.63;OK
29;BA;Bahia;290460;Brumado;2023;2;99126051.80;24297377.67;24.51;OK
29;BA;Bahia;290470;Buerarema;2023;2;15455961.14;9103038.76;58.90;OK
29;BA;Bahia;290475;Buritirama;2023;2;18161127.55;7719475.79;42.51;OK
29;BA;Bahia;290480;Caatiba;2023;2;11881775.86;2722539.71;22.91;OK
29;BA;Bahia;290485;Cabaceiras do Paraguaçu;2023;2;16156147.77;6561810.30;40.61;OK
29;BA;Bahia;290490;Cachoeira;2023;2;25912719.04;22761417.11;87.84;OK
29;BA;Bahia;290500;Caculé;2023;2;23042885.28;9078288.09;39.40;OK
29;BA;Bahia;290515;Caetanos;2023;2;14132907.32;3545413.93;25.09;OK
29;BA;Bahia;290520;Caetité;2023;2;63988555.88;55212538.09;86.29;OK
29;BA;Bahia;290530;Cafarnaum;2023;2;20872792.83;5622347.77;26.94;OK
29;BA;Bahia;290540;Cairu;2023;2;25617949.14;7301458.83;28.50;OK
29;BA;Bahia;290550;Caldeirão Grande;2023;2;10736975.84;4390613.94;40.89;OK
29;BA;Bahia;290560;Camacan;2023;2;27499841.59;16461678.11;59.86;OK
29;BA;Bahia;290580;Camamu;2023;2;24445246.00;11103726.14;45.42;OK
29;BA;Bahia;290570;Camaçari;2023;2;396581594.04;132485141.20;33.41;OK
29;BA;Bahia;290590;Campo Alegre de Lourdes;2023;2;29633130.98;28632178.05;96.62;OK
29;BA;Bahia;290600;Campo Formoso;2023;2;63609187.50;35215445.55;55.36;OK
29;BA;Bahia;290620;Canarana;2023;2;19476452.81;6416745.88;32.95;OK
29;BA;Bahia;290630;Canavieiras;2023;2;28640524.68;8239160.11;28.77;OK
29;BA;Bahia;290640;Candeal;2023;2;7239771.64;2708257.79;37.41;OK
29;BA;Bahia;290650;Candeias;2023;2;120094185.31;24266034.97;20.21;OK
29;BA;Bahia;290660;Candiba;2023;2;13308499.86;3864186.72;29.04;OK
29;BA;Bahia;290680;Cansanção;2023;2;32193768.35;11023429.50;34.24;OK
29;BA;Bahia;290682;Canudos;2023;2;19743711.01;5016714.44;25.41;OK
29;BA;Bahia;290610;Canápolis;2023;2;10540985.11;4697112.59;44.56;OK
29;BA;Bahia;290685;Capela do Alto Alegre;2023;2;11975511.77;3619757.33;30.23;OK
29;BA;Bahia;290687;Capim Grosso;2023;2;31256319.72;10803247.14;34.56;OK
29;BA;Bahia;290690;Caravelas;2023;2;24875279.34;11449040.34;46.03;OK
29;BA;Bahia;290689;Caraíbas;2023;2;9397144.67;4121074.50;43.85;OK
29;BA;Bahia;290700;Cardeal da Silva;2023;2;11447601.38;4449150.12;38.87;OK
29;BA;Bahia;290710;Carinhanha;2023;2;27492555.21;21793463.29;79.27;OK
29;BA;Bahia;290720;Casa Nova;2023;2;40379157.15;37445743.39;92.74;OK
29;BA;Bahia;290730;Castro Alves;2023;2;30493070.83;11280022.72;36.99;OK
29;BA;Bahia;290740;Catolândia;2023;2;6363549.42;6016429.44;94.55;OK
29;BA;Bahia;290750;Catu;2023;2;48879969.94;15951765.21;32.63;OK
29;BA;Bahia;290755;Caturama;2023;2;10052442.32;8925126.85;88.79;OK
29;BA;Bahia;290510;Caém;2023;2;12527894.16;4693557.58;37.46;OK
29;BA;Bahia;290760;Central;2023;2;15358219.66;4147711.04;27.01;OK
29;BA;Bahia;290770;Chorrochó;2023;2;14515819.48;3808613.37;26.24;OK
29;BA;Bahia;290790;Cipó;2023;2;17382943.29;8457399.83;48.65;OK
29;BA;Bahia;290800;Coaraci;2023;2;22871969.90;7815520.00;34.17;OK
29;BA;Bahia;290810;Cocos;2023;2;26070898.31;8378366.00;32.14;OK
29;BA;Bahia;290820;Conceição da Feira;2023;2;19631584.95;7603371.64;38.73;OK
29;BA;Bahia;290830;Conceição do Almeida;2023;2;16468135.03;5445452.19;33.07;OK
29;BA;Bahia;290840;Conceição do Coité;2023;2;51931249.03;21278473.48;40.97;OK
29;BA;Bahia;290850;Conceição do Jacuípe;2023;2;39324546.30;11831382.60;30.09;OK
29;BA;Bahia;290860;Conde;2023;2;18138387.95;7674029.36;42.31;OK
29;BA;Bahia;290870;Condeúba;2023;2;17708018.49;6708985.33;37.89;OK
29;BA;Bahia;290880;Contendas do Sincorá;2023;2;6036735.80;6009104.86;99.54;OK
29;BA;Bahia;290890;Coração de Maria;2023;2;22442934.95;13168080.33;58.67;OK
29;BA;Bahia;290900;Cordeiros;2023;2;8838915.27;4034827.77;45.65;OK
29;BA;Bahia;290910;Coribe;2023;2;19741889.31;10344076.06;52.40;OK
29;BA;Bahia;290920;Coronel João Sá;2023;2;16263863.17;12589145.61;77.41;OK
29;BA;Bahia;290930;Correntina;2023;2;66173558.99;31263784.36;47.25;OK
29;BA;Bahia;290940;Cotegipe;2023;2;14535615.11;14436339.20;99.32;OK
29;BA;Bahia;290950;Cravolândia;2023;2;7315019.70;3120829.97;42.66;OK
29;BA;Bahia;290970;Cristópolis;2023;2;18323326.94;5859097.68;31.98;OK
29;BA;Bahia;290960;Crisópolis;2023;2;20792406.66;7550867.96;36.32;OK
29;BA;Bahia;290980;Cruz das Almas;2023;2;46290838.12;16567785.42;35.79;OK
29;BA;Bahia;290990;Curaçá;2023;2;31083640.67;12128778.44;39.02;OK
29;BA;Bahia;290670;Cândido Sales;2023;2;22498188.75;10391428.17;46.19;OK
29;BA;Bahia;290780;Cícero Dantas;2023;2;26245806.02;8807228.06;33.56;OK
29;BA;Bahia;291005;Dias d'Ávila;2023;2;68807111.82;20432388.01;29.70;OK
29;BA;Bahia;291010;Dom Basílio;2023;2;15795279.17;8774859.09;55.55;OK
29;BA;Bahia;291020;Dom Macedo Costa;2023;2;5161585.42;2376236.17;46.04;OK
29;BA;Bahia;291000;Dário Meira;2023;2;9810009.87;3818661.33;38.93;OK
29;BA;Bahia;291030;Elísio Medrado;2023;2;8385426.34;3825775.04;45.62;OK
29;BA;Bahia;291040;Encruzilhada;2023;2;23723088.75;8825805.25;37.20;OK
29;BA;Bahia;291050;Entre Rios;2023;2;35003145.92;7600710.85;21.71;OK
29;BA;Bahia;291060;Esplanada;2023;2;47195590.57;33675952.88;71.35;OK
29;BA;Bahia;291070;Euclides da Cunha;2023;2;56328344.04;24750638.49;43.94;OK
29;BA;Bahia;291072;Eunápolis;2023;2;140417249.32;34284538.22;24.42;OK
29;BA;Bahia;291077;Feira da Mata;2023;2;8896246.33;5901127.93;66.33;OK
29;BA;Bahia;291080;Feira de Santana;2023;2;598551502.99;131681967.63;22.00;OK
29;BA;Bahia;291085;Filadélfia;2023;2;19608292.40;6070943.18;30.96;OK
29;BA;Bahia;291090;Firmino Alves;2023;2;6619218.31;6119766.50;92.45;OK
29;BA;Bahia;291100;Floresta Azul;2023;2;10753275.84;10378645.49;96.52;OK
29;BA;Bahia;291110;Formosa do Rio Preto;2023;2;58315892.78;31054474.99;53.25;OK
29;BA;Bahia;291075;Fátima;2023;2;20670553.31;9495154.18;45.94;OK
29;BA;Bahia;291120;Gandu;2023;2;33090895.89;11362151.57;34.34;OK
29;BA;Bahia;291125;Gavião;2023;2;5919175.27;4326494.72;73.09;OK
29;BA;Bahia;291130;Gentio do Ouro;2023;2;19450215.82;5265457.97;27.07;OK
29;BA;Bahia;291140;Glória;2023;2;16828109.32;6132843.34;36.44;OK
29;BA;Bahia;291150;Gongogi;2023;2;11672007.62;2732618.01;23.41;OK
29;BA;Bahia;291160;Governador Mangabeira;2023;2;19638278.50;8807448.09;44.85;OK
29;BA;Bahia;291165;Guajeru;2023;2;9217576.39;5169216.60;56.08;OK
29;BA;Bahia;291170;Guanambi;2023;2;101193690.28;15489396.81;15.31;OK
29;BA;Bahia;291180;Guaratinga;2023;2;20052933.51;7599573.50;37.90;OK
29;BA;Bahia;291185;Heliópolis;2023;2;12790280.11;11770854.66;92.03;OK
29;BA;Bahia;291190;Iaçu;2023;2;24672337.07;4376766.12;17.74;OK
29;BA;Bahia;291200;Ibiassucê;2023;2;12444840.98;4104796.89;32.98;OK
29;BA;Bahia;291210;Ibicaraí;2023;2;23694190.39;10987589.16;46.37;OK
29;BA;Bahia;291220;Ibicoara;2023;2;22118254.91;6966691.80;31.50;OK
29;BA;Bahia;291230;Ibicuí;2023;2;18828832.07;9283847.37;49.31;OK
29;BA;Bahia;291240;Ibipeba;2023;2;20233003.56;14684466.60;72.58;OK
29;BA;Bahia;291250;Ibipitanga;2023;2;14584741.02;5866389.26;40.22;OK
29;BA;Bahia;291260;Ibiquera;2023;2;6483702.12;705214.85;10.88;OK
29;BA;Bahia;291270;Ibirapitanga;2023;2;22271602.52;5038529.17;22.62;OK
29;BA;Bahia;291280;Ibirapuã;2023;2;15832047.83;3726616.48;23.54;OK
29;BA;Bahia;291290;Ibirataia;2023;2;19790115.15;9627082.84;48.65;OK
29;BA;Bahia;291300;Ibitiara;2023;2;17923584.31;9474556.06;52.86;OK
29;BA;Bahia;291310;Ibititá;2023;2;16802156.98;5671946.14;33.76;OK
29;BA;Bahia;291320;Ibotirama;2023;2;47171898.00;14960514.44;31.71;OK
29;BA;Bahia;291330;Ichu;2023;2;8142671.64;2970678.88;36.48;OK
29;BA;Bahia;291340;Igaporã;2023;2;19578800.50;7654037.56;39.09;OK
29;BA;Bahia;291345;Igrapiúna;2023;2;14087928.39;6744460.37;47.87;OK
29;BA;Bahia;291350;Iguaí;2023;2;17646354.38;9112998.56;51.64;OK
29;BA;Bahia;291360;Ilhéus;2023;2;149779405.73;46276162.79;30.90;OK
29;BA;Bahia;291370;Inhambupe;2023;2;27667076.81;10702039.70;38.68;OK
29;BA;Bahia;291380;Ipecaetá;2023;2;14862276.14;5462415.32;36.75;OK
29;BA;Bahia;291390;Ipiaú;2023;2;32672899.50;12210588.68;37.37;OK
29;BA;Bahia;291400;Ipirá;2023;2;44140244.46;15932445.80;36.10;OK
29;BA;Bahia;291410;Ipupiara;2023;2;9750956.66;9206022.30;94.41;OK
29;BA;Bahia;291420;Irajuba;2023;2;10407628.83;6164293.94;59.23;OK
29;BA;Bahia;291430;Iramaia;2023;2;9440144.68;2933347.36;31.07;OK
29;BA;Bahia;291440;Iraquara;2023;2;22581634.27;10560261.08;46.76;OK
29;BA;Bahia;291450;Irará;2023;2;24013256.29;10492843.43;43.70;OK
29;BA;Bahia;291460;Irecê;2023;2;68316165.56;23699182.51;34.69;OK
29;BA;Bahia;291465;Itabela;2023;2;31280070.54;13026309.27;41.64;OK
29;BA;Bahia;291470;Itaberaba;2023;2;64418209.62;7408859.82;11.50;OK
29;BA;Bahia;291480;Itabuna;2023;2;402866617.67;51022100.58;12.66;OK
29;BA;Bahia;291490;Itacaré;2023;2;26039782.53;7732307.00;29.69;OK
29;BA;Bahia;291500;Itaeté;2023;2;15298962.30;8234983.73;53.83;OK
29;BA;Bahia;291510;Itagi;2023;2;13088975.79;6924410.86;52.90;OK
29;BA;Bahia;291520;Itagibá;2023;2;22163931.98;2767918.53;12.49;OK
29;BA;Bahia;291530;Itagimirim;2023;2;10042212.99;4664974.01;46.45;OK
29;BA;Bahia;291535;Itaguaçu da Bahia;2023;2;19614968.54;14017847.97;71.47;OK
29;BA;Bahia;291540;Itaju do Colônia;2023;2;6612668.63;2559308.19;38.70;OK
29;BA;Bahia;291550;Itajuípe;2023;2;16172009.77;9692830.95;59.94;OK
29;BA;Bahia;291560;Itamaraju;2023;2;54388455.09;11391995.31;20.95;OK
29;BA;Bahia;291570;Itamari;2023;2;6289426.85;2246353.30;35.72;OK
29;BA;Bahia;291580;Itambé;2023;2;18109260.74;9048089.16;49.96;OK
29;BA;Bahia;291590;Itanagra;2023;2;7328489.10;3573126.55;48.76;OK
29;BA;Bahia;291600;Itanhém;2023;2;20016993.65;3280530.08;16.39;OK
29;BA;Bahia;291610;Itaparica;2023;2;18864305.43;7491290.08;39.71;OK
29;BA;Bahia;291630;Itapebi;2023;2;12413166.43;10354153.05;83.41;OK
29;BA;Bahia;291640;Itapetinga;2023;2;62481423.01;34796995.84;55.69;OK
29;BA;Bahia;291650;Itapicuru;2023;2;35103061.43;7021159.73;20.00;OK
29;BA;Bahia;291660;Itapitanga;2023;2;11542046.74;4433840.42;38.41;OK
29;BA;Bahia;291620;Itapé;2023;2;8648830.14;3514251.13;40.63;OK
29;BA;Bahia;291670;Itaquara;2023;2;8560016.20;6061608.19;70.81;OK
29;BA;Bahia;291680;Itarantim;2023;2;19282405.84;12326198.33;63.92;OK
29;BA;Bahia;291685;Itatim;2023;2;19847415.04;7198663.96;36.27;OK
29;BA;Bahia;291690;Itiruçu;2023;2;13681179.04;7309010.62;53.42;OK
29;BA;Bahia;291700;Itiúba;2023;2;25638770.50;9334225.40;36.41;OK
29;BA;Bahia;291710;Itororó;2023;2;17028065.44;5595284.58;32.86;OK
29;BA;Bahia;291720;Ituaçu;2023;2;18128318.44;6867128.96;37.88;OK
29;BA;Bahia;291730;Ituberá;2023;2;23698040.70;10281154.36;43.38;OK
29;BA;Bahia;291733;Iuiú;2023;2;11083968.27;4195848.96;37.86;OK
29;BA;Bahia;291735;Jaborandi;2023;2;25971568.74;6176418.19;23.78;OK
29;BA;Bahia;291740;Jacaraci;2023;2;16403491.82;13379180.62;81.56;OK
29;BA;Bahia;291750;Jacobina;2023;2;99286358.12;22162947.62;22.32;OK
29;BA;Bahia;291760;Jaguaquara;2023;2;36283358.43;15018436.56;41.39;OK
29;BA;Bahia;291770;Jaguarari;2023;2;44794027.64;6398499.14;14.28;OK
29;BA;Bahia;291780;Jaguaripe;2023;2;18330013.42;15498965.14;84.56;OK
29;BA;Bahia;291790;Jandaíra;2023;2;10513401.88;8976349.80;85.38;OK
29;BA;Bahia;291800;Jequié;2023;2;152079215.47;62896156.50;41.36;OK
29;BA;Bahia;291810;Jeremoabo;2023;2;31910325.02;16015420.62;50.19;OK
29;BA;Bahia;291820;Jiquiriçá;2023;2;14460671.47;8153939.12;56.39;OK
29;BA;Bahia;291830;Jitaúna;2023;2;12908128.66;6298564.04;48.80;OK
29;BA;Bahia;291835;João Dourado;2023;2;21669107.64;8457086.78;39.03;OK
29;BA;Bahia;291840;Juazeiro;2023;2;261502541.41;96822680.56;37.03;OK
29;BA;Bahia;291845;Jucuruçu;2023;2;9561312.19;4824450.97;50.46;OK
29;BA;Bahia;291850;Jussara;2023;2;13499975.39;4964626.24;36.78;OK
29;BA;Bahia;291855;Jussari;2023;2;8826157.05;4561102.14;51.68;OK
29;BA;Bahia;291860;Jussiape;2023;2;10023097.52;4358844.86;43.49;OK
29;BA;Bahia;291870;Lafaiete Coutinho;2023;2;6231835.53;3041593.47;48.81;OK
29;BA;Bahia;291875;Lagoa Real;2023;2;13623707.82;12220007.69;89.70;OK
29;BA;Bahia;291880;Laje;2023;2;22437920.48;6951310.11;30.98;OK
29;BA;Bahia;291900;Lajedinho;2023;2;5931627.21;1867858.13;31.49;OK
29;BA;Bahia;291905;Lajedo do Tabocal;2023;2;9423656.38;4222413.77;44.81;OK
29;BA;Bahia;291890;Lajedão;2023;2;5832351.26;1376415.17;23.60;OK
29;BA;Bahia;291910;Lamarão;2023;2;10863655.28;4367993.45;40.21;OK
29;BA;Bahia;291915;Lapão;2023;2;28740983.52;9399751.23;32.71;OK
29;BA;Bahia;291920;Lauro de Freitas;2023;2;225438665.24;44342732.07;19.67;OK
29;BA;Bahia;291930;Lençóis;2023;2;13830757.60;5599456.77;40.49;OK
29;BA;Bahia;291940;Licínio de Almeida;2023;2;13502374.83;3167685.44;23.46;OK
29;BA;Bahia;291950;Livramento de Nossa Senhora;2023;2;42672623.47;11535076.63;27.03;OK
29;BA;Bahia;291955;Luís Eduardo Magalhães;2023;2;144067563.51;64445565.00;44.73;OK
29;BA;Bahia;291960;Macajuba;2023;2;10719109.91;4417483.13;41.21;OK
29;BA;Bahia;291970;Macarani;2023;2;17716350.60;12488116.91;70.49;OK
29;BA;Bahia;291980;Macaúbas;2023;2;41580129.12;12218870.35;29.39;OK
29;BA;Bahia;291990;Macururé;2023;2;10692976.92;3339209.91;31.23;OK
29;BA;Bahia;291992;Madre de Deus;2023;2;49662757.94;10276646.18;20.69;OK
29;BA;Bahia;291995;Maetinga;2023;2;9072917.74;8908056.58;98.18;OK
29;BA;Bahia;292000;Maiquinique;2023;2;11270982.83;4303381.57;38.18;OK
29;BA;Bahia;292010;Mairi;2023;2;15504143.76;7144854.63;46.08;OK
29;BA;Bahia;292020;Malhada;2023;2;17613258.86;7405096.57;42.04;OK
29;BA;Bahia;292030;Malhada de Pedras;2023;2;10629381.68;4840036.13;45.53;OK
29;BA;Bahia;292040;Manoel Vitorino;2023;2;13446042.92;9749992.23;72.51;OK
29;BA;Bahia;292045;Mansidão;2023;2;11652386.06;11105207.91;95.30;OK
29;BA;Bahia;292050;Maracás;2023;2;36155381.77;11948805.96;33.05;OK
29;BA;Bahia;292060;Maragogipe;2023;2;32458855.63;23609975.91;72.74;OK
29;BA;Bahia;292070;Maraú;2023;2;22640583.61;8263596.74;36.50;OK
29;BA;Bahia;292080;Marcionílio Souza;2023;2;12138628.40;3619543.78;29.82;OK
29;BA;Bahia;292090;Mascote;2023;2;14630617.60;13551687.96;92.63;OK
29;BA;Bahia;292100;Mata de São João;2023;2;64091906.89;19350291.74;30.19;OK
29;BA;Bahia;292105;Matina;2023;2;12329087.68;5552243.07;45.03;OK
29;BA;Bahia;292110;Medeiros Neto;2023;2;24289368.90;18913754.61;77.87;OK
29;BA;Bahia;292120;Miguel Calmon;2023;2;18648514.50;15875798.39;85.13;OK
29;BA;Bahia;292130;Milagres;2023;2;10601383.50;3709201.52;34.99;OK
29;BA;Bahia;292140;Mirangaba;2023;2;15227754.98;6344586.37;41.66;OK
29;BA;Bahia;292145;Mirante;2023;2;9851354.21;4174212.57;42.37;OK
29;BA;Bahia;292150;Monte Santo;2023;2;50538903.28;17622426.15;34.87;OK
29;BA;Bahia;292160;Morpará;2023;2;11256625.55;4192444.56;37.24;OK
29;BA;Bahia;292170;Morro do Chapéu;2023;2;49920800.33;18343984.91;36.75;OK
29;BA;Bahia;292180;Mortugaba;2023;2;11636649.45;5570635.97;47.87;OK
29;BA;Bahia;292190;Mucugê;2023;2;18665212.63;7173307.50;38.43;OK
29;BA;Bahia;292200;Mucuri;2023;2;65289524.44;27056291.26;41.44;OK
29;BA;Bahia;292205;Mulungu do Morro;2023;2;17326635.64;6723850.19;38.81;OK
29;BA;Bahia;292210;Mundo Novo;2023;2;18439032.23;7519114.26;40.78;OK
29;BA;Bahia;292220;Muniz Ferreira;2023;2;7821267.12;5534824.51;70.77;OK
29;BA;Bahia;292225;Muquém de São Francisco;2023;2;12931967.29;12603967.56;97.46;OK
29;BA;Bahia;292230;Muritiba;2023;2;25515484.00;6879181.11;26.96;OK
29;BA;Bahia;292240;Mutuípe;2023;2;19329370.26;10500511.77;54.32;OK
29;BA;Bahia;292250;Nazaré;2023;2;20442885.86;8271510.77;40.46;OK
29;BA;Bahia;292260;Nilo Peçanha;2023;2;14868524.80;8318300.38;55.95;OK
29;BA;Bahia;292265;Nordestina;2023;2;17116659.07;9865720.09;57.64;OK
29;BA;Bahia;292270;Nova Canaã;2023;2;15851330.31;8317530.01;52.47;OK
29;BA;Bahia;292273;Nova Fátima;2023;2;8312121.97;5035155.46;60.58;OK
29;BA;Bahia;292275;Nova Ibiá;2023;2;7005480.50;6560744.26;93.65;OK
29;BA;Bahia;292280;Nova Itarana;2023;2;11030856.78;6489815.71;58.83;OK
29;BA;Bahia;292285;Nova Redenção;2023;2;7865134.50;5486326.47;69.76;OK
29;BA;Bahia;292290;Nova Soure;2023;2;27590925.37;10436056.84;37.82;OK
29;BA;Bahia;292300;Nova Viçosa;2023;2;32397045.12;14214956.04;43.88;OK
29;BA;Bahia;292303;Novo Horizonte;2023;2;12368639.62;5358781.79;43.33;OK
29;BA;Bahia;292305;Novo Triunfo;2023;2;13721217.45;5836486.04;42.54;OK
29;BA;Bahia;292310;Olindina;2023;2;23690020.19;10624278.43;44.85;OK
29;BA;Bahia;292320;Oliveira dos Brejinhos;2023;2;19292006.68;7500956.86;38.88;OK
29;BA;Bahia;292330;Ouriçangas;2023;2;8074721.38;2481717.31;30.73;OK
29;BA;Bahia;292335;Ourolândia;2023;2;19458588.06;8446551.60;43.41;OK
29;BA;Bahia;292340;Palmas de Monte Alto;2023;2;20061340.35;12519769.12;62.41;OK
29;BA;Bahia;292350;Palmeiras;2023;2;9221710.13;8462694.72;91.77;OK
29;BA;Bahia;292360;Paramirim;2023;2;29131710.16;13921180.29;47.79;OK
29;BA;Bahia;292370;Paratinga;2023;2;25585982.06;14899182.33;58.23;OK
29;BA;Bahia;292380;Paripiranga;2023;2;26225542.63;12585582.10;47.99;OK
29;BA;Bahia;292390;Pau Brasil;2023;2;9938975.79;4878659.90;49.09;OK
29;BA;Bahia;292400;Paulo Afonso;2023;2;144717572.06;78861554.64;54.49;OK
29;BA;Bahia;292420;Pedro Alexandre;2023;2;15311260.39;5906296.07;38.57;OK
29;BA;Bahia;292410;Pedrão;2023;2;7604232.91;3334235.75;43.85;OK
29;BA;Bahia;292430;Piatã;2023;2;21629885.83;14697701.92;67.95;OK
29;BA;Bahia;292440;Pilão Arcado;2023;2;27086105.56;18460950.03;68.16;OK
29;BA;Bahia;292450;Pindaí;2023;2;17209671.45;15620049.31;90.76;OK
29;BA;Bahia;292460;Pindobaçu;2023;2;22577881.15;9628402.34;42.65;OK
29;BA;Bahia;292465;Pintadas;2023;2;11073709.73;5019863.93;45.33;OK
29;BA;Bahia;292467;Piraí do Norte;2023;2;17073872.17;11112970.25;65.09;OK
29;BA;Bahia;292470;Piripá;2023;2;11449353.03;5605308.48;48.96;OK
29;BA;Bahia;292480;Piritiba;2023;2;21828515.64;13361999.62;61.21;OK
29;BA;Bahia;292490;Planaltino;2023;2;9781086.99;5474754.28;55.97;OK
29;BA;Bahia;292500;Planalto;2023;2;21838690.03;8263138.98;37.84;OK
29;BA;Bahia;292520;Pojuca;2023;2;58835809.98;18475236.00;31.40;OK
29;BA;Bahia;292525;Ponto Novo;2023;2;19891880.22;1289012.46;6.48;OK
29;BA;Bahia;292530;Porto Seguro;2023;2;151540943.99;47573640.41;31.39;OK
29;BA;Bahia;292540;Potiraguá;2023;2;9301160.53;8591151.43;92.37;OK
29;BA;Bahia;292510;Poções;2023;2;34741262.75;13219690.74;38.05;OK
29;BA;Bahia;292550;Prado;2023;2;40816109.51;14606251.67;35.79;OK
29;BA;Bahia;292560;Presidente Dutra;2023;2;18757971.15;4481726.00;23.89;OK
29;BA;Bahia;292570;Presidente Jânio Quadros;2023;2;18643909.05;7151055.14;38.36;OK
29;BA;Bahia;292575;Presidente Tancredo Neves;2023;2;19658648.54;7379932.77;37.54;OK
29;BA;Bahia;292405;Pé de Serra;2023;2;16417196.84;7363240.67;44.85;OK
29;BA;Bahia;292580;Queimadas;2023;2;19678591.92;7044504.64;35.80;OK
29;BA;Bahia;292590;Quijingue;2023;2;26083856.88;10588829.20;40.60;OK
29;BA;Bahia;292593;Quixabeira;2023;2;9917816.15;5591529.52;56.38;OK
29;BA;Bahia;292595;Rafael Jambeiro;2023;2;22682847.83;10001684.15;44.09;OK
29;BA;Bahia;292600;Remanso;2023;2;32000242.81;18489391.38;57.78;OK
29;BA;Bahia;292610;Retirolândia;2023;2;15050244.69;6624400.87;44.02;OK
29;BA;Bahia;292640;Riacho de Santana;2023;2;31002842.02;9285336.14;29.95;OK
29;BA;Bahia;292620;Riachão das Neves;2023;2;34862536.50;28061491.63;80.49;OK
29;BA;Bahia;292630;Riachão do Jacuípe;2023;2;35491706.16;7119580.09;20.06;OK
29;BA;Bahia;292650;Ribeira do Amparo;2023;2;12914179.00;5465414.49;42.32;OK
29;BA;Bahia;292660;Ribeira do Pombal;2023;2;34779946.74;32136416.71;92.40;OK
29;BA;Bahia;292665;Ribeirão do Largo;2023;2;8658303.18;5070015.74;58.56;OK
29;BA;Bahia;292700;Rio Real;2023;2;31913261.15;11830289.98;37.07;OK
29;BA;Bahia;292670;Rio de Contas;2023;2;14286650.46;5213686.86;36.49;OK
29;BA;Bahia;292680;Rio do Antônio;2023;2;21786659.59;21435993.18;98.39;OK
29;BA;Bahia;292690;Rio do Pires;2023;2;11671949.50;5252685.38;45.00;OK
29;BA;Bahia;292710;Rodelas;2023;2;14059483.27;11726542.97;83.41;OK
29;BA;Bahia;292720;Ruy Barbosa;2023;2;24833426.78;11477864.44;46.22;OK
29;BA;Bahia;292730;Salinas da Margarida;2023;2;12298480.77;11777618.20;95.76;OK
29;BA;Bahia;292740;Salvador;2023;2;2493713130.86;131252430.27;5.26;OK
29;BA;Bahia;292760;Santa Brígida;2023;2;12878017.28;12304846.11;95.55;OK
29;BA;Bahia;292750;Santa Bárbara;2023;2;18563997.98;5097965.74;27.46;OK
29;BA;Bahia;292770;Santa Cruz Cabrália;2023;2;25129194.69;9594760.96;38.18;OK
29;BA;Bahia;292780;Santa Cruz da Vitória;2023;2;6542813.77;2980867.17;45.56;OK
29;BA;Bahia;292790;Santa Inês;2023;2;14098158.52;500105.20;3.55;OK
29;BA;Bahia;292805;Santa Luzia;2023;2;11712248.87;11049495.76;94.34;OK
29;BA;Bahia;292810;Santa Maria da Vitória;2023;2;46440613.72;15663731.33;33.73;OK
29;BA;Bahia;292840;Santa Rita de Cássia;2023;2;23367651.01;19857855.87;84.98;OK
29;BA;Bahia;292850;Santa Teresinha;2023;2;12279526.31;5885807.65;47.93;OK
29;BA;Bahia;292800;Santaluz;2023;2;40870305.48;16287454.80;39.85;OK
29;BA;Bahia;292820;Santana;2023;2;22032945.55;11966148.28;54.31;OK
29;BA;Bahia;292830;Santanópolis;2023;2;9211989.17;6495051.47;70.51;OK
29;BA;Bahia;292860;Santo Amaro;2023;2;42087694.67;15577257.25;37.01;OK
29;BA;Bahia;292870;Santo Antônio de Jesus;2023;2;96277598.88;33477067.23;34.77;OK
29;BA;Bahia;292880;Santo Estêvão;2023;2;36883996.98;10334620.75;28.02;OK
29;BA;Bahia;292960;Sapeaçu;2023;2;24750648.55;9820318.94;39.68;OK
29;BA;Bahia;292975;Saubara;2023;2;11955586.77;3375069.45;28.23;OK
29;BA;Bahia;292980;Saúde;2023;2;12305543.75;5103617.52;41.47;OK
29;BA;Bahia;292990;Seabra;2023;2;30159830.11;8814419.43;29.23;OK
29;BA;Bahia;293000;Sebastião Laranjeiras;2023;2;13674936.20;5797051.56;42.39;OK
29;BA;Bahia;293010;Senhor do Bonfim;2023;2;84229701.29;24613962.76;29.22;OK
29;BA;Bahia;293020;Sento Sé;2023;2;40073882.23;9602567.66;23.96;OK
29;BA;Bahia;293030;Serra Dourada;2023;2;22749868.57;5931094.76;26.07;OK
29;BA;Bahia;293040;Serra Preta;2023;2;14596164.17;13434571.10;92.04;OK
29;BA;Bahia;293015;Serra do Ramalho;2023;2;29311290.11;10809905.38;36.88;OK
29;BA;Bahia;293050;Serrinha;2023;2;74993151.88;27538085.76;36.72;OK
29;BA;Bahia;293060;Serrolândia;2023;2;14988011.33;8671122.07;57.85;OK
29;BA;Bahia;293070;Simões Filho;2023;2;128437835.72;25046919.56;19.50;OK
29;BA;Bahia;293077;Sobradinho;2023;2;24897212.69;7409464.03;29.76;OK
29;BA;Bahia;293080;Souto Soares;2023;2;17910786.68;13780738.85;76.94;OK
29;BA;Bahia;292970;Sátiro Dias;2023;2;20183407.00;5442354.99;26.96;OK
29;BA;Bahia;292890;São Desidério;2023;2;100567205.65;61535818.46;61.19;OK
29;BA;Bahia;292895;São Domingos;2023;2;11653280.90;9142630.39;78.46;OK
29;BA;Bahia;292910;São Felipe;2023;2;20509858.84;6162301.37;30.05;OK
29;BA;Bahia;292920;São Francisco do Conde;2023;2;190875145.08;31786126.79;16.65;OK
29;BA;Bahia;292900;São Félix;2023;2;25755649.05;6252603.19;24.28;OK
29;BA;Bahia;292905;São Félix do Coribe;2023;2;17595835.36;5309445.22;30.17;OK
29;BA;Bahia;292925;São Gabriel;2023;2;17740852.01;6789765.96;38.27;OK
29;BA;Bahia;292930;São Gonçalo dos Campos;2023;2;35374103.18;15919110.71;45.00;OK
29;BA;Bahia;292935;São José da Vitória;2023;2;6162039.34;4332115.51;70.30;OK
29;BA;Bahia;292937;São José do Jacuípe;2023;2;8569607.69;3148589.82;36.74;OK
29;BA;Bahia;292940;São Miguel das Matas;2023;2;11816783.90;6558163.47;55.50;OK
29;BA;Bahia;292950;São Sebastião do Passé;2023;2;45782339.46;9580733.34;20.93;OK
29;BA;Bahia;293075;Sítio do Mato;2023;2;14281982.48;13036135.00;91.28;OK
29;BA;Bahia;293076;Sítio do Quinto;2023;2;11709045.81;4704051.98;40.17;OK
29;BA;Bahia;293090;Tabocas do Brejo Velho;2023;2;15111722.54;11056003.57;73.16;OK
29;BA;Bahia;293100;Tanhaçu;2023;2;18295474.01;17209991.80;94.07;OK
29;BA;Bahia;293105;Tanque Novo;2023;2;22538455.35;20095801.65;89.16;OK
29;BA;Bahia;293110;Tanquinho;2023;2;9305693.15;4449781.25;47.82;OK
29;BA;Bahia;293120;Taperoá;2023;2;16752967.47;1876783.25;11.20;OK
29;BA;Bahia;293130;Tapiramutá;2023;2;16879499.63;5291274.37;31.35;OK
29;BA;Bahia;293135;Teixeira de Freitas;2023;2;164159104.77;17807996.71;10.85;OK
29;BA;Bahia;293140;Teodoro Sampaio;2023;2;7303649.41;3469160.62;47.50;OK
29;BA;Bahia;293150;Teofilândia;2023;2;19526844.44;9257179.98;47.41;OK
29;BA;Bahia;293160;Teolândia;2023;2;15898391.63;13766951.72;86.59;OK
29;BA;Bahia;293170;Terra Nova;2023;2;11607960.12;7088427.81;61.07;OK
29;BA;Bahia;293180;Tremedal;2023;2;18177466.26;16280071.83;89.56;OK
29;BA;Bahia;293190;Tucano;2023;2;45160967.85;16698565.20;36.98;OK
29;BA;Bahia;293200;Uauá;2023;2;28866105.57;12743477.47;44.15;OK
29;BA;Bahia;293220;Ubaitaba;2023;2;18576931.18;15610856.65;84.03;OK
29;BA;Bahia;293230;Ubatã;2023;2;18208029.63;5472127.45;30.05;OK
29;BA;Bahia;293210;Ubaíra;2023;2;16229108.42;11723384.42;72.24;OK
29;BA;Bahia;293240;Uibaí;2023;2;13955789.84;6162716.30;44.16;OK
29;BA;Bahia;293245;Umburanas;2023;2;14520864.63;6521088.31;44.91;OK
29;BA;Bahia;293250;Una;2023;2;25913934.61;8774170.27;33.86;OK
29;BA;Bahia;293260;Urandi;2023;2;19198270.11;3825579.65;19.93;OK
29;BA;Bahia;293270;Uruçuca;2023;2;19781332.23;9886258.19;49.98;OK
29;BA;Bahia;293280;Utinga;2023;2;17438303.35;5190207.57;29.76;OK
29;BA;Bahia;293300;Valente;2023;2;24258178.58;7837724.21;32.31;OK
29;BA;Bahia;293290;Valença;2023;2;49430980.19;23455003.47;47.45;OK
29;BA;Bahia;293317;Varzedo;2023;2;9427671.56;1912784.24;20.29;OK
29;BA;Bahia;293320;Vera Cruz;2023;2;34787336.86;9748536.43;28.02;OK
29;BA;Bahia;293325;Vereda;2023;2;10093188.10;4855281.57;48.10;OK
29;BA;Bahia;293330;Vitória da Conquista;2023;2;327099790.78;85876052.37;26.25;OK
29;BA;Bahia;293315;Várzea Nova;2023;2;11814015.92;6700862.36;56.72;OK
29;BA;Bahia;293305;Várzea da Roça;2023;2;13649072.74;6558327.76;48.05;OK
29;BA;Bahia;293310;Várzea do Poço;2023;2;8737264.61;2444481.49;27.98;OK
29;BA;Bahia;293340;Wagner;2023;2;9033487.73;4529780.20;50.14;OK
29;BA;Bahia;293345;Wanderley;2023;2;19422636.85;8708794.48;44.84;OK
29;BA;Bahia;293350;Wenceslau Guimarães;2023;2;20529494.10;9240250.64;45.01;OK
29;BA;Bahia;293360;Xique-Xique;2023;2;46728790.08;20028018.51;42.86;OK
29;BA;Bahia;290040;Água Fria;2023;2;19290785.16;13819760.74;71.64;OK
29;BA;Bahia;290050;Érico Cardoso;2023;2;11415302.71;5274784.85;46.21;OK
23;CE;Ceará;230010;Abaiara;2023;2;11995144.45;7637944.57;63.68;OK
23;CE;Ceará;230015;Acarape;2023;2;18005710.21;9235571.60;51.29;OK
23;CE;Ceará;230020;Acaraú;2023;2;78571802.93;30204383.20;38.44;OK
23;CE;Ceará;230030;Acopiara;2023;2;41426761.41;12334424.75;29.77;OK
23;CE;Ceará;230040;Aiuaba;2023;2;16345340.87;6455930.83;39.50;OK
23;CE;Ceará;230050;Alcântaras;2023;2;13631901.15;12554120.52;92.09;OK
23;CE;Ceará;230060;Altaneira;2023;2;10779647.03;8163067.15;75.73;OK
23;CE;Ceará;230070;Alto Santo;2023;2;18318877.44;5583930.78;30.48;OK
23;CE;Ceará;230075;Amontada;2023;2;41608576.13;15249598.46;36.65;OK
23;CE;Ceará;230080;Antonina do Norte;2023;2;10832047.85;2081149.54;19.21;OK
23;CE;Ceará;230090;Apuiarés;2023;2;15690618.61;5404502.09;34.44;OK
23;CE;Ceará;230100;Aquiraz;2023;2;118789972.19;46612835.04;39.24;OK
23;CE;Ceará;230110;Aracati;2023;2;83655898.47;29179927.45;34.88;OK
23;CE;Ceará;230120;Aracoiaba;2023;2;44751534.03;9535470.87;21.31;OK
23;CE;Ceará;230125;Ararendá;2023;2;11997909.90;3813747.11;31.79;OK
23;CE;Ceará;230130;Araripe;2023;2;23348487.75;9899402.67;42.40;OK
23;CE;Ceará;230140;Aratuba;2023;2;15743479.50;4922533.58;31.27;OK
23;CE;Ceará;230150;Arneiroz;2023;2;8874726.51;5198980.47;58.58;OK
23;CE;Ceará;230160;Assaré;2023;2;29049828.50;15300742.06;52.67;OK
23;CE;Ceará;230170;Aurora;2023;2;32400529.16;12508684.08;38.61;OK
23;CE;Ceará;230180;Baixio;2023;2;10444990.65;7476978.72;71.58;OK
23;CE;Ceará;230185;Banabuiú;2023;2;20239753.55;6598432.67;32.60;OK
23;CE;Ceará;230190;Barbalha;2023;2;246863303.16;49142537.65;19.91;OK
23;CE;Ceará;230195;Barreira;2023;2;24493823.01;12539667.18;51.20;OK
23;CE;Ceará;230200;Barro;2023;2;23232118.94;16104001.95;69.32;OK
23;CE;Ceará;230205;Barroquinha;2023;2;15994781.78;6994211.64;43.73;OK
23;CE;Ceará;230210;Baturité;2023;2;53497506.79;15909482.02;29.74;OK
23;CE;Ceará;230220;Beberibe;2023;2;53718324.27;19707614.71;36.69;OK
23;CE;Ceará;230230;Bela Cruz;2023;2;33119350.00;15794179.85;47.69;OK
23;CE;Ceará;230240;Boa Viagem;2023;2;46624796.75;19061017.49;40.88;OK
23;CE;Ceará;230250;Brejo Santo;2023;2;83420125.91;27795674.55;33.32;OK
23;CE;Ceará;230260;Camocim;2023;2;66058651.76;43848024.89;66.38;OK
23;CE;Ceará;230270;Campos Sales;2023;2;31614006.80;13988286.86;44.25;OK
23;CE;Ceará;230280;Canindé;2023;2;86519237.18;31281365.15;36.16;OK
23;CE;Ceará;230290;Capistrano;2023;2;23810623.84;9672951.41;40.62;OK
23;CE;Ceará;230300;Caridade;2023;2;16124361.16;10129537.54;62.82;OK
23;CE;Ceará;230320;Caririaçu;2023;2;25143250.25;16017831.62;63.71;OK
23;CE;Ceará;230310;Cariré;2023;2;21243264.97;8897180.75;41.88;OK
23;CE;Ceará;230330;Cariús;2023;2;17829261.99;6437788.25;36.11;OK
23;CE;Ceará;230340;Carnaubal;2023;2;25375095.37;8553462.06;33.71;OK
23;CE;Ceará;230350;Cascavel;2023;2;88171336.79;36109175.61;40.95;OK
23;CE;Ceará;230360;Catarina;2023;2;21715870.68;7029289.34;32.37;OK
23;CE;Ceará;230365;Catunda;2023;2;18896297.53;6019363.28;31.85;OK
23;CE;Ceará;230370;Caucaia;2023;2;319967024.55;87787913.44;27.44;OK
23;CE;Ceará;230380;Cedro;2023;2;29680020.99;14032451.95;47.28;OK
23;CE;Ceará;230390;Chaval;2023;2;16963262.67;8630668.61;50.88;OK
23;CE;Ceará;230395;Chorozinho;2023;2;21188032.47;9400502.67;44.37;OK
23;CE;Ceará;230393;Choró;2023;2;18303617.61;6970164.24;38.08;OK
23;CE;Ceará;230400;Coreaú;2023;2;25086078.08;11779296.46;46.96;OK
23;CE;Ceará;230410;Crateús;2023;2;101820702.05;51704275.79;50.78;OK
23;CE;Ceará;230420;Crato;2023;2;168351090.06;33394743.02;19.84;OK
23;CE;Ceará;230423;Croatá;2023;2;27152468.49;10908635.30;40.18;OK
23;CE;Ceará;230425;Cruz;2023;2;35806413.68;12879685.04;35.97;OK
23;CE;Ceará;230426;Deputado Irapuan Pinheiro;2023;2;14926639.66;4451836.93;29.82;OK
23;CE;Ceará;230427;Ererê;2023;2;11148544.63;6145267.35;55.12;OK
23;CE;Ceará;230428;Eusébio;2023;2;154920173.44;39647947.13;25.59;OK
23;CE;Ceará;230430;Farias Brito;2023;2;26539123.95;9767861.78;36.81;OK
23;CE;Ceará;230435;Forquilha;2023;2;23345080.29;6957838.37;29.80;OK
23;CE;Ceará;230440;Fortaleza;2023;2;3242236307.68;751947168.44;23.19;OK
23;CE;Ceará;230445;Fortim;2023;2;23588838.59;8446364.00;35.81;OK
23;CE;Ceará;230450;Frecheirinha;2023;2;16634269.42;6617080.89;39.78;OK
23;CE;Ceará;230460;General Sampaio;2023;2;10708496.73;4429587.29;41.37;OK
23;CE;Ceará;230470;Granja;2023;2;39019120.50;19504034.39;49.99;OK
23;CE;Ceará;230480;Granjeiro;2023;2;8350966.99;1615181.86;19.34;OK
23;CE;Ceará;230465;Graça;2023;2;16261684.88;7270013.94;44.71;OK
23;CE;Ceará;230490;Groaíras;2023;2;14253134.05;4406581.35;30.92;OK
23;CE;Ceará;230495;Guaiúba;2023;2;25196876.79;12581951.76;49.93;OK
23;CE;Ceará;230500;Guaraciaba do Norte;2023;2;32905610.46;23289666.42;70.78;OK
23;CE;Ceará;230510;Guaramiranga;2023;2;11369019.95;4897335.65;43.08;OK
23;CE;Ceará;230520;Hidrolândia;2023;2;23529370.27;9136741.25;38.83;OK
23;CE;Ceará;230523;Horizonte;2023;2;92962701.57;31491918.08;33.88;OK
23;CE;Ceará;230526;Ibaretama;2023;2;17289519.73;7589564.72;43.90;OK
23;CE;Ceará;230530;Ibiapina;2023;2;35275751.92;15719674.03;44.56;OK
23;CE;Ceará;230533;Ibicuitinga;2023;2;15180189.66;6916298.44;45.56;OK
23;CE;Ceará;230535;Icapuí;2023;2;29232907.91;10574433.48;36.17;OK
23;CE;Ceará;230540;Icó;2023;2;73059030.28;26243271.86;35.92;OK
23;CE;Ceará;230550;Iguatu;2023;2;63397741.42;19251568.43;30.37;OK
23;CE;Ceará;230560;Independência;2023;2;22003562.19;9098947.71;41.35;OK
23;CE;Ceará;230565;Ipaporanga;2023;2;14470094.42;4229379.35;29.23;OK
23;CE;Ceará;230570;Ipaumirim;2023;2;14449087.16;5803684.18;40.17;OK
23;CE;Ceará;230580;Ipu;2023;2;49896959.65;21109505.76;42.31;OK
23;CE;Ceará;230590;Ipueiras;2023;2;34956086.99;14011973.97;40.08;OK
23;CE;Ceará;230600;Iracema;2023;2;24051084.01;9400490.35;39.09;OK
23;CE;Ceará;230610;Irauçuba;2023;2;26517428.37;11766509.44;44.37;OK
23;CE;Ceará;230625;Itaitinga;2023;2;58178329.21;19941866.93;34.28;OK
23;CE;Ceará;230620;Itaiçaba;2023;2;11899456.21;4979007.92;41.84;OK
23;CE;Ceará;230630;Itapajé;2023;2;53928534.22;26352125.74;48.86;OK
23;CE;Ceará;230640;Itapipoca;2023;2;161740649.60;50340359.57;31.12;OK
23;CE;Ceará;230650;Itapiúna;2023;2;22684450.19;8411734.96;37.08;OK
23;CE;Ceará;230655;Itarema;2023;2;37451304.55;13518587.82;36.10;OK
23;CE;Ceará;230660;Itatira;2023;2;29013370.71;21904172.56;75.50;OK
23;CE;Ceará;230670;Jaguaretama;2023;2;28403697.97;13393675.01;47.15;OK
23;CE;Ceará;230680;Jaguaribara;2023;2;17143545.39;8914352.64;52.00;OK
23;CE;Ceará;230690;Jaguaribe;2023;2;51639004.33;20605311.32;39.90;OK
23;CE;Ceará;230700;Jaguaruana;2023;2;35390241.70;15402924.00;43.52;OK
23;CE;Ceará;230710;Jardim;2023;2;28012629.38;18694459.47;66.74;OK
23;CE;Ceará;230720;Jati;2023;2;13292147.22;7727962.96;58.14;OK
23;CE;Ceará;230725;Jijoca de Jericoacoara;2023;2;43241874.67;15415023.93;35.65;OK
23;CE;Ceará;230730;Juazeiro do Norte;2023;2;239418539.05;79488584.34;33.20;OK
23;CE;Ceará;230740;Jucás;2023;2;27655255.23;10355898.82;37.45;OK
23;CE;Ceará;230750;Lavras da Mangabeira;2023;2;36021490.59;13634129.18;37.85;OK
23;CE;Ceará;230760;Limoeiro do Norte;2023;2;67075749.68;20228712.10;30.16;OK
23;CE;Ceará;230763;Madalena;2023;2;21282708.22;11946700.83;56.13;OK
23;CE;Ceará;230765;Maracanaú;2023;2;342996420.95;100130719.80;29.19;OK
23;CE;Ceará;230770;Maranguape;2023;2;118151055.49;45559793.72;38.56;OK
23;CE;Ceará;230780;Marco;2023;2;32108039.84;9840777.64;30.65;OK
23;CE;Ceará;230790;Martinópole;2023;2;13238825.48;7166119.73;54.13;OK
23;CE;Ceará;230800;Massapê;2023;2;27759590.43;10052917.16;36.21;OK
23;CE;Ceará;230810;Mauriti;2023;2;48512513.45;22203883.50;45.77;OK
23;CE;Ceará;230820;Meruoca;2023;2;22173839.25;8185769.32;36.92;OK
23;CE;Ceará;230830;Milagres;2023;2;32285841.67;15396711.18;47.69;OK
23;CE;Ceará;230835;Milhã;2023;2;18835207.19;5221391.80;27.72;OK
23;CE;Ceará;230837;Miraíma;2023;2;15716085.91;5726457.14;36.44;OK
23;CE;Ceará;230840;Missão Velha;2023;2;33244286.39;17960273.32;54.03;OK
23;CE;Ceará;230850;Mombaça;2023;2;42511827.59;17488479.74;41.14;OK
23;CE;Ceará;230860;Monsenhor Tabosa;2023;2;6751116.00;3519695.00;52.14;OK
23;CE;Ceará;230870;Morada Nova;2023;2;61457809.69;35560883.30;57.86;OK
23;CE;Ceará;230880;Moraújo;2023;2;8585226.89;5516749.43;64.26;OK
23;CE;Ceará;230890;Morrinhos;2023;2;24123548.73;6907623.87;28.63;OK
23;CE;Ceará;230900;Mucambo;2023;2;24580899.39;7564314.92;30.77;OK
23;CE;Ceará;230910;Mulungu;2023;2;12997224.56;4150931.48;31.94;OK
23;CE;Ceará;230920;Nova Olinda;2023;2;19177226.95;13946314.02;72.72;OK
23;CE;Ceará;230930;Nova Russas;2023;2;40102274.18;19763286.84;49.28;OK
23;CE;Ceará;230940;Novo Oriente;2023;2;34690667.09;15776032.06;45.48;OK
23;CE;Ceará;230945;Ocara;2023;2;32590757.56;9554583.54;29.32;OK
23;CE;Ceará;230950;Orós;2023;2;26588134.03;8157927.38;30.68;OK
23;CE;Ceará;230960;Pacajus;2023;2;56471716.75;20224120.50;35.81;OK
23;CE;Ceará;230970;Pacatuba;2023;2;73536356.93;22143282.33;30.11;OK
23;CE;Ceará;230980;Pacoti;2023;2;14184112.85;4215413.45;29.72;OK
23;CE;Ceará;230990;Pacujá;2023;2;9341732.66;5602130.54;59.97;OK
23;CE;Ceará;231000;Palhano;2023;2;12913153.41;4960888.15;38.42;OK
23;CE;Ceará;231010;Palmácia;2023;2;12683830.20;6312173.34;49.77;OK
23;CE;Ceará;231020;Paracuru;2023;2;34773313.82;15410388.99;44.32;OK
23;CE;Ceará;231025;Paraipaba;2023;2;33449815.08;13228970.69;39.55;OK
23;CE;Ceará;231030;Parambu;2023;2;28220026.55;5479881.85;19.42;OK
23;CE;Ceará;231040;Paramoti;2023;2;13693992.82;5908398.30;43.15;OK
23;CE;Ceará;231050;Pedra Branca;2023;2;20576316.01;3628764.48;17.64;OK
23;CE;Ceará;231060;Penaforte;2023;2;14078428.13;13410198.35;95.25;OK
23;CE;Ceará;231070;Pentecoste;2023;2;42516544.22;13318740.64;31.33;OK
23;CE;Ceará;231080;Pereiro;2023;2;19431744.00;6548442.31;33.70;OK
23;CE;Ceará;231085;Pindoretama;2023;2;29737983.02;13914632.16;46.79;OK
23;CE;Ceará;231090;Piquet Carneiro;2023;2;24806528.62;13846907.30;55.82;OK
23;CE;Ceará;231095;Pires Ferreira;2023;2;11211639.62;5498824.32;49.05;OK
23;CE;Ceará;231100;Poranga;2023;2;14915871.92;4804429.05;32.21;OK
23;CE;Ceará;231110;Porteiras;2023;2;18425006.61;10438774.10;56.66;OK
23;CE;Ceará;231120;Potengi;2023;2;14239365.67;4537637.70;31.87;OK
23;CE;Ceará;231123;Potiretama;2023;2;11466277.06;2763011.00;24.10;OK
23;CE;Ceará;231126;Quiterianópolis;2023;2;24445345.67;11579464.55;47.37;OK
23;CE;Ceará;231130;Quixadá;2023;2;109776947.91;25402859.05;23.14;OK
23;CE;Ceará;231135;Quixelô;2023;2;21946235.24;7494230.13;34.15;OK
23;CE;Ceará;231140;Quixeramobim;2023;2;101695602.23;30087208.12;29.59;OK
23;CE;Ceará;231150;Quixeré;2023;2;34687580.53;10534141.93;30.37;OK
23;CE;Ceará;231160;Redenção;2023;2;42455434.05;24777411.59;58.36;OK
23;CE;Ceará;231170;Reriutaba;2023;2;24125096.39;9366231.33;38.82;OK
23;CE;Ceará;231180;Russas;2023;2;85302064.62;25270750.97;29.63;OK
23;CE;Ceará;231190;Saboeiro;2023;2;15766173.22;12899352.09;81.82;OK
23;CE;Ceará;231195;Salitre;2023;2;20251095.10;8355280.54;41.26;OK
23;CE;Ceará;231220;Santa Quitéria;2023;2;53663384.60;25426986.10;47.38;OK
23;CE;Ceará;231200;Santana do Acaraú;2023;2;29178528.70;10183923.82;34.90;OK
23;CE;Ceará;231210;Santana do Cariri;2023;2;19417606.69;7618817.53;39.24;OK
23;CE;Ceará;231270;Senador Pompeu;2023;2;33524257.49;12812972.61;38.22;OK
23;CE;Ceará;231280;Senador Sá;2023;2;9443153.88;5842246.38;61.87;OK
23;CE;Ceará;231290;Sobral;2023;2;410900190.70;109124631.68;26.56;OK
23;CE;Ceará;231300;Solonópole;2023;2;26641700.10;10288073.42;38.62;OK
23;CE;Ceará;231230;São Benedito;2023;2;47967705.90;18372048.24;38.30;OK
23;CE;Ceará;231240;São Gonçalo do Amarante;2023;2;134783924.67;49482245.17;36.71;OK
23;CE;Ceará;231250;São João do Jaguaribe;2023;2;11348345.15;4300921.33;37.90;OK
23;CE;Ceará;231260;São Luís do Curu;2023;2;14867082.15;4736126.58;31.86;OK
23;CE;Ceará;231310;Tabuleiro do Norte;2023;2;34706136.31;15026507.13;43.30;OK
23;CE;Ceará;231320;Tamboril;2023;2;25415915.37;8454179.55;33.26;OK
23;CE;Ceará;231325;Tarrafas;2023;2;12462073.34;4572420.38;36.69;OK
23;CE;Ceará;231330;Tauá;2023;2;90212429.51;44135440.53;48.92;OK
23;CE;Ceará;231335;Tejuçuoca;2023;2;12850086.08;2033736.27;15.83;OK
23;CE;Ceará;231340;Tianguá;2023;2;107633755.59;25712596.15;23.89;OK
23;CE;Ceará;231350;Trairi;2023;2;60760876.37;21796878.51;35.87;OK
23;CE;Ceará;231355;Tururu;2023;2;20455197.48;6950690.41;33.98;OK
23;CE;Ceará;231360;Ubajara;2023;2;41431706.41;15181803.89;36.64;OK
23;CE;Ceará;231370;Umari;2023;2;9569012.44;3733230.64;39.01;OK
23;CE;Ceará;231375;Umirim;2023;2;20044590.90;7228754.00;36.06;OK
23;CE;Ceará;231380;Uruburetama;2023;2;22326477.52;10102042.24;45.25;OK
23;CE;Ceará;231390;Uruoca;2023;2;15622819.14;6888540.19;44.09;OK
23;CE;Ceará;231395;Varjota;2023;2;30274609.56;16271753.50;53.75;OK
23;CE;Ceará;231410;Viçosa do Ceará;2023;2;43096128.63;13465059.58;31.24;OK
23;CE;Ceará;231400;Várzea Alegre;2023;2;45116406.90;15917897.28;35.28;OK
53;DF;Distrito Federal;530010;Distrito Federal;2023;2;;;;ERRO_HTTP_404
32;ES;Espírito Santo;320010;Afonso Cláudio;2023;2;38151571.03;10875272.72;28.51;OK
32;ES;Espírito Santo;320020;Alegre;2023;2;36925911.33;10007575.59;27.10;OK
32;ES;Espírito Santo;320030;Alfredo Chaves;2023;2;21072498.16;7604987.23;36.09;OK
32;ES;Espírito Santo;320035;Alto Rio Novo;2023;2;10215470.61;5934119.56;58.09;OK
32;ES;Espírito Santo;320040;Anchieta;2023;2;79867747.56;38615785.90;48.35;OK
32;ES;Espírito Santo;320050;Apiacá;2023;2;10504956.00;3060277.52;29.13;OK
32;ES;Espírito Santo;320060;Aracruz;2023;2;165143224.64;22192822.16;13.44;OK
32;ES;Espírito Santo;320070;Atilio Vivacqua;2023;2;16813283.69;9874803.18;58.73;OK
32;ES;Espírito Santo;320080;Baixo Guandu;2023;2;31718721.20;13030709.81;41.08;OK
32;ES;Espírito Santo;320090;Barra de São Francisco;2023;2;45269658.67;37405999.12;82.63;OK
32;ES;Espírito Santo;320100;Boa Esperança;2023;2;18398330.07;10203704.86;55.46;OK
32;ES;Espírito Santo;320110;Bom Jesus do Norte;2023;2;16274493.14;5852939.21;35.96;OK
32;ES;Espírito Santo;320115;Brejetuba;2023;2;17705285.74;5513330.43;31.14;OK
32;ES;Espírito Santo;320120;Cachoeiro de Itapemirim;2023;2;137531669.49;53210820.31;38.69;OK
32;ES;Espírito Santo;320130;Cariacica;2023;2;175962210.93;59851292.44;34.01;OK
32;ES;Espírito Santo;320140;Castelo;2023;2;47640537.42;12274713.55;25.77;OK
32;ES;Espírito Santo;320150;Colatina;2023;2;237268423.88;43725518.22;18.43;OK
32;ES;Espírito Santo;320160;Conceição da Barra;2023;2;35481682.04;13395176.81;37.75;OK
32;ES;Espírito Santo;320170;Conceição do Castelo;2023;2;14098792.26;5372428.34;38.11;OK
32;ES;Espírito Santo;320180;Divino de São Lourenço;2023;2;7908668.88;6708276.84;84.82;OK
32;ES;Espírito Santo;320190;Domingos Martins;2023;2;42336698.00;18233028.72;43.07;OK
32;ES;Espírito Santo;320200;Dores do Rio Preto;2023;2;10257512.34;9103241.76;88.75;OK
32;ES;Espírito Santo;320210;Ecoporanga;2023;2;28170403.19;9742987.57;34.59;OK
32;ES;Espírito Santo;320220;Fundão;2023;2;26499350.06;7544957.26;28.47;OK
32;ES;Espírito Santo;320225;Governador Lindenberg;2023;2;18200809.87;4411066.69;24.24;OK
32;ES;Espírito Santo;320240;Guarapari;2023;2;89672638.37;40893086.18;45.60;OK
32;ES;Espírito Santo;320230;Guaçuí;2023;2;30295319.28;17421444.14;57.51;OK
32;ES;Espírito Santo;320245;Ibatiba;2023;2;23602612.72;5779474.21;24.49;OK
32;ES;Espírito Santo;320250;Ibiraçu;2023;2;15867901.27;5387179.00;33.95;OK
32;ES;Espírito Santo;320255;Ibitirama;2023;2;12114926.48;2967710.94;24.50;OK
32;ES;Espírito Santo;320260;Iconha;2023;2;19144931.98;9797424.94;51.18;OK
32;ES;Espírito Santo;320265;Irupi;2023;2;15083610.05;9830368.11;65.17;OK
32;ES;Espírito Santo;320270;Itaguaçu;2023;2;16794288.03;6979020.93;41.56;OK
32;ES;Espírito Santo;320280;Itapemirim;2023;2;74233466.45;34065620.47;45.89;OK
32;ES;Espírito Santo;320290;Itarana;2023;2;16811817.04;5439121.73;32.35;OK
32;ES;Espírito Santo;320300;Iúna;2023;2;27775603.28;21675136.02;78.04;OK
32;ES;Espírito Santo;320305;Jaguaré;2023;2;33592553.92;17495069.96;52.08;OK
32;ES;Espírito Santo;320310;Jerônimo Monteiro;2023;2;11145927.77;5645030.67;50.65;OK
32;ES;Espírito Santo;320313;João Neiva;2023;2;21308469.88;5867541.47;27.54;OK
32;ES;Espírito Santo;320316;Laranja da Terra;2023;2;18767230.88;17999542.93;95.91;OK
32;ES;Espírito Santo;320320;Linhares;2023;2;231233156.51;56711880.93;24.53;OK
32;ES;Espírito Santo;320330;Mantenópolis;2023;2;8439968.55;3099408.58;36.72;OK
32;ES;Espírito Santo;320332;Marataízes;2023;2;78842677.07;15364399.67;19.49;OK
32;ES;Espírito Santo;320334;Marechal Floriano;2023;2;20238698.99;6219880.02;30.73;OK
32;ES;Espírito Santo;320335;Marilândia;2023;2;20891488.52;10690816.34;51.17;OK
32;ES;Espírito Santo;320340;Mimoso do Sul;2023;2;34541212.72;12096297.41;35.02;OK
32;ES;Espírito Santo;320350;Montanha;2023;2;29357109.63;26770699.36;91.19;OK
32;ES;Espírito Santo;320360;Mucurici;2023;2;14628026.32;3811868.53;26.06;OK
32;ES;Espírito Santo;320370;Muniz Freire;2023;2;26953611.34;12100768.02;44.89;OK
32;ES;Espírito Santo;320380;Muqui;2023;2;19283959.44;7099430.26;36.82;OK
32;ES;Espírito Santo;320390;Nova Venécia;2023;2;64886996.38;12104015.56;18.65;OK
32;ES;Espírito Santo;320400;Pancas;2023;2;28894711.03;23992898.02;83.04;OK
32;ES;Espírito Santo;320405;Pedro Canário;2023;2;29715800.09;22219504.59;74.77;OK
32;ES;Espírito Santo;320410;Pinheiros;2023;2;33956843.60;13076594.09;38.51;OK
32;ES;Espírito Santo;320420;Piúma;2023;2;29738774.96;9100133.33;30.60;OK
32;ES;Espírito Santo;320425;Ponto Belo;2023;2;14143000.68;7730263.93;54.66;OK
32;ES;Espírito Santo;320430;Presidente Kennedy;2023;2;96107601.92;12130893.59;12.62;OK
32;ES;Espírito Santo;320435;Rio Bananal;2023;2;27096743.91;11846451.46;43.72;OK
32;ES;Espírito Santo;320440;Rio Novo do Sul;2023;2;14956221.12;7277978.89;48.66;OK
32;ES;Espírito Santo;320450;Santa Leopoldina;2023;2;14701654.73;11269966.86;76.66;OK
32;ES;Espírito Santo;320455;Santa Maria de Jetibá;2023;2;57441097.16;25492208.55;44.38;OK
32;ES;Espírito Santo;320460;Santa Teresa;2023;2;41645733.36;9875055.19;23.71;OK
32;ES;Espírito Santo;320500;Serra;2023;2;459934949.36;145583968.14;31.65;OK
32;ES;Espírito Santo;320501;Sooretama;2023;2;32864502.52;9195003.38;27.98;OK
32;ES;Espírito Santo;320465;São Domingos do Norte;2023;2;14263237.07;8160427.62;57.21;OK
32;ES;Espírito Santo;320470;São Gabriel da Palha;2023;2;43971292.98;31569514.20;71.80;OK
32;ES;Espírito Santo;320480;São José do Calçado;2023;2;14129357.81;7881286.98;55.78;OK
32;ES;Espírito Santo;320490;São Mateus;2023;2;90476579.97;25514351.61;28.20;OK
32;ES;Espírito Santo;320495;São Roque do Canaã;2023;2;15751201.40;7424508.87;47.14;OK
32;ES;Espírito Santo;320503;Vargem Alta;2023;2;22734096.54;6028423.15;26.52;OK
32;ES;Espírito Santo;320506;Venda Nova do Imigrante;2023;2;53296410.11;19365435.45;36.34;OK
32;ES;Espírito Santo;320510;Viana;2023;2;68569636.50;26619024.99;38.82;OK
32;ES;Espírito Santo;320515;Vila Pavão;2023;2;10554461.61;8897396.51;84.30;OK
32;ES;Espírito Santo;320517;Vila Valério;2023;2;22043284.65;4372653.95;19.84;OK
32;ES;Espírito Santo;320520;Vila Velha;2023;2;337623091.61;99856708.80;29.58;OK
32;ES;Espírito Santo;320530;Vitória;2023;2;454972732.02;149556903.51;32.87;OK
32;ES;Espírito Santo;320016;Água Doce do Norte;2023;2;16052210.04;13049871.72;81.30;OK
32;ES;Espírito Santo;320013;Águia Branca;2023;2;16087594.21;2919256.38;18.15;OK
52;GO;Goiás;520005;Abadia de Goiás;2023;2;19544344.87;5500708.05;28.14;OK
52;GO;Goiás;520010;Abadiânia;2023;2;19283354.26;7710056.39;39.98;OK
52;GO;Goiás;520013;Acreúna;2023;2;35580136.97;10446358.54;29.36;OK
52;GO;Goiás;520015;Adelândia;2023;2;9292957.98;4087115.78;43.98;OK
52;GO;Goiás;520030;Alexânia;2023;2;36973594.69;6966476.82;18.84;OK
52;GO;Goiás;520050;Aloândia;2023;2;8500987.95;2017921.62;23.74;OK
52;GO;Goiás;520055;Alto Horizonte;2023;2;30221118.72;27512255.04;91.04;OK
52;GO;Goiás;520060;Alto Paraíso de Goiás;2023;2;14501866.40;7388736.23;50.95;OK
52;GO;Goiás;520080;Alvorada do Norte;2023;2;14655756.80;0.00;0.00;OK
52;GO;Goiás;520082;Amaralina;2023;2;8180244.40;2231367.24;27.28;OK
52;GO;Goiás;520085;Americano do Brasil;2023;2;4986398.40;226850.00;4.55;OK
52;GO;Goiás;520090;Amorinópolis;2023;2;7917610.26;1760902.61;22.24;OK
52;GO;Goiás;520120;Anhanguera;2023;2;4539460.33;4539460.33;100.00;OK
52;GO;Goiás;520130;Anicuns;2023;2;23605000.09;4649133.15;19.70;OK
52;GO;Goiás;520110;Anápolis;2023;2;520958906.82;117925392.16;22.64;OK
52;GO;Goiás;520140;Aparecida de Goiânia;2023;2;351581307.57;5784253.51;1.65;OK
52;GO;Goiás;520145;Aparecida do Rio Doce;2023;2;7871836.37;6182586.81;78.54;OK
52;GO;Goiás;520150;Aporé;2023;2;12100146.73;1993264.41;16.47;OK
52;GO;Goiás;520170;Aragarças;2023;2;22095106.78;3124292.55;14.14;OK
52;GO;Goiás;520180;Aragoiânia;2023;2;15833062.14;4682225.16;29.57;OK
52;GO;Goiás;520215;Araguapaz;2023;2;8716385.62;3418496.07;39.22;OK
52;GO;Goiás;520160;Araçu;2023;2;8582068.30;6900517.08;80.41;OK
52;GO;Goiás;520235;Arenópolis;2023;2;8516393.49;1512328.07;17.76;OK
52;GO;Goiás;520250;Aruanã;2023;2;15629079.06;8496986.23;54.37;OK
52;GO;Goiás;520260;Aurilândia;2023;2;6718248.00;3100279.40;46.15;OK
52;GO;Goiás;520280;Avelinópolis;2023;2;6569740.05;2489051.98;37.89;OK
52;GO;Goiás;520310;Baliza;2023;2;7089537.68;2537972.95;35.80;OK
52;GO;Goiás;520320;Barro Alto;2023;2;29947410.23;25084031.34;83.76;OK
52;GO;Goiás;520330;Bela Vista de Goiás;2023;2;39810889.27;35336509.87;88.76;OK
52;GO;Goiás;520340;Bom Jardim de Goiás;2023;2;9894278.69;3274537.76;33.10;OK
52;GO;Goiás;520350;Bom Jesus de Goiás;2023;2;30706971.91;10532225.98;34.30;OK
52;GO;Goiás;520355;Bonfinópolis;2023;2;11118989.91;8575032.16;77.12;OK
52;GO;Goiás;520357;Bonópolis;2023;2;8295512.64;0.00;0.00;OK
52;GO;Goiás;520360;Brazabrantes;2023;2;6984806.86;593009.26;8.49;OK
52;GO;Goiás;520380;Britânia;2023;2;10201673.39;2986581.66;29.28;OK
52;GO;Goiás;520390;Buriti Alegre;2023;2;12866569.26;3040875.34;23.63;OK
52;GO;Goiás;520393;Buriti de Goiás;2023;2;8155954.73;2542623.84;31.18;OK
52;GO;Goiás;520396;Buritinópolis;2023;2;6411400.60;6411400.60;100.00;OK
52;GO;Goiás;520400;Cabeceiras;2023;2;10519936.75;1833370.71;17.43;OK
52;GO;Goiás;520410;Cachoeira Alta;2023;2;20227960.09;9824610.82;48.57;OK
52;GO;Goiás;520425;Cachoeira Dourada;2023;2;17413964.36;4493072.90;25.80;OK
52;GO;Goiás;520420;Cachoeira de Goiás;2023;2;5955094.42;5953599.42;99.97;OK
52;GO;Goiás;520440;Caiapônia;2023;2;26696211.22;11541366.89;43.23;OK
52;GO;Goiás;520450;Caldas Novas;2023;2;95881908.08;14517498.83;15.14;OK
52;GO;Goiás;520455;Caldazinha;2023;2;7822477.06;7154324.94;91.46;OK
52;GO;Goiás;520460;Campestre de Goiás;2023;2;6236000.70;113111.27;1.81;OK
52;GO;Goiás;520465;Campinaçu;2023;2;10694718.37;3769823.65;35.25;OK
52;GO;Goiás;520470;Campinorte;2023;2;16011530.20;6578386.75;41.09;OK
52;GO;Goiás;520480;Campo Alegre de Goiás;2023;2;13349710.57;2342085.02;17.54;OK
52;GO;Goiás;520485;Campo Limpo de Goiás;2023;2;11354126.84;11029279.46;97.14;OK
52;GO;Goiás;520490;Campos Belos;2023;2;24145125.53;3761840.78;15.58;OK
52;GO;Goiás;520495;Campos Verdes;2023;2;9770193.11;1003826.82;10.27;OK
52;GO;Goiás;520500;Carmo do Rio Verde;2023;2;5826148.28;4335956.41;74.42;OK
52;GO;Goiás;520505;Castelândia;2023;2;9494593.15;2469295.60;26.01;OK
52;GO;Goiás;520510;Catalão;2023;2;235811406.55;11409816.96;4.84;OK
52;GO;Goiás;520520;Caturaí;2023;2;8496742.69;2818661.59;33.17;OK
52;GO;Goiás;520530;Cavalcante;2023;2;13380438.18;7399415.82;55.30;OK
52;GO;Goiás;520430;Caçu;2023;2;28540923.18;8568686.44;30.02;OK
52;GO;Goiás;520540;Ceres;2023;2;65573372.15;2689955.18;4.10;OK
52;GO;Goiás;520545;Cezarina;2023;2;13082813.93;12662385.89;96.79;OK
52;GO;Goiás;520547;Chapadão do Céu;2023;2;40181479.05;13778777.79;34.29;OK
52;GO;Goiás;520549;Cidade Ocidental;2023;2;25011191.89;2039126.68;8.15;OK
52;GO;Goiás;520551;Cocalzinho de Goiás;2023;2;22879970.48;13868400.27;60.61;OK
52;GO;Goiás;520552;Colinas do Sul;2023;2;7248047.39;2163718.45;29.85;OK
52;GO;Goiás;520590;Corumbaíba;2023;2;15356289.41;3271783.18;21.31;OK
52;GO;Goiás;520580;Corumbá de Goiás;2023;2;14529080.42;12589050.75;86.65;OK
52;GO;Goiás;520620;Cristalina;2023;2;87208417.50;19228379.58;22.05;OK
52;GO;Goiás;520630;Cristianópolis;2023;2;6210038.31;2663193.44;42.89;OK
52;GO;Goiás;520640;Crixás;2023;2;21119203.87;11624230.45;55.04;OK
52;GO;Goiás;520650;Cromínia;2023;2;8401450.69;7764501.34;92.42;OK
52;GO;Goiás;520660;Cumari;2023;2;10116997.15;8717103.15;86.16;OK
52;GO;Goiás;520570;Córrego do Ouro;2023;2;6806734.51;3575564.75;52.53;OK
52;GO;Goiás;520670;Damianópolis;2023;2;6961030.45;6961030.45;100.00;OK
52;GO;Goiás;520680;Damolândia;2023;2;7033950.02;473065.01;6.73;OK
52;GO;Goiás;520690;Davinópolis;2023;2;6653536.02;6653536.02;100.00;OK
52;GO;Goiás;520710;Diorama;2023;2;8614976.83;3229961.39;37.49;OK
52;GO;Goiás;520830;Divinópolis de Goiás;2023;2;8059480.62;3466916.08;43.02;OK
52;GO;Goiás;520725;Doverlândia;2023;2;17536794.71;4854317.80;27.68;OK
52;GO;Goiás;520735;Edealina;2023;2;12551741.58;2504183.70;19.95;OK
52;GO;Goiás;520740;Edéia;2023;2;32050267.38;17945378.45;55.99;OK
52;GO;Goiás;520750;Estrela do Norte;2023;2;9626897.08;5661053.56;58.80;OK
52;GO;Goiás;520753;Faina;2023;2;11292134.71;3240878.15;28.70;OK
52;GO;Goiás;520760;Fazenda Nova;2023;2;11999673.41;0.00;0.00;OK
52;GO;Goiás;520780;Firminópolis;2023;2;17968357.51;14913134.80;83.00;OK
52;GO;Goiás;520790;Flores de Goiás;2023;2;16818054.72;6609776.03;39.30;OK
52;GO;Goiás;520800;Formosa;2023;2;94118751.10;23181281.92;24.63;OK
52;GO;Goiás;520810;Formoso;2023;2;8515479.52;1605872.52;18.86;OK
52;GO;Goiás;520815;Gameleira de Goiás;2023;2;6561445.26;6500104.83;99.07;OK
52;GO;Goiás;520850;Goiandira;2023;2;7657842.68;683564.07;8.93;OK
52;GO;Goiás;520880;Goianira;2023;2;23678115.04;1846437.28;7.80;OK
52;GO;Goiás;520840;Goianápolis;2023;2;17034423.64;11148696.75;65.45;OK
52;GO;Goiás;520860;Goianésia;2023;2;37692791.94;3556364.56;9.44;OK
52;GO;Goiás;520910;Goiatuba;2023;2;33954377.40;3588415.19;10.57;OK
52;GO;Goiás;520890;Goiás;2023;2;39973933.19;15040249.31;37.63;OK
52;GO;Goiás;520870;Goiânia;2023;2;1998573410.74;174751247.61;8.74;OK
52;GO;Goiás;520915;Gouvelândia;2023;2;9973003.72;2423515.42;24.30;OK
52;GO;Goiás;520920;Guapó;2023;2;18929757.56;2467532.77;13.04;OK
52;GO;Goiás;520940;Guarani de Goiás;2023;2;8740535.85;8457379.48;96.76;OK
52;GO;Goiás;520929;Guaraíta;2023;2;5365692.94;2350430.66;43.80;OK
52;GO;Goiás;520945;Guarinos;2023;2;5691670.56;1840420.56;32.34;OK
52;GO;Goiás;520960;Heitoraí;2023;2;7912748.43;1454744.32;18.38;OK
52;GO;Goiás;520980;Hidrolina;2023;2;8189682.99;0.00;0.00;OK
52;GO;Goiás;520970;Hidrolândia;2023;2;33666939.17;18131723.56;53.86;OK
52;GO;Goiás;520990;Iaciara;2023;2;12851149.78;4722169.33;36.75;OK
52;GO;Goiás;520993;Inaciolândia;2023;2;10489784.85;2518210.33;24.01;OK
52;GO;Goiás;520995;Indiara;2023;2;19773857.38;14324324.03;72.44;OK
52;GO;Goiás;521000;Inhumas;2023;2;59270258.71;20113405.33;33.94;OK
52;GO;Goiás;521010;Ipameri;2023;2;46502630.09;37644937.46;80.95;OK
52;GO;Goiás;521015;Ipiranga de Goiás;2023;2;4785248.65;1848128.18;38.62;OK
52;GO;Goiás;521020;Iporá;2023;2;44939615.50;15329030.57;34.11;OK
52;GO;Goiás;521030;Israelândia;2023;2;6272251.57;5859566.90;93.42;OK
52;GO;Goiás;521040;Itaberaí;2023;2;45831872.98;13822207.00;30.16;OK
52;GO;Goiás;521056;Itaguari;2023;2;7726893.55;3624644.48;46.91;OK
52;GO;Goiás;521060;Itaguaru;2023;2;9029538.51;2918674.00;32.32;OK
52;GO;Goiás;521080;Itajá;2023;2;10268876.95;2201761.21;21.44;OK
52;GO;Goiás;521090;Itapaci;2023;2;26113601.41;137000.00;0.52;OK
52;GO;Goiás;521100;Itapirapuã;2023;2;11581435.40;1835171.12;15.85;OK
52;GO;Goiás;521120;Itapuranga;2023;2;30336831.96;9867594.87;32.53;OK
52;GO;Goiás;521130;Itarumã;2023;2;13576636.17;7832821.11;57.69;OK
52;GO;Goiás;521140;Itauçu;2023;2;17150504.42;6248710.67;36.43;OK
52;GO;Goiás;521150;Itumbiara;2023;2;124316282.25;18010186.88;14.49;OK
52;GO;Goiás;521160;Ivolândia;2023;2;7878299.91;2043027.60;25.93;OK
52;GO;Goiás;521170;Jandaia;2023;2;10524981.02;2946350.60;27.99;OK
52;GO;Goiás;521180;Jaraguá;2023;2;36680009.24;25635663.79;69.89;OK
52;GO;Goiás;521190;Jataí;2023;2;82888397.87;24937064.91;30.09;OK
52;GO;Goiás;521200;Jaupaci;2023;2;7179627.19;3731351.01;51.97;OK
52;GO;Goiás;521205;Jesúpolis;2023;2;5755524.50;39990.00;0.69;OK
52;GO;Goiás;521210;Joviânia;2023;2;9639827.95;8174462.99;84.80;OK
52;GO;Goiás;521220;Jussara;2023;2;28064130.11;10109951.08;36.02;OK
52;GO;Goiás;521225;Lagoa Santa;2023;2;4627017.70;0.00;0.00;OK
52;GO;Goiás;521230;Leopoldo de Bulhões;2023;2;12961082.04;6816962.47;52.60;OK
52;GO;Goiás;521250;Luziânia;2023;2;152073729.16;63290619.26;41.62;OK
52;GO;Goiás;521260;Mairipotaba;2023;2;6532799.73;5963728.41;91.29;OK
52;GO;Goiás;521270;Mambaí;2023;2;11126944.06;11126944.06;100.00;OK
52;GO;Goiás;521280;Mara Rosa;2023;2;17666524.96;3757568.18;21.27;OK
52;GO;Goiás;521290;Marzagão;2023;2;6473339.29;203420.39;3.14;OK
52;GO;Goiás;521295;Matrinchã;2023;2;7873265.52;1050176.09;13.34;OK
52;GO;Goiás;521300;Maurilândia;2023;2;18698826.81;0.00;0.00;OK
52;GO;Goiás;521305;Mimoso de Goiás;2023;2;5147332.86;1162176.35;22.58;OK
52;GO;Goiás;521308;Minaçu;2023;2;42879762.50;4819086.42;11.24;OK
52;GO;Goiás;521310;Mineiros;2023;2;109194727.69;19153113.33;17.54;OK
52;GO;Goiás;521340;Moiporá;2023;2;4584839.42;3589446.29;78.29;OK
52;GO;Goiás;521350;Monte Alegre de Goiás;2023;2;9736487.15;2130010.55;21.88;OK
52;GO;Goiás;521370;Montes Claros de Goiás;2023;2;17563508.06;8434285.77;48.02;OK
52;GO;Goiás;521375;Montividiu;2023;2;22430613.21;0.00;0.00;OK
52;GO;Goiás;521377;Montividiu do Norte;2023;2;7345192.98;0.00;0.00;OK
52;GO;Goiás;521380;Morrinhos;2023;2;68103399.96;25364132.69;37.24;OK
52;GO;Goiás;521385;Morro Agudo de Goiás;2023;2;6493017.09;337893.68;5.20;OK
52;GO;Goiás;521390;Mossâmedes;2023;2;7678073.82;1311812.63;17.09;OK
52;GO;Goiás;521400;Mozarlândia;2023;2;32961633.66;10385698.31;31.51;OK
52;GO;Goiás;521405;Mundo Novo;2023;2;7032343.83;6563122.23;93.33;OK
52;GO;Goiás;521410;Mutunópolis;2023;2;7439110.94;4642879.88;62.41;OK
52;GO;Goiás;521440;Nazário;2023;2;13863112.81;9236013.53;66.62;OK
52;GO;Goiás;521450;Nerópolis;2023;2;84344784.86;16296115.14;19.32;OK
52;GO;Goiás;521460;Niquelândia;2023;2;19779528.28;2064870.74;10.44;OK
52;GO;Goiás;521470;Nova América;2023;2;6302132.37;6233500.11;98.91;OK
52;GO;Goiás;521480;Nova Aurora;2023;2;6266111.29;5339939.99;85.22;OK
52;GO;Goiás;521483;Nova Crixás;2023;2;19237432.12;18795024.52;97.70;OK
52;GO;Goiás;521486;Nova Glória;2023;2;7007983.34;6744815.90;96.24;OK
52;GO;Goiás;521487;Nova Iguaçu de Goiás;2023;2;5000973.49;0.00;0.00;OK
52;GO;Goiás;521490;Nova Roma;2023;2;6606682.43;491265.39;7.44;OK
52;GO;Goiás;521500;Nova Veneza;2023;2;11139637.59;4637530.06;41.63;OK
52;GO;Goiás;521520;Novo Brasil;2023;2;8768944.87;3426911.17;39.08;OK
52;GO;Goiás;521523;Novo Gama;2023;2;68119707.24;45176017.17;66.32;OK
52;GO;Goiás;521525;Novo Planalto;2023;2;6611942.34;943643.70;14.27;OK
52;GO;Goiás;521530;Orizona;2023;2;23989795.54;14326848.96;59.72;OK
52;GO;Goiás;521540;Ouro Verde de Goiás;2023;2;6560992.49;2094129.45;31.92;OK
52;GO;Goiás;521550;Ouvidor;2023;2;24097140.18;24097140.18;100.00;OK
52;GO;Goiás;521560;Padre Bernardo;2023;2;33402249.59;16436358.05;49.21;OK
52;GO;Goiás;521565;Palestina de Goiás;2023;2;6721636.24;6721636.24;100.00;OK
52;GO;Goiás;521570;Palmeiras de Goiás;2023;2;48053588.81;39819739.33;82.87;OK
52;GO;Goiás;521580;Palmelo;2023;2;9637684.38;1421619.71;14.75;OK
52;GO;Goiás;521590;Palminópolis;2023;2;8535044.64;8329392.83;97.59;OK
52;GO;Goiás;521600;Panamá;2023;2;6591137.09;915663.50;13.89;OK
52;GO;Goiás;521630;Paranaiguara;2023;2;17488003.92;3355959.75;19.19;OK
52;GO;Goiás;521640;Paraúna;2023;2;28466173.93;14381144.87;50.52;OK
52;GO;Goiás;521645;Perolândia;2023;2;11107851.55;10575940.01;95.21;OK
52;GO;Goiás;521680;Petrolina de Goiás;2023;2;13299417.96;7106.00;0.05;OK
52;GO;Goiás;521690;Pilar de Goiás;2023;2;6759533.43;4856143.39;71.84;OK
52;GO;Goiás;521710;Piracanjuba;2023;2;31160107.27;9997119.80;32.08;OK
52;GO;Goiás;521720;Piranhas;2023;2;16342306.97;4471891.16;27.36;OK
52;GO;Goiás;521730;Pirenópolis;2023;2;19973275.79;13413060.88;67.16;OK
52;GO;Goiás;521740;Pires do Rio;2023;2;46094846.83;18848244.75;40.89;OK
52;GO;Goiás;521760;Planaltina;2023;2;90069338.73;31612501.24;35.10;OK
52;GO;Goiás;521770;Pontalina;2023;2;24643702.26;6925797.91;28.10;OK
52;GO;Goiás;521800;Porangatu;2023;2;71702324.04;31399131.02;43.79;OK
52;GO;Goiás;521805;Porteirão;2023;2;10467089.85;1930374.24;18.44;OK
52;GO;Goiás;521810;Portelândia;2023;2;10005179.97;3150177.18;31.49;OK
52;GO;Goiás;521830;Posse;2023;2;43172402.78;11704875.45;27.11;OK
52;GO;Goiás;521839;Professor Jamil;2023;2;8097421.42;0.00;0.00;OK
52;GO;Goiás;521850;Quirinópolis;2023;2;79362639.43;35237660.50;44.40;OK
52;GO;Goiás;521860;Rialma;2023;2;15761266.22;8368741.97;53.10;OK
52;GO;Goiás;521870;Rianápolis;2023;2;7513041.49;6926467.80;92.19;OK
52;GO;Goiás;521878;Rio Quente;2023;2;11970351.17;5249343.59;43.85;OK
52;GO;Goiás;521880;Rio Verde;2023;2;470078039.81;72559595.21;15.44;OK
52;GO;Goiás;521890;Rubiataba;2023;2;26885965.59;16612765.00;61.79;OK
52;GO;Goiás;521900;Sanclerlândia;2023;2;4754018.31;1117911.80;23.52;OK
52;GO;Goiás;521910;Santa Bárbara de Goiás;2023;2;8998499.08;2706609.06;30.08;OK
52;GO;Goiás;521920;Santa Cruz de Goiás;2023;2;6963406.76;3246365.57;46.62;OK
52;GO;Goiás;521925;Santa Fé de Goiás;2023;2;9549009.24;151390.29;1.59;OK
52;GO;Goiás;521930;Santa Helena de Goiás;2023;2;67796407.49;15347118.15;22.64;OK
52;GO;Goiás;521935;Santa Isabel;2023;2;7743919.58;7181084.25;92.73;OK
52;GO;Goiás;521940;Santa Rita do Araguaia;2023;2;9597418.61;1539357.71;16.04;OK
52;GO;Goiás;521945;Santa Rita do Novo Destino;2023;2;4955575.37;4903679.69;98.95;OK
52;GO;Goiás;521950;Santa Rosa de Goiás;2023;2;7343349.60;709625.67;9.66;OK
52;GO;Goiás;521960;Santa Tereza de Goiás;2023;2;7873538.90;2230325.24;28.33;OK
52;GO;Goiás;521970;Santa Terezinha de Goiás;2023;2;12662627.74;2322184.34;18.34;OK
52;GO;Goiás;521971;Santo Antônio da Barra;2023;2;9748870.77;1251724.27;12.84;OK
52;GO;Goiás;521973;Santo Antônio de Goiás;2023;2;15696732.80;15477310.00;98.60;OK
52;GO;Goiás;521975;Santo Antônio do Descoberto;2023;2;41621236.37;22686684.03;54.51;OK
52;GO;Goiás;522045;Senador Canedo;2023;2;168982456.18;29699759.94;17.58;OK
52;GO;Goiás;522050;Serranópolis;2023;2;14472862.76;11338921.18;78.35;OK
52;GO;Goiás;522060;Silvânia;2023;2;32735044.62;15278932.63;46.67;OK
52;GO;Goiás;522068;Simolândia;2023;2;8918210.31;2412931.20;27.06;OK
52;GO;Goiás;521980;São Domingos;2023;2;12362957.68;6018028.07;48.68;OK
52;GO;Goiás;521990;São Francisco de Goiás;2023;2;8200771.97;7036436.55;85.80;OK
52;GO;Goiás;522000;São João d'Aliança;2023;2;16892353.66;0.00;0.00;OK
52;GO;Goiás;522005;São João da Paraúna;2023;2;5957690.14;4824848.69;80.99;OK
52;GO;Goiás;522010;São Luís de Montes Belos;2023;2;43928753.40;11022534.67;25.09;OK
52;GO;Goiás;522015;São Luíz do Norte;2023;2;10281987.63;5630492.02;54.76;OK
52;GO;Goiás;522020;São Miguel do Araguaia;2023;2;33080154.85;1190403.48;3.60;OK
52;GO;Goiás;522026;São Miguel do Passa Quatro;2023;2;8038964.68;2667314.42;33.18;OK
52;GO;Goiás;522028;São Patrício;2023;2;6739535.89;4571865.62;67.84;OK
52;GO;Goiás;522040;São Simão;2023;2;45197106.95;11681436.36;25.85;OK
52;GO;Goiás;522070;Sítio d'Abadia;2023;2;6035137.69;6035137.69;100.00;OK
52;GO;Goiás;522100;Taquaral de Goiás;2023;2;8560246.04;1549118.26;18.10;OK
52;GO;Goiás;522108;Teresina de Goiás;2023;2;7387004.15;6658036.40;90.13;OK
52;GO;Goiás;522119;Terezópolis de Goiás;2023;2;10535040.23;9398274.84;89.21;OK
52;GO;Goiás;522140;Trindade;2023;2;100318782.66;28172966.90;28.08;OK
52;GO;Goiás;522145;Trombas;2023;2;8108869.24;7192174.20;88.70;OK
52;GO;Goiás;522130;Três Ranchos;2023;2;7215638.52;6972389.71;96.63;OK
52;GO;Goiás;522155;Turvelândia;2023;2;10418332.42;1245925.92;11.96;OK
52;GO;Goiás;522150;Turvânia;2023;2;9578690.30;2117859.80;22.11;OK
52;GO;Goiás;522157;Uirapuru;2023;2;6927586.44;6854662.53;98.95;OK
52;GO;Goiás;522170;Uruana;2023;2;17939842.77;9100713.36;50.73;OK
52;GO;Goiás;522160;Uruaçu;2023;2;47324055.78;14103021.98;29.80;OK
52;GO;Goiás;522180;Urutaí;2023;2;6429803.11;2566437.34;39.91;OK
52;GO;Goiás;522185;Valparaíso de Goiás;2023;2;132652975.89;110591215.78;83.37;OK
52;GO;Goiás;522190;Varjão;2023;2;8551024.64;8345372.83;97.60;OK
52;GO;Goiás;522200;Vianópolis;2023;2;18103768.08;13099674.80;72.36;OK
52;GO;Goiás;522205;Vicentinópolis;2023;2;15024479.57;6108011.72;40.65;OK
52;GO;Goiás;522220;Vila Boa;2023;2;5319403.66;201472.94;3.79;OK
52;GO;Goiás;522230;Vila Propício;2023;2;10693850.67;9846423.37;92.08;OK
52;GO;Goiás;520017;Água Fria de Goiás;2023;2;11128352.24;0.00;0.00;OK
52;GO;Goiás;520020;Água Limpa;2023;2;4807448.68;1013184.78;21.08;OK
52;GO;Goiás;520025;Águas Lindas de Goiás;2023;2;89150613.90;44113752.39;49.48;OK
21;MA;Maranhão;210010;Afonso Cunha;2023;2;3785692.36;0.00;0.00;OK
21;MA;Maranhão;210020;Alcântara;2023;2;15214975.25;9343529.05;61.41;OK
21;MA;Maranhão;210030;Aldeias Altas;2023;2;22391920.40;15271861.29;68.20;OK
21;MA;Maranhão;210040;Altamira do Maranhão;2023;2;7278862.21;4486705.58;61.64;OK
21;MA;Maranhão;210043;Alto Alegre do Maranhão;2023;2;17804570.06;16612058.24;93.30;OK
21;MA;Maranhão;210047;Alto Alegre do Pindaré;2023;2;36725720.79;24695307.04;67.24;OK
21;MA;Maranhão;210050;Alto Parnaíba;2023;2;14207517.13;5335632.12;37.55;OK
21;MA;Maranhão;210055;Amapá do Maranhão;2023;2;5936801.42;3075944.54;51.81;OK
21;MA;Maranhão;210060;Amarante do Maranhão;2023;2;40042507.14;35264050.23;88.07;OK
21;MA;Maranhão;210070;Anajatuba;2023;2;22624906.93;11186847.68;49.44;OK
21;MA;Maranhão;210080;Anapurus;2023;2;15863364.70;10428126.26;65.74;OK
21;MA;Maranhão;210083;Apicum-Açu;2023;2;12923073.64;5714987.90;44.22;OK
21;MA;Maranhão;210087;Araguanã;2023;2;14977532.07;5784171.82;38.62;OK
21;MA;Maranhão;210090;Araioses;2023;2;21172712.76;9832894.32;46.44;OK
21;MA;Maranhão;210095;Arame;2023;2;24767536.60;23949533.34;96.70;OK
21;MA;Maranhão;210100;Arari;2023;2;28106818.25;8452733.82;30.07;OK
21;MA;Maranhão;210110;Axixá;2023;2;13677668.02;13677668.02;100.00;OK
21;MA;Maranhão;210005;Açailândia;2023;2;128811127.20;30918403.30;24.00;OK
21;MA;Maranhão;210120;Bacabal;2023;2;119284744.48;41490880.93;34.78;OK
21;MA;Maranhão;210125;Bacabeira;2023;2;14665596.04;9668390.04;65.93;OK
21;MA;Maranhão;210130;Bacuri;2023;2;12472332.68;5324914.10;42.69;OK
21;MA;Maranhão;210135;Bacurituba;2023;2;6223749.39;2860622.54;45.96;OK
21;MA;Maranhão;210140;Balsas;2023;2;125994943.64;114556423.11;90.92;OK
21;MA;Maranhão;210160;Barra do Corda;2023;2;57133932.46;40846106.52;71.49;OK
21;MA;Maranhão;210170;Barreirinhas;2023;2;39669887.87;19755417.50;49.80;OK
21;MA;Maranhão;210150;Barão de Grajaú;2023;2;20462389.45;11573585.40;56.56;OK
21;MA;Maranhão;210177;Bela Vista do Maranhão;2023;2;10354904.13;4020190.84;38.82;OK
21;MA;Maranhão;210173;Belágua;2023;2;11809504.79;2016164.13;17.07;OK
21;MA;Maranhão;210180;Benedito Leite;2023;2;7159009.60;4917355.59;68.69;OK
21;MA;Maranhão;210190;Bequimão;2023;2;16768003.69;15098039.45;90.04;OK
21;MA;Maranhão;210193;Bernardo do Mearim;2023;2;8423875.71;5570453.21;66.13;OK
21;MA;Maranhão;210197;Boa Vista do Gurupi;2023;2;7582949.15;1566929.88;20.66;OK
21;MA;Maranhão;210200;Bom Jardim;2023;2;31851925.61;17170695.89;53.91;OK
21;MA;Maranhão;210203;Bom Jesus das Selvas;2023;2;33225330.75;17548194.70;52.82;OK
21;MA;Maranhão;210207;Bom Lugar;2023;2;14163429.92;6017713.54;42.49;OK
21;MA;Maranhão;210210;Brejo;2023;2;29844237.29;28413075.59;95.20;OK
21;MA;Maranhão;210215;Brejo de Areia;2023;2;7683565.62;2114923.45;27.53;OK
21;MA;Maranhão;210220;Buriti;2023;2;24949372.26;22945060.30;91.97;OK
21;MA;Maranhão;210230;Buriti Bravo;2023;2;20655924.10;14317812.38;69.32;OK
21;MA;Maranhão;210232;Buriticupu;2023;2;67690114.90;25046231.59;37.00;OK
21;MA;Maranhão;210235;Buritirana;2023;2;12602296.76;11738448.04;93.15;OK
21;MA;Maranhão;210237;Cachoeira Grande;2023;2;7745217.50;7013431.14;90.55;OK
21;MA;Maranhão;210240;Cajapió;2023;2;9617251.01;4300455.52;44.72;OK
21;MA;Maranhão;210250;Cajari;2023;2;15566843.72;7428542.94;47.72;OK
21;MA;Maranhão;210255;Campestre do Maranhão;2023;2;13321218.69;10643690.14;79.90;OK
21;MA;Maranhão;210270;Cantanhede;2023;2;22367634.22;19599998.82;87.63;OK
21;MA;Maranhão;210275;Capinzal do Norte;2023;2;14362042.11;4440551.51;30.92;OK
21;MA;Maranhão;210280;Carolina;2023;2;21305607.47;13204381.50;61.98;OK
21;MA;Maranhão;210290;Carutapera;2023;2;16080966.03;6229436.68;38.74;OK
21;MA;Maranhão;210300;Caxias;2023;2;82264678.56;56713091.24;68.94;OK
21;MA;Maranhão;210310;Cedral;2023;2;9848861.14;4283854.95;43.50;OK
21;MA;Maranhão;210312;Central do Maranhão;2023;2;7135268.15;4931276.82;69.11;OK
21;MA;Maranhão;210317;Centro Novo do Maranhão;2023;2;16179032.77;14024084.90;86.68;OK
21;MA;Maranhão;210315;Centro do Guilherme;2023;2;12466191.07;8511498.05;68.28;OK
21;MA;Maranhão;210320;Chapadinha;2023;2;70333700.84;23939405.61;34.04;OK
21;MA;Maranhão;210325;Cidelândia;2023;2;15501335.44;540970.73;3.49;OK
21;MA;Maranhão;210330;Codó;2023;2;93311780.88;31768673.62;34.05;OK
21;MA;Maranhão;210340;Coelho Neto;2023;2;88632611.28;37130369.42;41.89;OK
21;MA;Maranhão;210350;Colinas;2023;2;47556017.73;24090707.91;50.66;OK
21;MA;Maranhão;210355;Conceição do Lago-Açu;2023;2;23033442.99;10013570.38;43.47;OK
21;MA;Maranhão;210360;Coroatá;2023;2;50844223.31;14355478.57;28.23;OK
21;MA;Maranhão;210370;Cururupu;2023;2;23233414.36;6562006.94;28.24;OK
21;MA;Maranhão;210260;Cândido Mendes;2023;2;17040918.45;12171901.76;71.43;OK
21;MA;Maranhão;210375;Davinópolis;2023;2;15737820.83;15071534.27;95.77;OK
21;MA;Maranhão;210380;Dom Pedro;2023;2;22529381.49;13072866.89;58.03;OK
21;MA;Maranhão;210390;Duque Bacelar;2023;2;11751395.33;5532793.67;47.08;OK
21;MA;Maranhão;210400;Esperantinópolis;2023;2;19651129.76;6061872.09;30.85;OK
21;MA;Maranhão;210405;Estreito;2023;2;50876489.79;27456073.89;53.97;OK
21;MA;Maranhão;210407;Feira Nova do Maranhão;2023;2;7000450.78;5295267.13;75.64;OK
21;MA;Maranhão;210408;Fernando Falcão;2023;2;12840985.48;9047128.23;70.46;OK
21;MA;Maranhão;210409;Formosa da Serra Negra;2023;2;20547770.25;19763340.10;96.18;OK
21;MA;Maranhão;210410;Fortaleza dos Nogueiras;2023;2;12321358.90;4612217.63;37.43;OK
21;MA;Maranhão;210420;Fortuna;2023;2;25949211.71;8915503.51;34.36;OK
21;MA;Maranhão;210430;Godofredo Viana;2023;2;17486366.72;13313800.91;76.14;OK
21;MA;Maranhão;210440;Gonçalves Dias;2023;2;13407335.99;7110472.39;53.03;OK
21;MA;Maranhão;210450;Governador Archer;2023;2;9063840.57;1024569.42;11.30;OK
21;MA;Maranhão;210455;Governador Edison Lobão;2023;2;15654406.13;6725236.45;42.96;OK
21;MA;Maranhão;210460;Governador Eugênio Barros;2023;2;15579800.88;4868982.61;31.25;OK
21;MA;Maranhão;210462;Governador Luiz Rocha;2023;2;9913361.88;1821481.46;18.37;OK
21;MA;Maranhão;210465;Governador Newton Bello;2023;2;9644917.29;2498339.13;25.90;OK
21;MA;Maranhão;210467;Governador Nunes Freire;2023;2;25738630.75;7869343.78;30.57;OK
21;MA;Maranhão;210480;Grajaú;2023;2;54780591.19;40038944.51;73.09;OK
21;MA;Maranhão;210470;Graça Aranha;2023;2;8962646.19;6034803.73;67.33;OK
21;MA;Maranhão;210490;Guimarães;2023;2;12898480.34;2043185.02;15.84;OK
21;MA;Maranhão;210500;Humberto de Campos;2023;2;20036178.17;16660289.72;83.15;OK
21;MA;Maranhão;210510;Icatu;2023;2;23777108.48;12868427.71;54.12;OK
21;MA;Maranhão;210520;Igarapé Grande;2023;2;16841566.35;4628904.96;27.49;OK
21;MA;Maranhão;210515;Igarapé do Meio;2023;2;14229139.94;8159366.91;57.34;OK
21;MA;Maranhão;210530;Imperatriz;2023;2;357581752.95;97231690.10;27.19;OK
21;MA;Maranhão;210535;Itaipava do Grajaú;2023;2;17502813.06;9464163.06;54.07;OK
21;MA;Maranhão;210540;Itapecuru Mirim;2023;2;40325452.05;21290137.02;52.80;OK
21;MA;Maranhão;210542;Itinga do Maranhão;2023;2;25054570.15;9150217.67;36.52;OK
21;MA;Maranhão;210545;Jatobá;2023;2;7677833.27;4992953.89;65.03;OK
21;MA;Maranhão;210547;Jenipapo dos Vieiras;2023;2;17980898.54;14709826.64;81.81;OK
21;MA;Maranhão;210560;Joselândia;2023;2;14869455.04;0.00;0.00;OK
21;MA;Maranhão;210550;João Lisboa;2023;2;20967670.13;13147248.45;62.70;OK
21;MA;Maranhão;210565;Junco do Maranhão;2023;2;5020279.93;2135457.46;42.54;OK
21;MA;Maranhão;210590;Lago Verde;2023;2;10760402.15;6714968.37;62.40;OK
21;MA;Maranhão;210570;Lago da Pedra;2023;2;56392389.86;22109774.85;39.21;OK
21;MA;Maranhão;210580;Lago do Junco;2023;2;9530374.75;7040207.40;73.87;OK
21;MA;Maranhão;210594;Lago dos Rodrigues;2023;2;11004343.96;5480034.15;49.80;OK
21;MA;Maranhão;210596;Lagoa Grande do Maranhão;2023;2;2850000.00;0.00;0.00;OK
21;MA;Maranhão;210592;Lagoa do Mato;2023;2;9812648.08;8520802.66;86.83;OK
21;MA;Maranhão;210598;Lajeado Novo;2023;2;7255321.88;4569685.03;62.98;OK
21;MA;Maranhão;210600;Lima Campos;2023;2;20197076.45;17408055.53;86.19;OK
21;MA;Maranhão;210610;Loreto;2023;2;12127088.73;7101208.27;58.56;OK
21;MA;Maranhão;210620;Luís Domingues;2023;2;6512989.34;2951141.11;45.31;OK
21;MA;Maranhão;210630;Magalhães de Almeida;2023;2;24941633.50;8381783.56;33.61;OK
21;MA;Maranhão;210632;Maracaçumé;2023;2;15514874.95;5313287.27;34.25;OK
21;MA;Maranhão;210635;Marajá do Sena;2023;2;6816160.72;1723071.78;25.28;OK
21;MA;Maranhão;210637;Maranhãozinho;2023;2;14491659.33;9590889.85;66.18;OK
21;MA;Maranhão;210640;Mata Roma;2023;2;19638114.47;5574585.06;28.39;OK
21;MA;Maranhão;210650;Matinha;2023;2;20957432.51;8575632.73;40.92;OK
21;MA;Maranhão;210660;Matões;2023;2;28704630.21;15234844.39;53.07;OK
21;MA;Maranhão;210663;Matões do Norte;2023;2;13658559.08;11152288.15;81.65;OK
21;MA;Maranhão;210667;Milagres do Maranhão;2023;2;8754945.58;3145827.89;35.93;OK
21;MA;Maranhão;210670;Mirador;2023;2;23667604.17;14892249.45;62.92;OK
21;MA;Maranhão;210675;Miranda do Norte;2023;2;20684305.17;7275616.15;35.17;OK
21;MA;Maranhão;210680;Mirinzal;2023;2;11866197.68;4369094.86;36.82;OK
21;MA;Maranhão;210700;Montes Altos;2023;2;9401275.70;5765228.41;61.32;OK
21;MA;Maranhão;210690;Monção;2023;2;29533654.17;11517505.32;39.00;OK
21;MA;Maranhão;210710;Morros;2023;2;9880209.60;6580649.81;66.60;OK
21;MA;Maranhão;210720;Nina Rodrigues;2023;2;14586540.48;6408355.75;43.93;OK
21;MA;Maranhão;210725;Nova Colinas;2023;2;7541128.88;7232767.50;95.91;OK
21;MA;Maranhão;210730;Nova Iorque;2023;2;8136544.32;1407698.35;17.30;OK
21;MA;Maranhão;210735;Nova Olinda do Maranhão;2023;2;19119739.16;15160083.66;79.29;OK
21;MA;Maranhão;210740;Olho d'Água das Cunhãs;2023;2;20418294.79;9810693.73;48.05;OK
21;MA;Maranhão;210745;Olinda Nova do Maranhão;2023;2;14585131.14;5060947.85;34.70;OK
21;MA;Maranhão;210760;Palmeirândia;2023;2;20398840.32;12643410.50;61.98;OK
21;MA;Maranhão;210770;Paraibano;2023;2;23740457.64;13675591.37;57.60;OK
21;MA;Maranhão;210780;Parnarama;2023;2;25424628.04;12587927.95;49.51;OK
21;MA;Maranhão;210790;Passagem Franca;2023;2;21003839.13;11791500.59;56.14;OK
21;MA;Maranhão;210800;Pastos Bons;2023;2;25994314.17;10155759.42;39.07;OK
21;MA;Maranhão;210805;Paulino Neves;2023;2;15926789.51;14840535.17;93.18;OK
21;MA;Maranhão;210810;Paulo Ramos;2023;2;22605080.39;12061876.02;53.36;OK
21;MA;Maranhão;210750;Paço do Lumiar;2023;2;94407198.24;61415715.35;65.05;OK
21;MA;Maranhão;210820;Pedreiras;2023;2;42775653.44;10635809.72;24.86;OK
21;MA;Maranhão;210825;Pedro do Rosário;2023;2;12992780.04;10340785.57;79.59;OK
21;MA;Maranhão;210830;Penalva;2023;2;26652904.87;21323348.55;80.00;OK
21;MA;Maranhão;210840;Peri Mirim;2023;2;14332736.60;12645968.98;88.23;OK
21;MA;Maranhão;210845;Peritoró;2023;2;19054937.15;12029639.72;63.13;OK
21;MA;Maranhão;210850;Pindaré-Mirim;2023;2;24826413.09;10588157.58;42.65;OK
21;MA;Maranhão;210860;Pinheiro;2023;2;104082219.79;33716303.43;32.39;OK
21;MA;Maranhão;210870;Pio XII;2023;2;18410505.88;9831332.51;53.40;OK
21;MA;Maranhão;210880;Pirapemas;2023;2;15094557.71;14401289.99;95.41;OK
21;MA;Maranhão;210900;Porto Franco;2023;2;34589025.92;10548769.02;30.50;OK
21;MA;Maranhão;210905;Porto Rico do Maranhão;2023;2;7692592.72;3126207.89;40.64;OK
21;MA;Maranhão;210890;Poção de Pedras;2023;2;18807896.89;7039207.44;37.43;OK
21;MA;Maranhão;210910;Presidente Dutra;2023;2;42826958.22;12263187.44;28.63;OK
21;MA;Maranhão;210920;Presidente Juscelino;2023;2;9826191.97;2288622.14;23.29;OK
21;MA;Maranhão;210923;Presidente Médici;2023;2;7933535.77;5228534.77;65.90;OK
21;MA;Maranhão;210927;Presidente Sarney;2023;2;15822696.00;3713683.53;23.47;OK
21;MA;Maranhão;210930;Presidente Vargas;2023;2;12281220.20;8178046.56;66.59;OK
21;MA;Maranhão;210940;Primeira Cruz;2023;2;8942315.57;5505893.63;61.57;OK
21;MA;Maranhão;210945;Raposa;2023;2;25401222.65;10245143.58;40.33;OK
21;MA;Maranhão;210950;Riachão;2023;2;23751128.49;5423560.94;22.83;OK
21;MA;Maranhão;210955;Ribamar Fiquene;2023;2;8512558.00;2867916.78;33.69;OK
21;MA;Maranhão;210960;Rosário;2023;2;33529675.96;19186126.79;57.22;OK
21;MA;Maranhão;210970;Sambaíba;2023;2;8669108.09;8172348.63;94.27;OK
21;MA;Maranhão;210975;Santa Filomena do Maranhão;2023;2;12402477.23;8045277.40;64.87;OK
21;MA;Maranhão;210980;Santa Helena;2023;2;27678709.96;11388362.22;41.14;OK
21;MA;Maranhão;210990;Santa Inês;2023;2;81157859.69;26339200.41;32.45;OK
21;MA;Maranhão;211000;Santa Luzia;2023;2;64423011.60;19741766.21;30.64;OK
21;MA;Maranhão;211003;Santa Luzia do Paruá;2023;2;19991327.14;8088452.20;40.46;OK
21;MA;Maranhão;211010;Santa Quitéria do Maranhão;2023;2;24640930.66;13871309.42;56.29;OK
21;MA;Maranhão;211020;Santa Rita;2023;2;26517325.28;17614363.85;66.43;OK
21;MA;Maranhão;211023;Santana do Maranhão;2023;2;12192362.40;12192362.40;100.00;OK
21;MA;Maranhão;211027;Santo Amaro do Maranhão;2023;2;14470448.04;4216957.87;29.14;OK
21;MA;Maranhão;211030;Santo Antônio dos Lopes;2023;2;36699255.43;18986468.49;51.74;OK
21;MA;Maranhão;211172;Satubinha;2023;2;11842152.90;4953850.43;41.83;OK
21;MA;Maranhão;211174;Senador Alexandre Costa;2023;2;11531630.86;7606956.44;65.97;OK
21;MA;Maranhão;211176;Senador La Rocque;2023;2;16458629.12;11808217.45;71.74;OK
21;MA;Maranhão;211178;Serrano do Maranhão;2023;2;9740631.35;9042739.44;92.84;OK
21;MA;Maranhão;211190;Sucupira do Norte;2023;2;12216601.68;7742067.24;63.37;OK
21;MA;Maranhão;211195;Sucupira do Riachão;2023;2;6767572.61;1995310.13;29.48;OK
21;MA;Maranhão;211040;São Benedito do Rio Preto;2023;2;20256083.75;15694690.17;77.48;OK
21;MA;Maranhão;211050;São Bento;2023;2;33116832.43;18516136.39;55.91;OK
21;MA;Maranhão;211060;São Bernardo;2023;2;39634959.24;22788244.75;57.50;OK
21;MA;Maranhão;211065;São Domingos do Azeitão;2023;2;10025792.26;4115489.35;41.05;OK
21;MA;Maranhão;211070;São Domingos do Maranhão;2023;2;36199566.67;11093893.93;30.65;OK
21;MA;Maranhão;211085;São Francisco do Brejão;2023;2;9517783.26;3598547.79;37.81;OK
21;MA;Maranhão;211090;São Francisco do Maranhão;2023;2;14605723.96;8967218.14;61.40;OK
21;MA;Maranhão;211080;São Félix de Balsas;2023;2;5553437.76;881363.01;15.87;OK
21;MA;Maranhão;211120;São José de Ribamar;2023;2;144334672.59;59762442.66;41.41;OK
21;MA;Maranhão;211125;São José dos Basílios;2023;2;10041984.95;3909823.52;38.93;OK
21;MA;Maranhão;211100;São João Batista;2023;2;19415550.52;6953258.74;35.81;OK
21;MA;Maranhão;211102;São João do Carú;2023;2;13420654.52;4129278.03;30.77;OK
21;MA;Maranhão;211105;São João do Paraíso;2023;2;9592501.14;3485459.89;36.34;OK
21;MA;Maranhão;211107;São João do Soter;2023;2;26812670.30;6828762.39;25.47;OK
21;MA;Maranhão;211110;São João dos Patos;2023;2;28629363.91;11856257.67;41.41;OK
21;MA;Maranhão;211130;São Luís;2023;2;1331688935.83;120041782.49;9.01;OK
21;MA;Maranhão;211140;São Luís Gonzaga do Maranhão;2023;2;17635133.49;8619873.41;48.88;OK
21;MA;Maranhão;211150;São Mateus do Maranhão;2023;2;33220808.30;17591173.04;52.95;OK
21;MA;Maranhão;211153;São Pedro da Água Branca;2023;2;13814513.00;10340320.40;74.85;OK
21;MA;Maranhão;211157;São Pedro dos Crentes;2023;2;10716849.10;1260331.28;11.76;OK
21;MA;Maranhão;211160;São Raimundo das Mangabeiras;2023;2;22707718.56;15390653.26;67.78;OK
21;MA;Maranhão;211163;São Raimundo do Doca Bezerra;2023;2;8366978.44;6236303.92;74.53;OK
21;MA;Maranhão;211167;São Roberto;2023;2;4321391.42;4284150.42;99.14;OK
21;MA;Maranhão;211170;São Vicente Ferrer;2023;2;18180778.02;14335197.66;78.85;OK
21;MA;Maranhão;211180;Sítio Novo;2023;2;21565073.50;8735462.55;40.51;OK
21;MA;Maranhão;211200;Tasso Fragoso;2023;2;16537996.09;8650425.13;52.31;OK
21;MA;Maranhão;211210;Timbiras;2023;2;21052124.01;9027372.32;42.88;OK
21;MA;Maranhão;211220;Timon;2023;2;103011364.77;23100261.24;22.42;OK
21;MA;Maranhão;211223;Trizidela do Vale;2023;2;26362701.15;15088532.71;57.23;OK
21;MA;Maranhão;211227;Tufilândia;2023;2;8634734.02;8393448.88;97.21;OK
21;MA;Maranhão;211230;Tuntum;2023;2;44633764.61;20448982.90;45.82;OK
21;MA;Maranhão;211240;Turiaçu;2023;2;26891361.95;10502494.59;39.06;OK
21;MA;Maranhão;211245;Turilândia;2023;2;18340673.72;18177694.38;99.11;OK
21;MA;Maranhão;211250;Tutóia;2023;2;30221231.87;29730588.96;98.38;OK
21;MA;Maranhão;211260;Urbano Santos;2023;2;30859710.76;5778015.10;18.72;OK
21;MA;Maranhão;211270;Vargem Grande;2023;2;34532986.75;9581216.94;27.75;OK
21;MA;Maranhão;211280;Viana;2023;2;40530915.37;12553317.80;30.97;OK
21;MA;Maranhão;211285;Vila Nova dos Martírios;2023;2;10129776.57;7502034.72;74.06;OK
21;MA;Maranhão;211300;Vitorino Freire;2023;2;36155388.29;4829311.09;13.36;OK
21;MA;Maranhão;211290;Vitória do Mearim;2023;2;38720965.99;17852349.98;46.11;OK
21;MA;Maranhão;211400;Zé Doca;2023;2;45376375.19;24596421.32;54.21;OK
21;MA;Maranhão;210015;Água Doce do Maranhão;2023;2;14977919.83;13785000.32;92.04;OK
51;MT;Mato Grosso;510010;Acorizal;2023;2;7370897.59;3559911.94;48.30;OK
51;MT;Mato Grosso;510025;Alta Floresta;2023;2;58652538.93;27184692.80;46.35;OK
51;MT;Mato Grosso;510030;Alto Araguaia;2023;2;46396964.58;16188676.12;34.89;OK
51;MT;Mato Grosso;510035;Alto Boa Vista;2023;2;13091330.71;4308608.66;32.91;OK
51;MT;Mato Grosso;510040;Alto Garças;2023;2;26377746.00;6875396.66;26.07;OK
51;MT;Mato Grosso;510050;Alto Paraguai;2023;2;11947129.81;3862153.08;32.33;OK
51;MT;Mato Grosso;510060;Alto Taquari;2023;2;22480005.20;6920932.77;30.79;OK
51;MT;Mato Grosso;510080;Apiacás;2023;2;15120713.19;3236817.26;21.41;OK
51;MT;Mato Grosso;510100;Araguaiana;2023;2;9452368.26;8701495.21;92.06;OK
51;MT;Mato Grosso;510120;Araguainha;2023;2;5061692.31;4301951.33;84.99;OK
51;MT;Mato Grosso;510125;Araputanga;2023;2;21819460.49;10125691.52;46.41;OK
51;MT;Mato Grosso;510130;Arenápolis;2023;2;21606524.77;7188501.82;33.27;OK
51;MT;Mato Grosso;510140;Aripuanã;2023;2;43714956.29;14695127.45;33.62;OK
51;MT;Mato Grosso;510170;Barra do Bugres;2023;2;56729094.17;10565312.75;18.62;OK
51;MT;Mato Grosso;510180;Barra do Garças;2023;2;135456119.64;28805453.88;21.27;OK
51;MT;Mato Grosso;510160;Barão de Melgaço;2023;2;10563539.14;6228223.38;58.96;OK
51;MT;Mato Grosso;510183;Boa Esperança do Norte;2023;2;;;;ERRO_HTTP_404
51;MT;Mato Grosso;510185;Bom Jesus do Araguaia;2023;2;12496820.64;12060549.04;96.51;OK
51;MT;Mato Grosso;510190;Brasnorte;2023;2;43843505.02;8396433.14;19.15;OK
51;MT;Mato Grosso;510260;Campinápolis;2023;2;21357143.55;6588800.62;30.85;OK
51;MT;Mato Grosso;510263;Campo Novo do Parecis;2023;2;90497043.37;28609771.64;31.61;OK
51;MT;Mato Grosso;510267;Campo Verde;2023;2;101272523.83;26044198.18;25.72;OK
51;MT;Mato Grosso;510268;Campos de Júlio;2023;2;22759558.76;5070340.78;22.28;OK
51;MT;Mato Grosso;510269;Canabrava do Norte;2023;2;9824997.28;4769089.75;48.54;OK
51;MT;Mato Grosso;510270;Canarana;2023;2;48579969.48;15206257.06;31.30;OK
51;MT;Mato Grosso;510279;Carlinda;2023;2;16222622.28;13468010.26;83.02;OK
51;MT;Mato Grosso;510285;Castanheira;2023;2;11666618.10;2951171.46;25.30;OK
51;MT;Mato Grosso;510300;Chapada dos Guimarães;2023;2;28635438.86;8085065.54;28.23;OK
51;MT;Mato Grosso;510305;Cláudia;2023;2;13545216.41;4266206.94;31.50;OK
51;MT;Mato Grosso;510310;Cocalinho;2023;2;13950432.15;3240799.86;23.23;OK
51;MT;Mato Grosso;510325;Colniza;2023;2;35246596.95;12145482.24;34.46;OK
51;MT;Mato Grosso;510320;Colíder;2023;2;36015371.57;19786906.32;54.94;OK
51;MT;Mato Grosso;510330;Comodoro;2023;2;29426976.16;11770046.03;40.00;OK
51;MT;Mato Grosso;510335;Confresa;2023;2;50300440.64;14693502.97;29.21;OK
51;MT;Mato Grosso;510336;Conquista D'Oeste;2023;2;9351161.01;2752382.87;29.43;OK
51;MT;Mato Grosso;510337;Cotriguaçu;2023;2;19698035.74;7414239.59;37.64;OK
51;MT;Mato Grosso;510340;Cuiabá;2023;2;1310473865.25;78417378.37;5.98;OK
51;MT;Mato Grosso;510343;Curvelândia;2023;2;8620319.92;6599958.91;76.56;OK
51;MT;Mato Grosso;510250;Cáceres;2023;2;76937269.16;27184915.83;35.33;OK
51;MT;Mato Grosso;510345;Denise;2023;2;11454574.18;5091141.41;44.45;OK
51;MT;Mato Grosso;510350;Diamantino;2023;2;60097267.19;22431272.67;37.32;OK
51;MT;Mato Grosso;510360;Dom Aquino;2023;2;15380376.02;6854843.04;44.57;OK
51;MT;Mato Grosso;510370;Feliz Natal;2023;2;17554239.02;11102840.01;63.25;OK
51;MT;Mato Grosso;510380;Figueirópolis D'Oeste;2023;2;6746736.74;2242007.07;33.23;OK
51;MT;Mato Grosso;510385;Gaúcha do Norte;2023;2;16102640.50;16102640.50;100.00;OK
51;MT;Mato Grosso;510390;General Carneiro;2023;2;10656881.53;10231986.03;96.01;OK
51;MT;Mato Grosso;510395;Glória D'Oeste;2023;2;6492892.85;4988329.07;76.83;OK
51;MT;Mato Grosso;510410;Guarantã do Norte;2023;2;68514499.32;22900209.39;33.42;OK
51;MT;Mato Grosso;510420;Guiratinga;2023;2;21236102.09;6822497.70;32.13;OK
51;MT;Mato Grosso;510450;Indiavaí;2023;2;6103892.89;2452333.04;40.18;OK
51;MT;Mato Grosso;510452;Ipiranga do Norte;2023;2;20942814.01;2742372.66;13.09;OK
51;MT;Mato Grosso;510454;Itanhangá;2023;2;11538241.16;5838188.95;50.60;OK
51;MT;Mato Grosso;510455;Itaúba;2023;2;14455241.57;10682431.38;73.90;OK
51;MT;Mato Grosso;510460;Itiquira;2023;2;34772289.73;8799768.05;25.31;OK
51;MT;Mato Grosso;510480;Jaciara;2023;2;43961719.70;14170095.75;32.23;OK
51;MT;Mato Grosso;510490;Jangada;2023;2;10214457.26;3980553.99;38.97;OK
51;MT;Mato Grosso;510500;Jauru;2023;2;10905166.26;4835779.74;44.34;OK
51;MT;Mato Grosso;510510;Juara;2023;2;63528755.01;20789546.62;32.72;OK
51;MT;Mato Grosso;510517;Juruena;2023;2;16400694.69;5447046.10;33.21;OK
51;MT;Mato Grosso;510520;Juscimeira;2023;2;18735275.95;6069275.82;32.39;OK
51;MT;Mato Grosso;510515;Juína;2023;2;84318071.63;10373292.86;12.30;OK
51;MT;Mato Grosso;510523;Lambari D'Oeste;2023;2;6765424.72;6181748.21;91.37;OK
51;MT;Mato Grosso;510525;Lucas do Rio Verde;2023;2;152514091.27;59882715.98;39.26;OK
51;MT;Mato Grosso;510530;Luciára;2023;2;6239855.42;4267273.86;68.39;OK
51;MT;Mato Grosso;510558;Marcelândia;2023;2;17618520.97;5137480.46;29.16;OK
51;MT;Mato Grosso;510560;Matupá;2023;2;30669900.06;8638597.99;28.17;OK
51;MT;Mato Grosso;510562;Mirassol d'Oeste;2023;2;35168476.75;13325063.60;37.89;OK
51;MT;Mato Grosso;510590;Nobres;2023;2;30769790.42;11414954.34;37.10;OK
51;MT;Mato Grosso;510600;Nortelândia;2023;2;12186263.24;6838243.60;56.11;OK
51;MT;Mato Grosso;510610;Nossa Senhora do Livramento;2023;2;14196392.31;6580691.98;46.35;OK
51;MT;Mato Grosso;510615;Nova Bandeirantes;2023;2;21157890.55;9152441.05;43.26;OK
51;MT;Mato Grosso;510620;Nova Brasilândia;2023;2;9323067.80;3536371.03;37.93;OK
51;MT;Mato Grosso;510621;Nova Canaã do Norte;2023;2;19505753.81;14522885.71;74.45;OK
51;MT;Mato Grosso;510880;Nova Guarita;2023;2;9843842.78;8577066.14;87.13;OK
51;MT;Mato Grosso;510618;Nova Lacerda;2023;2;12892405.07;5393976.31;41.84;OK
51;MT;Mato Grosso;510885;Nova Marilândia;2023;2;9373396.83;4124997.60;44.01;OK
51;MT;Mato Grosso;510890;Nova Maringá;2023;2;13181263.57;4312452.12;32.72;OK
51;MT;Mato Grosso;510895;Nova Monte Verde;2023;2;12412894.78;3818500.20;30.76;OK
51;MT;Mato Grosso;510622;Nova Mutum;2023;2;120261491.24;34712191.13;28.86;OK
51;MT;Mato Grosso;510617;Nova Nazaré;2023;2;9560135.05;9560135.05;100.00;OK
51;MT;Mato Grosso;510623;Nova Olímpia;2023;2;32425021.74;7353161.52;22.68;OK
51;MT;Mato Grosso;510619;Nova Santa Helena;2023;2;10960995.69;9858224.34;89.94;OK
51;MT;Mato Grosso;510624;Nova Ubiratã;2023;2;25247382.80;9287370.23;36.79;OK
51;MT;Mato Grosso;510625;Nova Xavantina;2023;2;42691632.95;15169178.71;35.53;OK
51;MT;Mato Grosso;510627;Novo Horizonte do Norte;2023;2;10530715.48;3023396.34;28.71;OK
51;MT;Mato Grosso;510626;Novo Mundo;2023;2;12811022.39;8523932.24;66.54;OK
51;MT;Mato Grosso;510631;Novo Santo Antônio;2023;2;9129641.17;9051772.27;99.15;OK
51;MT;Mato Grosso;510628;Novo São Joaquim;2023;2;13841890.30;3108693.59;22.46;OK
51;MT;Mato Grosso;510630;Paranatinga;2023;2;50329304.89;27133503.73;53.91;OK
51;MT;Mato Grosso;510629;Paranaíta;2023;2;32672390.62;7479274.38;22.89;OK
51;MT;Mato Grosso;510637;Pedra Preta;2023;2;33392598.22;7151779.53;21.42;OK
51;MT;Mato Grosso;510642;Peixoto de Azevedo;2023;2;78454018.63;14585419.88;18.59;OK
51;MT;Mato Grosso;510645;Planalto da Serra;2023;2;7825427.47;1922417.52;24.57;OK
51;MT;Mato Grosso;510650;Poconé;2023;2;47970806.64;18261377.10;38.07;OK
51;MT;Mato Grosso;510665;Pontal do Araguaia;2023;2;8918048.24;4454008.13;49.94;OK
51;MT;Mato Grosso;510670;Ponte Branca;2023;2;6651708.59;1371493.45;20.62;OK
51;MT;Mato Grosso;510675;Pontes e Lacerda;2023;2;68730253.30;22153429.97;32.23;OK
51;MT;Mato Grosso;510677;Porto Alegre do Norte;2023;2;19283811.26;9392898.35;48.71;OK
51;MT;Mato Grosso;510682;Porto Esperidião;2023;2;19295514.70;14714151.23;76.26;OK
51;MT;Mato Grosso;510685;Porto Estrela;2023;2;9968717.70;3642086.30;36.54;OK
51;MT;Mato Grosso;510680;Porto dos Gaúchos;2023;2;20962389.70;6557673.40;31.28;OK
51;MT;Mato Grosso;510700;Poxoréo;2023;2;25052484.25;7984559.83;31.87;OK
51;MT;Mato Grosso;510704;Primavera do Leste;2023;2;174267852.44;45885165.27;26.33;OK
51;MT;Mato Grosso;510706;Querência;2023;2;63446894.86;61466491.84;96.88;OK
51;MT;Mato Grosso;510715;Reserva do Cabaçal;2023;2;5855606.22;5054862.08;86.33;OK
51;MT;Mato Grosso;510718;Ribeirão Cascalheira;2023;2;16462291.46;15320518.32;93.06;OK
51;MT;Mato Grosso;510719;Ribeirãozinho;2023;2;7397113.01;2088711.56;28.24;OK
51;MT;Mato Grosso;510720;Rio Branco;2023;2;7795835.45;3587967.72;46.02;OK
51;MT;Mato Grosso;510757;Rondolândia;2023;2;8690122.92;2970309.10;34.18;OK
51;MT;Mato Grosso;510760;Rondonópolis;2023;2;452740994.91;79790656.68;17.62;OK
51;MT;Mato Grosso;510770;Rosário Oeste;2023;2;33062684.75;11024458.49;33.34;OK
51;MT;Mato Grosso;510775;Salto do Céu;2023;2;20329019.45;3984527.88;19.60;OK
51;MT;Mato Grosso;510724;Santa Carmem;2023;2;11935311.05;5739145.50;48.09;OK
51;MT;Mato Grosso;510774;Santa Cruz do Xingu;2023;2;8673373.19;4014507.70;46.29;OK
51;MT;Mato Grosso;510776;Santa Rita do Trivelato;2023;2;10894009.46;2456863.91;22.55;OK
51;MT;Mato Grosso;510777;Santa Terezinha;2023;2;12551701.49;4249835.67;33.86;OK
51;MT;Mato Grosso;510726;Santo Afonso;2023;2;9854350.86;6849123.20;69.50;OK
51;MT;Mato Grosso;510779;Santo Antônio do Leste;2023;2;12779863.03;2820801.04;22.07;OK
51;MT;Mato Grosso;510780;Santo Antônio do Leverger;2023;2;23043684.24;11283292.77;48.96;OK
51;MT;Mato Grosso;510787;Sapezal;2023;2;61344357.57;19912078.85;32.46;OK
51;MT;Mato Grosso;510788;Serra Nova Dourada;2023;2;6328179.35;2749869.35;43.45;OK
51;MT;Mato Grosso;510790;Sinop;2023;2;224347358.67;75409075.03;33.61;OK
51;MT;Mato Grosso;510792;Sorriso;2023;2;173445031.02;79102225.87;45.61;OK
51;MT;Mato Grosso;510785;São Félix do Araguaia;2023;2;28806751.46;18388456.00;63.83;OK
51;MT;Mato Grosso;510729;São José do Povo;2023;2;6579439.64;1760799.12;26.76;OK
51;MT;Mato Grosso;510730;São José do Rio Claro;2023;2;31632099.71;9100545.47;28.77;OK
51;MT;Mato Grosso;510735;São José do Xingu;2023;2;13232203.97;9941034.16;75.13;OK
51;MT;Mato Grosso;510710;São José dos Quatro Marcos;2023;2;18547208.97;6933189.47;37.38;OK
51;MT;Mato Grosso;510740;São Pedro da Cipa;2023;2;6906843.98;3293355.14;47.68;OK
51;MT;Mato Grosso;510794;Tabaporã;2023;2;20232406.20;6842875.26;33.82;OK
51;MT;Mato Grosso;510795;Tangará da Serra;2023;2;178466779.88;28429740.05;15.93;OK
51;MT;Mato Grosso;510800;Tapurah;2023;2;24595088.87;6747849.33;27.44;OK
51;MT;Mato Grosso;510805;Terra Nova do Norte;2023;2;20295296.62;7101280.35;34.99;OK
51;MT;Mato Grosso;510810;Tesouro;2023;2;7538977.84;3218955.82;42.70;OK
51;MT;Mato Grosso;510820;Torixoréu;2023;2;9777428.94;4817098.06;49.27;OK
51;MT;Mato Grosso;510830;União do Sul;2023;2;9424132.25;3834200.40;40.68;OK
51;MT;Mato Grosso;510835;Vale de São Domingos;2023;2;6996855.23;3998079.45;57.14;OK
51;MT;Mato Grosso;510850;Vera;2023;2;19318920.62;5554225.48;28.75;OK
51;MT;Mato Grosso;510550;Vila Bela da Santíssima Trindade;2023;2;28330856.79;19246185.98;67.93;OK
51;MT;Mato Grosso;510860;Vila Rica;2023;2;26578091.74;9247283.98;34.79;OK
51;MT;Mato Grosso;510840;Várzea Grande;2023;2;310330135.26;4266713.82;1.37;OK
51;MT;Mato Grosso;510020;Água Boa;2023;2;79735482.94;24500737.50;30.73;OK
50;MS;Mato Grosso do Sul;500025;Alcinópolis;2023;2;19239854.60;10912086.37;56.72;OK
50;MS;Mato Grosso do Sul;500060;Amambaí;2023;2;59351760.71;38016660.31;64.05;OK
50;MS;Mato Grosso do Sul;500070;Anastácio;2023;2;26798466.98;15903941.26;59.35;OK
50;MS;Mato Grosso do Sul;500080;Anaurilândia;2023;2;15756247.67;14959259.85;94.94;OK
50;MS;Mato Grosso do Sul;500085;Angélica;2023;2;19799260.72;16689146.02;84.29;OK
50;MS;Mato Grosso do Sul;500090;Antônio João;2023;2;19685109.01;4621821.69;23.48;OK
50;MS;Mato Grosso do Sul;500100;Aparecida do Taboado;2023;2;43573632.73;17906477.84;41.09;OK
50;MS;Mato Grosso do Sul;500110;Aquidauana;2023;2;97613572.08;15477484.62;15.86;OK
50;MS;Mato Grosso do Sul;500124;Aral Moreira;2023;2;20377140.16;14849703.90;72.87;OK
50;MS;Mato Grosso do Sul;500150;Bandeirantes;2023;2;12087435.79;3453732.72;28.57;OK
50;MS;Mato Grosso do Sul;500190;Bataguassu;2023;2;38724274.41;19445141.94;50.21;OK
50;MS;Mato Grosso do Sul;500200;Batayporã;2023;2;16326366.99;13150569.52;80.55;OK
50;MS;Mato Grosso do Sul;500210;Bela Vista;2023;2;34524188.59;21623967.30;62.63;OK
50;MS;Mato Grosso do Sul;500215;Bodoquena;2023;2;21015175.76;12358216.41;58.81;OK
50;MS;Mato Grosso do Sul;500220;Bonito;2023;2;52062942.68;8131314.79;15.62;OK
50;MS;Mato Grosso do Sul;500230;Brasilândia;2023;2;27184170.21;21619721.49;79.53;OK
50;MS;Mato Grosso do Sul;500240;Caarapó;2023;2;44491755.14;23470628.69;52.75;OK
50;MS;Mato Grosso do Sul;500260;Camapuã;2023;2;26076084.26;12603550.94;48.33;OK
50;MS;Mato Grosso do Sul;500270;Campo Grande;2023;2;1772222099.46;399488337.70;22.54;OK
50;MS;Mato Grosso do Sul;500280;Caracol;2023;2;11963899.93;4396851.83;36.75;OK
50;MS;Mato Grosso do Sul;500290;Cassilândia;2023;2;33870620.64;9615475.84;28.39;OK
50;MS;Mato Grosso do Sul;500295;Chapadão do Sul;2023;2;75580776.92;55388104.49;73.28;OK
50;MS;Mato Grosso do Sul;500310;Corguinho;2023;2;11998551.38;9553370.69;79.62;OK
50;MS;Mato Grosso do Sul;500315;Coronel Sapucaia;2023;2;21914542.13;6034596.48;27.54;OK
50;MS;Mato Grosso do Sul;500320;Corumbá;2023;2;194781109.77;27428051.14;14.08;OK
50;MS;Mato Grosso do Sul;500325;Costa Rica;2023;2;60863793.00;22409677.44;36.82;OK
50;MS;Mato Grosso do Sul;500330;Coxim;2023;2;71188087.41;30978865.49;43.52;OK
50;MS;Mato Grosso do Sul;500345;Deodápolis;2023;2;18463848.37;8630134.33;46.74;OK
50;MS;Mato Grosso do Sul;500348;Dois Irmãos do Buriti;2023;2;19392408.90;8364303.60;43.13;OK
50;MS;Mato Grosso do Sul;500350;Douradina;2023;2;8424293.04;7252210.00;86.09;OK
50;MS;Mato Grosso do Sul;500370;Dourados;2023;2;463552088.09;108690839.54;23.45;OK
50;MS;Mato Grosso do Sul;500375;Eldorado;2023;2;20022531.46;15163263.30;75.73;OK
50;MS;Mato Grosso do Sul;500390;Figueirão;2023;2;11717706.07;3045742.67;25.99;OK
50;MS;Mato Grosso do Sul;500380;Fátima do Sul;2023;2;24221025.08;18598138.39;76.79;OK
50;MS;Mato Grosso do Sul;500400;Glória de Dourados;2023;2;13909972.93;5981125.78;43.00;OK
50;MS;Mato Grosso do Sul;500410;Guia Lopes da Laguna;2023;2;12011946.68;4756055.58;39.59;OK
50;MS;Mato Grosso do Sul;500430;Iguatemi;2023;2;27979672.97;12744783.63;45.55;OK
50;MS;Mato Grosso do Sul;500440;Inocência;2023;2;34373303.39;19261601.97;56.04;OK
50;MS;Mato Grosso do Sul;500450;Itaporã;2023;2;36691658.30;18922778.27;51.57;OK
50;MS;Mato Grosso do Sul;500460;Itaquiraí;2023;2;28980026.08;26402310.41;91.11;OK
50;MS;Mato Grosso do Sul;500470;Ivinhema;2023;2;41378525.33;11342461.43;27.41;OK
50;MS;Mato Grosso do Sul;500480;Japorã;2023;2;10685301.79;10685301.79;100.00;OK
50;MS;Mato Grosso do Sul;500490;Jaraguari;2023;2;17215589.42;15259394.66;88.64;OK
50;MS;Mato Grosso do Sul;500500;Jardim;2023;2;37252545.83;14427620.45;38.73;OK
50;MS;Mato Grosso do Sul;500510;Jateí;2023;2;15053310.36;13442430.36;89.30;OK
50;MS;Mato Grosso do Sul;500515;Juti;2023;2;15396697.07;5302108.48;34.44;OK
50;MS;Mato Grosso do Sul;500520;Ladário;2023;2;17815974.41;7828099.85;43.94;OK
50;MS;Mato Grosso do Sul;500525;Laguna Carapã;2023;2;14932616.28;4886259.93;32.72;OK
50;MS;Mato Grosso do Sul;500540;Maracaju;2023;2;84257969.49;36536737.42;43.36;OK
50;MS;Mato Grosso do Sul;500560;Miranda;2023;2;36993949.37;11643001.46;31.47;OK
50;MS;Mato Grosso do Sul;500568;Mundo Novo;2023;2;18854462.84;15578338.44;82.62;OK
50;MS;Mato Grosso do Sul;500570;Naviraí;2023;2;97480844.34;21290188.98;21.84;OK
50;MS;Mato Grosso do Sul;500580;Nioaque;2023;2;24638208.18;8430168.27;34.22;OK
50;MS;Mato Grosso do Sul;500600;Nova Alvorada do Sul;2023;2;38516533.16;26059745.76;67.66;OK
50;MS;Mato Grosso do Sul;500620;Nova Andradina;2023;2;96034674.82;52879079.28;55.06;OK
50;MS;Mato Grosso do Sul;500625;Novo Horizonte do Sul;2023;2;9360231.94;6422871.25;68.62;OK
50;MS;Mato Grosso do Sul;500630;Paranaíba;2023;2;84679893.82;20808815.81;24.57;OK
50;MS;Mato Grosso do Sul;500635;Paranhos;2023;2;20477413.33;19159864.38;93.57;OK
50;MS;Mato Grosso do Sul;500627;Paraíso das Águas;2023;2;17749997.91;4813492.17;27.12;OK
50;MS;Mato Grosso do Sul;500640;Pedro Gomes;2023;2;11916370.25;6398405.07;53.69;OK
50;MS;Mato Grosso do Sul;500660;Ponta Porã;2023;2;93269824.34;69076366.10;74.06;OK
50;MS;Mato Grosso do Sul;500690;Porto Murtinho;2023;2;29803306.31;12101226.13;40.60;OK
50;MS;Mato Grosso do Sul;500710;Ribas do Rio Pardo;2023;2;56409826.25;27500867.26;48.75;OK
50;MS;Mato Grosso do Sul;500720;Rio Brilhante;2023;2;74722379.90;48289701.95;64.63;OK
50;MS;Mato Grosso do Sul;500730;Rio Negro;2023;2;11914282.51;10628135.68;89.20;OK
50;MS;Mato Grosso do Sul;500740;Rio Verde de Mato Grosso;2023;2;41456710.97;16479577.75;39.75;OK
50;MS;Mato Grosso do Sul;500750;Rochedo;2023;2;12894693.14;11690910.89;90.66;OK
50;MS;Mato Grosso do Sul;500755;Santa Rita do Pardo;2023;2;19228463.62;3790046.30;19.71;OK
50;MS;Mato Grosso do Sul;500780;Selvíria;2023;2;21048438.61;6257104.24;29.73;OK
50;MS;Mato Grosso do Sul;500770;Sete Quedas;2023;2;16633959.36;4472249.15;26.89;OK
50;MS;Mato Grosso do Sul;500790;Sidrolândia;2023;2;67977187.19;21155633.77;31.12;OK
50;MS;Mato Grosso do Sul;500793;Sonora;2023;2;36875186.05;27988004.56;75.90;OK
50;MS;Mato Grosso do Sul;500769;São Gabriel do Oeste;2023;2;114059553.14;28772962.90;25.23;OK
50;MS;Mato Grosso do Sul;500795;Tacuru;2023;2;16926524.05;4370913.12;25.82;OK
50;MS;Mato Grosso do Sul;500797;Taquarussu;2023;2;14724012.49;12790777.35;86.87;OK
50;MS;Mato Grosso do Sul;500800;Terenos;2023;2;33923778.55;14221862.99;41.92;OK
50;MS;Mato Grosso do Sul;500830;Três Lagoas;2023;2;361605301.41;127607261.05;35.29;OK
50;MS;Mato Grosso do Sul;500840;Vicentina;2023;2;17870657.83;5492105.59;30.73;OK
50;MS;Mato Grosso do Sul;500020;Água Clara;2023;2;43775213.85;20658605.74;47.19;OK
31;MG;Minas Gerais;310010;Abadia dos Dourados;2023;2;11610185.84;2646479.83;22.79;OK
31;MG;Minas Gerais;310020;Abaeté;2023;2;19446805.51;2098661.23;10.79;OK
31;MG;Minas Gerais;310030;Abre Campo;2023;2;19026496.41;12310755.38;64.70;OK
31;MG;Minas Gerais;310040;Acaiaca;2023;2;7685840.36;6037494.85;78.55;OK
31;MG;Minas Gerais;310080;Aguanil;2023;2;9892968.81;7427561.16;75.08;OK
31;MG;Minas Gerais;310110;Aimorés;2023;2;35970553.32;8945510.14;24.87;OK
31;MG;Minas Gerais;310120;Aiuruoca;2023;2;10559820.65;2234641.83;21.16;OK
31;MG;Minas Gerais;310130;Alagoa;2023;2;8120665.90;2415838.92;29.75;OK
31;MG;Minas Gerais;310140;Albertina;2023;2;7509495.72;6252632.78;83.26;OK
31;MG;Minas Gerais;310160;Alfenas;2023;2;241892377.86;16887027.90;6.98;OK
31;MG;Minas Gerais;310163;Alfredo Vasconcelos;2023;2;11834029.12;7889476.21;66.67;OK
31;MG;Minas Gerais;310170;Almenara;2023;2;64679755.23;12578859.61;19.45;OK
31;MG;Minas Gerais;310180;Alpercata;2023;2;8309982.13;4289153.52;51.61;OK
31;MG;Minas Gerais;310190;Alpinópolis;2023;2;32860600.23;7103078.78;21.62;OK
31;MG;Minas Gerais;310200;Alterosa;2023;2;17264506.22;7165609.41;41.50;OK
31;MG;Minas Gerais;310205;Alto Caparaó;2023;2;8494620.30;3955533.75;46.57;OK
31;MG;Minas Gerais;315350;Alto Jequitibá;2023;2;10651848.12;7996440.93;75.07;OK
31;MG;Minas Gerais;310210;Alto Rio Doce;2023;2;14621183.24;9113756.01;62.33;OK
31;MG;Minas Gerais;310220;Alvarenga;2023;2;4906779.09;384076.26;7.83;OK
31;MG;Minas Gerais;310230;Alvinópolis;2023;2;21497572.02;11074058.65;51.51;OK
31;MG;Minas Gerais;310240;Alvorada de Minas;2023;2;18367653.52;8331966.95;45.36;OK
31;MG;Minas Gerais;310150;Além Paraíba;2023;2;37210086.67;12563718.55;33.76;OK
31;MG;Minas Gerais;310250;Amparo do Serra;2023;2;6705769.58;3646076.48;54.37;OK
31;MG;Minas Gerais;310260;Andradas;2023;2;49581100.94;17294623.76;34.88;OK
31;MG;Minas Gerais;310280;Andrelândia;2023;2;17008666.64;7032609.26;41.35;OK
31;MG;Minas Gerais;310285;Angelândia;2023;2;10906232.67;5633582.03;51.65;OK
31;MG;Minas Gerais;310290;Antônio Carlos;2023;2;18239251.93;6663727.96;36.54;OK
31;MG;Minas Gerais;310300;Antônio Dias;2023;2;21627824.19;17813917.77;82.37;OK
31;MG;Minas Gerais;310310;Antônio Prado de Minas;2023;2;6579843.45;5434921.36;82.60;OK
31;MG;Minas Gerais;310330;Aracitaba;2023;2;6918903.98;4608476.38;66.61;OK
31;MG;Minas Gerais;310350;Araguari;2023;2;245120071.20;56471672.50;23.04;OK
31;MG;Minas Gerais;310360;Arantina;2023;2;7873826.85;3700076.12;46.99;OK
31;MG;Minas Gerais;310370;Araponga;2023;2;10417164.16;2012194.47;19.32;OK
31;MG;Minas Gerais;310375;Araporã;2023;2;25815714.50;5054072.84;19.58;OK
31;MG;Minas Gerais;310380;Arapuá;2023;2;7505530.33;5413697.88;72.13;OK
31;MG;Minas Gerais;310400;Araxá;2023;2;204334016.02;38104441.27;18.65;OK
31;MG;Minas Gerais;310320;Araçaí;2023;2;7389001.99;3730188.54;50.48;OK
31;MG;Minas Gerais;310340;Araçuaí;2023;2;58923973.32;16115865.60;27.35;OK
31;MG;Minas Gerais;310390;Araújos;2023;2;15017838.01;6378553.91;42.47;OK
31;MG;Minas Gerais;310410;Arceburgo;2023;2;16245875.33;7113538.81;43.79;OK
31;MG;Minas Gerais;310420;Arcos;2023;2;51804393.01;12952524.97;25.00;OK
31;MG;Minas Gerais;310430;Areado;2023;2;19047048.17;8112961.56;42.59;OK
31;MG;Minas Gerais;310440;Argirita;2023;2;6917896.39;6383529.99;92.28;OK
31;MG;Minas Gerais;310445;Aricanduva;2023;2;12218583.34;9134492.55;74.76;OK
31;MG;Minas Gerais;310450;Arinos;2023;2;29473781.96;5773375.59;19.59;OK
31;MG;Minas Gerais;310460;Astolfo Dutra;2023;2;16199502.52;6044449.88;37.31;OK
31;MG;Minas Gerais;310470;Ataléia;2023;2;17906052.10;8140304.06;45.46;OK
31;MG;Minas Gerais;310480;Augusto de Lima;2023;2;13285318.93;9229992.69;69.48;OK
31;MG;Minas Gerais;310050;Açucena;2023;2;12658940.90;11183988.74;88.35;OK
31;MG;Minas Gerais;310490;Baependi;2023;2;39083056.56;10663651.06;27.28;OK
31;MG;Minas Gerais;310500;Baldim;2023;2;7903296.64;3903217.13;49.39;OK
31;MG;Minas Gerais;310510;Bambuí;2023;2;29335204.99;9686555.72;33.02;OK
31;MG;Minas Gerais;310520;Bandeira;2023;2;7168518.40;4670346.59;65.15;OK
31;MG;Minas Gerais;310530;Bandeira do Sul;2023;2;11101024.72;5254466.36;47.33;OK
31;MG;Minas Gerais;310560;Barbacena;2023;2;207314902.90;28527980.82;13.76;OK
31;MG;Minas Gerais;310570;Barra Longa;2023;2;13513063.43;8004631.26;59.24;OK
31;MG;Minas Gerais;310590;Barroso;2023;2;28515810.50;8051963.81;28.24;OK
31;MG;Minas Gerais;310540;Barão de Cocais;2023;2;66742118.49;16719162.49;25.05;OK
31;MG;Minas Gerais;310550;Barão de Monte Alto;2023;2;6271231.34;5780938.22;92.18;OK
31;MG;Minas Gerais;310600;Bela Vista de Minas;2023;2;16329755.44;11246090.47;68.87;OK
31;MG;Minas Gerais;310610;Belmiro Braga;2023;2;10360724.25;8725203.97;84.21;OK
31;MG;Minas Gerais;310620;Belo Horizonte;2023;2;5780291135.87;1148268073.12;19.87;OK
31;MG;Minas Gerais;310630;Belo Oriente;2023;2;50484270.42;9920043.90;19.65;OK
31;MG;Minas Gerais;310640;Belo Vale;2023;2;40051882.30;33677073.56;84.08;OK
31;MG;Minas Gerais;310650;Berilo;2023;2;16683588.75;7658282.70;45.90;OK
31;MG;Minas Gerais;310665;Berizal;2023;2;8029434.41;6426514.24;80.04;OK
31;MG;Minas Gerais;310660;Bertópolis;2023;2;8503774.78;1385629.54;16.29;OK
31;MG;Minas Gerais;310670;Betim;2023;2;757263645.70;79100521.00;10.45;OK
31;MG;Minas Gerais;310680;Bias Fortes;2023;2;8512825.91;6712359.38;78.85;OK
31;MG;Minas Gerais;310690;Bicas;2023;2;15701701.14;5920260.14;37.70;OK
31;MG;Minas Gerais;310700;Biquinhas;2023;2;8276360.05;3624217.26;43.79;OK
31;MG;Minas Gerais;310710;Boa Esperança;2023;2;59950029.37;17877304.60;29.82;OK
31;MG;Minas Gerais;310720;Bocaina de Minas;2023;2;7648100.22;6361567.22;83.18;OK
31;MG;Minas Gerais;310730;Bocaiúva;2023;2;65269317.08;18196886.04;27.88;OK
31;MG;Minas Gerais;310740;Bom Despacho;2023;2;81340979.49;20891492.32;25.68;OK
31;MG;Minas Gerais;310750;Bom Jardim de Minas;2023;2;13891293.65;5680362.14;40.89;OK
31;MG;Minas Gerais;310760;Bom Jesus da Penha;2023;2;10061351.42;3486896.73;34.66;OK
31;MG;Minas Gerais;310770;Bom Jesus do Amparo;2023;2;7616879.10;2714897.47;35.64;OK
31;MG;Minas Gerais;310780;Bom Jesus do Galho;2023;2;16600834.73;9346011.43;56.30;OK
31;MG;Minas Gerais;310790;Bom Repouso;2023;2;13708525.04;13253679.04;96.68;OK
31;MG;Minas Gerais;310800;Bom Sucesso;2023;2;20355455.82;9311900.02;45.75;OK
31;MG;Minas Gerais;310810;Bonfim;2023;2;10187739.45;6278845.15;61.63;OK
31;MG;Minas Gerais;310820;Bonfinópolis de Minas;2023;2;12917186.30;8057639.05;62.38;OK
31;MG;Minas Gerais;310825;Bonito de Minas;2023;2;15429288.46;7689072.63;49.83;OK
31;MG;Minas Gerais;310830;Borda da Mata;2023;2;21681486.02;12704233.74;58.59;OK
31;MG;Minas Gerais;310840;Botelhos;2023;2;19189490.65;5795424.40;30.20;OK
31;MG;Minas Gerais;310850;Botumirim;2023;2;9755358.46;4955435.62;50.80;OK
31;MG;Minas Gerais;310855;Brasilândia de Minas;2023;2;23802914.86;15302693.38;64.29;OK
31;MG;Minas Gerais;310860;Brasília de Minas;2023;2;74413218.94;11874288.11;15.96;OK
31;MG;Minas Gerais;310890;Brasópolis;2023;2;17264838.71;10592799.27;61.35;OK
31;MG;Minas Gerais;310880;Braúnas;2023;2;7461691.90;6660603.05;89.26;OK
31;MG;Minas Gerais;310900;Brumadinho;2023;2;148595858.52;37510991.85;25.24;OK
31;MG;Minas Gerais;310870;Brás Pires;2023;2;9195078.61;5165508.02;56.18;OK
31;MG;Minas Gerais;310910;Bueno Brandão;2023;2;12376105.01;4025094.27;32.52;OK
31;MG;Minas Gerais;310920;Buenópolis;2023;2;14574221.32;7499754.81;51.46;OK
31;MG;Minas Gerais;310925;Bugre;2023;2;7652624.01;5268833.29;68.85;OK
31;MG;Minas Gerais;310930;Buritis;2023;2;41801864.58;9468880.43;22.65;OK
31;MG;Minas Gerais;310940;Buritizeiro;2023;2;34637763.79;15252928.81;44.04;OK
31;MG;Minas Gerais;310945;Cabeceira Grande;2023;2;13627047.92;10898322.50;79.98;OK
31;MG;Minas Gerais;310950;Cabo Verde;2023;2;15843851.20;9967267.78;62.91;OK
31;MG;Minas Gerais;310980;Cachoeira Dourada;2023;2;12078952.05;3051097.34;25.26;OK
31;MG;Minas Gerais;310960;Cachoeira da Prata;2023;2;7370175.53;5427237.01;73.64;OK
31;MG;Minas Gerais;310970;Cachoeira de Minas;2023;2;15946938.04;8797045.32;55.16;OK
31;MG;Minas Gerais;310270;Cachoeira de Pajeú;2023;2;10822308.44;5364220.50;49.57;OK
31;MG;Minas Gerais;310990;Caetanópolis;2023;2;13339690.14;4611813.90;34.57;OK
31;MG;Minas Gerais;311000;Caeté;2023;2;49661331.83;16581213.73;33.39;OK
31;MG;Minas Gerais;311010;Caiana;2023;2;7714454.27;7211786.44;93.48;OK
31;MG;Minas Gerais;311020;Cajuri;2023;2;7811624.06;5954452.33;76.23;OK
31;MG;Minas Gerais;311030;Caldas;2023;2;21870526.85;6936946.04;31.72;OK
31;MG;Minas Gerais;311040;Camacho;2023;2;6450781.53;5050389.14;78.29;OK
31;MG;Minas Gerais;311050;Camanducaia;2023;2;27938036.01;13057606.12;46.74;OK
31;MG;Minas Gerais;311070;Cambuquira;2023;2;15672043.64;6244757.09;39.85;OK
31;MG;Minas Gerais;311060;Cambuí;2023;2;38976142.74;18425650.00;47.27;OK
31;MG;Minas Gerais;311090;Campanha;2023;2;21864646.83;9202956.75;42.09;OK
31;MG;Minas Gerais;311080;Campanário;2023;2;7918688.39;6845106.52;86.44;OK
31;MG;Minas Gerais;311100;Campestre;2023;2;26575225.74;8510737.45;32.03;OK
31;MG;Minas Gerais;311110;Campina Verde;2023;2;31837492.59;12231099.22;38.42;OK
31;MG;Minas Gerais;311115;Campo Azul;2023;2;7636535.74;4642056.79;60.79;OK
31;MG;Minas Gerais;311120;Campo Belo;2023;2;105621275.61;25548663.82;24.19;OK
31;MG;Minas Gerais;311140;Campo Florido;2023;2;17057793.26;4898752.63;28.72;OK
31;MG;Minas Gerais;311130;Campo do Meio;2023;2;17141651.10;5995229.16;34.97;OK
31;MG;Minas Gerais;311150;Campos Altos;2023;2;25249683.28;9933386.26;39.34;OK
31;MG;Minas Gerais;311160;Campos Gerais;2023;2;36667110.11;11756875.94;32.06;OK
31;MG;Minas Gerais;311190;Cana Verde;2023;2;9899491.42;9383484.98;94.79;OK
31;MG;Minas Gerais;311170;Canaã;2023;2;11010839.05;8726629.18;79.25;OK
31;MG;Minas Gerais;311200;Candeias;2023;2;21293307.87;11352477.99;53.31;OK
31;MG;Minas Gerais;311205;Cantagalo;2023;2;8302600.90;5439936.98;65.52;OK
31;MG;Minas Gerais;311180;Canápolis;2023;2;19781889.00;6496552.78;32.84;OK
31;MG;Minas Gerais;311210;Caparaó;2023;2;9209374.09;6995747.60;75.96;OK
31;MG;Minas Gerais;311220;Capela Nova;2023;2;8863852.95;6911545.76;77.97;OK
31;MG;Minas Gerais;311230;Capelinha;2023;2;55303199.88;17234804.02;31.16;OK
31;MG;Minas Gerais;311240;Capetinga;2023;2;12791204.79;5321193.58;41.60;OK
31;MG;Minas Gerais;311250;Capim Branco;2023;2;11201089.03;9864989.67;88.07;OK
31;MG;Minas Gerais;311260;Capinópolis;2023;2;26509298.87;8529233.57;32.17;OK
31;MG;Minas Gerais;311265;Capitão Andrade;2023;2;7493696.49;5796351.57;77.35;OK
31;MG;Minas Gerais;311270;Capitão Enéas;2023;2;16836875.17;9470001.70;56.25;OK
31;MG;Minas Gerais;311280;Capitólio;2023;2;19034803.72;7825140.47;41.11;OK
31;MG;Minas Gerais;311290;Caputira;2023;2;14204545.18;11989997.10;84.41;OK
31;MG;Minas Gerais;311310;Caranaíba;2023;2;6360257.88;4655234.13;73.19;OK
31;MG;Minas Gerais;311320;Carandaí;2023;2;38928903.32;7861023.54;20.19;OK
31;MG;Minas Gerais;311330;Carangola;2023;2;39156994.55;19151380.17;48.91;OK
31;MG;Minas Gerais;311340;Caratinga;2023;2;148596529.00;48804999.73;32.84;OK
31;MG;Minas Gerais;311300;Caraí;2023;2;25411465.52;15457615.73;60.83;OK
31;MG;Minas Gerais;311350;Carbonita;2023;2;15209938.66;10086366.81;66.31;OK
31;MG;Minas Gerais;311360;Careaçu;2023;2;10624876.47;5265034.08;49.55;OK
31;MG;Minas Gerais;311370;Carlos Chagas;2023;2;26864059.81;11187211.91;41.64;OK
31;MG;Minas Gerais;311390;Carmo da Cachoeira;2023;2;18129023.05;12623645.14;69.63;OK
31;MG;Minas Gerais;311400;Carmo da Mata;2023;2;13922758.85;6580084.30;47.26;OK
31;MG;Minas Gerais;311410;Carmo de Minas;2023;2;21395488.86;10113578.15;47.27;OK
31;MG;Minas Gerais;311420;Carmo do Cajuru;2023;2;23670386.22;10774436.55;45.52;OK
31;MG;Minas Gerais;311430;Carmo do Paranaíba;2023;2;53655781.99;15406594.27;28.71;OK
31;MG;Minas Gerais;311440;Carmo do Rio Claro;2023;2;31191527.29;11394150.91;36.53;OK
31;MG;Minas Gerais;311380;Carmésia;2023;2;7023330.86;5015784.58;71.42;OK
31;MG;Minas Gerais;311450;Carmópolis de Minas;2023;2;30337330.65;13222049.75;43.58;OK
31;MG;Minas Gerais;311455;Carneirinho;2023;2;22703488.43;7400940.04;32.60;OK
31;MG;Minas Gerais;311460;Carrancas;2023;2;10070848.10;1238798.28;12.30;OK
31;MG;Minas Gerais;311480;Carvalhos;2023;2;7315693.52;5270470.61;72.04;OK
31;MG;Minas Gerais;311470;Carvalhópolis;2023;2;7891033.98;5362588.28;67.96;OK
31;MG;Minas Gerais;311490;Casa Grande;2023;2;5700469.22;3525863.71;61.85;OK
31;MG;Minas Gerais;311500;Cascalho Rico;2023;2;8960199.37;4458922.32;49.76;OK
31;MG;Minas Gerais;311530;Cataguases;2023;2;93738439.30;23243935.52;24.80;OK
31;MG;Minas Gerais;311535;Catas Altas;2023;2;16345685.45;6479333.37;39.64;OK
31;MG;Minas Gerais;311540;Catas Altas da Noruega;2023;2;7304968.35;4509513.93;61.73;OK
31;MG;Minas Gerais;311545;Catuji;2023;2;13399971.68;5809229.34;43.35;OK
31;MG;Minas Gerais;311547;Catuti;2023;2;10571134.29;5718869.22;54.10;OK
31;MG;Minas Gerais;311550;Caxambu;2023;2;26524191.99;6267033.67;23.63;OK
31;MG;Minas Gerais;311560;Cedro do Abaeté;2023;2;5192298.70;2462302.69;47.42;OK
31;MG;Minas Gerais;311570;Central de Minas;2023;2;9391220.92;5244913.95;55.85;OK
31;MG;Minas Gerais;311580;Centralina;2023;2;18865313.33;7765334.96;41.16;OK
31;MG;Minas Gerais;311600;Chalé;2023;2;9353639.82;9109483.14;97.39;OK
31;MG;Minas Gerais;311615;Chapada Gaúcha;2023;2;20687122.80;9059970.55;43.80;OK
31;MG;Minas Gerais;311610;Chapada do Norte;2023;2;24837851.62;17427429.39;70.16;OK
31;MG;Minas Gerais;311620;Chiador;2023;2;7650050.49;3011738.18;39.37;OK
31;MG;Minas Gerais;311590;Chácara;2023;2;9657895.12;8229072.08;85.21;OK
31;MG;Minas Gerais;311630;Cipotânea;2023;2;9747071.39;6038726.60;61.95;OK
31;MG;Minas Gerais;311640;Claraval;2023;2;7801963.07;3892577.75;49.89;OK
31;MG;Minas Gerais;311650;Claro dos Poções;2023;2;9709440.59;7214917.04;74.31;OK
31;MG;Minas Gerais;311660;Cláudio;2023;2;38631927.52;15557835.17;40.27;OK
31;MG;Minas Gerais;311670;Coimbra;2023;2;12191246.34;7274881.44;59.67;OK
31;MG;Minas Gerais;311680;Coluna;2023;2;13923233.80;4887749.73;35.10;OK
31;MG;Minas Gerais;311690;Comendador Gomes;2023;2;9011107.48;7653537.52;84.93;OK
31;MG;Minas Gerais;311700;Comercinho;2023;2;10901045.16;5518439.24;50.62;OK
31;MG;Minas Gerais;311710;Conceição da Aparecida;2023;2;15859675.03;3968606.02;25.02;OK
31;MG;Minas Gerais;311520;Conceição da Barra de Minas;2023;2;8424577.57;7462023.59;88.57;OK
31;MG;Minas Gerais;311730;Conceição das Alagoas;2023;2;51843786.07;12685281.49;24.47;OK
31;MG;Minas Gerais;311720;Conceição das Pedras;2023;2;7884220.40;3724380.33;47.24;OK
31;MG;Minas Gerais;311740;Conceição de Ipanema;2023;2;8541076.77;6874616.74;80.49;OK
31;MG;Minas Gerais;311750;Conceição do Mato Dentro;2023;2;87102443.12;19030368.84;21.85;OK
31;MG;Minas Gerais;311760;Conceição do Pará;2023;2;12851428.30;2625154.23;20.43;OK
31;MG;Minas Gerais;311770;Conceição do Rio Verde;2023;2;20741767.18;9262195.11;44.65;OK
31;MG;Minas Gerais;311780;Conceição dos Ouros;2023;2;14450720.72;4681571.29;32.40;OK
31;MG;Minas Gerais;311787;Confins;2023;2;18666439.40;16480791.88;88.29;OK
31;MG;Minas Gerais;311790;Congonhal;2023;2;15748871.10;8063721.40;51.20;OK
31;MG;Minas Gerais;311800;Congonhas;2023;2;430456510.61;84100680.01;19.54;OK
31;MG;Minas Gerais;311810;Congonhas do Norte;2023;2;10683373.90;6471922.70;60.58;OK
31;MG;Minas Gerais;311820;Conquista;2023;2;17385316.26;13327459.52;76.66;OK
31;MG;Minas Gerais;311830;Conselheiro Lafaiete;2023;2;166261399.64;38538425.50;23.18;OK
31;MG;Minas Gerais;311840;Conselheiro Pena;2023;2;29786287.80;14457295.39;48.54;OK
31;MG;Minas Gerais;311850;Consolação;2023;2;4391979.66;3175348.69;72.30;OK
31;MG;Minas Gerais;311860;Contagem;2023;2;936205901.64;233389938.01;24.93;OK
31;MG;Minas Gerais;311870;Coqueiral;2023;2;11578259.92;4115229.21;35.54;OK
31;MG;Minas Gerais;311880;Coração de Jesus;2023;2;31836566.54;10510126.86;33.01;OK
31;MG;Minas Gerais;311890;Cordisburgo;2023;2;8579201.19;2991740.85;34.87;OK
31;MG;Minas Gerais;311900;Cordislândia;2023;2;5379801.44;3672422.49;68.26;OK
31;MG;Minas Gerais;311910;Corinto;2023;2;29899549.56;9114817.87;30.48;OK
31;MG;Minas Gerais;311920;Coroaci;2023;2;12783115.26;5763991.83;45.09;OK
31;MG;Minas Gerais;311930;Coromandel;2023;2;55798706.99;12780127.94;22.90;OK
31;MG;Minas Gerais;311940;Coronel Fabriciano;2023;2;127776966.70;28738801.00;22.49;OK
31;MG;Minas Gerais;311950;Coronel Murta;2023;2;8568846.65;6133202.97;71.58;OK
31;MG;Minas Gerais;311960;Coronel Pacheco;2023;2;8358235.67;5823455.43;69.67;OK
31;MG;Minas Gerais;311970;Coronel Xavier Chaves;2023;2;5794717.86;3333097.26;57.52;OK
31;MG;Minas Gerais;312010;Couto de Magalhães de Minas;2023;2;8066304.97;5207339.18;64.56;OK
31;MG;Minas Gerais;312020;Cristais;2023;2;17490155.62;5074704.70;29.01;OK
31;MG;Minas Gerais;312040;Cristiano Otoni;2023;2;8529479.71;7136867.96;83.67;OK
31;MG;Minas Gerais;312050;Cristina;2023;2;12560821.55;8209696.39;65.36;OK
31;MG;Minas Gerais;312030;Cristália;2023;2;7794812.61;3512249.70;45.06;OK
31;MG;Minas Gerais;312015;Crisólita;2023;2;10829230.69;4594412.12;42.43;OK
31;MG;Minas Gerais;312060;Crucilândia;2023;2;10207540.50;1635111.77;16.02;OK
31;MG;Minas Gerais;312070;Cruzeiro da Fortaleza;2023;2;10509935.53;5399568.78;51.38;OK
31;MG;Minas Gerais;312080;Cruzília;2023;2;24335480.59;11959199.93;49.14;OK
31;MG;Minas Gerais;312083;Cuparaque;2023;2;5988756.54;2656144.01;44.35;OK
31;MG;Minas Gerais;312087;Curral de Dentro;2023;2;12264542.78;7250312.99;59.12;OK
31;MG;Minas Gerais;312090;Curvelo;2023;2;136905027.33;30719358.29;22.44;OK
31;MG;Minas Gerais;311510;Cássia;2023;2;28862740.12;9367288.49;32.45;OK
31;MG;Minas Gerais;311980;Córrego Danta;2023;2;7536922.99;4084346.35;54.19;OK
31;MG;Minas Gerais;311995;Córrego Fundo;2023;2;10344137.30;5447473.94;52.66;OK
31;MG;Minas Gerais;312000;Córrego Novo;2023;2;8363927.47;5338744.80;63.83;OK
31;MG;Minas Gerais;311990;Córrego do Bom Jesus;2023;2;7840509.86;7410210.83;94.51;OK
31;MG;Minas Gerais;311783;Cônego Marinho;2023;2;11152400.44;7720686.48;69.23;OK
31;MG;Minas Gerais;312100;Datas;2023;2;12167730.60;7846968.24;64.49;OK
31;MG;Minas Gerais;312110;Delfim Moreira;2023;2;9427185.74;5825081.44;61.79;OK
31;MG;Minas Gerais;312120;Delfinópolis;2023;2;17320836.68;5946556.80;34.33;OK
31;MG;Minas Gerais;312125;Delta;2023;2;16334071.40;9786588.76;59.92;OK
31;MG;Minas Gerais;312130;Descoberto;2023;2;6891909.03;3961713.10;57.48;OK
31;MG;Minas Gerais;312140;Desterro de Entre Rios;2023;2;14293907.31;10866074.50;76.02;OK
31;MG;Minas Gerais;312150;Desterro do Melo;2023;2;6446870.88;5309266.99;82.35;OK
31;MG;Minas Gerais;312160;Diamantina;2023;2;142409879.57;17419334.26;12.23;OK
31;MG;Minas Gerais;312170;Diogo de Vasconcelos;2023;2;7291125.95;6376633.94;87.46;OK
31;MG;Minas Gerais;312180;Dionísio;2023;2;10572973.09;6670865.14;63.09;OK
31;MG;Minas Gerais;312200;Divino;2023;2;25204003.94;12471989.73;49.48;OK
31;MG;Minas Gerais;312210;Divino das Laranjeiras;2023;2;7609724.83;2450576.90;32.20;OK
31;MG;Minas Gerais;312220;Divinolândia de Minas;2023;2;12196790.78;9727935.78;79.76;OK
31;MG;Minas Gerais;312190;Divinésia;2023;2;7806220.63;6421013.32;82.26;OK
31;MG;Minas Gerais;312230;Divinópolis;2023;2;414843878.69;93495977.08;22.54;OK
31;MG;Minas Gerais;312235;Divisa Alegre;2023;2;8715528.08;4183452.55;48.00;OK
31;MG;Minas Gerais;312240;Divisa Nova;2023;2;9855112.46;2325688.98;23.60;OK
31;MG;Minas Gerais;312245;Divisópolis;2023;2;12395201.85;7659520.70;61.79;OK
31;MG;Minas Gerais;312247;Dom Bosco;2023;2;8241623.41;6038641.97;73.27;OK
31;MG;Minas Gerais;312250;Dom Cavati;2023;2;8176261.82;6069331.94;74.23;OK
31;MG;Minas Gerais;312260;Dom Joaquim;2023;2;9648837.61;5528698.93;57.30;OK
31;MG;Minas Gerais;312270;Dom Silvério;2023;2;9182764.91;2397919.95;26.11;OK
31;MG;Minas Gerais;312280;Dom Viçoso;2023;2;6792984.34;4659218.97;68.59;OK
31;MG;Minas Gerais;312290;Dona Eusébia;2023;2;9379240.46;8523441.68;90.88;OK
31;MG;Minas Gerais;312300;Dores de Campos;2023;2;11016487.34;2803449.20;25.45;OK
31;MG;Minas Gerais;312310;Dores de Guanhães;2023;2;10488637.49;4736741.78;45.16;OK
31;MG;Minas Gerais;312320;Dores do Indaiá;2023;2;16916889.59;7327629.51;43.32;OK
31;MG;Minas Gerais;312330;Dores do Turvo;2023;2;7615800.37;1561609.76;20.50;OK
31;MG;Minas Gerais;312340;Doresópolis;2023;2;6325417.46;3087699.69;48.81;OK
31;MG;Minas Gerais;312350;Douradoquara;2023;2;7135124.44;1625038.86;22.78;OK
31;MG;Minas Gerais;312352;Durandé;2023;2;11769635.43;6244351.08;53.05;OK
31;MG;Minas Gerais;312360;Elói Mendes;2023;2;36105841.23;18285210.99;50.64;OK
31;MG;Minas Gerais;312370;Engenheiro Caldas;2023;2;15065711.17;11556635.45;76.71;OK
31;MG;Minas Gerais;312380;Engenheiro Navarro;2023;2;11139860.40;6228903.10;55.92;OK
31;MG;Minas Gerais;312385;Entre Folhas;2023;2;8615514.81;2157380.70;25.04;OK
31;MG;Minas Gerais;312390;Entre Rios de Minas;2023;2;19621538.54;8478003.14;43.21;OK
31;MG;Minas Gerais;312400;Ervália;2023;2;26699328.02;12364212.13;46.31;OK
31;MG;Minas Gerais;312410;Esmeraldas;2023;2;69930963.03;19518422.53;27.91;OK
31;MG;Minas Gerais;312420;Espera Feliz;2023;2;30499783.02;17115620.55;56.12;OK
31;MG;Minas Gerais;312430;Espinosa;2023;2;33420680.75;11654300.14;34.87;OK
31;MG;Minas Gerais;312440;Espírito Santo do Dourado;2023;2;8364134.97;7401889.91;88.50;OK
31;MG;Minas Gerais;312450;Estiva;2023;2;14801449.71;8561761.26;57.84;OK
31;MG;Minas Gerais;312460;Estrela Dalva;2023;2;7370231.87;5652684.87;76.70;OK
31;MG;Minas Gerais;312470;Estrela do Indaiá;2023;2;8074573.48;2269039.91;28.10;OK
31;MG;Minas Gerais;312480;Estrela do Sul;2023;2;14255322.53;7900163.15;55.42;OK
31;MG;Minas Gerais;312490;Eugenópolis;2023;2;15119136.61;4795175.96;31.72;OK
31;MG;Minas Gerais;312500;Ewbank da Câmara;2023;2;9902686.90;5010030.52;50.59;OK
31;MG;Minas Gerais;312510;Extrema;2023;2;158493886.90;40822624.98;25.76;OK
31;MG;Minas Gerais;312520;Fama;2023;2;6008098.83;2475296.73;41.20;OK
31;MG;Minas Gerais;312530;Faria Lemos;2023;2;7637902.07;6799057.01;89.02;OK
31;MG;Minas Gerais;312560;Felisburgo;2023;2;12306362.48;5198314.17;42.24;OK
31;MG;Minas Gerais;312570;Felixlândia;2023;2;18522449.73;9915956.78;53.53;OK
31;MG;Minas Gerais;312540;Felício dos Santos;2023;2;8996758.76;5097265.84;56.66;OK
31;MG;Minas Gerais;312580;Fernandes Tourinho;2023;2;6576753.94;4836614.42;73.54;OK
31;MG;Minas Gerais;312590;Ferros;2023;2;12808785.79;6398661.83;49.96;OK
31;MG;Minas Gerais;312595;Fervedouro;2023;2;15343483.77;6423535.66;41.86;OK
31;MG;Minas Gerais;312600;Florestal;2023;2;11904958.32;1977541.42;16.61;OK
31;MG;Minas Gerais;312610;Formiga;2023;2;130296720.43;27276151.55;20.93;OK
31;MG;Minas Gerais;312620;Formoso;2023;2;15030358.97;9795818.62;65.17;OK
31;MG;Minas Gerais;312630;Fortaleza de Minas;2023;2;10408890.63;3072577.18;29.52;OK
31;MG;Minas Gerais;312640;Fortuna de Minas;2023;2;7508430.36;5188264.39;69.10;OK
31;MG;Minas Gerais;312650;Francisco Badaró;2023;2;14499957.14;8880970.19;61.25;OK
31;MG;Minas Gerais;312660;Francisco Dumont;2023;2;10530246.16;6560504.91;62.30;OK
31;MG;Minas Gerais;312670;Francisco Sá;2023;2;39478025.95;11229747.27;28.45;OK
31;MG;Minas Gerais;312675;Franciscópolis;2023;2;8799176.28;1608325.94;18.28;OK
31;MG;Minas Gerais;312680;Frei Gaspar;2023;2;16856740.95;13286573.09;78.82;OK
31;MG;Minas Gerais;312690;Frei Inocêncio;2023;2;14206836.75;8274538.27;58.24;OK
31;MG;Minas Gerais;312695;Frei Lagonegro;2023;2;8564387.94;5648232.51;65.95;OK
31;MG;Minas Gerais;312700;Fronteira;2023;2;29264181.78;11750101.23;40.15;OK
31;MG;Minas Gerais;312705;Fronteira dos Vales;2023;2;8248070.27;3001260.15;36.39;OK
31;MG;Minas Gerais;312707;Fruta de Leite;2023;2;9516686.93;5078109.83;53.36;OK
31;MG;Minas Gerais;312710;Frutal;2023;2;111942300.33;25114834.38;22.44;OK
31;MG;Minas Gerais;312720;Funilândia;2023;2;7736792.83;3413789.18;44.12;OK
31;MG;Minas Gerais;312730;Galiléia;2023;2;9371363.62;6435578.79;68.67;OK
31;MG;Minas Gerais;312733;Gameleiras;2023;2;9972911.57;5317496.51;53.32;OK
31;MG;Minas Gerais;312735;Glaucilândia;2023;2;6416088.26;4659418.16;72.62;OK
31;MG;Minas Gerais;312737;Goiabeira;2023;2;5636004.79;2963240.21;52.58;OK
31;MG;Minas Gerais;312738;Goianá;2023;2;9076158.81;7032141.24;77.48;OK
31;MG;Minas Gerais;312750;Gonzaga;2023;2;11607982.24;10762255.50;92.71;OK
31;MG;Minas Gerais;312740;Gonçalves;2023;2;9393606.16;6048672.91;64.39;OK
31;MG;Minas Gerais;312760;Gouveia;2023;2;16432619.84;10926947.77;66.50;OK
31;MG;Minas Gerais;312770;Governador Valadares;2023;2;511067681.30;54522042.97;10.67;OK
31;MG;Minas Gerais;312790;Grupiara;2023;2;6228785.83;4099753.35;65.82;OK
31;MG;Minas Gerais;312780;Grão Mogol;2023;2;25979830.64;15004380.39;57.75;OK
31;MG;Minas Gerais;312800;Guanhães;2023;2;63425702.72;21809177.19;34.39;OK
31;MG;Minas Gerais;312810;Guapé;2023;2;20830738.40;10656668.09;51.16;OK
31;MG;Minas Gerais;312820;Guaraciaba;2023;2;11064027.07;5030700.06;45.47;OK
31;MG;Minas Gerais;312825;Guaraciama;2023;2;7710086.57;4997144.87;64.81;OK
31;MG;Minas Gerais;312840;Guarani;2023;2;11693412.32;5419531.98;46.35;OK
31;MG;Minas Gerais;312830;Guaranésia;2023;2;29623716.94;7908321.31;26.70;OK
31;MG;Minas Gerais;312850;Guarará;2023;2;7529185.30;5844707.94;77.63;OK
31;MG;Minas Gerais;312860;Guarda-Mor;2023;2;17700009.13;6686798.47;37.78;OK
31;MG;Minas Gerais;312870;Guaxupé;2023;2;83288022.51;16997594.16;20.41;OK
31;MG;Minas Gerais;312880;Guidoval;2023;2;9941019.25;4907739.58;49.37;OK
31;MG;Minas Gerais;312890;Guimarânia;2023;2;12670523.08;6795572.28;53.63;OK
31;MG;Minas Gerais;312900;Guiricema;2023;2;12230814.16;11454540.17;93.65;OK
31;MG;Minas Gerais;312910;Gurinhatã;2023;2;10992493.37;2746769.32;24.99;OK
31;MG;Minas Gerais;312920;Heliodora;2023;2;9222253.79;5648460.74;61.25;OK
31;MG;Minas Gerais;312930;Iapu;2023;2;13806318.03;8535211.50;61.82;OK
31;MG;Minas Gerais;312940;Ibertioga;2023;2;14399592.12;5712317.84;39.67;OK
31;MG;Minas Gerais;312960;Ibiaí;2023;2;10702019.14;7807804.83;72.96;OK
31;MG;Minas Gerais;312965;Ibiracatu;2023;2;8339222.71;5113940.04;61.32;OK
31;MG;Minas Gerais;312970;Ibiraci;2023;2;27729007.58;6921093.29;24.96;OK
31;MG;Minas Gerais;312980;Ibirité;2023;2;182600370.92;45814682.25;25.09;OK
31;MG;Minas Gerais;312990;Ibitiúra de Minas;2023;2;7733513.99;7619690.07;98.53;OK
31;MG;Minas Gerais;313000;Ibituruna;2023;2;5833229.96;1270316.08;21.78;OK
31;MG;Minas Gerais;312950;Ibiá;2023;2;34123844.60;9647300.11;28.27;OK
31;MG;Minas Gerais;313005;Icaraí de Minas;2023;2;14708020.64;13829758.22;94.03;OK
31;MG;Minas Gerais;313010;Igarapé;2023;2;57666263.77;15951120.68;27.66;OK
31;MG;Minas Gerais;313020;Igaratinga;2023;2;22920067.32;11271239.71;49.18;OK
31;MG;Minas Gerais;313030;Iguatama;2023;2;13517829.17;5023930.56;37.17;OK
31;MG;Minas Gerais;313040;Ijaci;2023;2;15191925.74;12115589.68;79.75;OK
31;MG;Minas Gerais;313050;Ilicínea;2023;2;19785845.86;10515607.34;53.15;OK
31;MG;Minas Gerais;313055;Imbé de Minas;2023;2;10150151.37;8195462.64;80.74;OK
31;MG;Minas Gerais;313060;Inconfidentes;2023;2;11231829.91;7046550.12;62.74;OK
31;MG;Minas Gerais;313065;Indaiabira;2023;2;11351635.25;6439295.88;56.73;OK
31;MG;Minas Gerais;313070;Indianópolis;2023;2;21126947.19;5700167.13;26.98;OK
31;MG;Minas Gerais;313080;Ingaí;2023;2;6125603.56;5127992.87;83.71;OK
31;MG;Minas Gerais;313090;Inhapim;2023;2;26263615.94;14178305.20;53.98;OK
31;MG;Minas Gerais;313100;Inhaúma;2023;2;9039739.08;3334376.81;36.89;OK
31;MG;Minas Gerais;313110;Inimutaba;2023;2;7950589.02;3536984.69;44.49;OK
31;MG;Minas Gerais;313115;Ipaba;2023;2;18263015.14;10544165.53;57.74;OK
31;MG;Minas Gerais;313120;Ipanema;2023;2;31883709.12;10773722.86;33.79;OK
31;MG;Minas Gerais;313130;Ipatinga;2023;2;562016098.55;87298348.98;15.53;OK
31;MG;Minas Gerais;313140;Ipiaçu;2023;2;10642722.24;4326484.29;40.65;OK
31;MG;Minas Gerais;313150;Ipuiúna;2023;2;13777265.32;6011918.15;43.64;OK
31;MG;Minas Gerais;313160;Iraí de Minas;2023;2;10838515.99;9035470.10;83.36;OK
31;MG;Minas Gerais;313170;Itabira;2023;2;293324296.69;74013646.87;25.23;OK
31;MG;Minas Gerais;313180;Itabirinha;2023;2;18995154.84;13123545.36;69.09;OK
31;MG;Minas Gerais;313190;Itabirito;2023;2;154666129.22;36854368.28;23.83;OK
31;MG;Minas Gerais;313200;Itacambira;2023;2;9079314.64;6848341.97;75.43;OK
31;MG;Minas Gerais;313210;Itacarambi;2023;2;26670625.87;10062127.51;37.73;OK
31;MG;Minas Gerais;313220;Itaguara;2023;2;16644552.92;7536213.01;45.28;OK
31;MG;Minas Gerais;313230;Itaipé;2023;2;16570071.70;12055998.04;72.76;OK
31;MG;Minas Gerais;313240;Itajubá;2023;2;168274051.46;63271846.77;37.60;OK
31;MG;Minas Gerais;313250;Itamarandiba;2023;2;45059308.40;16017580.40;35.55;OK
31;MG;Minas Gerais;313260;Itamarati de Minas;2023;2;6722102.67;4230790.38;62.94;OK
31;MG;Minas Gerais;313270;Itambacuri;2023;2;38165153.65;19951108.59;52.28;OK
31;MG;Minas Gerais;313280;Itambé do Mato Dentro;2023;2;10033328.73;7602931.02;75.78;OK
31;MG;Minas Gerais;313290;Itamogi;2023;2;16946216.57;6149004.15;36.29;OK
31;MG;Minas Gerais;313300;Itamonte;2023;2;20856507.34;5746291.41;27.55;OK
31;MG;Minas Gerais;313310;Itanhandu;2023;2;49209855.94;11114808.25;22.59;OK
31;MG;Minas Gerais;313320;Itanhomi;2023;2;9540541.60;6252973.47;65.54;OK
31;MG;Minas Gerais;313330;Itaobim;2023;2;44894774.35;14113220.19;31.44;OK
31;MG;Minas Gerais;313340;Itapagipe;2023;2;21610220.76;8853186.92;40.97;OK
31;MG;Minas Gerais;313350;Itapecerica;2023;2;24355525.91;8106329.02;33.28;OK
31;MG;Minas Gerais;313360;Itapeva;2023;2;17114820.22;7373931.77;43.09;OK
31;MG;Minas Gerais;313370;Itatiaiuçu;2023;2;65095418.07;13736156.89;21.10;OK
31;MG;Minas Gerais;313390;Itaverava;2023;2;9185997.88;7537286.40;82.05;OK
31;MG;Minas Gerais;313375;Itaú de Minas;2023;2;26341498.71;7473598.28;28.37;OK
31;MG;Minas Gerais;313380;Itaúna;2023;2;141995974.81;35381681.44;24.92;OK
31;MG;Minas Gerais;313400;Itinga;2023;2;17467077.72;9216218.80;52.76;OK
31;MG;Minas Gerais;313410;Itueta;2023;2;5000869.53;3863409.04;77.25;OK
31;MG;Minas Gerais;313420;Ituiutaba;2023;2;128391203.21;26537615.27;20.67;OK
31;MG;Minas Gerais;313430;Itumirim;2023;2;11739016.83;10809636.47;92.08;OK
31;MG;Minas Gerais;313440;Iturama;2023;2;63348437.36;16534237.20;26.10;OK
31;MG;Minas Gerais;313450;Itutinga;2023;2;10034655.23;5680252.42;56.61;OK
31;MG;Minas Gerais;313460;Jaboticatubas;2023;2;24299305.61;9212137.55;37.91;OK
31;MG;Minas Gerais;313470;Jacinto;2023;2;26662904.02;11844091.98;44.42;OK
31;MG;Minas Gerais;313490;Jacutinga;2023;2;37122394.26;7185163.59;19.36;OK
31;MG;Minas Gerais;313480;Jacuí;2023;2;11884565.73;3623352.11;30.49;OK
31;MG;Minas Gerais;313500;Jaguaraçu;2023;2;7120338.07;5120412.23;71.91;OK
31;MG;Minas Gerais;313507;Jampruca;2023;2;6258464.20;3520855.36;56.26;OK
31;MG;Minas Gerais;313510;Janaúba;2023;2;163997470.82;33227868.95;20.26;OK
31;MG;Minas Gerais;313520;Januária;2023;2;78376861.46;27049146.88;34.51;OK
31;MG;Minas Gerais;313530;Japaraíba;2023;2;7622749.19;4126655.59;54.14;OK
31;MG;Minas Gerais;313535;Japonvar;2023;2;11558620.23;8014132.45;69.33;OK
31;MG;Minas Gerais;313505;Jaíba;2023;2;48196056.29;20451386.15;42.43;OK
31;MG;Minas Gerais;313540;Jeceaba;2023;2;21888846.52;5683851.69;25.97;OK
31;MG;Minas Gerais;313545;Jenipapo de Minas;2023;2;10502728.82;6119777.30;58.27;OK
31;MG;Minas Gerais;313550;Jequeri;2023;2;15450315.84;12988225.10;84.06;OK
31;MG;Minas Gerais;313560;Jequitaí;2023;2;11457783.03;7979551.42;69.64;OK
31;MG;Minas Gerais;313570;Jequitibá;2023;2;7432638.40;4719021.64;63.49;OK
31;MG;Minas Gerais;313580;Jequitinhonha;2023;2;41944213.20;10498820.67;25.03;OK
31;MG;Minas Gerais;313590;Jesuânia;2023;2;8631744.57;7331839.88;84.94;OK
31;MG;Minas Gerais;313610;Joanésia;2023;2;9254411.00;6876972.06;74.31;OK
31;MG;Minas Gerais;313640;Joaquim Felício;2023;2;10269020.70;6647544.93;64.73;OK
31;MG;Minas Gerais;313600;Joaíma;2023;2;20541040.52;9012208.52;43.87;OK
31;MG;Minas Gerais;313650;Jordânia;2023;2;13099161.60;6641535.62;50.70;OK
31;MG;Minas Gerais;313657;Josenópolis;2023;2;9608100.29;5749425.61;59.84;OK
31;MG;Minas Gerais;313652;José Gonçalves de Minas;2023;2;9005953.08;6326287.18;70.25;OK
31;MG;Minas Gerais;313655;José Raydan;2023;2;7733477.43;3673725.03;47.50;OK
31;MG;Minas Gerais;313620;João Monlevade;2023;2;134626200.83;40030567.35;29.73;OK
31;MG;Minas Gerais;313630;João Pinheiro;2023;2;96031204.07;42381241.63;44.13;OK
31;MG;Minas Gerais;313665;Juatuba;2023;2;36132002.56;13464313.84;37.26;OK
31;MG;Minas Gerais;313670;Juiz de Fora;2023;2;871320933.55;123874057.58;14.22;OK
31;MG;Minas Gerais;313680;Juramento;2023;2;8246027.06;6676703.12;80.97;OK
31;MG;Minas Gerais;313690;Juruaia;2023;2;18324136.80;6015355.87;32.83;OK
31;MG;Minas Gerais;313695;Juvenília;2023;2;9951800.55;8018995.34;80.58;OK
31;MG;Minas Gerais;313700;Ladainha;2023;2;16927542.89;6665997.57;39.38;OK
31;MG;Minas Gerais;313710;Lagamar;2023;2;14750339.21;4680077.24;31.73;OK
31;MG;Minas Gerais;313740;Lagoa Dourada;2023;2;14144099.01;5090971.98;35.99;OK
31;MG;Minas Gerais;313750;Lagoa Formosa;2023;2;34222563.80;12381567.64;36.18;OK
31;MG;Minas Gerais;313753;Lagoa Grande;2023;2;15553131.59;4993513.22;32.11;OK
31;MG;Minas Gerais;313760;Lagoa Santa;2023;2;108170520.53;29691775.66;27.45;OK
31;MG;Minas Gerais;313720;Lagoa da Prata;2023;2;66254388.09;19427734.22;29.32;OK
31;MG;Minas Gerais;313730;Lagoa dos Patos;2023;2;6397532.48;4347508.73;67.96;OK
31;MG;Minas Gerais;313770;Lajinha;2023;2;23332023.45;11128618.93;47.70;OK
31;MG;Minas Gerais;313780;Lambari;2023;2;20994462.01;5414290.68;25.79;OK
31;MG;Minas Gerais;313790;Lamim;2023;2;8972530.99;3208888.73;35.76;OK
31;MG;Minas Gerais;313800;Laranjal;2023;2;10152752.07;7350262.19;72.40;OK
31;MG;Minas Gerais;313810;Lassance;2023;2;12687831.20;4830174.74;38.07;OK
31;MG;Minas Gerais;313820;Lavras;2023;2;155128110.81;28305944.74;18.25;OK
31;MG;Minas Gerais;313830;Leandro Ferreira;2023;2;7271640.95;5446094.74;74.89;OK
31;MG;Minas Gerais;313835;Leme do Prado;2023;2;10742809.42;6590063.84;61.34;OK
31;MG;Minas Gerais;313840;Leopoldina;2023;2;47956450.75;15602500.91;32.53;OK
31;MG;Minas Gerais;313850;Liberdade;2023;2;8880565.56;3833227.18;43.16;OK
31;MG;Minas Gerais;313860;Lima Duarte;2023;2;23072721.48;8591824.85;37.24;OK
31;MG;Minas Gerais;313862;Limeira do Oeste;2023;2;17476334.67;6075297.95;34.76;OK
31;MG;Minas Gerais;313865;Lontra;2023;2;10529081.51;4979227.30;47.29;OK
31;MG;Minas Gerais;313867;Luisburgo;2023;2;10794527.96;7435683.81;68.88;OK
31;MG;Minas Gerais;313868;Luislândia;2023;2;9544432.57;6905858.29;72.35;OK
31;MG;Minas Gerais;313870;Luminárias;2023;2;8602690.52;6350198.49;73.82;OK
31;MG;Minas Gerais;313880;Luz;2023;2;27965692.83;12631286.86;45.17;OK
31;MG;Minas Gerais;313890;Machacalis;2023;2;14727947.19;4355384.38;29.57;OK
31;MG;Minas Gerais;313900;Machado;2023;2;59806771.82;27843410.26;46.56;OK
31;MG;Minas Gerais;313910;Madre de Deus de Minas;2023;2;11865979.73;7959262.23;67.08;OK
31;MG;Minas Gerais;313920;Malacacheta;2023;2;33305458.07;10641619.13;31.95;OK
31;MG;Minas Gerais;313925;Mamonas;2023;2;10011769.52;5643698.36;56.37;OK
31;MG;Minas Gerais;313930;Manga;2023;2;33890584.12;14840651.78;43.79;OK
31;MG;Minas Gerais;313940;Manhuaçu;2023;2;158745461.64;23545893.94;14.83;OK
31;MG;Minas Gerais;313950;Manhumirim;2023;2;40201045.72;10791707.11;26.84;OK
31;MG;Minas Gerais;313960;Mantena;2023;2;44743784.97;13311415.12;29.75;OK
31;MG;Minas Gerais;313980;Mar de Espanha;2023;2;13229003.95;6557996.48;49.57;OK
31;MG;Minas Gerais;313970;Maravilhas;2023;2;11709517.97;8768538.80;74.88;OK
31;MG;Minas Gerais;313990;Maria da Fé;2023;2;19484363.82;12314161.23;63.20;OK
31;MG;Minas Gerais;314000;Mariana;2023;2;312626472.37;68092526.70;21.78;OK
31;MG;Minas Gerais;314010;Marilac;2023;2;9431800.23;5918690.30;62.75;OK
31;MG;Minas Gerais;314020;Maripá de Minas;2023;2;5952680.88;4082796.89;68.59;OK
31;MG;Minas Gerais;314030;Marliéria;2023;2;8028293.17;6700286.63;83.46;OK
31;MG;Minas Gerais;314040;Marmelópolis;2023;2;6652914.81;5777215.18;86.84;OK
31;MG;Minas Gerais;314050;Martinho Campos;2023;2;19172792.34;12154580.34;63.39;OK
31;MG;Minas Gerais;314053;Martins Soares;2023;2;11305826.86;9539712.24;84.38;OK
31;MG;Minas Gerais;314055;Mata Verde;2023;2;13290019.80;10411479.86;78.34;OK
31;MG;Minas Gerais;314060;Materlândia;2023;2;7146842.31;3804942.24;53.24;OK
31;MG;Minas Gerais;314070;Mateus Leme;2023;2;49618586.00;19468194.42;39.24;OK
31;MG;Minas Gerais;317150;Mathias Lobato;2023;2;10617021.70;3926715.22;36.99;OK
31;MG;Minas Gerais;314080;Matias Barbosa;2023;2;25487752.46;6256648.58;24.55;OK
31;MG;Minas Gerais;314085;Matias Cardoso;2023;2;11593974.39;4622240.78;39.87;OK
31;MG;Minas Gerais;314090;Matipó;2023;2;23414852.89;14764068.28;63.05;OK
31;MG;Minas Gerais;314100;Mato Verde;2023;2;16615592.87;9607187.53;57.82;OK
31;MG;Minas Gerais;314110;Matozinhos;2023;2;41594901.32;10118890.60;24.33;OK
31;MG;Minas Gerais;314120;Matutina;2023;2;8807048.83;2919736.77;33.15;OK
31;MG;Minas Gerais;314130;Medeiros;2023;2;9710464.82;2101959.68;21.65;OK
31;MG;Minas Gerais;314140;Medina;2023;2;25684463.43;9504907.54;37.01;OK
31;MG;Minas Gerais;314150;Mendes Pimentel;2023;2;9836500.63;6155522.73;62.58;OK
31;MG;Minas Gerais;314160;Mercês;2023;2;13360345.13;6855326.44;51.31;OK
31;MG;Minas Gerais;314170;Mesquita;2023;2;10633685.35;9250099.41;86.99;OK
31;MG;Minas Gerais;314180;Minas Novas;2023;2;44339669.02;19934091.06;44.96;OK
31;MG;Minas Gerais;314190;Minduri;2023;2;9215203.15;3720037.16;40.37;OK
31;MG;Minas Gerais;314200;Mirabela;2023;2;21797909.73;6310859.88;28.95;OK
31;MG;Minas Gerais;314210;Miradouro;2023;2;15190018.67;12476311.67;82.13;OK
31;MG;Minas Gerais;314225;Miravânia;2023;2;6809467.71;3639968.01;53.45;OK
31;MG;Minas Gerais;314220;Miraí;2023;2;21068849.94;9449409.50;44.85;OK
31;MG;Minas Gerais;314230;Moeda;2023;2;8208158.35;7360964.87;89.68;OK
31;MG;Minas Gerais;314240;Moema;2023;2;10076384.72;6382437.04;63.34;OK
31;MG;Minas Gerais;314250;Monjolos;2023;2;7280572.42;4958872.86;68.11;OK
31;MG;Minas Gerais;314260;Monsenhor Paulo;2023;2;8316877.61;5094936.81;61.26;OK
31;MG;Minas Gerais;314270;Montalvânia;2023;2;18692900.94;8592360.49;45.97;OK
31;MG;Minas Gerais;314280;Monte Alegre de Minas;2023;2;37167694.70;11344080.92;30.52;OK
31;MG;Minas Gerais;314290;Monte Azul;2023;2;37930254.31;17927067.63;47.26;OK
31;MG;Minas Gerais;314300;Monte Belo;2023;2;15873116.83;9219791.96;58.08;OK
31;MG;Minas Gerais;314310;Monte Carmelo;2023;2;74313670.02;17352875.22;23.35;OK
31;MG;Minas Gerais;314315;Monte Formoso;2023;2;6720501.96;3887916.21;57.85;OK
31;MG;Minas Gerais;314320;Monte Santo de Minas;2023;2;34216875.97;9547605.41;27.90;OK
31;MG;Minas Gerais;314340;Monte Sião;2023;2;30811787.89;9068033.21;29.43;OK
31;MG;Minas Gerais;314330;Montes Claros;2023;2;785001826.01;181291143.65;23.09;OK
31;MG;Minas Gerais;314345;Montezuma;2023;2;13510953.62;7791453.67;57.67;OK
31;MG;Minas Gerais;314350;Morada Nova de Minas;2023;2;13502173.62;5997162.60;44.42;OK
31;MG;Minas Gerais;314360;Morro da Garça;2023;2;6185090.03;2323346.09;37.56;OK
31;MG;Minas Gerais;314370;Morro do Pilar;2023;2;8624827.37;2247685.46;26.06;OK
31;MG;Minas Gerais;314380;Munhoz;2023;2;9618244.41;8217566.02;85.44;OK
31;MG;Minas Gerais;314390;Muriaé;2023;2;120494657.96;31071537.27;25.79;OK
31;MG;Minas Gerais;314400;Mutum;2023;2;30290059.17;11790067.96;38.92;OK
31;MG;Minas Gerais;314410;Muzambinho;2023;2;25946577.16;10359671.90;39.93;OK
31;MG;Minas Gerais;314015;Mário Campos;2023;2;17134238.69;6789590.01;39.63;OK
31;MG;Minas Gerais;314420;Nacip Raydan;2023;2;7035571.09;3636979.47;51.69;OK
31;MG;Minas Gerais;314430;Nanuque;2023;2;47415991.57;11001609.42;23.20;OK
31;MG;Minas Gerais;314435;Naque;2023;2;10605621.15;8634745.53;81.42;OK
31;MG;Minas Gerais;314437;Natalândia;2023;2;8029079.51;2687141.27;33.47;OK
31;MG;Minas Gerais;314440;Natércia;2023;2;10842203.01;7501337.21;69.19;OK
31;MG;Minas Gerais;314450;Nazareno;2023;2;13965384.67;3896947.30;27.90;OK
31;MG;Minas Gerais;314460;Nepomuceno;2023;2;29047002.53;11016943.68;37.93;OK
31;MG;Minas Gerais;314465;Ninheira;2023;2;12719755.42;6076330.76;47.77;OK
31;MG;Minas Gerais;314467;Nova Belém;2023;2;11536785.66;8977588.02;77.82;OK
31;MG;Minas Gerais;314470;Nova Era;2023;2;21846215.12;9331321.40;42.71;OK
31;MG;Minas Gerais;314480;Nova Lima;2023;2;264607742.31;87469964.99;33.06;OK
31;MG;Minas Gerais;314490;Nova Módica;2023;2;8698231.15;6024137.09;69.26;OK
31;MG;Minas Gerais;314500;Nova Ponte;2023;2;29666780.66;13977383.38;47.11;OK
31;MG;Minas Gerais;314505;Nova Porteirinha;2023;2;8580770.96;4322580.35;50.38;OK
31;MG;Minas Gerais;314510;Nova Resende;2023;2;21116010.95;6235524.38;29.53;OK
31;MG;Minas Gerais;314520;Nova Serrana;2023;2;114848116.54;26911962.07;23.43;OK
31;MG;Minas Gerais;313660;Nova União;2023;2;8567691.79;3135944.62;36.60;OK
31;MG;Minas Gerais;314530;Novo Cruzeiro;2023;2;30997062.41;15574137.42;50.24;OK
31;MG;Minas Gerais;314535;Novo Oriente de Minas;2023;2;19535488.87;9483345.47;48.54;OK
31;MG;Minas Gerais;314537;Novorizonte;2023;2;10969987.39;5945799.75;54.20;OK
31;MG;Minas Gerais;314540;Olaria;2023;2;6186053.44;5038514.77;81.45;OK
31;MG;Minas Gerais;314545;Olhos-d'Água;2023;2;9431508.88;6959865.15;73.79;OK
31;MG;Minas Gerais;314560;Oliveira;2023;2;72395148.52;25064351.59;34.62;OK
31;MG;Minas Gerais;314570;Oliveira Fortes;2023;2;5352740.76;2102805.41;39.28;OK
31;MG;Minas Gerais;314550;Olímpio Noronha;2023;2;6606887.50;3140127.26;47.53;OK
31;MG;Minas Gerais;314580;Onça de Pitangui;2023;2;6878325.83;4708920.00;68.46;OK
31;MG;Minas Gerais;314585;Oratórios;2023;2;8707128.88;7264334.45;83.43;OK
31;MG;Minas Gerais;314587;Orizânia;2023;2;7784400.10;7516318.66;96.56;OK
31;MG;Minas Gerais;314590;Ouro Branco;2023;2;77574244.25;16295922.75;21.01;OK
31;MG;Minas Gerais;314600;Ouro Fino;2023;2;32334996.45;15081013.35;46.64;OK
31;MG;Minas Gerais;314610;Ouro Preto;2023;2;184070941.66;42425978.37;23.05;OK
31;MG;Minas Gerais;314620;Ouro Verde de Minas;2023;2;10038365.77;5752440.70;57.30;OK
31;MG;Minas Gerais;314625;Padre Carvalho;2023;2;8915989.64;5379705.39;60.34;OK
31;MG;Minas Gerais;314630;Padre Paraíso;2023;2;17596814.06;5831843.22;33.14;OK
31;MG;Minas Gerais;314655;Pai Pedro;2023;2;8272275.63;4375025.94;52.89;OK
31;MG;Minas Gerais;314640;Paineiras;2023;2;8258282.51;4473050.01;54.16;OK
31;MG;Minas Gerais;314650;Pains;2023;2;15690348.12;9207701.20;58.68;OK
31;MG;Minas Gerais;314660;Paiva;2023;2;6760521.37;4557497.72;67.41;OK
31;MG;Minas Gerais;314670;Palma;2023;2;10303190.78;5470903.00;53.10;OK
31;MG;Minas Gerais;314675;Palmópolis;2023;2;10419807.89;7192734.74;69.03;OK
31;MG;Minas Gerais;314690;Papagaios;2023;2;24361637.90;18922138.93;77.67;OK
31;MG;Minas Gerais;314700;Paracatu;2023;2;234807870.55;32158083.32;13.70;OK
31;MG;Minas Gerais;314720;Paraguaçu;2023;2;26972655.25;7970877.08;29.55;OK
31;MG;Minas Gerais;314730;Paraisópolis;2023;2;23092879.49;9957230.12;43.12;OK
31;MG;Minas Gerais;314740;Paraopeba;2023;2;27365296.75;10493819.18;38.35;OK
31;MG;Minas Gerais;314710;Pará de Minas;2023;2;185294854.78;39321937.99;21.22;OK
31;MG;Minas Gerais;314760;Passa Quatro;2023;2;21112616.81;6544754.87;31.00;OK
31;MG;Minas Gerais;314770;Passa Tempo;2023;2;13129345.05;9495557.18;72.32;OK
31;MG;Minas Gerais;314780;Passa-Vinte;2023;2;6467084.32;5760282.79;89.07;OK
31;MG;Minas Gerais;314750;Passabém;2023;2;5629119.67;1262964.55;22.44;OK
31;MG;Minas Gerais;314790;Passos;2023;2;148341686.95;41323086.79;27.86;OK
31;MG;Minas Gerais;314795;Patis;2023;2;8222025.73;4524240.62;55.03;OK
31;MG;Minas Gerais;314800;Patos de Minas;2023;2;303690913.24;53361434.46;17.57;OK
31;MG;Minas Gerais;314810;Patrocínio;2023;2;148630186.67;38013825.64;25.58;OK
31;MG;Minas Gerais;314820;Patrocínio do Muriaé;2023;2;9809117.97;3435432.95;35.02;OK
31;MG;Minas Gerais;314830;Paula Cândido;2023;2;11834880.59;9312535.43;78.69;OK
31;MG;Minas Gerais;314840;Paulistas;2023;2;8277075.93;5011691.36;60.55;OK
31;MG;Minas Gerais;314850;Pavão;2023;2;10839749.68;5250798.53;48.44;OK
31;MG;Minas Gerais;314870;Pedra Azul;2023;2;37422246.60;12678498.72;33.88;OK
31;MG;Minas Gerais;314875;Pedra Bonita;2023;2;10898179.33;8172618.79;74.99;OK
31;MG;Minas Gerais;314900;Pedra Dourada;2023;2;6065156.34;2327861.25;38.38;OK
31;MG;Minas Gerais;314880;Pedra do Anta;2023;2;8837541.08;7159274.72;81.01;OK
31;MG;Minas Gerais;314890;Pedra do Indaiá;2023;2;9610930.89;5350482.80;55.67;OK
31;MG;Minas Gerais;314910;Pedralva;2023;2;13458701.10;7449605.68;55.35;OK
31;MG;Minas Gerais;314915;Pedras de Maria da Cruz;2023;2;12342857.27;7004545.08;56.75;OK
31;MG;Minas Gerais;314920;Pedrinópolis;2023;2;9456251.01;4351350.04;46.02;OK
31;MG;Minas Gerais;314930;Pedro Leopoldo;2023;2;83036390.89;20675617.12;24.90;OK
31;MG;Minas Gerais;314940;Pedro Teixeira;2023;2;8113491.74;5306355.88;65.40;OK
31;MG;Minas Gerais;314950;Pequeri;2023;2;8769907.48;3055364.04;34.84;OK
31;MG;Minas Gerais;314960;Pequi;2023;2;7581281.14;2737547.77;36.11;OK
31;MG;Minas Gerais;314970;Perdigão;2023;2;13318215.91;4902537.79;36.81;OK
31;MG;Minas Gerais;314980;Perdizes;2023;2;31512122.88;14325050.74;45.46;OK
31;MG;Minas Gerais;314990;Perdões;2023;2;27287284.39;17679461.01;64.79;OK
31;MG;Minas Gerais;314995;Periquito;2023;2;10137581.53;7462171.08;73.61;OK
31;MG;Minas Gerais;315000;Pescador;2023;2;7325213.02;3759412.64;51.32;OK
31;MG;Minas Gerais;314860;Peçanha;2023;2;29590832.88;7309100.32;24.70;OK
31;MG;Minas Gerais;315010;Piau;2023;2;7981188.50;5912673.62;74.08;OK
31;MG;Minas Gerais;315015;Piedade de Caratinga;2023;2;11635663.77;9375369.12;80.57;OK
31;MG;Minas Gerais;315020;Piedade de Ponte Nova;2023;2;7121299.94;6550215.59;91.98;OK
31;MG;Minas Gerais;315030;Piedade do Rio Grande;2023;2;8212697.24;4557783.25;55.50;OK
31;MG;Minas Gerais;315040;Piedade dos Gerais;2023;2;9306906.26;7881287.10;84.68;OK
31;MG;Minas Gerais;315050;Pimenta;2023;2;14354545.44;5030394.33;35.04;OK
31;MG;Minas Gerais;315053;Pingo-d'Água;2023;2;10516121.41;8380985.62;79.70;OK
31;MG;Minas Gerais;315057;Pintópolis;2023;2;9002731.95;5023029.51;55.79;OK
31;MG;Minas Gerais;315060;Piracema;2023;2;12246927.58;8131692.24;66.40;OK
31;MG;Minas Gerais;315070;Pirajuba;2023;2;12365951.05;6799189.48;54.98;OK
31;MG;Minas Gerais;315080;Piranga;2023;2;24295981.46;12226481.40;50.32;OK
31;MG;Minas Gerais;315100;Piranguinho;2023;2;9532725.59;3797692.09;39.84;OK
31;MG;Minas Gerais;315090;Piranguçu;2023;2;8592299.58;6710025.68;78.09;OK
31;MG;Minas Gerais;315110;Pirapetinga;2023;2;24356069.64;10355312.30;42.52;OK
31;MG;Minas Gerais;315120;Pirapora;2023;2;131675045.94;30649116.51;23.28;OK
31;MG;Minas Gerais;315130;Piraúba;2023;2;13332734.68;12803136.01;96.03;OK
31;MG;Minas Gerais;315140;Pitangui;2023;2;23616082.92;6387260.59;27.05;OK
31;MG;Minas Gerais;315150;Piumhi;2023;2;45659855.81;21732759.01;47.60;OK
31;MG;Minas Gerais;315160;Planura;2023;2;19776051.27;8268418.98;41.81;OK
31;MG;Minas Gerais;315190;Pocrane;2023;2;5253085.75;5205875.22;99.10;OK
31;MG;Minas Gerais;315200;Pompéu;2023;2;36909701.16;12983469.07;35.18;OK
31;MG;Minas Gerais;315210;Ponte Nova;2023;2;143790996.34;25437169.04;17.69;OK
31;MG;Minas Gerais;315213;Ponto Chique;2023;2;9854062.62;6929637.88;70.32;OK
31;MG;Minas Gerais;315217;Ponto dos Volantes;2023;2;18322497.85;11421706.38;62.34;OK
31;MG;Minas Gerais;315220;Porteirinha;2023;2;48612985.50;22166160.07;45.60;OK
31;MG;Minas Gerais;315230;Porto Firme;2023;2;16417420.00;13301061.74;81.02;OK
31;MG;Minas Gerais;315240;Poté;2023;2;24148485.26;14143122.45;58.57;OK
31;MG;Minas Gerais;315250;Pouso Alegre;2023;2;354432566.58;46897815.04;13.23;OK
31;MG;Minas Gerais;315260;Pouso Alto;2023;2;10907217.16;6143034.75;56.32;OK
31;MG;Minas Gerais;315170;Poço Fundo;2023;2;38729403.22;11353577.32;29.32;OK
31;MG;Minas Gerais;315180;Poços de Caldas;2023;2;384109020.44;47074792.14;12.26;OK
31;MG;Minas Gerais;315270;Prados;2023;2;11445254.36;3911608.96;34.18;OK
31;MG;Minas Gerais;315280;Prata;2023;2;56381921.43;16385758.98;29.06;OK
31;MG;Minas Gerais;315300;Pratinha;2023;2;8822628.98;4698382.97;53.25;OK
31;MG;Minas Gerais;315290;Pratápolis;2023;2;15551109.30;5782235.74;37.18;OK
31;MG;Minas Gerais;315310;Presidente Bernardes;2023;2;10922112.30;5896030.85;53.98;OK
31;MG;Minas Gerais;315320;Presidente Juscelino;2023;2;7771898.83;4820260.85;62.02;OK
31;MG;Minas Gerais;315330;Presidente Kubitschek;2023;2;6357709.98;3604377.57;56.69;OK
31;MG;Minas Gerais;315340;Presidente Olegário;2023;2;29313939.14;9325285.03;31.81;OK
31;MG;Minas Gerais;315360;Prudente de Morais;2023;2;14508726.90;10290472.39;70.93;OK
31;MG;Minas Gerais;315370;Quartel Geral;2023;2;9400501.66;2311947.18;24.59;OK
31;MG;Minas Gerais;315380;Queluzito;2023;2;7434382.95;2107466.18;28.35;OK
31;MG;Minas Gerais;315390;Raposos;2023;2;13124957.16;3896254.45;29.69;OK
31;MG;Minas Gerais;315400;Raul Soares;2023;2;36112842.82;16301040.05;45.14;OK
31;MG;Minas Gerais;315410;Recreio;2023;2;12954422.62;9535594.39;73.61;OK
31;MG;Minas Gerais;315415;Reduto;2023;2;7286140.15;4454395.63;61.14;OK
31;MG;Minas Gerais;315420;Resende Costa;2023;2;11428207.26;4477063.94;39.18;OK
31;MG;Minas Gerais;315430;Resplendor;2023;2;12969774.23;11190403.31;86.28;OK
31;MG;Minas Gerais;315440;Ressaquinha;2023;2;11199044.99;5849556.42;52.23;OK
31;MG;Minas Gerais;315445;Riachinho;2023;2;13527468.47;7061417.75;52.20;OK
31;MG;Minas Gerais;315450;Riacho dos Machados;2023;2;12475151.19;9993816.11;80.11;OK
31;MG;Minas Gerais;315470;Ribeirão Vermelho;2023;2;9588778.16;2298534.51;23.97;OK
31;MG;Minas Gerais;315460;Ribeirão das Neves;2023;2;255211135.26;60585495.24;23.74;OK
31;MG;Minas Gerais;315480;Rio Acima;2023;2;21725655.93;3943483.74;18.15;OK
31;MG;Minas Gerais;315490;Rio Casca;2023;2;18778520.79;5316935.52;28.31;OK
31;MG;Minas Gerais;315500;Rio Doce;2023;2;7342087.24;2780119.63;37.87;OK
31;MG;Minas Gerais;315520;Rio Espera;2023;2;8870112.80;4728806.01;53.31;OK
31;MG;Minas Gerais;315530;Rio Manso;2023;2;8052950.45;4886311.19;60.68;OK
31;MG;Minas Gerais;315540;Rio Novo;2023;2;12799067.18;9344950.11;73.01;OK
31;MG;Minas Gerais;315550;Rio Paranaíba;2023;2;22511284.96;4762805.76;21.16;OK
31;MG;Minas Gerais;315560;Rio Pardo de Minas;2023;2;35670784.42;16403197.92;45.98;OK
31;MG;Minas Gerais;315570;Rio Piracicaba;2023;2;22480532.62;9606845.55;42.73;OK
31;MG;Minas Gerais;315580;Rio Pomba;2023;2;18791243.94;8347441.64;44.42;OK
31;MG;Minas Gerais;315590;Rio Preto;2023;2;8078828.89;4866015.77;60.23;OK
31;MG;Minas Gerais;315600;Rio Vermelho;2023;2;29335378.49;19894949.14;67.82;OK
31;MG;Minas Gerais;315510;Rio do Prado;2023;2;8821713.98;3275556.60;37.13;OK
31;MG;Minas Gerais;315610;Ritápolis;2023;2;7070788.03;2086362.21;29.51;OK
31;MG;Minas Gerais;315620;Rochedo de Minas;2023;2;7237269.05;4636666.72;64.07;OK
31;MG;Minas Gerais;315630;Rodeiro;2023;2;11945490.94;7390553.79;61.87;OK
31;MG;Minas Gerais;315640;Romaria;2023;2;8826954.01;4083659.83;46.26;OK
31;MG;Minas Gerais;315645;Rosário da Limeira;2023;2;9505284.34;5709616.66;60.07;OK
31;MG;Minas Gerais;315650;Rubelita;2023;2;11083300.15;6505375.58;58.70;OK
31;MG;Minas Gerais;315660;Rubim;2023;2;14026716.78;6079638.84;43.34;OK
31;MG;Minas Gerais;315670;Sabará;2023;2;116647668.36;15141636.58;12.98;OK
31;MG;Minas Gerais;315680;Sabinópolis;2023;2;28515203.35;13889151.73;48.71;OK
31;MG;Minas Gerais;315690;Sacramento;2023;2;62271715.13;18133285.40;29.12;OK
31;MG;Minas Gerais;315700;Salinas;2023;2;20000000.00;0.00;0.00;OK
31;MG;Minas Gerais;315710;Salto da Divisa;2023;2;10517145.21;4112862.36;39.11;OK
31;MG;Minas Gerais;315720;Santa Bárbara;2023;2;47949295.73;15069273.02;31.43;OK
31;MG;Minas Gerais;315725;Santa Bárbara do Leste;2023;2;10578697.15;8587396.06;81.18;OK
31;MG;Minas Gerais;315727;Santa Bárbara do Monte Verde;2023;2;7615422.93;5877928.58;77.18;OK
31;MG;Minas Gerais;315730;Santa Bárbara do Tugúrio;2023;2;7061532.92;5273145.83;74.67;OK
31;MG;Minas Gerais;315733;Santa Cruz de Minas;2023;2;8388583.10;4428598.10;52.79;OK
31;MG;Minas Gerais;315737;Santa Cruz de Salinas;2023;2;10095955.40;4793270.97;47.48;OK
31;MG;Minas Gerais;315740;Santa Cruz do Escalvado;2023;2;8402369.39;7347428.43;87.44;OK
31;MG;Minas Gerais;315750;Santa Efigênia de Minas;2023;2;9069538.35;4208790.51;46.41;OK
31;MG;Minas Gerais;315760;Santa Fé de Minas;2023;2;10022108.77;5322038.24;53.10;OK
31;MG;Minas Gerais;315765;Santa Helena de Minas;2023;2;11150136.25;7479932.50;67.08;OK
31;MG;Minas Gerais;315770;Santa Juliana;2023;2;21378612.42;9059172.77;42.37;OK
31;MG;Minas Gerais;315780;Santa Luzia;2023;2;188112539.33;49828496.84;26.49;OK
31;MG;Minas Gerais;315790;Santa Margarida;2023;2;22287309.27;7974738.50;35.78;OK
31;MG;Minas Gerais;315800;Santa Maria de Itabira;2023;2;13377854.35;3922439.76;29.32;OK
31;MG;Minas Gerais;315810;Santa Maria do Salto;2023;2;7870720.70;4675356.69;59.40;OK
31;MG;Minas Gerais;315820;Santa Maria do Suaçuí;2023;2;22176960.36;6753196.09;30.45;OK
31;MG;Minas Gerais;315920;Santa Rita de Caldas;2023;2;12728191.07;12598245.02;98.98;OK
31;MG;Minas Gerais;315940;Santa Rita de Ibitipoca;2023;2;8839121.21;7334579.46;82.98;OK
31;MG;Minas Gerais;315930;Santa Rita de Jacutinga;2023;2;9982038.92;7139234.61;71.52;OK
31;MG;Minas Gerais;315935;Santa Rita de Minas;2023;2;11904110.13;6881702.55;57.81;OK
31;MG;Minas Gerais;315950;Santa Rita do Itueto;2023;2;8704864.05;6335703.67;72.78;OK
31;MG;Minas Gerais;315960;Santa Rita do Sapucaí;2023;2;47879919.85;19669000.85;41.08;OK
31;MG;Minas Gerais;315970;Santa Rosa da Serra;2023;2;8378117.17;4971231.18;59.34;OK
31;MG;Minas Gerais;315980;Santa Vitória;2023;2;49875689.43;14021762.27;28.11;OK
31;MG;Minas Gerais;315830;Santana da Vargem;2023;2;10493728.59;10180753.58;97.02;OK
31;MG;Minas Gerais;315840;Santana de Cataguases;2023;2;7834491.02;5323919.42;67.95;OK
31;MG;Minas Gerais;315850;Santana de Pirapama;2023;2;9212339.10;7890227.03;85.65;OK
31;MG;Minas Gerais;315860;Santana do Deserto;2023;2;7707297.33;6886712.46;89.35;OK
31;MG;Minas Gerais;315870;Santana do Garambéu;2023;2;7407340.50;5044403.55;68.10;OK
31;MG;Minas Gerais;315880;Santana do Jacaré;2023;2;8605041.90;4003268.20;46.52;OK
31;MG;Minas Gerais;315890;Santana do Manhuaçu;2023;2;13004308.11;9859265.17;75.82;OK
31;MG;Minas Gerais;315895;Santana do Paraíso;2023;2;44495862.25;32840972.40;73.81;OK
31;MG;Minas Gerais;315900;Santana do Riacho;2023;2;9408855.33;5611942.92;59.65;OK
31;MG;Minas Gerais;315910;Santana dos Montes;2023;2;6800162.59;6307395.93;92.75;OK
31;MG;Minas Gerais;315990;Santo Antônio do Amparo;2023;2;38530566.38;8362894.00;21.70;OK
31;MG;Minas Gerais;316000;Santo Antônio do Aventureiro;2023;2;8284263.43;6484107.92;78.27;OK
31;MG;Minas Gerais;316010;Santo Antônio do Grama;2023;2;7243661.29;7087757.65;97.85;OK
31;MG;Minas Gerais;316020;Santo Antônio do Itambé;2023;2;7307198.17;4075179.30;55.77;OK
31;MG;Minas Gerais;316030;Santo Antônio do Jacinto;2023;2;12925319.46;7486552.69;57.92;OK
31;MG;Minas Gerais;316040;Santo Antônio do Monte;2023;2;59002805.86;13647056.78;23.13;OK
31;MG;Minas Gerais;316045;Santo Antônio do Retiro;2023;2;11367413.40;5429125.37;47.76;OK
31;MG;Minas Gerais;316050;Santo Antônio do Rio Abaixo;2023;2;5855038.62;1974633.82;33.73;OK
31;MG;Minas Gerais;316060;Santo Hipólito;2023;2;7727016.23;3018083.08;39.06;OK
31;MG;Minas Gerais;316070;Santos Dumont;2023;2;53601483.39;24563731.22;45.83;OK
31;MG;Minas Gerais;316540;Sapucaí-Mirim;2023;2;8897822.29;8165309.21;91.77;OK
31;MG;Minas Gerais;316550;Sardoá;2023;2;9867080.94;7951265.52;80.58;OK
31;MG;Minas Gerais;316553;Sarzedo;2023;2;65326013.90;26222170.38;40.14;OK
31;MG;Minas Gerais;316556;Sem-Peixe;2023;2;6899429.91;6680907.77;96.83;OK
31;MG;Minas Gerais;316557;Senador Amaral;2023;2;10461297.76;6620796.89;63.29;OK
31;MG;Minas Gerais;316560;Senador Cortes;2023;2;5891751.05;4406283.42;74.79;OK
31;MG;Minas Gerais;316570;Senador Firmino;2023;2;12356108.20;3892271.80;31.50;OK
31;MG;Minas Gerais;316580;Senador José Bento;2023;2;4721536.08;2648692.30;56.10;OK
31;MG;Minas Gerais;316590;Senador Modestino Gonçalves;2023;2;12614619.12;7618200.73;60.39;OK
31;MG;Minas Gerais;316600;Senhora de Oliveira;2023;2;9968582.30;4311455.64;43.25;OK
31;MG;Minas Gerais;316610;Senhora do Porto;2023;2;6705550.93;5061948.76;75.49;OK
31;MG;Minas Gerais;316620;Senhora dos Remédios;2023;2;12189695.63;9771765.16;80.16;OK
31;MG;Minas Gerais;316630;Sericita;2023;2;9497815.54;1027744.72;10.82;OK
31;MG;Minas Gerais;316640;Seritinga;2023;2;6055388.32;4436287.64;73.26;OK
31;MG;Minas Gerais;316650;Serra Azul de Minas;2023;2;7916815.44;4762791.40;60.16;OK
31;MG;Minas Gerais;316660;Serra da Saudade;2023;2;6143442.29;4728022.87;76.96;OK
31;MG;Minas Gerais;316680;Serra do Salitre;2023;2;31442226.03;9249585.41;29.42;OK
31;MG;Minas Gerais;316670;Serra dos Aimorés;2023;2;9272485.13;5496406.38;59.28;OK
31;MG;Minas Gerais;316690;Serrania;2023;2;9485887.69;1600237.21;16.87;OK
31;MG;Minas Gerais;316700;Serranos;2023;2;7009829.59;3039298.55;43.36;OK
31;MG;Minas Gerais;316695;Serranópolis de Minas;2023;2;8711770.22;5161134.52;59.24;OK
31;MG;Minas Gerais;316710;Serro;2023;2;35632471.70;12547638.65;35.21;OK
31;MG;Minas Gerais;316720;Sete Lagoas;2023;2;444755299.64;72892952.30;16.39;OK
31;MG;Minas Gerais;316555;Setubinha;2023;2;15193722.28;8725181.52;57.43;OK
31;MG;Minas Gerais;316730;Silveirânia;2023;2;5869201.69;4215210.92;71.82;OK
31;MG;Minas Gerais;316740;Silvianópolis;2023;2;9310728.88;6595044.69;70.83;OK
31;MG;Minas Gerais;316760;Simonésia;2023;2;28509420.18;21533916.54;75.53;OK
31;MG;Minas Gerais;316750;Simão Pereira;2023;2;8002789.06;6098917.03;76.21;OK
31;MG;Minas Gerais;316770;Sobrália;2023;2;9006287.93;6919310.87;76.83;OK
31;MG;Minas Gerais;316780;Soledade de Minas;2023;2;5886780.09;3793874.07;64.45;OK
31;MG;Minas Gerais;316080;São Bento Abade;2023;2;8582692.22;8299802.48;96.70;OK
31;MG;Minas Gerais;316090;São Brás do Suaçuí;2023;2;9433509.76;7080647.85;75.06;OK
31;MG;Minas Gerais;316095;São Domingos das Dores;2023;2;9233144.46;7797047.88;84.45;OK
31;MG;Minas Gerais;316100;São Domingos do Prata;2023;2;22280482.37;6364885.23;28.57;OK
31;MG;Minas Gerais;316110;São Francisco;2023;2;62983018.12;19269944.03;30.60;OK
31;MG;Minas Gerais;316120;São Francisco de Paula;2023;2;11402060.96;5528602.68;48.49;OK
31;MG;Minas Gerais;316130;São Francisco de Sales;2023;2;12731727.89;6614980.00;51.96;OK
31;MG;Minas Gerais;316140;São Francisco do Glória;2023;2;8108257.29;7013337.27;86.50;OK
31;MG;Minas Gerais;316105;São Félix de Minas;2023;2;6858726.58;4947010.67;72.13;OK
31;MG;Minas Gerais;316150;São Geraldo;2023;2;14306680.33;12031790.28;84.10;OK
31;MG;Minas Gerais;316160;São Geraldo da Piedade;2023;2;7122132.09;6187140.28;86.87;OK
31;MG;Minas Gerais;316165;São Geraldo do Baixio;2023;2;9122644.38;8649546.40;94.81;OK
31;MG;Minas Gerais;316170;São Gonçalo do Abaeté;2023;2;13386855.59;6959178.21;51.99;OK
31;MG;Minas Gerais;316180;São Gonçalo do Pará;2023;2;18079614.57;7158386.14;39.59;OK
31;MG;Minas Gerais;316190;São Gonçalo do Rio Abaixo;2023;2;60692875.46;13371888.06;22.03;OK
31;MG;Minas Gerais;312550;São Gonçalo do Rio Preto;2023;2;7879243.75;4419768.94;56.09;OK
31;MG;Minas Gerais;316200;São Gonçalo do Sapucaí;2023;2;38987526.81;12247609.24;31.41;OK
31;MG;Minas Gerais;316210;São Gotardo;2023;2;58353204.52;15953072.86;27.34;OK
31;MG;Minas Gerais;316292;São Joaquim de Bicas;2023;2;46317113.45;13901367.97;30.01;OK
31;MG;Minas Gerais;316294;São José da Barra;2023;2;17578742.08;5645473.45;32.12;OK
31;MG;Minas Gerais;316295;São José da Lapa;2023;2;33193472.71;11279377.61;33.98;OK
31;MG;Minas Gerais;316300;São José da Safira;2023;2;6005116.96;5045338.10;84.02;OK
31;MG;Minas Gerais;316310;São José da Varginha;2023;2;10017309.34;3533807.47;35.28;OK
31;MG;Minas Gerais;316320;São José do Alegre;2023;2;7557673.63;4441787.87;58.77;OK
31;MG;Minas Gerais;316330;São José do Divino;2023;2;9639608.34;6665973.33;69.15;OK
31;MG;Minas Gerais;316340;São José do Goiabal;2023;2;5133389.46;4711631.65;91.78;OK
31;MG;Minas Gerais;316350;São José do Jacuri;2023;2;11983572.24;5778632.73;48.22;OK
31;MG;Minas Gerais;316360;São José do Mantimento;2023;2;6337851.15;4959590.36;78.25;OK
31;MG;Minas Gerais;316220;São João Batista do Glória;2023;2;22471276.80;5314165.47;23.65;OK
31;MG;Minas Gerais;316280;São João Evangelista;2023;2;30516416.95;17806862.00;58.35;OK
31;MG;Minas Gerais;316290;São João Nepomuceno;2023;2;31547496.82;7999533.54;25.36;OK
31;MG;Minas Gerais;316225;São João da Lagoa;2023;2;7272340.39;5116051.71;70.35;OK
31;MG;Minas Gerais;316230;São João da Mata;2023;2;8526371.37;5336607.56;62.59;OK
31;MG;Minas Gerais;316240;São João da Ponte;2023;2;30395865.04;17477180.09;57.50;OK
31;MG;Minas Gerais;316245;São João das Missões;2023;2;13413153.80;7024717.11;52.37;OK
31;MG;Minas Gerais;316250;São João del Rei;2023;2;144415499.03;27333114.62;18.93;OK
31;MG;Minas Gerais;316255;São João do Manhuaçu;2023;2;16196458.43;11931855.05;73.67;OK
31;MG;Minas Gerais;316257;São João do Manteninha;2023;2;10541699.44;7762066.85;73.63;OK
31;MG;Minas Gerais;316260;São João do Oriente;2023;2;4032549.06;1924217.49;47.72;OK
31;MG;Minas Gerais;316265;São João do Pacuí;2023;2;8267359.32;4924724.09;59.57;OK
31;MG;Minas Gerais;316270;São João do Paraíso;2023;2;33040739.47;13508974.29;40.89;OK
31;MG;Minas Gerais;316370;São Lourenço;2023;2;31375462.29;3140820.32;10.01;OK
31;MG;Minas Gerais;316380;São Miguel do Anta;2023;2;11856855.29;10230113.09;86.28;OK
31;MG;Minas Gerais;316390;São Pedro da União;2023;2;9188060.07;3250844.44;35.38;OK
31;MG;Minas Gerais;316410;São Pedro do Suaçuí;2023;2;8799421.48;5084720.02;57.78;OK
31;MG;Minas Gerais;316400;São Pedro dos Ferros;2023;2;10358524.29;5278648.30;50.96;OK
31;MG;Minas Gerais;316420;São Romão;2023;2;14176906.76;9222613.43;65.05;OK
31;MG;Minas Gerais;316430;São Roque de Minas;2023;2;11398200.00;415000.00;3.64;OK
31;MG;Minas Gerais;316440;São Sebastião da Bela Vista;2023;2;9219352.13;8693508.58;94.30;OK
31;MG;Minas Gerais;316443;São Sebastião da Vargem Alegre;2023;2;9478435.05;4398356.94;46.40;OK
31;MG;Minas Gerais;316447;São Sebastião do Anta;2023;2;9822888.98;6803002.59;69.26;OK
31;MG;Minas Gerais;316450;São Sebastião do Maranhão;2023;2;14710347.34;10617835.77;72.18;OK
31;MG;Minas Gerais;316460;São Sebastião do Oeste;2023;2;15422944.92;5343972.80;34.65;OK
31;MG;Minas Gerais;316470;São Sebastião do Paraíso;2023;2;179286517.23;38259768.71;21.34;OK
31;MG;Minas Gerais;316480;São Sebastião do Rio Preto;2023;2;6397243.36;1023326.14;16.00;OK
31;MG;Minas Gerais;316490;São Sebastião do Rio Verde;2023;2;7662729.46;4884720.40;63.75;OK
31;MG;Minas Gerais;316520;São Thomé das Letras;2023;2;10435678.85;9658382.19;92.55;OK
31;MG;Minas Gerais;316500;São Tiago;2023;2;12551621.95;6107206.93;48.66;OK
31;MG;Minas Gerais;316510;São Tomás de Aquino;2023;2;14921534.16;4311308.87;28.89;OK
31;MG;Minas Gerais;316530;São Vicente de Minas;2023;2;11825727.71;8193451.80;69.28;OK
31;MG;Minas Gerais;316790;Tabuleiro;2023;2;8362535.85;6617185.98;79.13;OK
31;MG;Minas Gerais;316800;Taiobeiras;2023;2;70141170.40;14622575.14;20.85;OK
31;MG;Minas Gerais;316805;Taparuba;2023;2;6617051.93;4336730.32;65.54;OK
31;MG;Minas Gerais;316810;Tapira;2023;2;11418357.61;2954247.39;25.87;OK
31;MG;Minas Gerais;316820;Tapiraí;2023;2;6147793.73;4503432.83;73.25;OK
31;MG;Minas Gerais;316830;Taquaraçu de Minas;2023;2;7746045.49;2638393.12;34.06;OK
31;MG;Minas Gerais;316840;Tarumirim;2023;2;23991549.53;13611542.29;56.73;OK
31;MG;Minas Gerais;316850;Teixeiras;2023;2;15432703.90;7401610.72;47.96;OK
31;MG;Minas Gerais;316860;Teófilo Otoni;2023;2;317035012.86;45710578.63;14.42;OK
31;MG;Minas Gerais;316870;Timóteo;2023;2;125666119.00;60578646.24;48.21;OK
31;MG;Minas Gerais;316880;Tiradentes;2023;2;11854713.99;8136848.25;68.64;OK
31;MG;Minas Gerais;316890;Tiros;2023;2;14271624.62;3896542.66;27.30;OK
31;MG;Minas Gerais;316900;Tocantins;2023;2;16931997.25;13117172.58;77.47;OK
31;MG;Minas Gerais;316905;Tocos do Moji;2023;2;7055780.15;5808377.55;82.32;OK
31;MG;Minas Gerais;316910;Toledo;2023;2;12796429.60;9051691.14;70.74;OK
31;MG;Minas Gerais;316920;Tombos;2023;2;6470487.17;939068.38;14.51;OK
31;MG;Minas Gerais;316930;Três Corações;2023;2;68242519.57;7619137.55;11.16;OK
31;MG;Minas Gerais;316935;Três Marias;2023;2;51863380.81;13035436.27;25.13;OK
31;MG;Minas Gerais;316940;Três Pontas;2023;2;99068970.08;52757389.90;53.25;OK
31;MG;Minas Gerais;316950;Tumiritinga;2023;2;6397491.14;3852647.66;60.22;OK
31;MG;Minas Gerais;316960;Tupaciguara;2023;2;49288037.95;14922132.74;30.28;OK
31;MG;Minas Gerais;316970;Turmalina;2023;2;31041622.76;18397311.47;59.27;OK
31;MG;Minas Gerais;316980;Turvolândia;2023;2;9277274.26;5914628.65;63.75;OK
31;MG;Minas Gerais;317005;Ubaporanga;2023;2;17941338.39;14032922.02;78.22;OK
31;MG;Minas Gerais;317000;Ubaí;2023;2;15789116.77;11468499.69;72.64;OK
31;MG;Minas Gerais;317010;Uberaba;2023;2;538317061.46;126234337.78;23.45;OK
31;MG;Minas Gerais;317020;Uberlândia;2023;2;1193284330.65;275834866.20;23.12;OK
31;MG;Minas Gerais;316990;Ubá;2023;2;93804364.17;39357489.10;41.96;OK
31;MG;Minas Gerais;317030;Umburatiba;2023;2;9579147.33;4174954.87;43.58;OK
31;MG;Minas Gerais;317040;Unaí;2023;2;152673085.31;33385425.26;21.87;OK
31;MG;Minas Gerais;317043;União de Minas;2023;2;6695427.90;3038270.80;45.38;OK
31;MG;Minas Gerais;317047;Uruana de Minas;2023;2;8600864.93;5009484.35;58.24;OK
31;MG;Minas Gerais;317052;Urucuia;2023;2;18846100.91;7091398.56;37.63;OK
31;MG;Minas Gerais;317050;Urucânia;2023;2;14807225.66;10770760.58;72.74;OK
31;MG;Minas Gerais;317057;Vargem Alegre;2023;2;9500477.16;9173512.49;96.56;OK
31;MG;Minas Gerais;317060;Vargem Bonita;2023;2;6944919.47;4236977.55;61.01;OK
31;MG;Minas Gerais;317065;Vargem Grande do Rio Pardo;2023;2;9842786.81;4703116.44;47.78;OK
31;MG;Minas Gerais;317070;Varginha;2023;2;346943418.11;47825121.05;13.78;OK
31;MG;Minas Gerais;317075;Varjão de Minas;2023;2;9804149.00;8426234.01;85.95;OK
31;MG;Minas Gerais;317090;Varzelândia;2023;2;23144972.02;14593144.95;63.05;OK
31;MG;Minas Gerais;317100;Vazante;2023;2;40228933.10;8848532.75;22.00;OK
31;MG;Minas Gerais;317103;Verdelândia;2023;2;12610336.32;5997815.20;47.56;OK
31;MG;Minas Gerais;317107;Veredinha;2023;2;9887708.03;6505778.68;65.80;OK
31;MG;Minas Gerais;317115;Vermelho Novo;2023;2;10100522.27;9275626.71;91.83;OK
31;MG;Minas Gerais;317110;Veríssimo;2023;2;8667104.50;7617315.26;87.89;OK
31;MG;Minas Gerais;317120;Vespasiano;2023;2;123171142.67;27154173.73;22.05;OK
31;MG;Minas Gerais;317140;Vieiras;2023;2;9297429.22;8099265.84;87.11;OK
31;MG;Minas Gerais;317160;Virgem da Lapa;2023;2;16475806.73;5319186.80;32.28;OK
31;MG;Minas Gerais;317180;Virginópolis;2023;2;12346485.18;4797630.66;38.86;OK
31;MG;Minas Gerais;317190;Virgolândia;2023;2;10798640.98;6919959.77;64.08;OK
31;MG;Minas Gerais;317170;Virgínia;2023;2;10110706.35;4121488.72;40.76;OK
31;MG;Minas Gerais;317200;Visconde do Rio Branco;2023;2;44302150.51;19290875.13;43.54;OK
31;MG;Minas Gerais;317130;Viçosa;2023;2;109306730.67;35298633.81;32.29;OK
31;MG;Minas Gerais;317210;Volta Grande;2023;2;10618956.39;6531308.06;61.51;OK
31;MG;Minas Gerais;317080;Várzea da Palma;2023;2;40999532.75;13928993.28;33.97;OK
31;MG;Minas Gerais;317220;Wenceslau Braz;2023;2;5914949.82;4274148.38;72.26;OK
31;MG;Minas Gerais;310060;Água Boa;2023;2;17071856.92;7595574.30;44.49;OK
31;MG;Minas Gerais;310070;Água Comprida;2023;2;8889088.43;7018464.36;78.96;OK
31;MG;Minas Gerais;310090;Águas Formosas;2023;2;32355869.27;9379092.13;28.99;OK
31;MG;Minas Gerais;310100;Águas Vermelhas;2023;2;18718931.48;7091089.75;37.88;OK
41;PR;Paraná;410010;Abatiá;2023;2;8990534.62;5103754.59;56.77;OK
41;PR;Paraná;410020;Adrianópolis;2023;2;9346459.43;9320617.59;99.72;OK
41;PR;Paraná;410030;Agudos do Sul;2023;2;13011194.98;8949159.93;68.78;OK
41;PR;Paraná;410040;Almirante Tamandaré;2023;2;75506149.35;74521534.39;98.70;OK
41;PR;Paraná;410045;Altamira do Paraná;2023;2;8603848.05;5099610.64;59.27;OK
41;PR;Paraná;410060;Alto Paraná;2023;2;12828300.95;10442710.23;81.40;OK
41;PR;Paraná;412862;Alto Paraíso;2023;2;8459013.10;5094246.20;60.22;OK
41;PR;Paraná;410070;Alto Piquiri;2023;2;13452501.77;12271618.66;91.22;OK
41;PR;Paraná;410050;Altônia;2023;2;27916001.84;13534564.71;48.48;OK
41;PR;Paraná;410080;Alvorada do Sul;2023;2;16447170.63;5931070.01;36.06;OK
41;PR;Paraná;410090;Amaporã;2023;2;10972617.10;4864503.60;44.33;OK
41;PR;Paraná;410100;Ampére;2023;2;26545719.94;15411089.17;58.05;OK
41;PR;Paraná;410105;Anahy;2023;2;7473833.71;7386041.37;98.83;OK
41;PR;Paraná;410110;Andirá;2023;2;25182789.10;19914162.33;79.08;OK
41;PR;Paraná;410120;Antonina;2023;2;26710459.68;24464734.31;91.59;OK
41;PR;Paraná;410130;Antônio Olinto;2023;2;10864940.10;10019738.04;92.22;OK
41;PR;Paraná;410140;Apucarana;2023;2;201940260.02;44287841.65;21.93;OK
41;PR;Paraná;410150;Arapongas;2023;2;120856597.25;80489439.39;66.60;OK
41;PR;Paraná;410160;Arapoti;2023;2;41247295.15;22821079.64;55.33;OK
41;PR;Paraná;410165;Arapuã;2023;2;7758836.01;3811125.66;49.12;OK
41;PR;Paraná;410170;Araruna;2023;2;22811241.86;13823363.17;60.60;OK
41;PR;Paraná;410180;Araucária;2023;2;320464812.93;199319194.18;62.20;OK
41;PR;Paraná;410185;Ariranha do Ivaí;2023;2;7994670.24;4519623.27;56.53;OK
41;PR;Paraná;410190;Assaí;2023;2;17813948.37;11194425.40;62.84;OK
41;PR;Paraná;410200;Assis Chateaubriand;2023;2;53085094.50;29907630.93;56.34;OK
41;PR;Paraná;410210;Astorga;2023;2;35744297.82;22631111.06;63.31;OK
41;PR;Paraná;410220;Atalaia;2023;2;8006697.28;6947917.71;86.78;OK
41;PR;Paraná;410230;Balsa Nova;2023;2;19452101.71;16801359.75;86.37;OK
41;PR;Paraná;410240;Bandeirantes;2023;2;35925288.96;9756719.96;27.16;OK
41;PR;Paraná;410250;Barbosa Ferraz;2023;2;19778842.88;13401210.31;67.76;OK
41;PR;Paraná;410270;Barra do Jacaré;2023;2;7335997.74;5065835.07;69.05;OK
41;PR;Paraná;410260;Barracão;2023;2;15988130.16;14075632.40;88.04;OK
41;PR;Paraná;410275;Bela Vista da Caroba;2023;2;7436869.84;4313648.92;58.00;OK
41;PR;Paraná;410280;Bela Vista do Paraíso;2023;2;22719608.76;16962488.53;74.66;OK
41;PR;Paraná;410290;Bituruna;2023;2;22002748.85;7299622.21;33.18;OK
41;PR;Paraná;410300;Boa Esperança;2023;2;9777541.48;9777541.48;100.00;OK
41;PR;Paraná;410302;Boa Esperança do Iguaçu;2023;2;6485394.38;1190505.04;18.36;OK
41;PR;Paraná;410304;Boa Ventura de São Roque;2023;2;11228296.22;10955360.29;97.57;OK
41;PR;Paraná;410305;Boa Vista da Aparecida;2023;2;14593231.76;12769395.31;87.50;OK
41;PR;Paraná;410310;Bocaiúva do Sul;2023;2;16696157.36;1705165.66;10.21;OK
41;PR;Paraná;410315;Bom Jesus do Sul;2023;2;6785626.83;6621858.87;97.59;OK
41;PR;Paraná;410320;Bom Sucesso;2023;2;12026049.90;3585266.20;29.81;OK
41;PR;Paraná;410322;Bom Sucesso do Sul;2023;2;9229758.79;9224242.86;99.94;OK
41;PR;Paraná;410330;Borrazópolis;2023;2;15600589.78;6155227.07;39.46;OK
41;PR;Paraná;410335;Braganey;2023;2;8792371.70;7214102.54;82.05;OK
41;PR;Paraná;410337;Brasilândia do Sul;2023;2;10689288.38;10300557.65;96.36;OK
41;PR;Paraná;410340;Cafeara;2023;2;7555299.60;6616458.85;87.57;OK
41;PR;Paraná;410345;Cafelândia;2023;2;28533829.04;21725540.42;76.14;OK
41;PR;Paraná;410347;Cafezal do Sul;2023;2;9472891.03;7244986.51;76.48;OK
41;PR;Paraná;410350;Califórnia;2023;2;12146145.86;11938207.35;98.29;OK
41;PR;Paraná;410360;Cambará;2023;2;30242873.33;26252039.80;86.80;OK
41;PR;Paraná;410380;Cambira;2023;2;9294462.72;7730501.81;83.17;OK
41;PR;Paraná;410370;Cambé;2023;2;121292394.80;58351211.27;48.11;OK
41;PR;Paraná;410400;Campina Grande do Sul;2023;2;48338078.89;31168955.30;64.48;OK
41;PR;Paraná;410390;Campina da Lagoa;2023;2;19146546.84;5883546.69;30.73;OK
41;PR;Paraná;410395;Campina do Simão;2023;2;8152509.15;7970350.67;97.77;OK
41;PR;Paraná;410405;Campo Bonito;2023;2;7122274.83;6854570.51;96.24;OK
41;PR;Paraná;410420;Campo Largo;2023;2;113114666.80;88148627.88;77.93;OK
41;PR;Paraná;410425;Campo Magro;2023;2;29636238.31;27852187.02;93.98;OK
41;PR;Paraná;410430;Campo Mourão;2023;2;191186790.86;37205649.37;19.46;OK
41;PR;Paraná;410410;Campo do Tenente;2023;2;7067284.65;7067284.65;100.00;OK
41;PR;Paraná;410442;Candói;2023;2;22507136.36;22061609.20;98.02;OK
41;PR;Paraná;410445;Cantagalo;2023;2;14354854.59;13945589.02;97.15;OK
41;PR;Paraná;410450;Capanema;2023;2;32435570.07;17326703.83;53.42;OK
41;PR;Paraná;410460;Capitão Leônidas Marques;2023;2;28137466.92;27513190.98;97.78;OK
41;PR;Paraná;410465;Carambeí;2023;2;38677605.42;37279597.97;96.39;OK
41;PR;Paraná;410470;Carlópolis;2023;2;19845642.11;9975756.58;50.27;OK
41;PR;Paraná;410480;Cascavel;2023;2;452323379.82;288425868.31;63.77;OK
41;PR;Paraná;410490;Castro;2023;2;100685235.70;39140859.46;38.87;OK
41;PR;Paraná;410500;Catanduvas;2023;2;14230495.89;13648259.42;95.91;OK
41;PR;Paraná;410510;Centenário do Sul;2023;2;13735126.04;4482561.52;32.64;OK
41;PR;Paraná;410520;Cerro Azul;2023;2;19150900.40;15607709.04;81.50;OK
41;PR;Paraná;410540;Chopinzinho;2023;2;39150041.07;18203587.92;46.50;OK
41;PR;Paraná;410550;Cianorte;2023;2;164306372.66;39976613.19;24.33;OK
41;PR;Paraná;410560;Cidade Gaúcha;2023;2;17076703.83;13073134.74;76.56;OK
41;PR;Paraná;410570;Clevelândia;2023;2;23039796.78;2290969.50;9.94;OK
41;PR;Paraná;410580;Colombo;2023;2;144750461.96;87898799.56;60.72;OK
41;PR;Paraná;410590;Colorado;2023;2;56121343.92;26310631.36;46.88;OK
41;PR;Paraná;410600;Congonhinhas;2023;2;13665786.65;9688458.62;70.90;OK
41;PR;Paraná;410610;Conselheiro Mairinck;2023;2;5785472.53;970315.23;16.77;OK
41;PR;Paraná;410620;Contenda;2023;2;22558464.90;12844729.35;56.94;OK
41;PR;Paraná;410630;Corbélia;2023;2;29827938.39;18104922.12;60.70;OK
41;PR;Paraná;410640;Cornélio Procópio;2023;2;61721188.18;61573824.83;99.76;OK
41;PR;Paraná;410645;Coronel Domingos Soares;2023;2;13514050.16;9721290.02;71.93;OK
41;PR;Paraná;410650;Coronel Vivida;2023;2;40773715.56;17596255.14;43.16;OK
41;PR;Paraná;410655;Corumbataí do Sul;2023;2;10244600.45;7785226.37;75.99;OK
41;PR;Paraná;410680;Cruz Machado;2023;2;29119336.22;19143132.86;65.74;OK
41;PR;Paraná;410657;Cruzeiro do Iguaçu;2023;2;10108653.51;5801782.62;57.39;OK
41;PR;Paraná;410660;Cruzeiro do Oeste;2023;2;33819772.24;23476430.06;69.42;OK
41;PR;Paraná;410670;Cruzeiro do Sul;2023;2;16983933.34;16983933.34;100.00;OK
41;PR;Paraná;410685;Cruzmaltina;2023;2;7818584.53;5198919.29;66.49;OK
41;PR;Paraná;410690;Curitiba;2023;2;2956512657.84;984353161.97;33.29;OK
41;PR;Paraná;410700;Curiúva;2023;2;21369156.00;16398642.94;76.74;OK
41;PR;Paraná;410440;Cândido de Abreu;2023;2;19930787.69;8372018.03;42.01;OK
41;PR;Paraná;410530;Céu Azul;2023;2;20639312.13;19141568.35;92.74;OK
41;PR;Paraná;410715;Diamante D'Oeste;2023;2;9034551.46;5489030.92;60.76;OK
41;PR;Paraná;410710;Diamante do Norte;2023;2;10827945.44;3697902.22;34.15;OK
41;PR;Paraná;410712;Diamante do Sul;2023;2;5791442.82;5409188.55;93.40;OK
41;PR;Paraná;410720;Dois Vizinhos;2023;2;81897111.94;68448943.54;83.58;OK
41;PR;Paraná;410725;Douradina;2023;2;16832146.24;13363184.89;79.39;OK
41;PR;Paraná;410730;Doutor Camargo;2023;2;9850483.43;1852249.82;18.80;OK
41;PR;Paraná;412863;Doutor Ulysses;2023;2;8612350.22;3577479.95;41.54;OK
41;PR;Paraná;410750;Engenheiro Beltrão;2023;2;20627774.13;20627774.13;100.00;OK
41;PR;Paraná;410753;Entre Rios do Oeste;2023;2;12298055.50;5674796.25;46.14;OK
41;PR;Paraná;410740;Enéas Marques;2023;2;12889244.28;11713451.01;90.88;OK
41;PR;Paraná;410752;Esperança Nova;2023;2;5635220.89;4476789.59;79.44;OK
41;PR;Paraná;410754;Espigão Alto do Iguaçu;2023;2;7632005.58;6841701.29;89.64;OK
41;PR;Paraná;410755;Farol;2023;2;7815513.78;5283474.70;67.60;OK
41;PR;Paraná;410760;Faxinal;2023;2;25936701.37;23297211.98;89.82;OK
41;PR;Paraná;410765;Fazenda Rio Grande;2023;2;108791929.60;56382264.75;51.83;OK
41;PR;Paraná;410773;Fernandes Pinheiro;2023;2;7633593.72;5566860.96;72.93;OK
41;PR;Paraná;410775;Figueira;2023;2;9467735.26;9109894.68;96.22;OK
41;PR;Paraná;410785;Flor da Serra do Sul;2023;2;10050025.36;9653394.69;96.05;OK
41;PR;Paraná;410780;Floraí;2023;2;9381133.35;230401.05;2.46;OK
41;PR;Paraná;410790;Floresta;2023;2;16771368.26;11557903.00;68.91;OK
41;PR;Paraná;410800;Florestópolis;2023;2;16397142.25;9110735.75;55.56;OK
41;PR;Paraná;410810;Flórida;2023;2;8047741.51;7652007.52;95.08;OK
41;PR;Paraná;410820;Formosa do Oeste;2023;2;11058855.26;7472579.27;67.57;OK
41;PR;Paraná;410830;Foz do Iguaçu;2023;2;475093679.69;113979207.05;23.99;OK
41;PR;Paraná;410845;Foz do Jordão;2023;2;8181339.81;7638739.42;93.37;OK
41;PR;Paraná;410832;Francisco Alves;2023;2;12659541.98;12509058.83;98.81;OK
41;PR;Paraná;410840;Francisco Beltrão;2023;2;189354151.81;55853364.42;29.50;OK
41;PR;Paraná;410770;Fênix;2023;2;7350192.87;6578724.95;89.50;OK
41;PR;Paraná;410850;General Carneiro;2023;2;15452801.09;8800192.61;56.95;OK
41;PR;Paraná;410855;Godoy Moreira;2023;2;6987203.38;3656151.49;52.33;OK
41;PR;Paraná;410860;Goioerê;2023;2;43407990.08;17131427.80;39.47;OK
41;PR;Paraná;410865;Goioxim;2023;2;9772656.38;6861800.39;70.21;OK
41;PR;Paraná;410870;Grandes Rios;2023;2;10197800.88;3719671.69;36.48;OK
41;PR;Paraná;410890;Guairaçá;2023;2;14887440.22;11751686.67;78.94;OK
41;PR;Paraná;410895;Guamiranga;2023;2;11466081.36;10716654.87;93.46;OK
41;PR;Paraná;410900;Guapirama;2023;2;9592974.87;6335177.78;66.04;OK
41;PR;Paraná;410910;Guaporema;2023;2;6666209.65;6450011.79;96.76;OK
41;PR;Paraná;410920;Guaraci;2023;2;10712348.37;10140587.79;94.66;OK
41;PR;Paraná;410930;Guaraniaçu;2023;2;19359001.25;17211908.09;88.91;OK
41;PR;Paraná;410940;Guarapuava;2023;2;205944878.14;108969830.31;52.91;OK
41;PR;Paraná;410950;Guaraqueçaba;2023;2;8756010.64;7773482.23;88.78;OK
41;PR;Paraná;410960;Guaratuba;2023;2;67200774.72;17675546.76;26.30;OK
41;PR;Paraná;410880;Guaíra;2023;2;51670744.47;21574497.63;41.75;OK
41;PR;Paraná;410965;Honório Serpa;2023;2;12991730.34;6831313.53;52.58;OK
41;PR;Paraná;410970;Ibaiti;2023;2;44222100.57;30221550.24;68.34;OK
41;PR;Paraná;410975;Ibema;2023;2;9275109.87;5964868.60;64.31;OK
41;PR;Paraná;410980;Ibiporã;2023;2;77011160.60;39758666.54;51.63;OK
41;PR;Paraná;410990;Icaraíma;2023;2;14630497.94;9291126.01;63.51;OK
41;PR;Paraná;411000;Iguaraçu;2023;2;13555111.50;12486913.96;92.12;OK
41;PR;Paraná;411005;Iguatu;2023;2;5352162.61;5284761.60;98.74;OK
41;PR;Paraná;411007;Imbaú;2023;2;14218921.74;8835624.55;62.14;OK
41;PR;Paraná;411010;Imbituva;2023;2;43790364.07;28787683.62;65.74;OK
41;PR;Paraná;411030;Inajá;2023;2;7909397.06;7565195.31;95.65;OK
41;PR;Paraná;411040;Indianópolis;2023;2;9081579.81;4188468.84;46.12;OK
41;PR;Paraná;411020;Inácio Martins;2023;2;15037662.63;10589016.93;70.42;OK
41;PR;Paraná;411050;Ipiranga;2023;2;20047261.21;12210398.44;60.91;OK
41;PR;Paraná;411060;Iporã;2023;2;28584553.25;25485909.83;89.16;OK
41;PR;Paraná;411065;Iracema do Oeste;2023;2;5930800.89;4951182.61;83.48;OK
41;PR;Paraná;411070;Irati;2023;2;53121113.98;50353661.20;94.79;OK
41;PR;Paraná;411080;Iretama;2023;2;16788320.67;11291666.19;67.26;OK
41;PR;Paraná;411090;Itaguajé;2023;2;8719093.01;8539587.50;97.94;OK
41;PR;Paraná;411095;Itaipulândia;2023;2;35759216.34;24889610.38;69.60;OK
41;PR;Paraná;411100;Itambaracá;2023;2;9707954.01;6827331.94;70.33;OK
41;PR;Paraná;411110;Itambé;2023;2;8851551.03;81617.66;0.92;OK
41;PR;Paraná;411120;Itapejara d'Oeste;2023;2;22285844.89;13047244.61;58.54;OK
41;PR;Paraná;411125;Itaperuçu;2023;2;24105465.75;23127523.42;95.94;OK
41;PR;Paraná;411130;Itaúna do Sul;2023;2;8366427.80;2888539.18;34.53;OK
41;PR;Paraná;411150;Ivaiporã;2023;2;27356177.66;10359878.93;37.87;OK
41;PR;Paraná;411160;Ivatuba;2023;2;6799388.79;6599257.99;97.06;OK
41;PR;Paraná;411155;Ivaté;2023;2;12064193.25;9869936.96;81.81;OK
41;PR;Paraná;411140;Ivaí;2023;2;17687462.82;16398318.12;92.71;OK
41;PR;Paraná;411170;Jaboti;2023;2;10641942.15;9880845.36;92.85;OK
41;PR;Paraná;411180;Jacarezinho;2023;2;39893592.28;23450325.56;58.78;OK
41;PR;Paraná;411190;Jaguapitã;2023;2;30766999.55;16126389.75;52.41;OK
41;PR;Paraná;411200;Jaguariaíva;2023;2;41198097.23;22954492.23;55.72;OK
41;PR;Paraná;411210;Jandaia do Sul;2023;2;25841170.97;9529653.74;36.88;OK
41;PR;Paraná;411220;Janiópolis;2023;2;10362476.58;7418241.71;71.59;OK
41;PR;Paraná;411230;Japira;2023;2;8931502.57;6287470.69;70.40;OK
41;PR;Paraná;411240;Japurá;2023;2;11086784.20;7553512.79;68.13;OK
41;PR;Paraná;411250;Jardim Alegre;2023;2;17674082.87;8408918.49;47.58;OK
41;PR;Paraná;411260;Jardim Olinda;2023;2;5120619.90;5031034.56;98.25;OK
41;PR;Paraná;411270;Jataizinho;2023;2;12853647.68;9266857.78;72.10;OK
41;PR;Paraná;411275;Jesuítas;2023;2;12071015.14;11448714.26;94.84;OK
41;PR;Paraná;411280;Joaquim Távora;2023;2;16897804.83;16060574.96;95.05;OK
41;PR;Paraná;411290;Jundiaí do Sul;2023;2;7949950.50;4404315.06;55.40;OK
41;PR;Paraná;411295;Juranda;2023;2;11136771.55;8164162.64;73.31;OK
41;PR;Paraná;411300;Jussara;2023;2;17195768.48;11327202.63;65.87;OK
41;PR;Paraná;411310;Kaloré;2023;2;8123506.73;4421119.91;54.42;OK
41;PR;Paraná;411320;Lapa;2023;2;57093235.14;14648084.45;25.66;OK
41;PR;Paraná;411325;Laranjal;2023;2;7224852.37;6215127.58;86.02;OK
41;PR;Paraná;411330;Laranjeiras do Sul;2023;2;27993447.82;27238436.92;97.30;OK
41;PR;Paraná;411340;Leópolis;2023;2;7889771.75;7889771.75;100.00;OK
41;PR;Paraná;411342;Lidianópolis;2023;2;8748465.47;4463100.85;51.02;OK
41;PR;Paraná;411345;Lindoeste;2023;2;9630873.85;9630873.85;100.00;OK
41;PR;Paraná;411350;Loanda;2023;2;33504133.25;19965749.39;59.59;OK
41;PR;Paraná;411360;Lobato;2023;2;10325067.87;9299033.41;90.06;OK
41;PR;Paraná;411370;Londrina;2023;2;967652839.10;226345658.18;23.39;OK
41;PR;Paraná;411373;Luiziana;2023;2;14048742.83;13627431.80;97.00;OK
41;PR;Paraná;411375;Lunardelli;2023;2;8281077.39;2771999.73;33.47;OK
41;PR;Paraná;411380;Lupionópolis;2023;2;10086178.06;4513062.17;44.75;OK
41;PR;Paraná;411390;Mallet;2023;2;20874194.29;11102348.46;53.19;OK
41;PR;Paraná;411400;Mamborê;2023;2;24362178.47;14822669.47;60.84;OK
41;PR;Paraná;411420;Mandaguari;2023;2;44009789.10;16190066.51;36.79;OK
41;PR;Paraná;411410;Mandaguaçu;2023;2;29320188.35;26523759.77;90.46;OK
41;PR;Paraná;411430;Mandirituba;2023;2;26386296.69;15498196.10;58.74;OK
41;PR;Paraná;411435;Manfrinópolis;2023;2;6287424.25;6226784.52;99.04;OK
41;PR;Paraná;411440;Mangueirinha;2023;2;43150861.07;33768713.17;78.26;OK
41;PR;Paraná;411450;Manoel Ribas;2023;2;21698130.20;10932455.35;50.38;OK
41;PR;Paraná;411460;Marechal Cândido Rondon;2023;2;97284154.48;30799646.84;31.66;OK
41;PR;Paraná;411470;Maria Helena;2023;2;11221861.57;5520533.41;49.19;OK
41;PR;Paraná;411480;Marialva;2023;2;39757940.18;3178173.79;7.99;OK
41;PR;Paraná;411500;Marilena;2023;2;14233495.80;13847479.06;97.29;OK
41;PR;Paraná;411510;Mariluz;2023;2;11677848.81;4267725.83;36.55;OK
41;PR;Paraná;411490;Marilândia do Sul;2023;2;14587395.67;12839893.74;88.02;OK
41;PR;Paraná;411520;Maringá;2023;2;713022108.59;160921041.41;22.57;OK
41;PR;Paraná;411535;Maripá;2023;2;12620896.76;11981954.99;94.94;OK
41;PR;Paraná;411530;Mariópolis;2023;2;11975403.35;1205410.38;10.07;OK
41;PR;Paraná;411540;Marmeleiro;2023;2;26086031.62;15994523.60;61.31;OK
41;PR;Paraná;411545;Marquinho;2023;2;9254437.09;8320687.72;89.91;OK
41;PR;Paraná;411550;Marumbi;2023;2;8794785.26;6186744.03;70.35;OK
41;PR;Paraná;411560;Matelândia;2023;2;26390429.31;17451044.31;66.13;OK
41;PR;Paraná;411570;Matinhos;2023;2;62579651.70;27192150.92;43.45;OK
41;PR;Paraná;411573;Mato Rico;2023;2;9517630.12;9008291.52;94.65;OK
41;PR;Paraná;411575;Mauá da Serra;2023;2;13754192.13;10812504.33;78.61;OK
41;PR;Paraná;411580;Medianeira;2023;2;69842644.18;28384550.71;40.64;OK
41;PR;Paraná;411585;Mercedes;2023;2;13434563.20;9664541.11;71.94;OK
41;PR;Paraná;411590;Mirador;2023;2;7185151.85;6971166.93;97.02;OK
41;PR;Paraná;411600;Miraselva;2023;2;6466837.66;6244417.10;96.56;OK
41;PR;Paraná;411605;Missal;2023;2;24494829.80;19534160.55;79.75;OK
41;PR;Paraná;411610;Moreira Sales;2023;2;15897592.56;8618963.44;54.22;OK
41;PR;Paraná;411620;Morretes;2023;2;22983823.61;16600320.73;72.23;OK
41;PR;Paraná;411630;Munhoz de Melo;2023;2;9275014.45;8293476.54;89.42;OK
41;PR;Paraná;411640;Nossa Senhora das Graças;2023;2;8290204.41;8290204.41;100.00;OK
41;PR;Paraná;411650;Nova Aliança do Ivaí;2023;2;5130774.22;2075353.11;40.45;OK
41;PR;Paraná;411660;Nova América da Colina;2023;2;5415681.71;5390807.80;99.54;OK
41;PR;Paraná;411670;Nova Aurora;2023;2;22771010.66;22272323.24;97.81;OK
41;PR;Paraná;411680;Nova Cantu;2023;2;12546249.05;12316821.10;98.17;OK
41;PR;Paraná;411690;Nova Esperança;2023;2;32774260.71;9973873.44;30.43;OK
41;PR;Paraná;411695;Nova Esperança do Sudoeste;2023;2;10891335.83;6062873.06;55.67;OK
41;PR;Paraná;411700;Nova Fátima;2023;2;12222885.75;7861928.25;64.32;OK
41;PR;Paraná;411705;Nova Laranjeiras;2023;2;14546147.65;11753727.44;80.80;OK
41;PR;Paraná;411710;Nova Londrina;2023;2;20982134.59;3307226.46;15.76;OK
41;PR;Paraná;411720;Nova Olímpia;2023;2;11365438.07;7054551.49;62.07;OK
41;PR;Paraná;411725;Nova Prata do Iguaçu;2023;2;15637359.56;15421218.62;98.62;OK
41;PR;Paraná;411721;Nova Santa Bárbara;2023;2;7354064.44;6300099.41;85.67;OK
41;PR;Paraná;411722;Nova Santa Rosa;2023;2;13101010.18;10703864.45;81.70;OK
41;PR;Paraná;411727;Nova Tebas;2023;2;15985789.07;8098076.30;50.66;OK
41;PR;Paraná;411729;Novo Itacolomi;2023;2;7881395.70;7019452.63;89.06;OK
41;PR;Paraná;411730;Ortigueira;2023;2;50231520.60;42644873.58;84.90;OK
41;PR;Paraná;411740;Ourizona;2023;2;7665542.06;6302514.37;82.22;OK
41;PR;Paraná;411745;Ouro Verde do Oeste;2023;2;11494433.82;7011585.53;61.00;OK
41;PR;Paraná;411750;Paiçandu;2023;2;45071314.25;14355595.46;31.85;OK
41;PR;Paraná;411760;Palmas;2023;2;59557153.26;55234444.12;92.74;OK
41;PR;Paraná;411770;Palmeira;2023;2;49099162.68;44520391.78;90.67;OK
41;PR;Paraná;411780;Palmital;2023;2;13667870.45;8641038.51;63.22;OK
41;PR;Paraná;411790;Palotina;2023;2;74621720.70;27940303.67;37.44;OK
41;PR;Paraná;411810;Paranacity;2023;2;14129410.45;8620318.73;61.01;OK
41;PR;Paraná;411820;Paranaguá;2023;2;167428109.22;68350770.87;40.82;OK
41;PR;Paraná;411830;Paranapoema;2023;2;7005011.77;4051738.32;57.84;OK
41;PR;Paraná;411840;Paranavaí;2023;2;103095774.82;48363478.84;46.91;OK
41;PR;Paraná;411800;Paraíso do Norte;2023;2;17222830.17;9789122.42;56.84;OK
41;PR;Paraná;411845;Pato Bragado;2023;2;14135026.04;7314210.98;51.75;OK
41;PR;Paraná;411850;Pato Branco;2023;2;219118025.93;70227235.54;32.05;OK
41;PR;Paraná;411860;Paula Freitas;2023;2;9407068.98;8816450.14;93.72;OK
41;PR;Paraná;411870;Paulo Frontin;2023;2;10146883.02;7367742.28;72.61;OK
41;PR;Paraná;411880;Peabiru;2023;2;17773841.75;17448620.90;98.17;OK
41;PR;Paraná;411885;Perobal;2023;2;8690228.32;8545860.65;98.34;OK
41;PR;Paraná;411915;Pinhais;2023;2;134309649.46;65621217.41;48.86;OK
41;PR;Paraná;411925;Pinhal de São Bento;2023;2;6148417.05;3680746.91;59.86;OK
41;PR;Paraná;411920;Pinhalão;2023;2;12816610.45;8655754.58;67.54;OK
41;PR;Paraná;411930;Pinhão;2023;2;31706693.02;9696148.50;30.58;OK
41;PR;Paraná;411950;Piraquara;2023;2;74360733.08;26679819.94;35.88;OK
41;PR;Paraná;411940;Piraí do Sul;2023;2;27000182.67;19636603.42;72.73;OK
41;PR;Paraná;411960;Pitanga;2023;2;52881377.78;42513402.30;80.39;OK
41;PR;Paraná;411965;Pitangueiras;2023;2;5623769.15;5492441.69;97.66;OK
41;PR;Paraná;411910;Piên;2023;2;19775852.93;16501029.33;83.44;OK
41;PR;Paraná;411970;Planaltina do Paraná;2023;2;10537282.73;2693788.09;25.56;OK
41;PR;Paraná;411980;Planalto;2023;2;17209740.39;14339830.20;83.32;OK
41;PR;Paraná;411990;Ponta Grossa;2023;2;300243886.45;79358909.83;26.43;OK
41;PR;Paraná;411995;Pontal do Paraná;2023;2;45142418.11;14420696.95;31.94;OK
41;PR;Paraná;412000;Porecatu;2023;2;17350683.56;6457043.45;37.21;OK
41;PR;Paraná;412010;Porto Amazonas;2023;2;8219548.62;7268453.99;88.43;OK
41;PR;Paraná;412015;Porto Barreiro;2023;2;8271082.36;8091587.20;97.83;OK
41;PR;Paraná;412020;Porto Rico;2023;2;9645192.83;787063.43;8.16;OK
41;PR;Paraná;412030;Porto Vitória;2023;2;8315113.93;8175211.61;98.32;OK
41;PR;Paraná;412033;Prado Ferreira;2023;2;8933708.23;2580626.75;28.89;OK
41;PR;Paraná;412035;Pranchita;2023;2;13213086.93;9045626.35;68.46;OK
41;PR;Paraná;412040;Presidente Castelo Branco;2023;2;8551704.22;8548178.23;99.96;OK
41;PR;Paraná;412050;Primeiro de Maio;2023;2;9746961.89;3111282.03;31.92;OK
41;PR;Paraná;412060;Prudentópolis;2023;2;44699025.24;35511420.89;79.45;OK
41;PR;Paraná;411890;Pérola;2023;2;17613693.30;9332225.42;52.98;OK
41;PR;Paraná;411900;Pérola d'Oeste;2023;2;11481034.11;9895721.44;86.19;OK
41;PR;Paraná;412065;Quarto Centenário;2023;2;7446094.37;7247947.67;97.34;OK
41;PR;Paraná;412070;Quatiguá;2023;2;13243343.36;9705815.06;73.29;OK
41;PR;Paraná;412080;Quatro Barras;2023;2;34987005.14;26344209.04;75.30;OK
41;PR;Paraná;412085;Quatro Pontes;2023;2;7940960.50;5670867.68;71.41;OK
41;PR;Paraná;412090;Quedas do Iguaçu;2023;2;35229486.70;25950671.71;73.66;OK
41;PR;Paraná;412100;Querência do Norte;2023;2;19713760.12;12109825.64;61.43;OK
41;PR;Paraná;412110;Quinta do Sol;2023;2;10233187.84;10233187.84;100.00;OK
41;PR;Paraná;412120;Quitandinha;2023;2;23633964.14;18607778.06;78.73;OK
41;PR;Paraná;412125;Ramilândia;2023;2;6642999.71;6637911.31;99.92;OK
41;PR;Paraná;412130;Rancho Alegre;2023;2;7902991.15;7759097.06;98.18;OK
41;PR;Paraná;412135;Rancho Alegre D'Oeste;2023;2;5557611.15;5557052.15;99.99;OK
41;PR;Paraná;412140;Realeza;2023;2;32912580.23;22715769.53;69.02;OK
41;PR;Paraná;412150;Rebouças;2023;2;18913339.75;7944006.84;42.00;OK
41;PR;Paraná;412160;Renascença;2023;2;13230245.66;11664204.86;88.16;OK
41;PR;Paraná;412170;Reserva;2023;2;33936447.15;22220418.21;65.48;OK
41;PR;Paraná;412175;Reserva do Iguaçu;2023;2;10199567.83;10199567.83;100.00;OK
41;PR;Paraná;412180;Ribeirão Claro;2023;2;13655999.39;11977522.72;87.71;OK
41;PR;Paraná;412190;Ribeirão do Pinhal;2023;2;12751985.77;12751985.77;100.00;OK
41;PR;Paraná;412200;Rio Azul;2023;2;18217349.63;12728301.01;69.87;OK
41;PR;Paraná;412210;Rio Bom;2023;2;6858516.78;4894871.88;71.37;OK
41;PR;Paraná;412215;Rio Bonito do Iguaçu;2023;2;17171704.59;13642952.75;79.45;OK
41;PR;Paraná;412217;Rio Branco do Ivaí;2023;2;9893800.79;7328380.72;74.07;OK
41;PR;Paraná;412220;Rio Branco do Sul;2023;2;37964573.19;21926523.19;57.76;OK
41;PR;Paraná;412230;Rio Negro;2023;2;48056815.74;19721994.90;41.04;OK
41;PR;Paraná;412240;Rolândia;2023;2;71085335.33;33659815.79;47.35;OK
41;PR;Paraná;412250;Roncador;2023;2;19760645.15;13189390.78;66.75;OK
41;PR;Paraná;412260;Rondon;2023;2;11749998.22;7726196.73;65.75;OK
41;PR;Paraná;412265;Rosário do Ivaí;2023;2;8758535.79;7858498.30;89.72;OK
41;PR;Paraná;412270;Sabáudia;2023;2;12442766.49;10971299.27;88.17;OK
41;PR;Paraná;412280;Salgado Filho;2023;2;6471848.77;5512328.14;85.17;OK
41;PR;Paraná;412290;Salto do Itararé;2023;2;7620685.37;7620685.37;100.00;OK
41;PR;Paraná;412300;Salto do Lontra;2023;2;31051050.86;22976326.87;74.00;OK
41;PR;Paraná;412310;Santa Amélia;2023;2;5872972.77;5872972.77;100.00;OK
41;PR;Paraná;412320;Santa Cecília do Pavão;2023;2;5109705.58;5109705.58;100.00;OK
41;PR;Paraná;412330;Santa Cruz de Monte Castelo;2023;2;13972540.76;8979874.49;64.27;OK
41;PR;Paraná;412340;Santa Fé;2023;2;13390824.05;10353666.77;77.32;OK
41;PR;Paraná;412350;Santa Helena;2023;2;63031473.65;30679326.83;48.67;OK
41;PR;Paraná;412360;Santa Inês;2023;2;4180431.81;2355206.48;56.34;OK
41;PR;Paraná;412370;Santa Isabel do Ivaí;2023;2;14677020.75;10203942.53;69.52;OK
41;PR;Paraná;412380;Santa Izabel do Oeste;2023;2;23211236.97;10242607.28;44.13;OK
41;PR;Paraná;412382;Santa Lúcia;2023;2;6966666.65;3226636.05;46.32;OK
41;PR;Paraná;412385;Santa Maria do Oeste;2023;2;15197481.31;12449523.09;81.92;OK
41;PR;Paraná;412390;Santa Mariana;2023;2;14052403.12;9173510.88;65.28;OK
41;PR;Paraná;412395;Santa Mônica;2023;2;9027164.65;7022713.20;77.80;OK
41;PR;Paraná;412402;Santa Tereza do Oeste;2023;2;15822829.69;13560875.22;85.70;OK
41;PR;Paraná;412405;Santa Terezinha de Itaipu;2023;2;38124222.74;15810911.10;41.47;OK
41;PR;Paraná;412400;Santana do Itararé;2023;2;11283303.78;4433113.00;39.29;OK
41;PR;Paraná;412410;Santo Antônio da Platina;2023;2;47656734.40;25655217.20;53.83;OK
41;PR;Paraná;412420;Santo Antônio do Caiuá;2023;2;8670596.54;2530751.48;29.19;OK
41;PR;Paraná;412430;Santo Antônio do Paraíso;2023;2;7010261.90;6474200.66;92.35;OK
41;PR;Paraná;412440;Santo Antônio do Sudoeste;2023;2;28969843.75;28880636.06;99.69;OK
41;PR;Paraná;412450;Santo Inácio;2023;2;13168985.12;10512308.52;79.83;OK
41;PR;Paraná;412620;Sapopema;2023;2;11516753.63;8578170.72;74.48;OK
41;PR;Paraná;412625;Sarandi;2023;2;75399321.91;32407762.33;42.98;OK
41;PR;Paraná;412627;Saudade do Iguaçu;2023;2;13666475.91;7933019.10;58.05;OK
41;PR;Paraná;412630;Sengés;2023;2;24697432.59;24039043.66;97.33;OK
41;PR;Paraná;412635;Serranópolis do Iguaçu;2023;2;9399864.61;5391041.88;57.35;OK
41;PR;Paraná;412640;Sertaneja;2023;2;13833754.05;9903310.04;71.59;OK
41;PR;Paraná;412650;Sertanópolis;2023;2;27011149.85;15179583.69;56.20;OK
41;PR;Paraná;412660;Siqueira Campos;2023;2;25074465.71;24585733.53;98.05;OK
41;PR;Paraná;412665;Sulina;2023;2;8252886.62;4991987.62;60.49;OK
41;PR;Paraná;412460;São Carlos do Ivaí;2023;2;11966317.69;5080860.08;42.46;OK
41;PR;Paraná;412470;São Jerônimo da Serra;2023;2;17208188.38;11492642.16;66.79;OK
41;PR;Paraná;412520;São Jorge d'Oeste;2023;2;20324014.21;19729603.54;97.08;OK
41;PR;Paraná;412530;São Jorge do Ivaí;2023;2;7948108.44;5634625.50;70.89;OK
41;PR;Paraná;412535;São Jorge do Patrocínio;2023;2;14401105.67;4760216.20;33.05;OK
41;PR;Paraná;412540;São José da Boa Vista;2023;2;10749576.97;3379303.40;31.44;OK
41;PR;Paraná;412545;São José das Palmeiras;2023;2;6876323.41;4754666.81;69.15;OK
41;PR;Paraná;412550;São José dos Pinhais;2023;2;484772877.99;119222833.33;24.59;OK
41;PR;Paraná;412480;São João;2023;2;20023778.50;19254071.06;96.16;OK
41;PR;Paraná;412490;São João do Caiuá;2023;2;9181267.84;4003854.35;43.61;OK
41;PR;Paraná;412500;São João do Ivaí;2023;2;15996031.28;10349597.26;64.70;OK
41;PR;Paraná;412510;São João do Triunfo;2023;2;16359036.03;11319470.95;69.19;OK
41;PR;Paraná;412555;São Manoel do Paraná;2023;2;5778960.78;4265572.61;73.81;OK
41;PR;Paraná;412560;São Mateus do Sul;2023;2;55009139.59;31984605.80;58.14;OK
41;PR;Paraná;412570;São Miguel do Iguaçu;2023;2;53170829.74;33145466.44;62.34;OK
41;PR;Paraná;412575;São Pedro do Iguaçu;2023;2;11885866.32;11881753.71;99.97;OK
41;PR;Paraná;412580;São Pedro do Ivaí;2023;2;14834713.60;9543625.34;64.33;OK
41;PR;Paraná;412590;São Pedro do Paraná;2023;2;8485225.21;7410752.68;87.34;OK
41;PR;Paraná;412600;São Sebastião da Amoreira;2023;2;12804060.28;10974200.47;85.71;OK
41;PR;Paraná;412610;São Tomé;2023;2;8971897.85;4992138.32;55.64;OK
41;PR;Paraná;412667;Tamarana;2023;2;22735329.21;11061019.32;48.65;OK
41;PR;Paraná;412670;Tamboara;2023;2;8771560.39;1836444.70;20.94;OK
41;PR;Paraná;412680;Tapejara;2023;2;18934504.96;14344064.10;75.76;OK
41;PR;Paraná;412690;Tapira;2023;2;11094272.82;10462382.72;94.30;OK
41;PR;Paraná;412700;Teixeira Soares;2023;2;14049643.07;11640498.21;82.85;OK
41;PR;Paraná;412710;Telêmaco Borba;2023;2;87900298.10;87029193.20;99.01;OK
41;PR;Paraná;412720;Terra Boa;2023;2;36875979.77;12579468.02;34.11;OK
41;PR;Paraná;412730;Terra Rica;2023;2;26882879.77;11418843.25;42.48;OK
41;PR;Paraná;412740;Terra Roxa;2023;2;24242828.17;8319271.92;34.32;OK
41;PR;Paraná;412750;Tibagi;2023;2;29666852.53;16427707.25;55.37;OK
41;PR;Paraná;412760;Tijucas do Sul;2023;2;24888959.55;24774897.00;99.54;OK
41;PR;Paraná;412770;Toledo;2023;2;217152553.07;109867338.85;50.59;OK
41;PR;Paraná;412780;Tomazina;2023;2;11758782.08;11758782.08;100.00;OK
41;PR;Paraná;412785;Três Barras do Paraná;2023;2;18867339.68;9179021.06;48.65;OK
41;PR;Paraná;412788;Tunas do Paraná;2023;2;9239675.68;5395516.06;58.40;OK
41;PR;Paraná;412790;Tuneiras do Oeste;2023;2;14585557.38;14585557.38;100.00;OK
41;PR;Paraná;412795;Tupãssi;2023;2;14056759.49;13469422.85;95.82;OK
41;PR;Paraná;412796;Turvo;2023;2;17367252.21;17025761.11;98.03;OK
41;PR;Paraná;412800;Ubiratã;2023;2;37516954.31;18719170.25;49.90;OK
41;PR;Paraná;412810;Umuarama;2023;2;252920586.75;54448236.19;21.53;OK
41;PR;Paraná;412830;Uniflor;2023;2;6166595.00;6060507.28;98.28;OK
41;PR;Paraná;412820;União da Vitória;2023;2;53391137.31;22807684.54;42.72;OK
41;PR;Paraná;412840;Uraí;2023;2;15391558.54;10817481.48;70.28;OK
41;PR;Paraná;412853;Ventania;2023;2;15778781.53;15778781.53;100.00;OK
41;PR;Paraná;412855;Vera Cruz do Oeste;2023;2;10602002.89;6280402.92;59.24;OK
41;PR;Paraná;412860;Verê;2023;2;12451093.46;12291437.19;98.72;OK
41;PR;Paraná;412865;Virmond;2023;2;6784466.44;6688041.87;98.58;OK
41;PR;Paraná;412870;Vitorino;2023;2;12617953.80;6524379.39;51.71;OK
41;PR;Paraná;412850;Wenceslau Braz;2023;2;21281964.51;20460122.75;96.14;OK
41;PR;Paraná;412880;Xambrê;2023;2;6707986.60;6707986.60;100.00;OK
41;PR;Paraná;410115;Ângulo;2023;2;7929692.39;7376777.15;93.03;OK
25;PB;Paraíba;250020;Aguiar;2023;2;8708576.67;6498911.32;74.63;OK
25;PB;Paraíba;250030;Alagoa Grande;2023;2;27964972.52;21794703.03;77.94;OK
25;PB;Paraíba;250040;Alagoa Nova;2023;2;23194091.30;17518873.59;75.53;OK
25;PB;Paraíba;250050;Alagoinha;2023;2;14694559.40;12710469.04;86.50;OK
25;PB;Paraíba;250053;Alcantil;2023;2;10623330.00;5617703.93;52.88;OK
25;PB;Paraíba;250057;Algodão de Jandaíra;2023;2;4607153.60;4274030.90;92.77;OK
25;PB;Paraíba;250060;Alhandra;2023;2;52662684.67;27232724.16;51.71;OK
25;PB;Paraíba;250073;Amparo;2023;2;5762946.65;3408874.33;59.15;OK
25;PB;Paraíba;250077;Aparecida;2023;2;8748307.93;5414198.92;61.89;OK
25;PB;Paraíba;250090;Arara;2023;2;13535466.13;11911551.23;88.00;OK
25;PB;Paraíba;250100;Araruna;2023;2;19598767.89;7020836.88;35.82;OK
25;PB;Paraíba;250080;Araçagi;2023;2;17111662.18;16137880.83;94.31;OK
25;PB;Paraíba;250110;Areia;2023;2;26058145.90;21232744.60;81.48;OK
25;PB;Paraíba;250115;Areia de Baraúnas;2023;2;6332493.50;5568270.06;87.93;OK
25;PB;Paraíba;250120;Areial;2023;2;7497355.40;6895083.82;91.97;OK
25;PB;Paraíba;250130;Aroeiras;2023;2;24949599.43;18647340.61;74.74;OK
25;PB;Paraíba;250135;Assunção;2023;2;7269650.78;1815980.86;24.98;OK
25;PB;Paraíba;250150;Bananeiras;2023;2;23917602.70;6148240.20;25.71;OK
25;PB;Paraíba;250153;Baraúna;2023;2;6696238.04;5727633.63;85.54;OK
25;PB;Paraíba;250160;Barra de Santa Rosa;2023;2;15290218.55;13447472.76;87.95;OK
25;PB;Paraíba;250157;Barra de Santana;2023;2;9655209.51;6450245.64;66.81;OK
25;PB;Paraíba;250170;Barra de São Miguel;2023;2;8317520.90;3477441.24;41.81;OK
25;PB;Paraíba;250180;Bayeux;2023;2;64478777.95;21271187.85;32.99;OK
25;PB;Paraíba;250140;Baía da Traição;2023;2;9255156.90;8814730.17;95.24;OK
25;PB;Paraíba;250190;Belém;2023;2;18964784.57;15978912.44;84.26;OK
25;PB;Paraíba;250200;Belém do Brejo do Cruz;2023;2;13461305.34;4710369.10;34.99;OK
25;PB;Paraíba;250205;Bernardino Batista;2023;2;6417361.21;2281774.85;35.56;OK
25;PB;Paraíba;250210;Boa Ventura;2023;2;8062143.55;5304704.73;65.80;OK
25;PB;Paraíba;250215;Boa Vista;2023;2;11129340.30;8699250.39;78.17;OK
25;PB;Paraíba;250220;Bom Jesus;2023;2;5930531.02;1162531.17;19.60;OK
25;PB;Paraíba;250230;Bom Sucesso;2023;2;9597144.07;245689.41;2.56;OK
25;PB;Paraíba;250240;Bonito de Santa Fé;2023;2;15389054.34;10239640.35;66.54;OK
25;PB;Paraíba;250250;Boqueirão;2023;2;25793900.86;10714546.38;41.54;OK
25;PB;Paraíba;250270;Borborema;2023;2;6022997.57;5876426.41;97.57;OK
25;PB;Paraíba;250280;Brejo do Cruz;2023;2;19164522.93;9133636.63;47.66;OK
25;PB;Paraíba;250290;Brejo dos Santos;2023;2;8607279.48;2097125.54;24.36;OK
25;PB;Paraíba;250300;Caaporã;2023;2;22929402.37;12115424.84;52.84;OK
25;PB;Paraíba;250310;Cabaceiras;2023;2;9048223.16;4716925.89;52.13;OK
25;PB;Paraíba;250320;Cabedelo;2023;2;109139847.65;23952722.29;21.95;OK
25;PB;Paraíba;250330;Cachoeira dos Índios;2023;2;10516966.85;5965824.92;56.73;OK
25;PB;Paraíba;250340;Cacimba de Areia;2023;2;7074034.53;7051534.53;99.68;OK
25;PB;Paraíba;250350;Cacimba de Dentro;2023;2;18938773.84;15656931.80;82.67;OK
25;PB;Paraíba;250355;Cacimbas;2023;2;10033934.86;9196944.10;91.66;OK
25;PB;Paraíba;250360;Caiçara;2023;2;8904665.60;7905673.27;88.78;OK
25;PB;Paraíba;250370;Cajazeiras;2023;2;61962366.27;35235619.39;56.87;OK
25;PB;Paraíba;250375;Cajazeirinhas;2023;2;6211548.13;5937151.89;95.58;OK
25;PB;Paraíba;250380;Caldas Brandão;2023;2;7813693.12;7604223.72;97.32;OK
25;PB;Paraíba;250390;Camalaú;2023;2;7971251.35;3910497.63;49.06;OK
25;PB;Paraíba;250400;Campina Grande;2023;2;590820193.29;97015177.51;16.42;OK
25;PB;Paraíba;250403;Capim;2023;2;8094301.67;7758558.01;95.85;OK
25;PB;Paraíba;250407;Caraúbas;2023;2;6823316.52;6716171.70;98.43;OK
25;PB;Paraíba;250410;Carrapateira;2023;2;6025120.81;5584941.02;92.69;OK
25;PB;Paraíba;250415;Casserengue;2023;2;8738825.65;8243417.08;94.33;OK
25;PB;Paraíba;250420;Catingueira;2023;2;8682121.96;7282882.58;83.88;OK
25;PB;Paraíba;250430;Catolé do Rocha;2023;2;34863609.66;4999745.23;14.34;OK
25;PB;Paraíba;250435;Caturité;2023;2;8041316.85;5128177.83;63.77;OK
25;PB;Paraíba;250440;Conceição;2023;2;26441648.00;17592919.10;66.53;OK
25;PB;Paraíba;250450;Condado;2023;2;8156839.69;3567390.81;43.73;OK
25;PB;Paraíba;250460;Conde;2023;2;40731143.62;14616654.45;35.89;OK
25;PB;Paraíba;250470;Congo;2023;2;9312610.80;8025317.23;86.18;OK
25;PB;Paraíba;250480;Coremas;2023;2;17978857.22;17163861.97;95.47;OK
25;PB;Paraíba;250485;Coxixola;2023;2;5106177.87;5013039.01;98.18;OK
25;PB;Paraíba;250490;Cruz do Espírito Santo;2023;2;19551515.27;15983506.34;81.75;OK
25;PB;Paraíba;250500;Cubati;2023;2;10347817.67;8707582.75;84.15;OK
25;PB;Paraíba;250520;Cuitegi;2023;2;6958292.18;6563304.08;94.32;OK
25;PB;Paraíba;250510;Cuité;2023;2;28057247.83;16676382.41;59.44;OK
25;PB;Paraíba;250523;Cuité de Mamanguape;2023;2;8935251.56;8659309.15;96.91;OK
25;PB;Paraíba;250530;Curral Velho;2023;2;4267515.01;2937029.91;68.82;OK
25;PB;Paraíba;250527;Curral de Cima;2023;2;8167275.70;7466129.74;91.42;OK
25;PB;Paraíba;250535;Damião;2023;2;6385063.68;6131823.83;96.03;OK
25;PB;Paraíba;250540;Desterro;2023;2;10839259.56;10627997.50;98.05;OK
25;PB;Paraíba;250560;Diamante;2023;2;8112429.11;6130316.08;75.57;OK
25;PB;Paraíba;250570;Dona Inês;2023;2;12180722.86;11770523.51;96.63;OK
25;PB;Paraíba;250580;Duas Estradas;2023;2;6235033.00;6050521.90;97.04;OK
25;PB;Paraíba;250590;Emas;2023;2;5595606.43;4840186.17;86.50;OK
25;PB;Paraíba;250600;Esperança;2023;2;39661836.11;20329402.71;51.26;OK
25;PB;Paraíba;250610;Fagundes;2023;2;12259258.47;10834392.34;88.38;OK
25;PB;Paraíba;250620;Frei Martinho;2023;2;6732198.57;6719592.62;99.81;OK
25;PB;Paraíba;250625;Gado Bravo;2023;2;9711699.68;8142250.16;83.84;OK
25;PB;Paraíba;250630;Guarabira;2023;2;55500037.76;40321176.41;72.65;OK
25;PB;Paraíba;250640;Gurinhém;2023;2;16713289.17;15560419.61;93.10;OK
25;PB;Paraíba;250650;Gurjão;2023;2;6718470.41;6019159.64;89.59;OK
25;PB;Paraíba;250660;Ibiara;2023;2;8211235.02;6779487.72;82.56;OK
25;PB;Paraíba;250260;Igaracy;2023;2;9019186.25;8176583.92;90.66;OK
25;PB;Paraíba;250670;Imaculada;2023;2;13262272.67;12150742.61;91.62;OK
25;PB;Paraíba;250680;Ingá;2023;2;27827182.48;17506402.35;62.91;OK
25;PB;Paraíba;250690;Itabaiana;2023;2;24387179.55;18322885.06;75.13;OK
25;PB;Paraíba;250700;Itaporanga;2023;2;24296349.78;14043388.07;57.80;OK
25;PB;Paraíba;250710;Itapororoca;2023;2;15799307.30;15225513.20;96.37;OK
25;PB;Paraíba;250720;Itatuba;2023;2;13565658.06;13176809.14;97.13;OK
25;PB;Paraíba;250730;Jacaraú;2023;2;19293923.92;17682742.33;91.65;OK
25;PB;Paraíba;250740;Jericó;2023;2;11378172.95;8385870.34;73.70;OK
25;PB;Paraíba;251365;Joca Claudino;2023;2;5337188.14;2896212.54;54.26;OK
25;PB;Paraíba;250750;João Pessoa;2023;2;1160883400.92;122122532.22;10.52;OK
25;PB;Paraíba;250760;Juarez Távora;2023;2;9117274.35;8873265.51;97.32;OK
25;PB;Paraíba;250770;Juazeirinho;2023;2;20640261.81;14792462.36;71.67;OK
25;PB;Paraíba;250780;Junco do Seridó;2023;2;11796814.48;9204810.22;78.03;OK
25;PB;Paraíba;250790;Juripiranga;2023;2;12098368.37;11628796.96;96.12;OK
25;PB;Paraíba;250800;Juru;2023;2;11486674.32;5378744.04;46.83;OK
25;PB;Paraíba;250810;Lagoa;2023;2;5414371.70;1806439.31;33.36;OK
25;PB;Paraíba;250830;Lagoa Seca;2023;2;29738751.12;19388288.78;65.20;OK
25;PB;Paraíba;250820;Lagoa de Dentro;2023;2;7702471.98;6887298.54;89.42;OK
25;PB;Paraíba;250840;Lastro;2023;2;6736950.73;2299849.44;34.14;OK
25;PB;Paraíba;250850;Livramento;2023;2;8533506.60;7683921.73;90.04;OK
25;PB;Paraíba;250855;Logradouro;2023;2;8412110.51;8097964.89;96.27;OK
25;PB;Paraíba;250860;Lucena;2023;2;15267407.95;14054598.18;92.06;OK
25;PB;Paraíba;250880;Malta;2023;2;7819866.17;6941667.36;88.77;OK
25;PB;Paraíba;250890;Mamanguape;2023;2;43318140.54;29082553.81;67.14;OK
25;PB;Paraíba;250900;Manaíra;2023;2;10092344.46;4946056.29;49.01;OK
25;PB;Paraíba;250905;Marcação;2023;2;8812640.38;8277185.89;93.92;OK
25;PB;Paraíba;250910;Mari;2023;2;17033583.92;14713855.76;86.38;OK
25;PB;Paraíba;250915;Marizópolis;2023;2;7912250.73;4285964.84;54.17;OK
25;PB;Paraíba;250920;Massaranduba;2023;2;16466012.38;15970723.69;96.99;OK
25;PB;Paraíba;250930;Mataraca;2023;2;11967016.72;10894966.27;91.04;OK
25;PB;Paraíba;250933;Matinhas;2023;2;6019203.95;5301654.83;88.08;OK
25;PB;Paraíba;250937;Mato Grosso;2023;2;7040756.59;6753575.49;95.92;OK
25;PB;Paraíba;250939;Maturéia;2023;2;7169797.73;5880597.34;82.02;OK
25;PB;Paraíba;250940;Mogeiro;2023;2;17786067.02;16379378.18;92.09;OK
25;PB;Paraíba;250950;Montadas;2023;2;6418335.69;6248838.96;97.36;OK
25;PB;Paraíba;250960;Monte Horebe;2023;2;8776341.13;8241593.40;93.91;OK
25;PB;Paraíba;250970;Monteiro;2023;2;45956665.47;19634780.49;42.72;OK
25;PB;Paraíba;250980;Mulungu;2023;2;9021580.03;3006931.04;33.33;OK
25;PB;Paraíba;250870;Mãe d'Água;2023;2;6196836.08;5184051.43;83.66;OK
25;PB;Paraíba;250990;Natuba;2023;2;11682383.09;6831671.22;58.48;OK
25;PB;Paraíba;251000;Nazarezinho;2023;2;9444327.31;9440822.31;99.96;OK
25;PB;Paraíba;251010;Nova Floresta;2023;2;10861492.96;3253625.16;29.96;OK
25;PB;Paraíba;251020;Nova Olinda;2023;2;10680768.86;5684711.13;53.22;OK
25;PB;Paraíba;251030;Nova Palmeira;2023;2;7554313.32;7510177.56;99.42;OK
25;PB;Paraíba;251040;Olho d'Água;2023;2;8019774.04;7219114.46;90.02;OK
25;PB;Paraíba;251050;Olivedos;2023;2;6664367.90;6629537.93;99.48;OK
25;PB;Paraíba;251060;Ouro Velho;2023;2;8006498.80;6270448.73;78.32;OK
25;PB;Paraíba;251065;Parari;2023;2;5525386.57;4925260.71;89.14;OK
25;PB;Paraíba;251070;Passagem;2023;2;5810383.91;5467310.94;94.10;OK
25;PB;Paraíba;251080;Patos;2023;2;107340840.03;52948526.36;49.33;OK
25;PB;Paraíba;251090;Paulista;2023;2;15313527.67;4659919.48;30.43;OK
25;PB;Paraíba;251100;Pedra Branca;2023;2;6690039.67;5516256.05;82.45;OK
25;PB;Paraíba;251110;Pedra Lavrada;2023;2;13869823.61;10539103.61;75.99;OK
25;PB;Paraíba;251120;Pedras de Fogo;2023;2;39995505.55;28683563.91;71.72;OK
25;PB;Paraíba;251272;Pedro Régis;2023;2;8658074.76;8371029.42;96.68;OK
25;PB;Paraíba;251130;Piancó;2023;2;39323027.53;9925161.98;25.24;OK
25;PB;Paraíba;251140;Picuí;2023;2;21293226.64;10736338.79;50.42;OK
25;PB;Paraíba;251150;Pilar;2023;2;14358789.82;13046291.95;90.86;OK
25;PB;Paraíba;251160;Pilões;2023;2;7296163.04;6679960.54;91.55;OK
25;PB;Paraíba;251170;Pilõezinhos;2023;2;6466876.92;6111464.30;94.50;OK
25;PB;Paraíba;251180;Pirpirituba;2023;2;9437458.98;8938687.41;94.71;OK
25;PB;Paraíba;251190;Pitimbu;2023;2;22231379.32;17631403.13;79.31;OK
25;PB;Paraíba;251200;Pocinhos;2023;2;20121878.84;7808883.38;38.81;OK
25;PB;Paraíba;251210;Pombal;2023;2;40566885.15;18846955.42;46.46;OK
25;PB;Paraíba;251203;Poço Dantas;2023;2;7556748.09;3255123.23;43.08;OK
25;PB;Paraíba;251207;Poço de José de Moura;2023;2;6497633.11;2608352.35;40.14;OK
25;PB;Paraíba;251220;Prata;2023;2;8374281.23;8161356.94;97.46;OK
25;PB;Paraíba;251230;Princesa Isabel;2023;2;38797230.20;23618629.67;60.88;OK
25;PB;Paraíba;251240;Puxinanã;2023;2;13040177.13;5950750.02;45.63;OK
25;PB;Paraíba;251250;Queimadas;2023;2;40000385.10;26036934.81;65.09;OK
25;PB;Paraíba;251260;Quixabá;2023;2;5481433.04;4499022.23;82.08;OK
25;PB;Paraíba;251270;Remígio;2023;2;18255038.84;12291698.97;67.33;OK
25;PB;Paraíba;251278;Riacho de Santo Antônio;2023;2;5200241.58;932392.07;17.93;OK
25;PB;Paraíba;251280;Riacho dos Cavalos;2023;2;8885136.17;6362677.07;71.61;OK
25;PB;Paraíba;251274;Riachão;2023;2;6234453.64;6095289.08;97.77;OK
25;PB;Paraíba;251275;Riachão do Bacamarte;2023;2;6584169.07;5982745.28;90.87;OK
25;PB;Paraíba;251276;Riachão do Poço;2023;2;6844341.23;6652332.88;97.19;OK
25;PB;Paraíba;251290;Rio Tinto;2023;2;24619435.95;23386907.12;94.99;OK
25;PB;Paraíba;251300;Salgadinho;2023;2;7996194.38;7890127.35;98.67;OK
25;PB;Paraíba;251310;Salgado de São Félix;2023;2;11221735.55;10872542.28;96.89;OK
25;PB;Paraíba;251315;Santa Cecília;2023;2;7504129.43;6757121.24;90.05;OK
25;PB;Paraíba;251320;Santa Cruz;2023;2;10828569.76;2784846.25;25.72;OK
25;PB;Paraíba;251330;Santa Helena;2023;2;8198985.42;3892598.39;47.48;OK
25;PB;Paraíba;251335;Santa Inês;2023;2;6934510.04;5847027.39;84.32;OK
25;PB;Paraíba;251340;Santa Luzia;2023;2;21358181.49;15403576.74;72.12;OK
25;PB;Paraíba;251370;Santa Rita;2023;2;113472024.16;77279087.41;68.10;OK
25;PB;Paraíba;251380;Santa Teresinha;2023;2;7296755.97;6177651.87;84.66;OK
25;PB;Paraíba;251350;Santana de Mangueira;2023;2;7268151.58;5955086.73;81.93;OK
25;PB;Paraíba;251360;Santana dos Garrotes;2023;2;9986939.95;6180135.72;61.88;OK
25;PB;Paraíba;251385;Santo André;2023;2;6984071.79;6071348.09;86.93;OK
25;PB;Paraíba;251530;Sapé;2023;2;57628357.14;42437484.32;73.64;OK
25;PB;Paraíba;251540;Seridó;2023;2;15357774.83;12415187.20;80.84;OK
25;PB;Paraíba;251550;Serra Branca;2023;2;20015048.75;14704228.80;73.47;OK
25;PB;Paraíba;251570;Serra Grande;2023;2;6739049.35;5873933.08;87.16;OK
25;PB;Paraíba;251580;Serra Redonda;2023;2;7688557.29;5674332.95;73.80;OK
25;PB;Paraíba;251560;Serra da Raiz;2023;2;5268480.26;4939174.41;93.75;OK
25;PB;Paraíba;251590;Serraria;2023;2;8336835.69;7670566.73;92.01;OK
25;PB;Paraíba;251593;Sertãozinho;2023;2;6325907.69;3549704.12;56.11;OK
25;PB;Paraíba;251597;Sobrado;2023;2;9842719.85;9230707.88;93.78;OK
25;PB;Paraíba;251610;Soledade;2023;2;20334949.70;8655005.29;42.56;OK
25;PB;Paraíba;251600;Solânea;2023;2;22202609.04;8834644.77;39.79;OK
25;PB;Paraíba;251615;Sossêgo;2023;2;6664064.61;6431694.63;96.51;OK
25;PB;Paraíba;251620;Sousa;2023;2;72177207.95;51757474.95;71.71;OK
25;PB;Paraíba;251630;Sumé;2023;2;31497918.76;8186614.42;25.99;OK
25;PB;Paraíba;251392;São Bentinho;2023;2;7902961.76;7600512.62;96.17;OK
25;PB;Paraíba;251390;São Bento;2023;2;39333291.59;29608176.82;75.28;OK
25;PB;Paraíba;251396;São Domingos de Pombal;2023;2;6190651.59;5418527.98;87.53;OK
25;PB;Paraíba;251394;São Domingos do Cariri;2023;2;6535095.56;2791932.54;42.72;OK
25;PB;Paraíba;251398;São Francisco;2023;2;6959191.60;3843177.72;55.22;OK
25;PB;Paraíba;251420;São José da Lagoa Tapada;2023;2;9740329.07;3318714.95;34.07;OK
25;PB;Paraíba;251430;São José de Caiana;2023;2;8348882.10;7857177.14;94.11;OK
25;PB;Paraíba;251440;São José de Espinharas;2023;2;7608311.83;6951449.26;91.37;OK
25;PB;Paraíba;251450;São José de Piranhas;2023;2;20877072.04;11977350.68;57.37;OK
25;PB;Paraíba;251455;São José de Princesa;2023;2;5655086.49;5500134.15;97.26;OK
25;PB;Paraíba;251460;São José do Bonfim;2023;2;5922783.38;5098819.55;86.09;OK
25;PB;Paraíba;251465;São José do Brejo do Cruz;2023;2;5131466.33;3402982.45;66.32;OK
25;PB;Paraíba;251470;São José do Sabugi;2023;2;11185516.02;11185516.02;100.00;OK
25;PB;Paraíba;251480;São José dos Cordeiros;2023;2;6304968.62;254890.09;4.04;OK
25;PB;Paraíba;251445;São José dos Ramos;2023;2;7707909.62;7191216.10;93.30;OK
25;PB;Paraíba;251400;São João do Cariri;2023;2;7445935.56;6404389.26;86.01;OK
25;PB;Paraíba;250070;São João do Rio do Peixe;2023;2;23773294.54;12128760.55;51.02;OK
25;PB;Paraíba;251410;São João do Tigre;2023;2;6249484.92;4644465.57;74.32;OK
25;PB;Paraíba;251490;São Mamede;2023;2;11205403.60;8387130.44;74.85;OK
25;PB;Paraíba;251500;São Miguel de Taipu;2023;2;10402924.89;9491419.55;91.24;OK
25;PB;Paraíba;251510;São Sebastião de Lagoa de Roça;2023;2;11298550.88;9158111.21;81.06;OK
25;PB;Paraíba;251520;São Sebastião do Umbuzeiro;2023;2;5534042.91;5534042.91;100.00;OK
25;PB;Paraíba;251640;Tacima;2023;2;11096693.27;4799298.10;43.25;OK
25;PB;Paraíba;251650;Taperoá;2023;2;18094816.76;12021924.71;66.44;OK
25;PB;Paraíba;251660;Tavares;2023;2;17575236.49;14754561.43;83.95;OK
25;PB;Paraíba;251670;Teixeira;2023;2;18199646.60;8075725.32;44.37;OK
25;PB;Paraíba;251675;Tenório;2023;2;6045089.54;5395021.19;89.25;OK
25;PB;Paraíba;251680;Triunfo;2023;2;13180139.41;8979370.65;68.13;OK
25;PB;Paraíba;251690;Uiraúna;2023;2;21263515.12;16011534.86;75.30;OK
25;PB;Paraíba;251700;Umbuzeiro;2023;2;12034130.03;5887880.56;48.93;OK
25;PB;Paraíba;251720;Vieirópolis;2023;2;7992339.04;4624928.04;57.87;OK
25;PB;Paraíba;250550;Vista Serrana;2023;2;7189410.44;6418162.80;89.27;OK
25;PB;Paraíba;251710;Várzea;2023;2;5381767.32;4898924.20;91.03;OK
25;PB;Paraíba;251740;Zabelê;2023;2;5791764.44;2414517.33;41.69;OK
25;PB;Paraíba;250010;Água Branca;2023;2;11970685.73;7190680.29;60.07;OK
15;PA;Pará;150010;Abaetetuba;2023;2;99480789.19;545.00;0.00;OK
15;PA;Pará;150013;Abel Figueiredo;2023;2;7201340.44;3359677.55;46.65;OK
15;PA;Pará;150020;Acará;2023;2;43439804.37;21665509.90;49.87;OK
15;PA;Pará;150030;Afuá;2023;2;25916029.93;6625263.59;25.56;OK
15;PA;Pará;150040;Alenquer;2023;2;27140655.43;12816396.58;47.22;OK
15;PA;Pará;150050;Almeirim;2023;2;42316116.62;9400456.82;22.21;OK
15;PA;Pará;150060;Altamira;2023;2;116125865.27;39066307.80;33.64;OK
15;PA;Pará;150070;Anajás;2023;2;21783979.54;9888996.24;45.40;OK
15;PA;Pará;150080;Ananindeua;2023;2;342321531.83;127981633.93;37.39;OK
15;PA;Pará;150085;Anapu;2023;2;20175031.15;6927667.65;34.34;OK
15;PA;Pará;150090;Augusto Corrêa;2023;2;31680667.44;27855596.20;87.93;OK
15;PA;Pará;150095;Aurora do Pará;2023;2;24515770.03;12119278.50;49.43;OK
15;PA;Pará;150100;Aveiro;2023;2;10074123.14;4836875.39;48.01;OK
15;PA;Pará;150110;Bagre;2023;2;21428200.09;6384877.67;29.80;OK
15;PA;Pará;150120;Baião;2023;2;9098610.43;3740012.78;41.11;OK
15;PA;Pará;150125;Bannach;2023;2;7770966.76;1970985.72;25.36;OK
15;PA;Pará;150130;Barcarena;2023;2;158261720.34;51179182.95;32.34;OK
15;PA;Pará;150145;Belterra;2023;2;16073386.80;9028153.46;56.17;OK
15;PA;Pará;150140;Belém;2023;2;1363561003.14;68411854.00;5.02;OK
15;PA;Pará;150150;Benevides;2023;2;49894125.56;28029083.99;56.18;OK
15;PA;Pará;150157;Bom Jesus do Tocantins;2023;2;18629939.30;6019842.69;32.31;OK
15;PA;Pará;150160;Bonito;2023;2;19416645.20;10274481.82;52.92;OK
15;PA;Pará;150170;Bragança;2023;2;112438812.27;71126390.05;63.26;OK
15;PA;Pará;150172;Brasil Novo;2023;2;22570646.89;9528371.04;42.22;OK
15;PA;Pará;150175;Brejo Grande do Araguaia;2023;2;10255766.22;1416533.19;13.81;OK
15;PA;Pará;150178;Breu Branco;2023;2;45818288.92;18657627.33;40.72;OK
15;PA;Pará;150180;Breves;2023;2;74400542.54;35681040.91;47.96;OK
15;PA;Pará;150190;Bujaru;2023;2;20711295.50;12831985.05;61.96;OK
15;PA;Pará;150200;Cachoeira do Arari;2023;2;13826947.58;11294432.97;81.68;OK
15;PA;Pará;150195;Cachoeira do Piriá;2023;2;21742676.70;12046559.09;55.41;OK
15;PA;Pará;150210;Cametá;2023;2;86541656.68;40501840.54;46.80;OK
15;PA;Pará;150215;Canaã dos Carajás;2023;2;271037814.90;73135904.42;26.98;OK
15;PA;Pará;150220;Capanema;2023;2;62604043.85;30966095.12;49.46;OK
15;PA;Pará;150230;Capitão Poço;2023;2;39336203.33;30193253.17;76.76;OK
15;PA;Pará;150240;Castanhal;2023;2;195351644.29;61025617.30;31.24;OK
15;PA;Pará;150250;Chaves;2023;2;17257277.68;16925762.62;98.08;OK
15;PA;Pará;150260;Colares;2023;2;10612837.68;3865840.82;36.43;OK
15;PA;Pará;150270;Conceição do Araguaia;2023;2;47123157.45;33898631.55;71.94;OK
15;PA;Pará;150275;Concórdia do Pará;2023;2;22017904.40;14009328.30;63.63;OK
15;PA;Pará;150276;Cumaru do Norte;2023;2;16628201.01;9194169.77;55.29;OK
15;PA;Pará;150277;Curionópolis;2023;2;31995553.52;20456207.38;63.93;OK
15;PA;Pará;150280;Curralinho;2023;2;33141965.72;12285171.17;37.07;OK
15;PA;Pará;150285;Curuá;2023;2;10648210.63;10177784.64;95.58;OK
15;PA;Pará;150290;Curuçá;2023;2;27046115.29;11647496.47;43.07;OK
15;PA;Pará;150293;Dom Eliseu;2023;2;39441736.30;10125582.33;25.67;OK
15;PA;Pará;150295;Eldorado dos Carajás;2023;2;29547693.37;10042847.09;33.99;OK
15;PA;Pará;150300;Faro;2023;2;11246513.42;8911772.54;79.24;OK
15;PA;Pará;150304;Floresta do Araguaia;2023;2;22651093.81;6130277.19;27.06;OK
15;PA;Pará;150307;Garrafão do Norte;2023;2;22000945.73;21220468.93;96.45;OK
15;PA;Pará;150309;Goianésia do Pará;2023;2;32466316.87;9312246.56;28.68;OK
15;PA;Pará;150310;Gurupá;2023;2;34991115.07;12871497.25;36.79;OK
15;PA;Pará;150320;Igarapé-Açu;2023;2;29756506.23;14159191.04;47.58;OK
15;PA;Pará;150330;Igarapé-Miri;2023;2;39828299.41;23744969.34;59.62;OK
15;PA;Pará;150340;Inhangapi;2023;2;12238733.00;4576368.02;37.39;OK
15;PA;Pará;150345;Ipixuna do Pará;2023;2;45198348.45;25213730.68;55.78;OK
15;PA;Pará;150350;Irituia;2023;2;22439856.63;15011251.39;66.90;OK
15;PA;Pará;150360;Itaituba;2023;2;95803362.12;36282661.61;37.87;OK
15;PA;Pará;150370;Itupiranga;2023;2;39514992.86;13784048.78;34.88;OK
15;PA;Pará;150375;Jacareacanga;2023;2;32522022.51;14457094.95;44.45;OK
15;PA;Pará;150380;Jacundá;2023;2;43503433.26;14846928.84;34.13;OK
15;PA;Pará;150390;Juruti;2023;2;61446525.35;28065551.36;45.67;OK
15;PA;Pará;150400;Limoeiro do Ajuru;2023;2;20132029.38;17827471.89;88.55;OK
15;PA;Pará;150410;Magalhães Barata;2023;2;7964864.45;2395295.37;30.07;OK
15;PA;Pará;150420;Marabá;2023;2;348162457.53;85140645.25;24.45;OK
15;PA;Pará;150430;Maracanã;2023;2;28585116.07;13136111.85;45.95;OK
15;PA;Pará;150440;Marapanim;2023;2;22189350.99;13186186.60;59.43;OK
15;PA;Pará;150442;Marituba;2023;2;105477939.72;34909746.62;33.10;OK
15;PA;Pará;150445;Medicilândia;2023;2;28454877.49;15558006.84;54.68;OK
15;PA;Pará;150450;Melgaço;2023;2;18415185.43;13770034.24;74.78;OK
15;PA;Pará;150460;Mocajuba;2023;2;30590617.49;9280824.33;30.34;OK
15;PA;Pará;150470;Moju;2023;2;48898697.99;33891206.98;69.31;OK
15;PA;Pará;150475;Mojuí dos Campos;2023;2;15935517.96;15401842.37;96.65;OK
15;PA;Pará;150480;Monte Alegre;2023;2;66607824.54;20032328.81;30.08;OK
15;PA;Pará;150490;Muaná;2023;2;28502872.99;13958343.43;48.97;OK
15;PA;Pará;150405;Mãe do Rio;2023;2;26045801.25;16726394.20;64.22;OK
15;PA;Pará;150495;Nova Esperança do Piriá;2023;2;19463506.31;9518964.30;48.91;OK
15;PA;Pará;150497;Nova Ipixuna;2023;2;15465423.43;6104930.41;39.47;OK
15;PA;Pará;150500;Nova Timboteua;2023;2;13529421.53;8144850.01;60.20;OK
15;PA;Pará;150503;Novo Progresso;2023;2;39483250.96;12159747.29;30.80;OK
15;PA;Pará;150506;Novo Repartimento;2023;2;66326922.64;30560346.08;46.08;OK
15;PA;Pará;150520;Oeiras do Pará;2023;2;24912532.20;10959111.33;43.99;OK
15;PA;Pará;150530;Oriximiná;2023;2;85701096.78;16155448.31;18.85;OK
15;PA;Pará;150543;Ourilândia do Norte;2023;2;38089815.26;20263986.21;53.20;OK
15;PA;Pará;150540;Ourém;2023;2;19004000.53;10977260.37;57.76;OK
15;PA;Pará;150548;Pacajá;2023;2;36988279.95;12171729.74;32.91;OK
15;PA;Pará;150549;Palestina do Pará;2023;2;9111431.97;2511902.86;27.57;OK
15;PA;Pará;150550;Paragominas;2023;2;118611526.29;33336727.22;28.11;OK
15;PA;Pará;150553;Parauapebas;2023;2;484323332.99;128573358.67;26.55;OK
15;PA;Pará;150555;Pau D'Arco;2023;2;11434183.27;6830624.05;59.74;OK
15;PA;Pará;150560;Peixe-Boi;2023;2;6996735.56;3837172.54;54.84;OK
15;PA;Pará;150563;Piçarra;2023;2;13050444.54;3534504.66;27.08;OK
15;PA;Pará;150565;Placas;2023;2;20946308.10;9635047.02;46.00;OK
15;PA;Pará;150570;Ponta de Pedras;2023;2;18828010.69;8846499.50;46.99;OK
15;PA;Pará;150580;Portel;2023;2;47547713.86;21185750.46;44.56;OK
15;PA;Pará;150590;Porto de Moz;2023;2;28662090.80;20104297.97;70.14;OK
15;PA;Pará;150600;Prainha;2023;2;14017954.98;13096139.47;93.42;OK
15;PA;Pará;150610;Primavera;2023;2;12515932.96;5505286.90;43.99;OK
15;PA;Pará;150611;Quatipuru;2023;2;12077559.61;6013278.31;49.79;OK
15;PA;Pará;150613;Redenção;2023;2;56262644.80;34882850.31;62.00;OK
15;PA;Pará;150616;Rio Maria;2023;2;23391602.24;7690716.65;32.88;OK
15;PA;Pará;150618;Rondon do Pará;2023;2;35589111.71;10527479.11;29.58;OK
15;PA;Pará;150619;Rurópolis;2023;2;34603524.55;16025879.35;46.31;OK
15;PA;Pará;150620;Salinópolis;2023;2;39319542.73;29261358.33;74.42;OK
15;PA;Pará;150630;Salvaterra;2023;2;15612406.75;4661789.47;29.86;OK
15;PA;Pará;150635;Santa Bárbara do Pará;2023;2;13629713.03;6120100.86;44.90;OK
15;PA;Pará;150640;Santa Cruz do Arari;2023;2;9570952.54;2816233.35;29.42;OK
15;PA;Pará;150650;Santa Isabel do Pará;2023;2;41786469.95;21830985.75;52.24;OK
15;PA;Pará;150655;Santa Luzia do Pará;2023;2;17315595.82;8479632.30;48.97;OK
15;PA;Pará;150658;Santa Maria das Barreiras;2023;2;29405505.61;7461912.20;25.38;OK
15;PA;Pará;150660;Santa Maria do Pará;2023;2;17461800.60;5595372.13;32.04;OK
15;PA;Pará;150670;Santana do Araguaia;2023;2;46002294.85;11302067.27;24.57;OK
15;PA;Pará;150680;Santarém;2023;2;267269872.04;65413852.79;24.47;OK
15;PA;Pará;150690;Santarém Novo;2023;2;10511986.22;3251443.20;30.93;OK
15;PA;Pará;150700;Santo Antônio do Tauá;2023;2;15264313.79;7384467.15;48.38;OK
15;PA;Pará;150775;Sapucaia;2023;2;9242997.31;3433222.58;37.14;OK
15;PA;Pará;150780;Senador José Porfírio;2023;2;13691707.67;4968837.39;36.29;OK
15;PA;Pará;150790;Soure;2023;2;16491282.13;8142860.97;49.38;OK
15;PA;Pará;150710;São Caetano de Odivelas;2023;2;18790362.51;10568781.24;56.25;OK
15;PA;Pará;150715;São Domingos do Araguaia;2023;2;24097635.18;9485467.90;39.36;OK
15;PA;Pará;150720;São Domingos do Capim;2023;2;27729444.99;16447768.09;59.32;OK
15;PA;Pará;150740;São Francisco do Pará;2023;2;13249278.21;7842215.19;59.19;OK
15;PA;Pará;150730;São Félix do Xingu;2023;2;70377580.49;20374619.58;28.95;OK
15;PA;Pará;150745;São Geraldo do Araguaia;2023;2;28913432.97;9376943.43;32.43;OK
15;PA;Pará;150746;São João da Ponta;2023;2;6351703.95;2337385.23;36.80;OK
15;PA;Pará;150747;São João de Pirabas;2023;2;19534220.66;6717848.30;34.39;OK
15;PA;Pará;150750;São João do Araguaia;2023;2;14560940.32;10244092.12;70.35;OK
15;PA;Pará;150760;São Miguel do Guamá;2023;2;47141162.05;18218562.50;38.65;OK
15;PA;Pará;150770;São Sebastião da Boa Vista;2023;2;23896540.08;9078655.18;37.99;OK
15;PA;Pará;150795;Tailândia;2023;2;57336313.23;20309866.99;35.42;OK
15;PA;Pará;150796;Terra Alta;2023;2;10453370.20;6612749.57;63.26;OK
15;PA;Pará;150797;Terra Santa;2023;2;12908513.15;7229575.68;56.01;OK
15;PA;Pará;150800;Tomé-Açu;2023;2;56739949.30;16756576.22;29.53;OK
15;PA;Pará;150803;Tracuateua;2023;2;20513855.89;12342520.70;60.17;OK
15;PA;Pará;150805;Trairão;2023;2;15357061.88;6403744.02;41.70;OK
15;PA;Pará;150808;Tucumã;2023;2;44269666.64;17104596.55;38.64;OK
15;PA;Pará;150810;Tucuruí;2023;2;106662436.15;28529275.14;26.75;OK
15;PA;Pará;150812;Ulianópolis;2023;2;49045892.50;10480675.67;21.37;OK
15;PA;Pará;150815;Uruará;2023;2;47755391.52;8451990.31;17.70;OK
15;PA;Pará;150820;Vigia;2023;2;35942223.00;17843173.96;49.64;OK
15;PA;Pará;150830;Viseu;2023;2;37316849.92;30409512.28;81.49;OK
15;PA;Pará;150835;Vitória do Xingu;2023;2;44483344.03;29508937.06;66.34;OK
15;PA;Pará;150840;Xinguara;2023;2;52078053.60;17968238.50;34.50;OK
15;PA;Pará;150034;Água Azul do Norte;2023;2;25641189.51;10720097.00;41.81;OK
15;PA;Pará;150510;Óbidos;2023;2;36543370.39;13173694.80;36.05;OK
26;PE;Pernambuco;260005;Abreu e Lima;2023;2;80086899.68;44728628.36;55.85;OK
26;PE;Pernambuco;260010;Afogados da Ingazeira;2023;2;34784816.33;12478464.41;35.87;OK
26;PE;Pernambuco;260020;Afrânio;2023;2;22999667.64;7909971.32;34.39;OK
26;PE;Pernambuco;260030;Agrestina;2023;2;24992249.49;11337477.89;45.36;OK
26;PE;Pernambuco;260060;Alagoinha;2023;2;18415414.45;7400535.84;40.19;OK
26;PE;Pernambuco;260070;Aliança;2023;2;36987278.25;18520882.57;50.07;OK
26;PE;Pernambuco;260080;Altinho;2023;2;19211550.73;7986462.32;41.57;OK
26;PE;Pernambuco;260090;Amaraji;2023;2;18594541.99;5716173.48;30.74;OK
26;PE;Pernambuco;260100;Angelim;2023;2;13866818.38;5293181.14;38.17;OK
26;PE;Pernambuco;260110;Araripina;2023;2;60388282.35;27377345.66;45.34;OK
26;PE;Pernambuco;260105;Araçoiaba;2023;2;20714605.95;6175918.51;29.81;OK
26;PE;Pernambuco;260120;Arcoverde;2023;2;55769887.45;23234105.38;41.66;OK
26;PE;Pernambuco;260130;Barra de Guabiraba;2023;2;19472664.42;5434460.32;27.91;OK
26;PE;Pernambuco;260140;Barreiros;2023;2;47245289.35;19703803.32;41.71;OK
26;PE;Pernambuco;260170;Belo Jardim;2023;2;53691306.38;17329834.60;32.28;OK
26;PE;Pernambuco;260150;Belém de Maria;2023;2;12922722.07;3612899.32;27.96;OK
26;PE;Pernambuco;260160;Belém de São Francisco;2023;2;20703586.39;3444582.11;16.64;OK
26;PE;Pernambuco;260180;Betânia;2023;2;14990278.57;5020667.54;33.49;OK
26;PE;Pernambuco;260190;Bezerros;2023;2;63927778.47;18692646.78;29.24;OK
26;PE;Pernambuco;260200;Bodocó;2023;2;32249617.24;19399328.19;60.15;OK
26;PE;Pernambuco;260210;Bom Conselho;2023;2;49630391.26;19511782.40;39.31;OK
26;PE;Pernambuco;260220;Bom Jardim;2023;2;30170129.36;15522965.28;51.45;OK
26;PE;Pernambuco;260230;Bonito;2023;2;26350755.51;9926340.32;37.67;OK
26;PE;Pernambuco;260250;Brejinho;2023;2;11745305.91;9168917.11;78.06;OK
26;PE;Pernambuco;260260;Brejo da Madre de Deus;2023;2;42686563.34;10749296.65;25.18;OK
26;PE;Pernambuco;260240;Brejão;2023;2;6633398.30;834641.25;12.58;OK
26;PE;Pernambuco;260270;Buenos Aires;2023;2;16366557.78;6944179.89;42.43;OK
26;PE;Pernambuco;260280;Buíque;2023;2;40716844.79;3869244.34;9.50;OK
26;PE;Pernambuco;260290;Cabo de Santo Agostinho;2023;2;214086666.98;47281470.37;22.09;OK
26;PE;Pernambuco;260300;Cabrobó;2023;2;34924989.79;20249727.33;57.98;OK
26;PE;Pernambuco;260310;Cachoeirinha;2023;2;20378027.63;6915526.34;33.94;OK
26;PE;Pernambuco;260320;Caetés;2023;2;27446661.11;15687298.27;57.16;OK
26;PE;Pernambuco;260340;Calumbi;2023;2;10105408.38;5991280.94;59.29;OK
26;PE;Pernambuco;260330;Calçado;2023;2;13391830.55;6725276.17;50.22;OK
26;PE;Pernambuco;260345;Camaragibe;2023;2;133351005.82;31602129.70;23.70;OK
26;PE;Pernambuco;260350;Camocim de São Félix;2023;2;18759299.35;6558669.75;34.96;OK
26;PE;Pernambuco;260360;Camutanga;2023;2;11470568.46;3864330.39;33.69;OK
26;PE;Pernambuco;260370;Canhotinho;2023;2;25324499.10;8731614.76;34.48;OK
26;PE;Pernambuco;260380;Capoeiras;2023;2;23826488.86;9739245.30;40.88;OK
26;PE;Pernambuco;260392;Carnaubeira da Penha;2023;2;13174517.14;8370119.96;63.53;OK
26;PE;Pernambuco;260390;Carnaíba;2023;2;22889096.28;9032915.07;39.46;OK
26;PE;Pernambuco;260400;Carpina;2023;2;61429464.99;17880468.63;29.11;OK
26;PE;Pernambuco;260410;Caruaru;2023;2;284550553.02;91274613.77;32.08;OK
26;PE;Pernambuco;260415;Casinhas;2023;2;18735206.59;8811755.75;47.03;OK
26;PE;Pernambuco;260420;Catende;2023;2;32285403.69;11738706.40;36.36;OK
26;PE;Pernambuco;260430;Cedro;2023;2;15221111.57;14599323.93;95.91;OK
26;PE;Pernambuco;260450;Chã Grande;2023;2;25108760.67;11422325.93;45.49;OK
26;PE;Pernambuco;260440;Chã de Alegria;2023;2;12959321.34;6386697.87;49.28;OK
26;PE;Pernambuco;260460;Condado;2023;2;23643492.90;11654690.40;49.29;OK
26;PE;Pernambuco;260470;Correntes;2023;2;18617423.89;5536477.30;29.74;OK
26;PE;Pernambuco;260480;Cortês;2023;2;19392213.11;4894794.22;25.24;OK
26;PE;Pernambuco;260490;Cumaru;2023;2;17323393.10;8568647.88;49.46;OK
26;PE;Pernambuco;260500;Cupira;2023;2;22009728.57;11048031.87;50.20;OK
26;PE;Pernambuco;260510;Custódia;2023;2;33972082.56;15516980.85;45.68;OK
26;PE;Pernambuco;260515;Dormentes;2023;2;26258082.71;21245067.02;80.91;OK
26;PE;Pernambuco;260520;Escada;2023;2;45001869.44;22583461.68;50.18;OK
26;PE;Pernambuco;260530;Exu;2023;2;28814084.92;19942187.92;69.21;OK
26;PE;Pernambuco;260540;Feira Nova;2023;2;19509185.78;7703598.73;39.49;OK
26;PE;Pernambuco;260550;Ferreiros;2023;2;13973791.80;6877439.98;49.22;OK
26;PE;Pernambuco;260560;Flores;2023;2;18564897.81;9304642.10;50.12;OK
26;PE;Pernambuco;260570;Floresta;2023;2;36458151.85;14020373.48;38.46;OK
26;PE;Pernambuco;260580;Frei Miguelinho;2023;2;15986417.92;5079912.60;31.78;OK
26;PE;Pernambuco;260590;Gameleira;2023;2;21785097.67;8047396.70;36.94;OK
26;PE;Pernambuco;260600;Garanhuns;2023;2;99856657.80;47502142.60;47.57;OK
26;PE;Pernambuco;260610;Glória do Goitá;2023;2;29604914.25;9608037.37;32.45;OK
26;PE;Pernambuco;260620;Goiana;2023;2;166190548.61;41798054.69;25.15;OK
26;PE;Pernambuco;260630;Granito;2023;2;10355345.50;3889136.87;37.56;OK
26;PE;Pernambuco;260640;Gravatá;2023;2;76542143.83;24966607.72;32.62;OK
26;PE;Pernambuco;260650;Iati;2023;2;21021850.59;12239252.30;58.22;OK
26;PE;Pernambuco;260660;Ibimirim;2023;2;25478239.56;9551707.59;37.49;OK
26;PE;Pernambuco;260670;Ibirajuba;2023;2;11056006.11;5355447.18;48.44;OK
26;PE;Pernambuco;260680;Igarassu;2023;2;90839277.01;32375913.48;35.64;OK
26;PE;Pernambuco;260690;Iguaraci;2023;2;16313827.37;6617195.86;40.56;OK
26;PE;Pernambuco;260760;Ilha de Itamaracá;2023;2;23222566.99;7151617.97;30.80;OK
26;PE;Pernambuco;260700;Inajá;2023;2;22947284.46;9243999.91;40.28;OK
26;PE;Pernambuco;260710;Ingazeira;2023;2;9092983.73;1726656.81;18.99;OK
26;PE;Pernambuco;260720;Ipojuca;2023;2;272629161.10;59171370.20;21.70;OK
26;PE;Pernambuco;260730;Ipubi;2023;2;33885822.08;23176196.94;68.39;OK
26;PE;Pernambuco;260740;Itacuruba;2023;2;8546714.10;3360321.28;39.32;OK
26;PE;Pernambuco;260765;Itambé;2023;2;33840122.78;10200436.56;30.14;OK
26;PE;Pernambuco;260770;Itapetim;2023;2;19571121.77;8047452.02;41.12;OK
26;PE;Pernambuco;260775;Itapissuma;2023;2;40852463.38;7210017.08;17.65;OK
26;PE;Pernambuco;260780;Itaquitinga;2023;2;16223377.41;6331974.71;39.03;OK
26;PE;Pernambuco;260750;Itaíba;2023;2;24947702.72;12168495.43;48.78;OK
26;PE;Pernambuco;260790;Jaboatão dos Guararapes;2023;2;414412825.48;111512664.15;26.91;OK
26;PE;Pernambuco;260795;Jaqueira;2023;2;16122703.17;6199882.14;38.45;OK
26;PE;Pernambuco;260800;Jataúba;2023;2;23258914.04;8084561.38;34.76;OK
26;PE;Pernambuco;260805;Jatobá;2023;2;22277252.89;3733008.17;16.76;OK
26;PE;Pernambuco;260820;Joaquim Nabuco;2023;2;14531927.48;5866230.09;40.37;OK
26;PE;Pernambuco;260810;João Alfredo;2023;2;32861451.64;14084517.39;42.86;OK
26;PE;Pernambuco;260825;Jucati;2023;2;15223905.79;7042652.23;46.26;OK
26;PE;Pernambuco;260830;Jupi;2023;2;19776338.44;8414900.08;42.55;OK
26;PE;Pernambuco;260840;Jurema;2023;2;16264348.91;5841167.56;35.91;OK
26;PE;Pernambuco;260875;Lagoa Grande;2023;2;29599479.15;10755344.42;36.34;OK
26;PE;Pernambuco;260845;Lagoa do Carro;2023;2;19765423.55;6299001.48;31.87;OK
26;PE;Pernambuco;260850;Lagoa do Itaenga;2023;2;24452546.74;8343051.65;34.12;OK
26;PE;Pernambuco;260860;Lagoa do Ouro;2023;2;20734846.46;10888071.51;52.51;OK
26;PE;Pernambuco;260870;Lagoa dos Gatos;2023;2;15548978.27;6239289.65;40.13;OK
26;PE;Pernambuco;260880;Lajedo;2023;2;36374694.41;11381934.79;31.29;OK
26;PE;Pernambuco;260890;Limoeiro;2023;2;48884862.90;20243214.76;41.41;OK
26;PE;Pernambuco;260900;Macaparana;2023;2;25044598.63;12361551.98;49.36;OK
26;PE;Pernambuco;260910;Machados;2023;2;17627645.91;6513065.05;36.95;OK
26;PE;Pernambuco;260915;Manari;2023;2;21435166.66;13776424.89;64.27;OK
26;PE;Pernambuco;260920;Maraial;2023;2;12901134.68;5723837.71;44.37;OK
26;PE;Pernambuco;260930;Mirandiba;2023;2;15288995.35;5252974.00;34.36;OK
26;PE;Pernambuco;261430;Moreilândia;2023;2;14580407.89;8019345.37;55.00;OK
26;PE;Pernambuco;260940;Moreno;2023;2;48249662.56;21773716.18;45.13;OK
26;PE;Pernambuco;260950;Nazaré da Mata;2023;2;23914121.70;11188906.00;46.79;OK
26;PE;Pernambuco;260960;Olinda;2023;2;228298879.11;54154594.29;23.72;OK
26;PE;Pernambuco;260970;Orobó;2023;2;25886258.05;20670433.37;79.85;OK
26;PE;Pernambuco;260980;Orocó;2023;2;21075918.01;7827552.68;37.14;OK
26;PE;Pernambuco;260990;Ouricuri;2023;2;49066237.31;44625092.47;90.95;OK
26;PE;Pernambuco;261000;Palmares;2023;2;47694786.34;17671616.77;37.05;OK
26;PE;Pernambuco;261010;Palmeirina;2023;2;10061789.68;3739447.79;37.16;OK
26;PE;Pernambuco;261020;Panelas;2023;2;27095614.57;10541723.57;38.91;OK
26;PE;Pernambuco;261030;Paranatama;2023;2;19178986.39;6835712.94;35.64;OK
26;PE;Pernambuco;261040;Parnamirim;2023;2;20504399.31;12583208.39;61.37;OK
26;PE;Pernambuco;261050;Passira;2023;2;27002288.32;7272203.04;26.93;OK
26;PE;Pernambuco;261060;Paudalho;2023;2;53117115.30;17098402.44;32.19;OK
26;PE;Pernambuco;261070;Paulista;2023;2;165731202.17;64664115.94;39.02;OK
26;PE;Pernambuco;261080;Pedra;2023;2;22530249.95;9427293.99;41.84;OK
26;PE;Pernambuco;261090;Pesqueira;2023;2;55178655.65;16710074.34;30.28;OK
26;PE;Pernambuco;261110;Petrolina;2023;2;258123545.82;117830339.23;45.65;OK
26;PE;Pernambuco;261100;Petrolândia;2023;2;44486958.85;14132212.10;31.77;OK
26;PE;Pernambuco;261130;Pombos;2023;2;23907510.93;4058956.04;16.98;OK
26;PE;Pernambuco;261120;Poção;2023;2;16942963.79;7208825.11;42.55;OK
26;PE;Pernambuco;261140;Primavera;2023;2;14105028.05;4145889.77;29.39;OK
26;PE;Pernambuco;261150;Quipapá;2023;2;18945275.12;4848916.83;25.59;OK
26;PE;Pernambuco;261153;Quixaba;2023;2;12155296.80;3903222.44;32.11;OK
26;PE;Pernambuco;261160;Recife;2023;2;1736351653.96;801718159.33;46.17;OK
26;PE;Pernambuco;261170;Riacho das Almas;2023;2;21400892.79;6971874.26;32.58;OK
26;PE;Pernambuco;261180;Ribeirão;2023;2;32463334.60;8920823.93;27.48;OK
26;PE;Pernambuco;261190;Rio Formoso;2023;2;29244304.29;8545391.72;29.22;OK
26;PE;Pernambuco;261200;Sairé;2023;2;13297588.58;4905572.92;36.89;OK
26;PE;Pernambuco;261210;Salgadinho;2023;2;12265446.43;3221773.01;26.27;OK
26;PE;Pernambuco;261220;Salgueiro;2023;2;50125929.40;27536722.10;54.94;OK
26;PE;Pernambuco;261230;Saloá;2023;2;15767192.05;7324938.36;46.46;OK
26;PE;Pernambuco;261240;Sanharó;2023;2;24525439.31;8043151.46;32.80;OK
26;PE;Pernambuco;261245;Santa Cruz;2023;2;16516551.18;11313770.23;68.50;OK
26;PE;Pernambuco;261247;Santa Cruz da Baixa Verde;2023;2;14551319.53;6606740.75;45.40;OK
26;PE;Pernambuco;261250;Santa Cruz do Capibaribe;2023;2;78818731.70;21861947.49;27.74;OK
26;PE;Pernambuco;261255;Santa Filomena;2023;2;17889917.89;15570760.75;87.04;OK
26;PE;Pernambuco;261260;Santa Maria da Boa Vista;2023;2;34572131.76;20159247.42;58.31;OK
26;PE;Pernambuco;261270;Santa Maria do Cambucá;2023;2;14020484.86;5491533.09;39.17;OK
26;PE;Pernambuco;261280;Santa Terezinha;2023;2;15445571.84;11559139.16;74.84;OK
26;PE;Pernambuco;261390;Serra Talhada;2023;2;80110329.34;25982709.95;32.43;OK
26;PE;Pernambuco;261400;Serrita;2023;2;21025409.23;8794824.45;41.83;OK
26;PE;Pernambuco;261410;Sertânia;2023;2;36611444.36;11387471.12;31.10;OK
26;PE;Pernambuco;261420;Sirinhaém;2023;2;41043361.85;15222145.69;37.09;OK
26;PE;Pernambuco;261440;Solidão;2023;2;10054843.27;4210441.05;41.87;OK
26;PE;Pernambuco;261450;Surubim;2023;2;61693004.78;25681114.72;41.63;OK
26;PE;Pernambuco;261290;São Benedito do Sul;2023;2;15132627.51;4400599.43;29.08;OK
26;PE;Pernambuco;261300;São Bento do Una;2023;2;34315081.15;14453361.12;42.12;OK
26;PE;Pernambuco;261310;São Caitano;2023;2;30048216.30;10714422.54;35.66;OK
26;PE;Pernambuco;261330;São Joaquim do Monte;2023;2;23575068.21;8504566.88;36.07;OK
26;PE;Pernambuco;261340;São José da Coroa Grande;2023;2;20599775.68;7820195.97;37.96;OK
26;PE;Pernambuco;261350;São José do Belmonte;2023;2;37021131.02;20348241.32;54.96;OK
26;PE;Pernambuco;261360;São José do Egito;2023;2;34741165.76;18982829.29;54.64;OK
26;PE;Pernambuco;261320;São João;2023;2;26642806.75;10421678.93;39.12;OK
26;PE;Pernambuco;261370;São Lourenço da Mata;2023;2;83500622.74;26988507.69;32.32;OK
26;PE;Pernambuco;261380;São Vicente Ferrer;2023;2;22630561.20;11397852.48;50.36;OK
26;PE;Pernambuco;261460;Tabira;2023;2;26612479.74;8905701.90;33.46;OK
26;PE;Pernambuco;261470;Tacaimbó;2023;2;15591055.10;9696354.68;62.19;OK
26;PE;Pernambuco;261480;Tacaratu;2023;2;23181135.64;8194560.54;35.35;OK
26;PE;Pernambuco;261485;Tamandaré;2023;2;30717104.61;7621837.36;24.81;OK
26;PE;Pernambuco;261500;Taquaritinga do Norte;2023;2;22156972.15;4884147.76;22.04;OK
26;PE;Pernambuco;261510;Terezinha;2023;2;9503437.61;2563200.33;26.97;OK
26;PE;Pernambuco;261520;Terra Nova;2023;2;12251271.67;9866458.37;80.53;OK
26;PE;Pernambuco;261530;Timbaúba;2023;2;50862538.66;20091523.33;39.50;OK
26;PE;Pernambuco;261540;Toritama;2023;2;34839902.97;12140935.40;34.85;OK
26;PE;Pernambuco;261550;Tracunhaém;2023;2;11187356.49;3714065.22;33.20;OK
26;PE;Pernambuco;261560;Trindade;2023;2;27465831.55;11013078.08;40.10;OK
26;PE;Pernambuco;261570;Triunfo;2023;2;17101849.85;6509107.06;38.06;OK
26;PE;Pernambuco;261580;Tupanatinga;2023;2;23673120.06;17912877.47;75.67;OK
26;PE;Pernambuco;261590;Tuparetama;2023;2;12181962.17;4403742.19;36.15;OK
26;PE;Pernambuco;261600;Venturosa;2023;2;27862159.17;10745469.38;38.57;OK
26;PE;Pernambuco;261610;Verdejante;2023;2;13980222.35;6096780.59;43.61;OK
26;PE;Pernambuco;261618;Vertente do Lério;2023;2;11484486.88;3294479.86;28.69;OK
26;PE;Pernambuco;261620;Vertentes;2023;2;26243435.44;7895577.60;30.09;OK
26;PE;Pernambuco;261630;Vicência;2023;2;28078561.43;13275512.13;47.28;OK
26;PE;Pernambuco;261640;Vitória de Santo Antão;2023;2;140735454.63;60380933.01;42.90;OK
26;PE;Pernambuco;261650;Xexéu;2023;2;15476728.64;7538698.24;48.71;OK
26;PE;Pernambuco;260040;Água Preta;2023;2;31112605.87;17525675.50;56.33;OK
26;PE;Pernambuco;260050;Águas Belas;2023;2;28722740.67;13425147.29;46.74;OK
22;PI;Piauí;220005;Acauã;2023;2;8064333.45;7965233.91;98.77;OK
22;PI;Piauí;220010;Agricolândia;2023;2;6527303.18;6261523.16;95.93;OK
22;PI;Piauí;220025;Alagoinha do Piauí;2023;2;8453724.36;8299325.08;98.17;OK
22;PI;Piauí;220027;Alegrete do Piauí;2023;2;5754064.47;5754064.47;100.00;OK
22;PI;Piauí;220030;Alto Longá;2023;2;13752520.15;308335.00;2.24;OK
22;PI;Piauí;220040;Altos;2023;2;39751146.49;27397305.74;68.92;OK
22;PI;Piauí;220045;Alvorada do Gurguéia;2023;2;6250725.92;6250725.92;100.00;OK
22;PI;Piauí;220050;Amarante;2023;2;15901714.05;14248379.19;89.60;OK
22;PI;Piauí;220060;Angical do Piauí;2023;2;9563492.92;5733211.77;59.95;OK
22;PI;Piauí;220080;Antônio Almeida;2023;2;6022331.72;5939670.22;98.63;OK
22;PI;Piauí;220070;Anísio de Abreu;2023;2;10000452.61;10000452.61;100.00;OK
22;PI;Piauí;220090;Aroazes;2023;2;9001679.81;8029388.50;89.20;OK
22;PI;Piauí;220095;Aroeiras do Itaim;2023;2;4495557.27;4257092.44;94.70;OK
22;PI;Piauí;220100;Arraial;2023;2;7459979.31;5852603.71;78.45;OK
22;PI;Piauí;220105;Assunção do Piauí;2023;2;6817069.83;3084654.83;45.25;OK
22;PI;Piauí;220110;Avelino Lopes;2023;2;10139260.35;9499120.08;93.69;OK
22;PI;Piauí;220115;Baixa Grande do Ribeiro;2023;2;26646766.00;14856553.90;55.75;OK
22;PI;Piauí;220117;Barra D'Alcântara;2023;2;5797580.90;5757419.30;99.31;OK
22;PI;Piauí;220120;Barras;2023;2;35838562.21;20943142.17;58.44;OK
22;PI;Piauí;220130;Barreiras do Piauí;2023;2;5746752.58;5355298.78;93.19;OK
22;PI;Piauí;220140;Barro Duro;2023;2;9460544.80;8832022.79;93.36;OK
22;PI;Piauí;220150;Batalha;2023;2;23955038.84;22864070.58;95.45;OK
22;PI;Piauí;220155;Bela Vista do Piauí;2023;2;4695689.88;4571915.21;97.36;OK
22;PI;Piauí;220157;Belém do Piauí;2023;2;4682859.96;3995486.21;85.32;OK
22;PI;Piauí;220160;Beneditinos;2023;2;12440260.98;11172275.54;89.81;OK
22;PI;Piauí;220170;Bertolínia;2023;2;7539530.98;7143325.47;94.74;OK
22;PI;Piauí;220173;Betânia do Piauí;2023;2;6727534.78;6532634.86;97.10;OK
22;PI;Piauí;220177;Boa Hora;2023;2;7835758.73;7835758.73;100.00;OK
22;PI;Piauí;220180;Bocaina;2023;2;7006367.50;6264004.54;89.40;OK
22;PI;Piauí;220190;Bom Jesus;2023;2;38434809.26;37270451.30;96.97;OK
22;PI;Piauí;220191;Bom Princípio do Piauí;2023;2;7875624.60;6604106.35;83.86;OK
22;PI;Piauí;220192;Bonfim do Piauí;2023;2;6157199.44;5464766.89;88.75;OK
22;PI;Piauí;220194;Boqueirão do Piauí;2023;2;5958084.29;5550028.49;93.15;OK
22;PI;Piauí;220196;Brasileira;2023;2;9373513.99;8873787.69;94.67;OK
22;PI;Piauí;220198;Brejo do Piauí;2023;2;6501332.53;6418362.04;98.72;OK
22;PI;Piauí;220200;Buriti dos Lopes;2023;2;21421422.80;19126916.80;89.29;OK
22;PI;Piauí;220202;Buriti dos Montes;2023;2;9103835.24;8414862.82;92.43;OK
22;PI;Piauí;220205;Cabeceiras do Piauí;2023;2;7035310.09;6999383.04;99.49;OK
22;PI;Piauí;220207;Cajazeiras do Piauí;2023;2;7921303.98;7921303.98;100.00;OK
22;PI;Piauí;220208;Cajueiro da Praia;2023;2;9481264.56;9360954.05;98.73;OK
22;PI;Piauí;220209;Caldeirão Grande do Piauí;2023;2;9943742.68;9746991.08;98.02;OK
22;PI;Piauí;220210;Campinas do Piauí;2023;2;7238767.08;7198250.87;99.44;OK
22;PI;Piauí;220211;Campo Alegre do Fidalgo;2023;2;5705371.79;5151077.38;90.28;OK
22;PI;Piauí;220213;Campo Grande do Piauí;2023;2;7261054.01;7157241.81;98.57;OK
22;PI;Piauí;220217;Campo Largo do Piauí;2023;2;6898441.07;6754828.86;97.92;OK
22;PI;Piauí;220220;Campo Maior;2023;2;51336161.95;31508859.98;61.38;OK
22;PI;Piauí;220225;Canavieira;2023;2;5813430.49;5338434.55;91.83;OK
22;PI;Piauí;220230;Canto do Buriti;2023;2;22611186.86;22611186.86;100.00;OK
22;PI;Piauí;220245;Capitão Gervásio Oliveira;2023;2;5901386.70;5819079.42;98.61;OK
22;PI;Piauí;220240;Capitão de Campos;2023;2;8248691.48;6164908.18;74.74;OK
22;PI;Piauí;220250;Caracol;2023;2;10046807.39;8329828.32;82.91;OK
22;PI;Piauí;220253;Caraúbas do Piauí;2023;2;7617689.16;6261141.06;82.19;OK
22;PI;Piauí;220255;Caridade do Piauí;2023;2;8544133.89;8118886.84;95.02;OK
22;PI;Piauí;220260;Castelo do Piauí;2023;2;18326203.30;15020025.84;81.96;OK
22;PI;Piauí;220265;Caxingó;2023;2;6087776.35;6046466.10;99.32;OK
22;PI;Piauí;220270;Cocal;2023;2;23540897.93;19671220.48;83.56;OK
22;PI;Piauí;220271;Cocal de Telha;2023;2;4432235.36;4187879.74;94.49;OK
22;PI;Piauí;220272;Cocal dos Alves;2023;2;6541991.69;5516970.82;84.33;OK
22;PI;Piauí;220273;Coivaras;2023;2;5977106.61;4480697.06;74.96;OK
22;PI;Piauí;220275;Colônia do Gurguéia;2023;2;7906271.13;7749900.57;98.02;OK
22;PI;Piauí;220277;Colônia do Piauí;2023;2;8739401.14;6157835.19;70.46;OK
22;PI;Piauí;220280;Conceição do Canindé;2023;2;7031058.14;6187949.28;88.01;OK
22;PI;Piauí;220285;Coronel José Dias;2023;2;5878869.13;3955297.70;67.28;OK
22;PI;Piauí;220290;Corrente;2023;2;20611886.14;12203.28;0.06;OK
22;PI;Piauí;220300;Cristalândia do Piauí;2023;2;10493168.36;10104499.77;96.30;OK
22;PI;Piauí;220310;Cristino Castro;2023;2;14180448.33;12661649.53;89.29;OK
22;PI;Piauí;220320;Curimatá;2023;2;8064054.03;7962935.66;98.75;OK
22;PI;Piauí;220323;Currais;2023;2;8377904.35;8291724.80;98.97;OK
22;PI;Piauí;220327;Curral Novo do Piauí;2023;2;10524079.39;10524079.39;100.00;OK
22;PI;Piauí;220325;Curralinhos;2023;2;5490383.77;5437705.15;99.04;OK
22;PI;Piauí;220330;Demerval Lobão;2023;2;15023741.53;14978317.13;99.70;OK
22;PI;Piauí;220335;Dirceu Arcoverde;2023;2;7745906.28;1837226.09;23.72;OK
22;PI;Piauí;220340;Dom Expedito Lopes;2023;2;7360484.38;6914388.72;93.94;OK
22;PI;Piauí;220345;Dom Inocêncio;2023;2;12214015.60;6655222.18;54.49;OK
22;PI;Piauí;220342;Domingos Mourão;2023;2;5372005.87;5019541.56;93.44;OK
22;PI;Piauí;220350;Elesbão Veloso;2023;2;15180546.80;13664166.26;90.01;OK
22;PI;Piauí;220360;Eliseu Martins;2023;2;6672268.58;6416476.19;96.17;OK
22;PI;Piauí;220370;Esperantina;2023;2;28813566.33;26487032.76;91.93;OK
22;PI;Piauí;220375;Fartura do Piauí;2023;2;5729256.16;5700483.16;99.50;OK
22;PI;Piauí;220380;Flores do Piauí;2023;2;7198415.76;6573141.72;91.31;OK
22;PI;Piauí;220385;Floresta do Piauí;2023;2;5105659.01;4079896.61;79.91;OK
22;PI;Piauí;220390;Floriano;2023;2;95193216.94;46384614.15;48.73;OK
22;PI;Piauí;220400;Francinópolis;2023;2;5447243.37;5232061.90;96.05;OK
22;PI;Piauí;220410;Francisco Ayres;2023;2;7554387.60;6654203.47;88.08;OK
22;PI;Piauí;220415;Francisco Macedo;2023;2;5350466.92;5132663.83;95.93;OK
22;PI;Piauí;220420;Francisco Santos;2023;2;9056038.89;7995895.40;88.29;OK
22;PI;Piauí;220430;Fronteiras;2023;2;13178397.10;10053647.64;76.29;OK
22;PI;Piauí;220435;Geminiano;2023;2;5638409.79;5597782.99;99.28;OK
22;PI;Piauí;220440;Gilbués;2023;2;15556217.20;14688154.15;94.42;OK
22;PI;Piauí;220450;Guadalupe;2023;2;15362411.86;10572194.87;68.82;OK
22;PI;Piauí;220455;Guaribas;2023;2;5263502.17;5204528.04;98.88;OK
22;PI;Piauí;220460;Hugo Napoleão;2023;2;5090018.73;4611820.06;90.61;OK
22;PI;Piauí;220465;Ilha Grande;2023;2;8669487.57;5588860.25;64.47;OK
22;PI;Piauí;220470;Inhuma;2023;2;13348869.53;10150068.35;76.04;OK
22;PI;Piauí;220480;Ipiranga do Piauí;2023;2;9318088.02;8419373.44;90.36;OK
22;PI;Piauí;220490;Isaías Coelho;2023;2;8629035.65;7597201.71;88.04;OK
22;PI;Piauí;220500;Itainópolis;2023;2;10520654.35;9991549.66;94.97;OK
22;PI;Piauí;220510;Itaueira;2023;2;13814189.28;9513828.30;68.87;OK
22;PI;Piauí;220515;Jacobina do Piauí;2023;2;7601227.39;7115640.71;93.61;OK
22;PI;Piauí;220520;Jaicós;2023;2;19752961.79;14665436.22;74.24;OK
22;PI;Piauí;220525;Jardim do Mulato;2023;2;6572694.28;6381207.68;97.09;OK
22;PI;Piauí;220527;Jatobá do Piauí;2023;2;5492065.43;4907028.28;89.35;OK
22;PI;Piauí;220530;Jerumenha;2023;2;6136072.00;4784778.26;77.98;OK
22;PI;Piauí;220540;Joaquim Pires;2023;2;13921684.65;12915125.57;92.77;OK
22;PI;Piauí;220545;Joca Marques;2023;2;5739914.10;5677110.50;98.91;OK
22;PI;Piauí;220550;José de Freitas;2023;2;34920282.34;27461387.72;78.64;OK
22;PI;Piauí;220535;João Costa;2023;2;6188839.83;4746743.98;76.70;OK
22;PI;Piauí;220551;Juazeiro do Piauí;2023;2;5988731.12;5894822.12;98.43;OK
22;PI;Piauí;220553;Jurema;2023;2;6179653.35;6177653.35;99.97;OK
22;PI;Piauí;220552;Júlio Borges;2023;2;8237741.71;8110645.57;98.46;OK
22;PI;Piauí;220555;Lagoa Alegre;2023;2;8732150.11;4564389.94;52.27;OK
22;PI;Piauí;220557;Lagoa de São Francisco;2023;2;6913516.36;5796576.75;83.84;OK
22;PI;Piauí;220556;Lagoa do Barro do Piauí;2023;2;11559649.59;10639731.96;92.04;OK
22;PI;Piauí;220558;Lagoa do Piauí;2023;2;5574099.49;2508375.15;45.00;OK
22;PI;Piauí;220559;Lagoa do Sítio;2023;2;5654195.86;5533970.47;97.87;OK
22;PI;Piauí;220554;Lagoinha do Piauí;2023;2;4488412.71;4355407.27;97.04;OK
22;PI;Piauí;220560;Landri Sales;2023;2;8957329.80;8449530.58;94.33;OK
22;PI;Piauí;220580;Luzilândia;2023;2;20336943.04;19635861.06;96.55;OK
22;PI;Piauí;220570;Luís Correia;2023;2;31451193.69;25186769.23;80.08;OK
22;PI;Piauí;220585;Madeiro;2023;2;7645479.64;6424963.62;84.04;OK
22;PI;Piauí;220590;Manoel Emídio;2023;2;8177768.20;6815733.88;83.34;OK
22;PI;Piauí;220595;Marcolândia;2023;2;10674618.73;10578183.64;99.10;OK
22;PI;Piauí;220600;Marcos Parente;2023;2;8422951.33;7580759.49;90.00;OK
22;PI;Piauí;220605;Massapê do Piauí;2023;2;6631852.86;6355384.00;95.83;OK
22;PI;Piauí;220610;Matias Olímpio;2023;2;14049383.41;13777979.21;98.07;OK
22;PI;Piauí;220620;Miguel Alves;2023;2;29013256.77;25433146.32;87.66;OK
22;PI;Piauí;220630;Miguel Leão;2023;2;3901713.08;2956191.37;75.77;OK
22;PI;Piauí;220635;Milton Brandão;2023;2;6081269.37;5579288.28;91.75;OK
22;PI;Piauí;220640;Monsenhor Gil;2023;2;11228208.83;9548194.85;85.04;OK
22;PI;Piauí;220650;Monsenhor Hipólito;2023;2;9067803.08;8573681.87;94.55;OK
22;PI;Piauí;220660;Monte Alegre do Piauí;2023;2;15156098.15;14836979.32;97.89;OK
22;PI;Piauí;220665;Morro Cabeça no Tempo;2023;2;5384696.62;5384696.62;100.00;OK
22;PI;Piauí;220667;Morro do Chapéu do Piauí;2023;2;6233327.34;4513409.21;72.41;OK
22;PI;Piauí;220669;Murici dos Portelas;2023;2;8146968.08;8023272.49;98.48;OK
22;PI;Piauí;220670;Nazaré do Piauí;2023;2;8066737.70;6428179.53;79.69;OK
22;PI;Piauí;220672;Nazária;2023;2;7994180.81;7891312.96;98.71;OK
22;PI;Piauí;220675;Nossa Senhora de Nazaré;2023;2;6633215.42;6494921.02;97.92;OK
22;PI;Piauí;220680;Nossa Senhora dos Remédios;2023;2;7933401.35;6821329.34;85.98;OK
22;PI;Piauí;220795;Nova Santa Rita;2023;2;5430417.55;4983552.08;91.77;OK
22;PI;Piauí;220690;Novo Oriente do Piauí;2023;2;7517447.30;3166093.22;42.12;OK
22;PI;Piauí;220695;Novo Santo Antônio;2023;2;5190169.76;1260770.60;24.29;OK
22;PI;Piauí;220700;Oeiras;2023;2;27252804.61;25563717.43;93.80;OK
22;PI;Piauí;220710;Olho D'Água do Piauí;2023;2;4622050.91;4622050.91;100.00;OK
22;PI;Piauí;220720;Padre Marcos;2023;2;8320118.33;7661747.18;92.09;OK
22;PI;Piauí;220730;Paes Landim;2023;2;5724572.75;4631754.69;80.91;OK
22;PI;Piauí;220735;Pajeú do Piauí;2023;2;6100171.08;5921616.92;97.07;OK
22;PI;Piauí;220740;Palmeira do Piauí;2023;2;6963220.35;5572331.26;80.03;OK
22;PI;Piauí;220750;Palmeirais;2023;2;14837315.10;13763969.14;92.77;OK
22;PI;Piauí;220755;Paquetá;2023;2;5081766.91;4915963.78;96.74;OK
22;PI;Piauí;220760;Parnaguá;2023;2;11335868.37;11088308.48;97.82;OK
22;PI;Piauí;220770;Parnaíba;2023;2;184841534.89;50870893.84;27.52;OK
22;PI;Piauí;220775;Passagem Franca do Piauí;2023;2;5322660.39;5254228.44;98.71;OK
22;PI;Piauí;220777;Patos do Piauí;2023;2;7073496.40;6861457.40;97.00;OK
22;PI;Piauí;220779;Pau D'Arco do Piauí;2023;2;4760782.48;4571490.83;96.02;OK
22;PI;Piauí;220780;Paulistana;2023;2;30919330.51;19179206.71;62.03;OK
22;PI;Piauí;220785;Pavussu;2023;2;4169826.37;3095826.46;74.24;OK
22;PI;Piauí;220790;Pedro II;2023;2;33698732.68;24639568.57;73.12;OK
22;PI;Piauí;220793;Pedro Laurentino;2023;2;4368034.64;4167858.70;95.42;OK
22;PI;Piauí;220800;Picos;2023;2;109920993.80;64647777.21;58.81;OK
22;PI;Piauí;220810;Pimenteiras;2023;2;9585859.38;8369872.67;87.31;OK
22;PI;Piauí;220820;Pio IX;2023;2;18479327.76;14738602.49;79.76;OK
22;PI;Piauí;220830;Piracuruca;2023;2;30070088.07;11517192.43;38.30;OK
22;PI;Piauí;220840;Piripiri;2023;2;61835829.89;43333062.55;70.08;OK
22;PI;Piauí;220850;Porto;2023;2;14990476.56;14216461.05;94.84;OK
22;PI;Piauí;220855;Porto Alegre do Piauí;2023;2;4239215.37;2879197.72;67.92;OK
22;PI;Piauí;220860;Prata do Piauí;2023;2;5825012.74;4346863.11;74.62;OK
22;PI;Piauí;220865;Queimada Nova;2023;2;10672254.88;10583460.50;99.17;OK
22;PI;Piauí;220870;Redenção do Gurguéia;2023;2;9102057.25;8953056.01;98.36;OK
22;PI;Piauí;220880;Regeneração;2023;2;21501145.02;16861853.79;78.42;OK
22;PI;Piauí;220885;Riacho Frio;2023;2;5653030.87;4062397.89;71.86;OK
22;PI;Piauí;220887;Ribeira do Piauí;2023;2;6415023.69;6328084.89;98.64;OK
22;PI;Piauí;220890;Ribeiro Gonçalves;2023;2;14139462.49;11060468.92;78.22;OK
22;PI;Piauí;220900;Rio Grande do Piauí;2023;2;8712350.46;7641737.81;87.71;OK
22;PI;Piauí;220910;Santa Cruz do Piauí;2023;2;8983936.18;8983936.18;100.00;OK
22;PI;Piauí;220915;Santa Cruz dos Milagres;2023;2;5497957.02;5436129.82;98.88;OK
22;PI;Piauí;220920;Santa Filomena;2023;2;10058432.33;10001397.45;99.43;OK
22;PI;Piauí;220930;Santa Luz;2023;2;6670320.67;6654965.87;99.77;OK
22;PI;Piauí;220937;Santa Rosa do Piauí;2023;2;5919553.00;5729500.25;96.79;OK
22;PI;Piauí;220935;Santana do Piauí;2023;2;5332313.51;5264857.65;98.73;OK
22;PI;Piauí;220940;Santo Antônio de Lisboa;2023;2;8209098.71;8209098.71;100.00;OK
22;PI;Piauí;220945;Santo Antônio dos Milagres;2023;2;4151710.85;4117842.25;99.18;OK
22;PI;Piauí;220950;Santo Inácio do Piauí;2023;2;6644414.04;6301280.56;94.84;OK
22;PI;Piauí;221062;Sebastião Barros;2023;2;4968797.59;4478706.30;90.14;OK
22;PI;Piauí;221063;Sebastião Leal;2023;2;7229250.78;6932136.93;95.89;OK
22;PI;Piauí;221065;Sigefredo Pacheco;2023;2;7226164.63;7072872.96;97.88;OK
22;PI;Piauí;221080;Simplício Mendes;2023;2;16952328.76;10957642.53;64.64;OK
22;PI;Piauí;221070;Simões;2023;2;21582020.07;19927515.12;92.33;OK
22;PI;Piauí;221090;Socorro do Piauí;2023;2;5070950.84;4575462.36;90.23;OK
22;PI;Piauí;221093;Sussuapara;2023;2;7555227.18;7521784.78;99.56;OK
22;PI;Piauí;220955;São Braz do Piauí;2023;2;4973709.72;4776066.43;96.03;OK
22;PI;Piauí;220965;São Francisco de Assis do Piauí;2023;2;3769468.93;3756868.93;99.67;OK
22;PI;Piauí;220970;São Francisco do Piauí;2023;2;6912743.58;5063844.13;73.25;OK
22;PI;Piauí;220960;São Félix do Piauí;2023;2;6732070.60;6232565.50;92.58;OK
22;PI;Piauí;220975;São Gonçalo do Gurguéia;2023;2;6877397.52;6819647.29;99.16;OK
22;PI;Piauí;220980;São Gonçalo do Piauí;2023;2;7011764.95;6006564.23;85.66;OK
22;PI;Piauí;221005;São José do Divino;2023;2;7088502.09;6871587.61;96.94;OK
22;PI;Piauí;221010;São José do Peixe;2023;2;9344715.96;4533543.32;48.51;OK
22;PI;Piauí;221020;São José do Piauí;2023;2;7147685.97;6473295.04;90.56;OK
22;PI;Piauí;220985;São João da Canabrava;2023;2;5617958.33;4573701.45;81.41;OK
22;PI;Piauí;220987;São João da Fronteira;2023;2;7394258.64;7206040.32;97.45;OK
22;PI;Piauí;220990;São João da Serra;2023;2;8625892.57;6137556.42;71.15;OK
22;PI;Piauí;220995;São João da Varjota;2023;2;5275614.96;1071794.18;20.32;OK
22;PI;Piauí;220997;São João do Arraial;2023;2;6709337.79;6479951.90;96.58;OK
22;PI;Piauí;221000;São João do Piauí;2023;2;24679081.66;17540882.78;71.08;OK
22;PI;Piauí;221030;São Julião;2023;2;7269488.83;7049139.82;96.97;OK
22;PI;Piauí;221035;São Lourenço do Piauí;2023;2;5531099.99;5404932.99;97.72;OK
22;PI;Piauí;221037;São Luis do Piauí;2023;2;4343382.51;4096633.83;94.32;OK
22;PI;Piauí;221038;São Miguel da Baixa Grande;2023;2;4205311.80;1288783.01;30.65;OK
22;PI;Piauí;221039;São Miguel do Fidalgo;2023;2;4892393.54;4136251.34;84.54;OK
22;PI;Piauí;221040;São Miguel do Tapuio;2023;2;17348174.02;15436819.22;88.98;OK
22;PI;Piauí;221050;São Pedro do Piauí;2023;2;15628001.53;10620523.78;67.96;OK
22;PI;Piauí;221060;São Raimundo Nonato;2023;2;32142105.96;9074688.67;28.23;OK
22;PI;Piauí;221095;Tamboril do Piauí;2023;2;3903011.90;3543641.35;90.79;OK
22;PI;Piauí;221097;Tanque do Piauí;2023;2;5021215.19;4819987.45;95.99;OK
22;PI;Piauí;221100;Teresina;2023;2;1561986725.32;138675572.89;8.88;OK
22;PI;Piauí;221110;União;2023;2;46712180.63;31944507.72;68.39;OK
22;PI;Piauí;221120;Uruçuí;2023;2;39771097.23;36486537.55;91.74;OK
22;PI;Piauí;221130;Valença do Piauí;2023;2;18836862.51;17174180.58;91.17;OK
22;PI;Piauí;221150;Vera Mendes;2023;2;5814851.39;5188527.64;89.23;OK
22;PI;Piauí;221160;Vila Nova do Piauí;2023;2;4592072.07;4262238.36;92.82;OK
22;PI;Piauí;221135;Várzea Branca;2023;2;6630762.98;6352416.61;95.80;OK
22;PI;Piauí;221140;Várzea Grande;2023;2;6218037.16;5821608.74;93.62;OK
22;PI;Piauí;221170;Wall Ferraz;2023;2;6636214.48;5965439.76;89.89;OK
22;PI;Piauí;220020;Água Branca;2023;2;24092343.85;19922237.72;82.69;OK
24;RN;Rio Grande do Norte;240010;Acari;2023;2;11120430.75;7743901.05;69.64;OK
24;RN;Rio Grande do Norte;240030;Afonso Bezerra;2023;2;15760126.58;14873729.64;94.38;OK
24;RN;Rio Grande do Norte;240050;Alexandria;2023;2;27620032.61;5223445.53;18.91;OK
24;RN;Rio Grande do Norte;240060;Almino Afonso;2023;2;16287097.72;4062641.22;24.94;OK
24;RN;Rio Grande do Norte;240070;Alto do Rodrigues;2023;2;21642838.15;17187947.74;79.42;OK
24;RN;Rio Grande do Norte;240080;Angicos;2023;2;21675709.53;5451582.63;25.15;OK
24;RN;Rio Grande do Norte;240090;Antônio Martins;2023;2;11649809.85;813845.72;6.99;OK
24;RN;Rio Grande do Norte;240100;Apodi;2023;2;41345489.98;26031521.41;62.96;OK
24;RN;Rio Grande do Norte;240110;Areia Branca;2023;2;34411025.89;28984243.80;84.23;OK
24;RN;Rio Grande do Norte;240120;Arês;2023;2;18392439.62;14871495.14;80.86;OK
24;RN;Rio Grande do Norte;240130;Augusto Severo;2023;2;8562231.06;6688065.53;78.11;OK
24;RN;Rio Grande do Norte;240020;Açu;2023;2;75272943.18;26957697.60;35.81;OK
24;RN;Rio Grande do Norte;240145;Baraúna;2023;2;36074810.16;7579194.24;21.01;OK
24;RN;Rio Grande do Norte;240150;Barcelona;2023;2;7005026.17;2047670.87;29.23;OK
24;RN;Rio Grande do Norte;240140;Baía Formosa;2023;2;11572958.14;5972245.32;51.61;OK
24;RN;Rio Grande do Norte;240160;Bento Fernandes;2023;2;7541720.86;3227963.19;42.80;OK
24;RN;Rio Grande do Norte;240165;Bodó;2023;2;7156395.90;1455059.93;20.33;OK
24;RN;Rio Grande do Norte;240170;Bom Jesus;2023;2;10597622.35;9724785.10;91.76;OK
24;RN;Rio Grande do Norte;240180;Brejinho;2023;2;13132171.05;9823471.91;74.80;OK
24;RN;Rio Grande do Norte;240200;Caicó;2023;2;89586612.92;27880946.37;31.12;OK
24;RN;Rio Grande do Norte;240185;Caiçara do Norte;2023;2;8124050.42;3077828.54;37.89;OK
24;RN;Rio Grande do Norte;240190;Caiçara do Rio do Vento;2023;2;8738755.86;7846617.33;89.79;OK
24;RN;Rio Grande do Norte;240210;Campo Redondo;2023;2;13685250.30;5533961.89;40.44;OK
24;RN;Rio Grande do Norte;240220;Canguaretama;2023;2;33063180.50;15438022.84;46.69;OK
24;RN;Rio Grande do Norte;240230;Caraúbas;2023;2;22702820.61;11718395.32;51.62;OK
24;RN;Rio Grande do Norte;240250;Carnaubais;2023;2;15699424.90;5430546.39;34.59;OK
24;RN;Rio Grande do Norte;240240;Carnaúba dos Dantas;2023;2;11334415.96;8485437.57;74.86;OK
24;RN;Rio Grande do Norte;240260;Ceará-Mirim;2023;2;60509897.27;23766952.61;39.28;OK
24;RN;Rio Grande do Norte;240270;Cerro Corá;2023;2;13966777.90;12103389.31;86.66;OK
24;RN;Rio Grande do Norte;240280;Coronel Ezequiel;2023;2;9156185.40;6268863.79;68.47;OK
24;RN;Rio Grande do Norte;240290;Coronel João Pessoa;2023;2;9065294.23;3443741.70;37.99;OK
24;RN;Rio Grande do Norte;240300;Cruzeta;2023;2;10882311.75;4955422.69;45.54;OK
24;RN;Rio Grande do Norte;240310;Currais Novos;2023;2;44494783.70;10631750.58;23.89;OK
24;RN;Rio Grande do Norte;240320;Doutor Severiano;2023;2;8996601.66;8365481.04;92.98;OK
24;RN;Rio Grande do Norte;240330;Encanto;2023;2;8185060.68;3484732.06;42.57;OK
24;RN;Rio Grande do Norte;240340;Equador;2023;2;9726772.11;3493987.89;35.92;OK
24;RN;Rio Grande do Norte;240350;Espírito Santo;2023;2;14253431.23;14001401.66;98.23;OK
24;RN;Rio Grande do Norte;240360;Extremoz;2023;2;38289516.98;25249355.56;65.94;OK
24;RN;Rio Grande do Norte;240370;Felipe Guerra;2023;2;11437356.75;10452824.92;91.39;OK
24;RN;Rio Grande do Norte;240375;Fernando Pedroza;2023;2;8304816.04;8084192.13;97.34;OK
24;RN;Rio Grande do Norte;240380;Florânia;2023;2;13091414.31;9528017.51;72.78;OK
24;RN;Rio Grande do Norte;240390;Francisco Dantas;2023;2;5976601.86;693197.48;11.60;OK
24;RN;Rio Grande do Norte;240400;Frutuoso Gomes;2023;2;9779851.36;2639726.03;26.99;OK
24;RN;Rio Grande do Norte;240410;Galinhos;2023;2;11662622.02;11377303.14;97.55;OK
24;RN;Rio Grande do Norte;240420;Goianinha;2023;2;34204728.01;17730392.09;51.84;OK
24;RN;Rio Grande do Norte;240430;Governador Dix-Sept Rosado;2023;2;16399376.83;11635855.72;70.95;OK
24;RN;Rio Grande do Norte;240440;Grossos;2023;2;16348442.61;15652906.48;95.75;OK
24;RN;Rio Grande do Norte;240450;Guamaré;2023;2;90019813.30;14248620.32;15.83;OK
24;RN;Rio Grande do Norte;240460;Ielmo Marinho;2023;2;15093905.46;7192369.39;47.65;OK
24;RN;Rio Grande do Norte;240470;Ipanguaçu;2023;2;14391126.56;5037329.24;35.00;OK
24;RN;Rio Grande do Norte;240480;Ipueira;2023;2;5306234.21;3910331.81;73.69;OK
24;RN;Rio Grande do Norte;240485;Itajá;2023;2;11336823.70;3963762.59;34.96;OK
24;RN;Rio Grande do Norte;240490;Itaú;2023;2;9171402.88;3897241.14;42.49;OK
24;RN;Rio Grande do Norte;240510;Jandaíra;2023;2;16396794.97;3121238.85;19.04;OK
24;RN;Rio Grande do Norte;240520;Janduís;2023;2;8890897.10;3341565.77;37.58;OK
24;RN;Rio Grande do Norte;240530;Januário Cicco;2023;2;9500531.16;5786919.47;60.91;OK
24;RN;Rio Grande do Norte;240540;Japi;2023;2;7415807.64;6170303.83;83.20;OK
24;RN;Rio Grande do Norte;240550;Jardim de Angicos;2023;2;6850986.22;6213007.10;90.69;OK
24;RN;Rio Grande do Norte;240560;Jardim de Piranhas;2023;2;19711402.15;5381889.05;27.30;OK
24;RN;Rio Grande do Norte;240570;Jardim do Seridó;2023;2;12173225.78;4944115.72;40.61;OK
24;RN;Rio Grande do Norte;240500;Jaçanã;2023;2;10255520.93;9492782.37;92.56;OK
24;RN;Rio Grande do Norte;240600;José da Penha;2023;2;9347344.74;3265257.83;34.93;OK
24;RN;Rio Grande do Norte;240580;João Câmara;2023;2;37534911.78;9529105.21;25.39;OK
24;RN;Rio Grande do Norte;240590;João Dias;2023;2;6850736.40;2183912.88;31.88;OK
24;RN;Rio Grande do Norte;240610;Jucurutu;2023;2;22996032.24;10970658.67;47.71;OK
24;RN;Rio Grande do Norte;240615;Jundiá;2023;2;7236195.73;5854786.25;80.91;OK
24;RN;Rio Grande do Norte;240650;Lagoa Nova;2023;2;16581359.12;3877086.72;23.38;OK
24;RN;Rio Grande do Norte;240660;Lagoa Salgada;2023;2;10782849.34;10303588.26;95.56;OK
24;RN;Rio Grande do Norte;240620;Lagoa d'Anta;2023;2;10371837.97;3389982.71;32.68;OK
24;RN;Rio Grande do Norte;240630;Lagoa de Pedras;2023;2;11630704.07;9585396.82;82.41;OK
24;RN;Rio Grande do Norte;240640;Lagoa de Velhos;2023;2;6245734.18;1970788.83;31.55;OK
24;RN;Rio Grande do Norte;240670;Lajes;2023;2;23168012.30;10783777.02;46.55;OK
24;RN;Rio Grande do Norte;240680;Lajes Pintadas;2023;2;9534184.08;9008087.50;94.48;OK
24;RN;Rio Grande do Norte;240690;Lucrécia;2023;2;8519351.66;3936800.38;46.21;OK
24;RN;Rio Grande do Norte;240700;Luís Gomes;2023;2;12831562.76;11687788.25;91.09;OK
24;RN;Rio Grande do Norte;240720;Macau;2023;2;43107842.40;12658544.14;29.36;OK
24;RN;Rio Grande do Norte;240710;Macaíba;2023;2;78212764.67;39170272.21;50.08;OK
24;RN;Rio Grande do Norte;240725;Major Sales;2023;2;9113012.19;5015836.11;55.04;OK
24;RN;Rio Grande do Norte;240730;Marcelino Vieira;2023;2;8147776.98;7484100.83;91.85;OK
24;RN;Rio Grande do Norte;240740;Martins;2023;2;10490912.30;6751302.52;64.35;OK
24;RN;Rio Grande do Norte;240750;Maxaranguape;2023;2;11230195.38;9075056.37;80.81;OK
24;RN;Rio Grande do Norte;240760;Messias Targino;2023;2;8374004.76;4467626.74;53.35;OK
24;RN;Rio Grande do Norte;240770;Montanhas;2023;2;12189815.64;7881287.19;64.65;OK
24;RN;Rio Grande do Norte;240780;Monte Alegre;2023;2;22925552.53;9598232.45;41.87;OK
24;RN;Rio Grande do Norte;240790;Monte das Gameleiras;2023;2;7345597.40;1127118.79;15.34;OK
24;RN;Rio Grande do Norte;240800;Mossoró;2023;2;391812377.04;125090285.39;31.93;OK
24;RN;Rio Grande do Norte;240810;Natal;2023;2;1842063297.30;132080268.63;7.17;OK
24;RN;Rio Grande do Norte;240830;Nova Cruz;2023;2;37799060.07;16599358.62;43.91;OK
24;RN;Rio Grande do Norte;240820;Nísia Floresta;2023;2;28026735.74;17195648.12;61.35;OK
24;RN;Rio Grande do Norte;240840;Olho-d'Água do Borges;2023;2;7892254.79;3378420.62;42.81;OK
24;RN;Rio Grande do Norte;240850;Ouro Branco;2023;2;9095541.56;3056254.02;33.60;OK
24;RN;Rio Grande do Norte;240860;Paraná;2023;2;8762758.55;4085476.27;46.62;OK
24;RN;Rio Grande do Norte;240880;Parazinho;2023;2;10104493.09;2338966.26;23.15;OK
24;RN;Rio Grande do Norte;240870;Paraú;2023;2;5900958.72;2454332.02;41.59;OK
24;RN;Rio Grande do Norte;240890;Parelhas;2023;2;26227045.14;9880181.39;37.67;OK
24;RN;Rio Grande do Norte;240325;Parnamirim;2023;2;258592989.76;56548047.85;21.87;OK
24;RN;Rio Grande do Norte;240910;Passa e Fica;2023;2;15928836.91;4720364.98;29.63;OK
24;RN;Rio Grande do Norte;240920;Passagem;2023;2;6307939.13;6255058.93;99.16;OK
24;RN;Rio Grande do Norte;240930;Patu;2023;2;16623007.11;4663868.99;28.06;OK
24;RN;Rio Grande do Norte;240940;Pau dos Ferros;2023;2;52929975.74;11443880.13;21.62;OK
24;RN;Rio Grande do Norte;240950;Pedra Grande;2023;2;9735060.79;3015231.50;30.97;OK
24;RN;Rio Grande do Norte;240960;Pedra Preta;2023;2;7153345.28;6995413.19;97.79;OK
24;RN;Rio Grande do Norte;240970;Pedro Avelino;2023;2;10394683.18;3936267.54;37.87;OK
24;RN;Rio Grande do Norte;240980;Pedro Velho;2023;2;19136489.80;15720837.01;82.15;OK
24;RN;Rio Grande do Norte;240990;Pendências;2023;2;20365613.63;5161314.89;25.34;OK
24;RN;Rio Grande do Norte;241000;Pilões;2023;2;5857099.23;0.00;0.00;OK
24;RN;Rio Grande do Norte;241020;Portalegre;2023;2;11993507.57;10033059.64;83.65;OK
24;RN;Rio Grande do Norte;241025;Porto do Mangue;2023;2;11116732.19;1934628.96;17.40;OK
24;RN;Rio Grande do Norte;241010;Poço Branco;2023;2;14651324.09;12111958.31;82.67;OK
24;RN;Rio Grande do Norte;241040;Pureza;2023;2;9964035.24;9608045.53;96.43;OK
24;RN;Rio Grande do Norte;241050;Rafael Fernandes;2023;2;3726308.25;3421598.25;91.82;OK
24;RN;Rio Grande do Norte;241060;Rafael Godeiro;2023;2;9361448.11;1020781.41;10.90;OK
24;RN;Rio Grande do Norte;241070;Riacho da Cruz;2023;2;9104393.80;8352493.58;91.74;OK
24;RN;Rio Grande do Norte;241080;Riacho de Santana;2023;2;7200000.41;6174097.24;85.75;OK
24;RN;Rio Grande do Norte;241090;Riachuelo;2023;2;10994545.43;10593462.48;96.35;OK
24;RN;Rio Grande do Norte;240895;Rio do Fogo;2023;2;19408048.17;7688454.90;39.61;OK
24;RN;Rio Grande do Norte;241100;Rodolfo Fernandes;2023;2;7644845.88;2775809.53;36.31;OK
24;RN;Rio Grande do Norte;241110;Ruy Barbosa;2023;2;7034377.80;6645702.31;94.47;OK
24;RN;Rio Grande do Norte;241120;Santa Cruz;2023;2;38839714.26;19980630.82;51.44;OK
24;RN;Rio Grande do Norte;240933;Santa Maria;2023;2;7617263.42;6143339.75;80.65;OK
24;RN;Rio Grande do Norte;241140;Santana do Matos;2023;2;14150911.81;8822239.04;62.34;OK
24;RN;Rio Grande do Norte;241142;Santana do Seridó;2023;2;7993396.07;7218581.13;90.31;OK
24;RN;Rio Grande do Norte;241150;Santo Antônio;2023;2;25805228.04;20740062.78;80.37;OK
24;RN;Rio Grande do Norte;241310;Senador Elói de Souza;2023;2;8887261.61;8534776.68;96.03;OK
24;RN;Rio Grande do Norte;241320;Senador Georgino Avelino;2023;2;6554874.99;6510508.72;99.32;OK
24;RN;Rio Grande do Norte;241030;Serra Caiada;2023;2;12984327.70;5797461.45;44.65;OK
24;RN;Rio Grande do Norte;241340;Serra Negra do Norte;2023;2;9353471.52;5855926.20;62.61;OK
24;RN;Rio Grande do Norte;241330;Serra de São Bento;2023;2;7724930.78;7408292.39;95.90;OK
24;RN;Rio Grande do Norte;241335;Serra do Mel;2023;2;26990163.98;12596473.46;46.67;OK
24;RN;Rio Grande do Norte;241350;Serrinha;2023;2;8977367.79;4664639.46;51.96;OK
24;RN;Rio Grande do Norte;241355;Serrinha dos Pintos;2023;2;8665852.94;610148.60;7.04;OK
24;RN;Rio Grande do Norte;241360;Severiano Melo;2023;2;9019855.95;8533569.88;94.61;OK
24;RN;Rio Grande do Norte;241160;São Bento do Norte;2023;2;10866770.02;0.00;0.00;OK
24;RN;Rio Grande do Norte;241170;São Bento do Trairí;2023;2;6988153.27;6168995.60;88.28;OK
24;RN;Rio Grande do Norte;241180;São Fernando;2023;2;6120669.70;3066581.34;50.10;OK
24;RN;Rio Grande do Norte;241190;São Francisco do Oeste;2023;2;6164081.28;5325521.74;86.40;OK
24;RN;Rio Grande do Norte;241200;São Gonçalo do Amarante;2023;2;83016007.27;47560684.90;57.29;OK
24;RN;Rio Grande do Norte;241220;São José de Mipibu;2023;2;52292474.04;25623023.46;49.00;OK
24;RN;Rio Grande do Norte;241230;São José do Campestre;2023;2;13836335.71;12737561.16;92.06;OK
24;RN;Rio Grande do Norte;241240;São José do Seridó;2023;2;6905551.20;4813620.72;69.71;OK
24;RN;Rio Grande do Norte;241210;São João do Sabugi;2023;2;8970594.38;7962121.05;88.76;OK
24;RN;Rio Grande do Norte;241250;São Miguel;2023;2;24047615.13;13292613.99;55.28;OK
24;RN;Rio Grande do Norte;241255;São Miguel do Gostoso;2023;2;24190409.96;10150829.41;41.96;OK
24;RN;Rio Grande do Norte;241260;São Paulo do Potengi;2023;2;21859968.80;15736991.03;71.99;OK
24;RN;Rio Grande do Norte;241270;São Pedro;2023;2;6765388.96;3049157.54;45.07;OK
24;RN;Rio Grande do Norte;241280;São Rafael;2023;2;11683573.79;4457828.08;38.15;OK
24;RN;Rio Grande do Norte;241290;São Tomé;2023;2;13277212.50;11892266.27;89.57;OK
24;RN;Rio Grande do Norte;241300;São Vicente;2023;2;12097849.74;5682364.42;46.97;OK
24;RN;Rio Grande do Norte;241370;Sítio Novo;2023;2;9038870.04;8639069.46;95.58;OK
24;RN;Rio Grande do Norte;241380;Taboleiro Grande;2023;2;5708161.92;3838839.32;67.25;OK
24;RN;Rio Grande do Norte;241390;Taipu;2023;2;14369371.14;12904001.54;89.80;OK
24;RN;Rio Grande do Norte;241400;Tangará;2023;2;15315684.09;12379063.21;80.83;OK
24;RN;Rio Grande do Norte;241410;Tenente Ananias;2023;2;16907438.78;8702982.87;51.47;OK
24;RN;Rio Grande do Norte;241415;Tenente Laurentino Cruz;2023;2;9259732.59;7694992.33;83.10;OK
24;RN;Rio Grande do Norte;241105;Tibau;2023;2;17935587.83;14274560.52;79.59;OK
24;RN;Rio Grande do Norte;241420;Tibau do Sul;2023;2;25248900.32;10410398.94;41.23;OK
24;RN;Rio Grande do Norte;241430;Timbaúba dos Batistas;2023;2;5342486.80;1311760.24;24.55;OK
24;RN;Rio Grande do Norte;241440;Touros;2023;2;31399416.26;13185705.40;41.99;OK
24;RN;Rio Grande do Norte;241445;Triunfo Potiguar;2023;2;7773748.54;5114485.90;65.79;OK
24;RN;Rio Grande do Norte;241450;Umarizal;2023;2;13941020.85;9353330.30;67.09;OK
24;RN;Rio Grande do Norte;241460;Upanema;2023;2;16021738.84;7959259.84;49.68;OK
24;RN;Rio Grande do Norte;241475;Venha-Ver;2023;2;6937578.22;1001371.92;14.43;OK
24;RN;Rio Grande do Norte;241480;Vera Cruz;2023;2;14956292.53;13925154.93;93.11;OK
24;RN;Rio Grande do Norte;241500;Vila Flor;2023;2;7124019.14;4825921.20;67.74;OK
24;RN;Rio Grande do Norte;241490;Viçosa;2023;2;5631556.09;2996760.50;53.21;OK
24;RN;Rio Grande do Norte;241470;Várzea;2023;2;5672352.24;2945731.56;51.93;OK
24;RN;Rio Grande do Norte;240040;Água Nova;2023;2;5215045.30;1332667.78;25.55;OK
43;RS;Rio Grande do Sul;430003;Aceguá;2023;2;12238090.10;6386614.50;52.19;OK
43;RS;Rio Grande do Sul;430010;Agudo;2023;2;12921961.56;8337815.23;64.52;OK
43;RS;Rio Grande do Sul;430020;Ajuricaba;2023;2;12255195.90;7594884.81;61.97;OK
43;RS;Rio Grande do Sul;430030;Alecrim;2023;2;7449800.83;6327677.33;84.94;OK
43;RS;Rio Grande do Sul;430040;Alegrete;2023;2;83989600.86;14244901.32;16.96;OK
43;RS;Rio Grande do Sul;430045;Alegria;2023;2;8283774.53;6909227.31;83.41;OK
43;RS;Rio Grande do Sul;430047;Almirante Tamandaré do Sul;2023;2;5816684.63;2784785.06;47.88;OK
43;RS;Rio Grande do Sul;430050;Alpestre;2023;2;14297520.16;14216692.07;99.43;OK
43;RS;Rio Grande do Sul;430055;Alto Alegre;2023;2;4883050.03;4442563.11;90.98;OK
43;RS;Rio Grande do Sul;430057;Alto Feliz;2023;2;6340685.98;6317165.75;99.63;OK
43;RS;Rio Grande do Sul;430060;Alvorada;2023;2;102929501.57;42404332.69;41.20;OK
43;RS;Rio Grande do Sul;430063;Amaral Ferrador;2023;2;6301780.15;6135655.33;97.36;OK
43;RS;Rio Grande do Sul;430064;Ametista do Sul;2023;2;9379156.60;8677248.15;92.52;OK
43;RS;Rio Grande do Sul;430066;André da Rocha;2023;2;4943615.71;4195666.11;84.87;OK
43;RS;Rio Grande do Sul;430070;Anta Gorda;2023;2;9104991.94;5075731.43;55.75;OK
43;RS;Rio Grande do Sul;430080;Antônio Prado;2023;2;21025421.11;4624115.66;21.99;OK
43;RS;Rio Grande do Sul;430085;Arambaré;2023;2;8660878.54;8238376.05;95.12;OK
43;RS;Rio Grande do Sul;430087;Araricá;2023;2;11681698.56;5333913.93;45.66;OK
43;RS;Rio Grande do Sul;430090;Aratiba;2023;2;15095419.31;7432085.41;49.23;OK
43;RS;Rio Grande do Sul;430130;Arroio Grande;2023;2;25450822.63;18898392.65;74.25;OK
43;RS;Rio Grande do Sul;430100;Arroio do Meio;2023;2;42421180.33;18544464.54;43.72;OK
43;RS;Rio Grande do Sul;430107;Arroio do Padre;2023;2;5293179.98;3508494.80;66.28;OK
43;RS;Rio Grande do Sul;430105;Arroio do Sal;2023;2;20911424.08;10551849.83;50.46;OK
43;RS;Rio Grande do Sul;430120;Arroio do Tigre;2023;2;13211310.15;11382277.34;86.16;OK
43;RS;Rio Grande do Sul;430110;Arroio dos Ratos;2023;2;19151224.22;345477.21;1.80;OK
43;RS;Rio Grande do Sul;430140;Arvorezinha;2023;2;11253385.94;11094025.73;98.58;OK
43;RS;Rio Grande do Sul;430150;Augusto Pestana;2023;2;11908303.38;7957853.78;66.83;OK
43;RS;Rio Grande do Sul;430160;Bagé;2023;2;98499638.09;18964263.81;19.25;OK
43;RS;Rio Grande do Sul;430163;Balneário Pinhal;2023;2;24071785.14;16906894.69;70.24;OK
43;RS;Rio Grande do Sul;430195;Barra Funda;2023;2;7664797.08;4330993.81;56.51;OK
43;RS;Rio Grande do Sul;430185;Barra do Guarita;2023;2;6338123.11;6338123.11;100.00;OK
43;RS;Rio Grande do Sul;430187;Barra do Quaraí;2023;2;5572436.37;5572436.37;100.00;OK
43;RS;Rio Grande do Sul;430190;Barra do Ribeiro;2023;2;19654831.44;8401680.98;42.75;OK
43;RS;Rio Grande do Sul;430192;Barra do Rio Azul;2023;2;5626324.39;5550550.34;98.65;OK
43;RS;Rio Grande do Sul;430180;Barracão;2023;2;7583356.03;6950116.40;91.65;OK
43;RS;Rio Grande do Sul;430200;Barros Cassal;2023;2;12616734.58;12542386.37;99.41;OK
43;RS;Rio Grande do Sul;430165;Barão;2023;2;8496996.03;6017370.67;70.82;OK
43;RS;Rio Grande do Sul;430170;Barão de Cotegipe;2023;2;10233037.63;9049856.38;88.44;OK
43;RS;Rio Grande do Sul;430175;Barão do Triunfo;2023;2;7396031.12;7195488.31;97.29;OK
43;RS;Rio Grande do Sul;430205;Benjamin Constant do Sul;2023;2;6358379.24;2161764.63;34.00;OK
43;RS;Rio Grande do Sul;430210;Bento Gonçalves;2023;2;203215961.72;34036943.47;16.75;OK
43;RS;Rio Grande do Sul;430215;Boa Vista das Missões;2023;2;7259694.02;6967714.48;95.98;OK
43;RS;Rio Grande do Sul;430220;Boa Vista do Buricá;2023;2;11633070.26;5572596.09;47.90;OK
43;RS;Rio Grande do Sul;430222;Boa Vista do Cadeado;2023;2;12247612.95;4133515.24;33.75;OK
43;RS;Rio Grande do Sul;430223;Boa Vista do Incra;2023;2;6622907.07;3734237.80;56.38;OK
43;RS;Rio Grande do Sul;430225;Boa Vista do Sul;2023;2;6130095.38;3311791.88;54.03;OK
43;RS;Rio Grande do Sul;430230;Bom Jesus;2023;2;20242043.31;11842971.33;58.51;OK
43;RS;Rio Grande do Sul;430235;Bom Princípio;2023;2;24960933.27;10403651.42;41.68;OK
43;RS;Rio Grande do Sul;430237;Bom Progresso;2023;2;6657103.00;6541120.17;98.26;OK
43;RS;Rio Grande do Sul;430240;Bom Retiro do Sul;2023;2;16560103.90;6318284.17;38.15;OK
43;RS;Rio Grande do Sul;430245;Boqueirão do Leão;2023;2;11127578.92;6262091.60;56.28;OK
43;RS;Rio Grande do Sul;430250;Bossoroca;2023;2;10071339.44;9884383.26;98.14;OK
43;RS;Rio Grande do Sul;430258;Bozano;2023;2;6487119.97;4230039.88;65.21;OK
43;RS;Rio Grande do Sul;430260;Braga;2023;2;6218479.66;2747270.32;44.18;OK
43;RS;Rio Grande do Sul;430265;Brochier;2023;2;7129351.29;6830767.39;95.81;OK
43;RS;Rio Grande do Sul;430270;Butiá;2023;2;25946572.34;6615236.97;25.50;OK
43;RS;Rio Grande do Sul;430290;Cacequi;2023;2;10508463.83;7138384.74;67.93;OK
43;RS;Rio Grande do Sul;430300;Cachoeira do Sul;2023;2;169075150.27;6987768.82;4.13;OK
43;RS;Rio Grande do Sul;430310;Cachoeirinha;2023;2;98303508.15;74966889.57;76.26;OK
43;RS;Rio Grande do Sul;430320;Cacique Doble;2023;2;6577944.27;6577799.27;100.00;OK
43;RS;Rio Grande do Sul;430330;Caibaté;2023;2;6866352.54;6384023.22;92.98;OK
43;RS;Rio Grande do Sul;430340;Caiçara;2023;2;7534331.66;7367989.89;97.79;OK
43;RS;Rio Grande do Sul;430350;Camaquã;2023;2;55711560.14;14839266.93;26.64;OK
43;RS;Rio Grande do Sul;430355;Camargo;2023;2;6443472.75;2363449.58;36.68;OK
43;RS;Rio Grande do Sul;430360;Cambará do Sul;2023;2;21488955.11;2596957.50;12.09;OK
43;RS;Rio Grande do Sul;430367;Campestre da Serra;2023;2;7354286.82;4179134.96;56.83;OK
43;RS;Rio Grande do Sul;430370;Campina das Missões;2023;2;7739214.38;1950180.93;25.20;OK
43;RS;Rio Grande do Sul;430380;Campinas do Sul;2023;2;13192375.02;2660125.30;20.16;OK
43;RS;Rio Grande do Sul;430390;Campo Bom;2023;2;108646036.52;45175801.06;41.58;OK
43;RS;Rio Grande do Sul;430400;Campo Novo;2023;2;8454251.07;6680824.43;79.02;OK
43;RS;Rio Grande do Sul;430410;Campos Borges;2023;2;6614237.81;6608712.95;99.92;OK
43;RS;Rio Grande do Sul;430420;Candelária;2023;2;41077309.54;11744964.51;28.59;OK
43;RS;Rio Grande do Sul;430435;Candiota;2023;2;18922913.20;3710002.78;19.61;OK
43;RS;Rio Grande do Sul;430440;Canela;2023;2;73524436.72;19349332.48;26.32;OK
43;RS;Rio Grande do Sul;430450;Canguçu;2023;2;48443649.81;26293844.09;54.28;OK
43;RS;Rio Grande do Sul;430460;Canoas;2023;2;743463236.52;171799207.20;23.11;OK
43;RS;Rio Grande do Sul;430461;Canudos do Vale;2023;2;5429274.40;5399230.22;99.45;OK
43;RS;Rio Grande do Sul;430468;Capela de Santana;2023;2;10592774.68;5134958.32;48.48;OK
43;RS;Rio Grande do Sul;430469;Capitão;2023;2;7780598.98;3936928.21;50.60;OK
43;RS;Rio Grande do Sul;430467;Capivari do Sul;2023;2;10105457.05;2388360.80;23.63;OK
43;RS;Rio Grande do Sul;430462;Capão Bonito do Sul;2023;2;6799418.27;6609998.23;97.21;OK
43;RS;Rio Grande do Sul;430463;Capão da Canoa;2023;2;97478180.13;18585446.19;19.07;OK
43;RS;Rio Grande do Sul;430465;Capão do Cipó;2023;2;9958657.34;9802339.42;98.43;OK
43;RS;Rio Grande do Sul;430466;Capão do Leão;2023;2;22446818.00;17531415.06;78.10;OK
43;RS;Rio Grande do Sul;430470;Carazinho;2023;2;115297106.05;20721553.49;17.97;OK
43;RS;Rio Grande do Sul;430471;Caraá;2023;2;7348675.28;5702793.32;77.60;OK
43;RS;Rio Grande do Sul;430480;Carlos Barbosa;2023;2;46153377.90;18233707.29;39.51;OK
43;RS;Rio Grande do Sul;430485;Carlos Gomes;2023;2;4967920.70;4935489.46;99.35;OK
43;RS;Rio Grande do Sul;430490;Casca;2023;2;12543034.28;9258188.37;73.81;OK
43;RS;Rio Grande do Sul;430495;Caseiros;2023;2;6701475.17;5789103.59;86.39;OK
43;RS;Rio Grande do Sul;430500;Catuípe;2023;2;12733354.17;12423920.98;97.57;OK
43;RS;Rio Grande do Sul;430510;Caxias do Sul;2023;2;705432848.22;150697394.02;21.36;OK
43;RS;Rio Grande do Sul;430280;Caçapava do Sul;2023;2;38920761.16;7395194.03;19.00;OK
43;RS;Rio Grande do Sul;430511;Centenário;2023;2;5339126.87;5255550.71;98.43;OK
43;RS;Rio Grande do Sul;430512;Cerrito;2023;2;7269771.89;4388117.31;60.36;OK
43;RS;Rio Grande do Sul;430513;Cerro Branco;2023;2;6958840.84;5546556.11;79.71;OK
43;RS;Rio Grande do Sul;430515;Cerro Grande;2023;2;4593956.31;4573824.20;99.56;OK
43;RS;Rio Grande do Sul;430517;Cerro Grande do Sul;2023;2;11105245.88;6329031.11;56.99;OK
43;RS;Rio Grande do Sul;430520;Cerro Largo;2023;2;15811096.06;14212863.29;89.89;OK
43;RS;Rio Grande do Sul;430530;Chapada;2023;2;14691102.23;9597020.06;65.33;OK
43;RS;Rio Grande do Sul;430535;Charqueadas;2023;2;38079344.61;20844010.21;54.74;OK
43;RS;Rio Grande do Sul;430537;Charrua;2023;2;5474858.95;4304205.60;78.62;OK
43;RS;Rio Grande do Sul;430540;Chiapetta;2023;2;8580227.52;7103147.38;82.79;OK
43;RS;Rio Grande do Sul;430544;Chuvisca;2023;2;6909532.45;5846542.04;84.62;OK
43;RS;Rio Grande do Sul;430543;Chuí;2023;2;8175327.04;7529549.96;92.10;OK
43;RS;Rio Grande do Sul;430545;Cidreira;2023;2;19033612.83;19033612.83;100.00;OK
43;RS;Rio Grande do Sul;430550;Ciríaco;2023;2;8867396.62;8370048.46;94.39;OK
43;RS;Rio Grande do Sul;430558;Colinas;2023;2;6107061.15;5795470.02;94.90;OK
43;RS;Rio Grande do Sul;430560;Colorado;2023;2;7668770.25;7564923.00;98.65;OK
43;RS;Rio Grande do Sul;430570;Condor;2023;2;15706408.33;13963082.13;88.90;OK
43;RS;Rio Grande do Sul;430580;Constantina;2023;2;11746407.94;8323379.10;70.86;OK
43;RS;Rio Grande do Sul;430583;Coqueiro Baixo;2023;2;5283402.57;2753118.27;52.11;OK
43;RS;Rio Grande do Sul;430585;Coqueiros do Sul;2023;2;7195872.49;7067683.58;98.22;OK
43;RS;Rio Grande do Sul;430587;Coronel Barros;2023;2;7025367.14;5162330.42;73.48;OK
43;RS;Rio Grande do Sul;430590;Coronel Bicaco;2023;2;12823642.32;5956118.44;46.45;OK
43;RS;Rio Grande do Sul;430593;Coronel Pilar;2023;2;5101541.46;2228824.55;43.69;OK
43;RS;Rio Grande do Sul;430595;Cotiporã;2023;2;6327745.92;3946520.56;62.37;OK
43;RS;Rio Grande do Sul;430597;Coxilha;2023;2;9058893.07;7411052.58;81.81;OK
43;RS;Rio Grande do Sul;430600;Crissiumal;2023;2;15880137.23;10473151.85;65.95;OK
43;RS;Rio Grande do Sul;430605;Cristal;2023;2;11723593.83;10251994.54;87.45;OK
43;RS;Rio Grande do Sul;430607;Cristal do Sul;2023;2;6227984.49;6194314.81;99.46;OK
43;RS;Rio Grande do Sul;430610;Cruz Alta;2023;2;80686631.72;30803386.53;38.18;OK
43;RS;Rio Grande do Sul;430613;Cruzaltense;2023;2;5290729.58;1582555.58;29.91;OK
43;RS;Rio Grande do Sul;430620;Cruzeiro do Sul;2023;2;14526846.17;13075197.47;90.01;OK
43;RS;Rio Grande do Sul;430430;Cândido Godói;2023;2;9865020.43;6200107.80;62.85;OK
43;RS;Rio Grande do Sul;430630;David Canabarro;2023;2;9719225.37;6630185.52;68.22;OK
43;RS;Rio Grande do Sul;430632;Derrubadas;2023;2;7374873.76;4525470.42;61.36;OK
43;RS;Rio Grande do Sul;430635;Dezesseis de Novembro;2023;2;5457056.09;2322647.08;42.56;OK
43;RS;Rio Grande do Sul;430637;Dilermando de Aguiar;2023;2;7355332.84;7277203.61;98.94;OK
43;RS;Rio Grande do Sul;430640;Dois Irmãos;2023;2;39716609.12;14728004.43;37.08;OK
43;RS;Rio Grande do Sul;430642;Dois Irmãos das Missões;2023;2;5641350.40;5482592.67;97.19;OK
43;RS;Rio Grande do Sul;430645;Dois Lajeados;2023;2;8041627.05;5729762.15;71.25;OK
43;RS;Rio Grande do Sul;430650;Dom Feliciano;2023;2;12913858.54;8209393.19;63.57;OK
43;RS;Rio Grande do Sul;430660;Dom Pedrito;2023;2;34740549.52;12587928.49;36.23;OK
43;RS;Rio Grande do Sul;430655;Dom Pedro de Alcântara;2023;2;6138516.11;6000035.37;97.74;OK
43;RS;Rio Grande do Sul;430670;Dona Francisca;2023;2;6852226.02;6581015.40;96.04;OK
43;RS;Rio Grande do Sul;430673;Doutor Maurício Cardoso;2023;2;7866350.99;4200252.68;53.40;OK
43;RS;Rio Grande do Sul;430675;Doutor Ricardo;2023;2;5062818.58;2524410.41;49.86;OK
43;RS;Rio Grande do Sul;430676;Eldorado do Sul;2023;2;56901616.59;55034912.06;96.72;OK
43;RS;Rio Grande do Sul;430680;Encantado;2023;2;47672301.66;42219752.78;88.56;OK
43;RS;Rio Grande do Sul;430690;Encruzilhada do Sul;2023;2;28662517.21;24391525.95;85.10;OK
43;RS;Rio Grande do Sul;430692;Engenho Velho;2023;2;5084780.78;5084780.78;100.00;OK
43;RS;Rio Grande do Sul;430695;Entre Rios do Sul;2023;2;8852518.23;8852518.23;100.00;OK
43;RS;Rio Grande do Sul;430693;Entre-Ijuís;2023;2;11270612.27;11037313.27;97.93;OK
43;RS;Rio Grande do Sul;430697;Erebango;2023;2;5739330.37;5739330.37;100.00;OK
43;RS;Rio Grande do Sul;430700;Erechim;2023;2;104739826.56;89093604.19;85.06;OK
43;RS;Rio Grande do Sul;430705;Ernestina;2023;2;6657448.38;6332686.87;95.12;OK
43;RS;Rio Grande do Sul;430720;Erval Grande;2023;2;11165232.13;9882281.23;88.51;OK
43;RS;Rio Grande do Sul;430730;Erval Seco;2023;2;10904377.92;8272627.91;75.87;OK
43;RS;Rio Grande do Sul;430740;Esmeralda;2023;2;9152812.78;8948936.93;97.77;OK
43;RS;Rio Grande do Sul;430745;Esperança do Sul;2023;2;7245736.20;3621981.76;49.99;OK
43;RS;Rio Grande do Sul;430750;Espumoso;2023;2;16427860.33;12262394.47;74.64;OK
43;RS;Rio Grande do Sul;430755;Estação;2023;2;10809809.43;8929552.16;82.61;OK
43;RS;Rio Grande do Sul;430770;Esteio;2023;2;155834580.17;48580704.85;31.17;OK
43;RS;Rio Grande do Sul;430780;Estrela;2023;2;59951404.68;23200576.01;38.70;OK
43;RS;Rio Grande do Sul;430781;Estrela Velha;2023;2;6303790.82;2021608.17;32.07;OK
43;RS;Rio Grande do Sul;430760;Estância Velha;2023;2;67655694.52;47728069.94;70.55;OK
43;RS;Rio Grande do Sul;430783;Eugênio de Castro;2023;2;6959826.79;6910443.24;99.29;OK
43;RS;Rio Grande do Sul;430786;Fagundes Varela;2023;2;6686563.50;4839202.50;72.37;OK
43;RS;Rio Grande do Sul;430790;Farroupilha;2023;2;116772867.81;31081533.75;26.62;OK
43;RS;Rio Grande do Sul;430800;Faxinal do Soturno;2023;2;8442597.34;5594521.10;66.27;OK
43;RS;Rio Grande do Sul;430805;Faxinalzinho;2023;2;6949643.73;6821261.88;98.15;OK
43;RS;Rio Grande do Sul;430807;Fazenda Vilanova;2023;2;7304256.55;3548728.79;48.58;OK
43;RS;Rio Grande do Sul;430810;Feliz;2023;2;24118260.28;11028298.07;45.73;OK
43;RS;Rio Grande do Sul;430820;Flores da Cunha;2023;2;39244109.59;24844427.78;63.31;OK
43;RS;Rio Grande do Sul;430825;Floriano Peixoto;2023;2;7074920.07;6938833.48;98.08;OK
43;RS;Rio Grande do Sul;430830;Fontoura Xavier;2023;2;11023373.06;4214440.24;38.23;OK
43;RS;Rio Grande do Sul;430840;Formigueiro;2023;2;9888858.05;4738907.14;47.92;OK
43;RS;Rio Grande do Sul;430843;Forquetinha;2023;2;5512566.51;5495341.63;99.69;OK
43;RS;Rio Grande do Sul;430845;Fortaleza dos Valos;2023;2;9078932.82;5755124.65;63.39;OK
43;RS;Rio Grande do Sul;430850;Frederico Westphalen;2023;2;40780190.24;29737296.52;72.92;OK
43;RS;Rio Grande do Sul;430860;Garibaldi;2023;2;50637036.86;22148340.96;43.74;OK
43;RS;Rio Grande do Sul;430865;Garruchos;2023;2;8707144.27;1282729.81;14.73;OK
43;RS;Rio Grande do Sul;430870;Gaurama;2023;2;9760477.06;9195841.06;94.22;OK
43;RS;Rio Grande do Sul;430880;General Câmara;2023;2;7802138.52;3357500.21;43.03;OK
43;RS;Rio Grande do Sul;430885;Gentil;2023;2;5241617.04;3978244.67;75.90;OK
43;RS;Rio Grande do Sul;430890;Getúlio Vargas;2023;2;18760535.70;16963494.38;90.42;OK
43;RS;Rio Grande do Sul;430900;Giruá;2023;2;34137983.17;11889484.09;34.83;OK
43;RS;Rio Grande do Sul;430905;Glorinha;2023;2;10884234.90;4883324.87;44.87;OK
43;RS;Rio Grande do Sul;430910;Gramado;2023;2;94196024.61;36699983.50;38.96;OK
43;RS;Rio Grande do Sul;430915;Gramado Xavier;2023;2;6862737.41;6347394.22;92.49;OK
43;RS;Rio Grande do Sul;430912;Gramado dos Loureiros;2023;2;6979261.99;6735714.60;96.51;OK
43;RS;Rio Grande do Sul;430920;Gravataí;2023;2;317845767.82;86770355.64;27.30;OK
43;RS;Rio Grande do Sul;430925;Guabiju;2023;2;5430892.12;4676969.26;86.12;OK
43;RS;Rio Grande do Sul;430940;Guaporé;2023;2;33274443.46;12455173.40;37.43;OK
43;RS;Rio Grande do Sul;430950;Guarani das Missões;2023;2;10068100.42;2459677.32;24.43;OK
43;RS;Rio Grande do Sul;430930;Guaíba;2023;2;94719330.78;37056502.27;39.12;OK
43;RS;Rio Grande do Sul;430955;Harmonia;2023;2;7953836.35;7902640.67;99.36;OK
43;RS;Rio Grande do Sul;430710;Herval;2023;2;11288786.24;9475275.73;83.94;OK
43;RS;Rio Grande do Sul;430957;Herveiras;2023;2;4309019.66;3641925.65;84.52;OK
43;RS;Rio Grande do Sul;430960;Horizontina;2023;2;28696272.66;12524754.07;43.65;OK
43;RS;Rio Grande do Sul;430965;Hulha Negra;2023;2;7802713.50;4812226.02;61.67;OK
43;RS;Rio Grande do Sul;430970;Humaitá;2023;2;7593231.00;6023554.46;79.33;OK
43;RS;Rio Grande do Sul;430975;Ibarama;2023;2;6689877.51;4528916.74;67.70;OK
43;RS;Rio Grande do Sul;430980;Ibiaçá;2023;2;9029225.18;7935075.36;87.88;OK
43;RS;Rio Grande do Sul;430990;Ibiraiaras;2023;2;10026902.44;7537286.00;75.17;OK
43;RS;Rio Grande do Sul;430995;Ibirapuitã;2023;2;6182371.21;6147382.27;99.43;OK
43;RS;Rio Grande do Sul;431000;Ibirubá;2023;2;37298211.17;13205246.40;35.40;OK
43;RS;Rio Grande do Sul;431010;Igrejinha;2023;2;43747319.38;26487368.30;60.55;OK
43;RS;Rio Grande do Sul;431020;Ijuí;2023;2;93282528.63;82515592.91;88.46;OK
43;RS;Rio Grande do Sul;431030;Ilópolis;2023;2;6065214.02;5475859.38;90.28;OK
43;RS;Rio Grande do Sul;431033;Imbé;2023;2;37861477.02;8617002.81;22.76;OK
43;RS;Rio Grande do Sul;431036;Imigrante;2023;2;7963175.01;6180365.76;77.61;OK
43;RS;Rio Grande do Sul;431040;Independência;2023;2;9642724.88;4970213.91;51.54;OK
43;RS;Rio Grande do Sul;431041;Inhacorá;2023;2;5378944.44;3889271.01;72.31;OK
43;RS;Rio Grande do Sul;431046;Ipiranga do Sul;2023;2;6763377.15;6258636.39;92.54;OK
43;RS;Rio Grande do Sul;431043;Ipê;2023;2;9452984.50;7931866.50;83.91;OK
43;RS;Rio Grande do Sul;431050;Iraí;2023;2;8326360.76;7561428.09;90.81;OK
43;RS;Rio Grande do Sul;431053;Itaara;2023;2;5150591.89;5061411.55;98.27;OK
43;RS;Rio Grande do Sul;431055;Itacurubi;2023;2;6533152.45;6526124.83;99.89;OK
43;RS;Rio Grande do Sul;431057;Itapuca;2023;2;4959339.47;1456711.20;29.37;OK
43;RS;Rio Grande do Sul;431060;Itaqui;2023;2;30718054.33;6226381.48;20.27;OK
43;RS;Rio Grande do Sul;431065;Itati;2023;2;7555111.58;6868434.60;90.91;OK
43;RS;Rio Grande do Sul;431070;Itatiba do Sul;2023;2;8248378.81;5644061.80;68.43;OK
43;RS;Rio Grande do Sul;431075;Ivorá;2023;2;4648803.17;4266010.57;91.77;OK
43;RS;Rio Grande do Sul;431080;Ivoti;2023;2;27279045.83;26129124.24;95.78;OK
43;RS;Rio Grande do Sul;431085;Jaboticaba;2023;2;8672436.21;8672436.21;100.00;OK
43;RS;Rio Grande do Sul;431087;Jacuizinho;2023;2;5309292.59;4478632.83;84.35;OK
43;RS;Rio Grande do Sul;431090;Jacutinga;2023;2;6423097.18;2987768.91;46.52;OK
43;RS;Rio Grande do Sul;431110;Jaguari;2023;2;12524633.52;7344256.37;58.64;OK
43;RS;Rio Grande do Sul;431100;Jaguarão;2023;2;25359650.94;17356206.84;68.44;OK
43;RS;Rio Grande do Sul;431112;Jaquirana;2023;2;9654653.51;6982029.68;72.32;OK
43;RS;Rio Grande do Sul;431113;Jari;2023;2;8085579.30;7382684.92;91.31;OK
43;RS;Rio Grande do Sul;431115;Jóia;2023;2;12023798.56;4780329.94;39.76;OK
43;RS;Rio Grande do Sul;431120;Júlio de Castilhos;2023;2;29382650.12;12893198.05;43.88;OK
43;RS;Rio Grande do Sul;431123;Lagoa Bonita do Sul;2023;2;5373576.74;3977623.48;74.02;OK
43;RS;Rio Grande do Sul;431130;Lagoa Vermelha;2023;2;30448021.71;24450605.29;80.30;OK
43;RS;Rio Grande do Sul;431127;Lagoa dos Três Cantos;2023;2;4905925.20;4470651.05;91.13;OK
43;RS;Rio Grande do Sul;431125;Lagoão;2023;2;8065712.23;6883166.31;85.34;OK
43;RS;Rio Grande do Sul;431140;Lajeado;2023;2;182718126.20;40365751.68;22.09;OK
43;RS;Rio Grande do Sul;431142;Lajeado do Bugre;2023;2;5134512.30;4740823.18;92.33;OK
43;RS;Rio Grande do Sul;431150;Lavras do Sul;2023;2;14979397.96;6144538.56;41.02;OK
43;RS;Rio Grande do Sul;431160;Liberato Salzano;2023;2;7588646.97;6639154.37;87.49;OK
43;RS;Rio Grande do Sul;431162;Lindolfo Collor;2023;2;8217750.27;8207352.70;99.87;OK
43;RS;Rio Grande do Sul;431164;Linha Nova;2023;2;8279598.78;8235399.12;99.47;OK
43;RS;Rio Grande do Sul;431170;Machadinho;2023;2;9714370.21;9204605.52;94.75;OK
43;RS;Rio Grande do Sul;431173;Mampituba;2023;2;5066859.37;4435677.98;87.54;OK
43;RS;Rio Grande do Sul;431175;Manoel Viana;2023;2;8990405.15;8778960.50;97.65;OK
43;RS;Rio Grande do Sul;431177;Maquiné;2023;2;8143943.22;2847167.06;34.96;OK
43;RS;Rio Grande do Sul;431179;Maratá;2023;2;7185653.29;5702650.17;79.36;OK
43;RS;Rio Grande do Sul;431180;Marau;2023;2;45996613.42;20409297.10;44.37;OK
43;RS;Rio Grande do Sul;431190;Marcelino Ramos;2023;2;8195431.43;3911470.82;47.73;OK
43;RS;Rio Grande do Sul;431198;Mariana Pimentel;2023;2;6290991.69;4852257.17;77.13;OK
43;RS;Rio Grande do Sul;431200;Mariano Moro;2023;2;5981140.55;3549924.49;59.35;OK
43;RS;Rio Grande do Sul;431205;Marques de Souza;2023;2;9622053.58;5009872.39;52.07;OK
43;RS;Rio Grande do Sul;431210;Mata;2023;2;7199560.01;6975473.07;96.89;OK
43;RS;Rio Grande do Sul;431213;Mato Castelhano;2023;2;6018866.22;5865433.47;97.45;OK
43;RS;Rio Grande do Sul;431215;Mato Leitão;2023;2;8351784.17;8159260.63;97.69;OK
43;RS;Rio Grande do Sul;431217;Mato Queimado;2023;2;5620276.60;3453089.92;61.44;OK
43;RS;Rio Grande do Sul;431220;Maximiliano de Almeida;2023;2;6723584.74;5559348.39;82.68;OK
43;RS;Rio Grande do Sul;431171;Maçambara;2023;2;11149634.93;11103916.56;99.59;OK
43;RS;Rio Grande do Sul;431225;Minas do Leão;2023;2;10889301.35;3681870.33;33.81;OK
43;RS;Rio Grande do Sul;431230;Miraguaí;2023;2;8340837.08;8212951.25;98.47;OK
43;RS;Rio Grande do Sul;431235;Montauri;2023;2;5376176.79;3744520.21;69.65;OK
43;RS;Rio Grande do Sul;431237;Monte Alegre dos Campos;2023;2;7046626.44;6153200.05;87.32;OK
43;RS;Rio Grande do Sul;431238;Monte Belo do Sul;2023;2;6413208.93;4826987.41;75.27;OK
43;RS;Rio Grande do Sul;431240;Montenegro;2023;2;66323465.41;13181239.23;19.87;OK
43;RS;Rio Grande do Sul;431242;Mormaço;2023;2;5711615.30;5711615.30;100.00;OK
43;RS;Rio Grande do Sul;431244;Morrinhos do Sul;2023;2;6711968.96;6389564.84;95.20;OK
43;RS;Rio Grande do Sul;431245;Morro Redondo;2023;2;9263829.55;7005781.58;75.63;OK
43;RS;Rio Grande do Sul;431247;Morro Reuter;2023;2;10259040.32;9483680.45;92.44;OK
43;RS;Rio Grande do Sul;431250;Mostardas;2023;2;15360120.15;2773638.48;18.06;OK
43;RS;Rio Grande do Sul;431261;Muitos Capões;2023;2;10217389.42;8800442.27;86.13;OK
43;RS;Rio Grande do Sul;431262;Muliterno;2023;2;5981253.73;5647214.70;94.42;OK
43;RS;Rio Grande do Sul;431260;Muçum;2023;2;9850289.59;8869722.84;90.05;OK
43;RS;Rio Grande do Sul;431267;Nicolau Vergueiro;2023;2;5577168.48;2879719.74;51.63;OK
43;RS;Rio Grande do Sul;431270;Nonoai;2023;2;14915303.31;5752513.80;38.57;OK
43;RS;Rio Grande do Sul;431275;Nova Alvorada;2023;2;7639522.56;4947638.46;64.76;OK
43;RS;Rio Grande do Sul;431280;Nova Araçá;2023;2;8017326.80;7527340.14;93.89;OK
43;RS;Rio Grande do Sul;431290;Nova Bassano;2023;2;14996552.69;10508335.38;70.07;OK
43;RS;Rio Grande do Sul;431295;Nova Boa Vista;2023;2;6232808.90;4805921.50;77.11;OK
43;RS;Rio Grande do Sul;431300;Nova Bréscia;2023;2;8182604.05;1048781.75;12.82;OK
43;RS;Rio Grande do Sul;431301;Nova Candelária;2023;2;7176629.02;5615970.13;78.25;OK
43;RS;Rio Grande do Sul;431303;Nova Esperança do Sul;2023;2;8795111.24;3983902.49;45.30;OK
43;RS;Rio Grande do Sul;431306;Nova Hartz;2023;2;17069046.60;16634650.96;97.46;OK
43;RS;Rio Grande do Sul;431310;Nova Palma;2023;2;9786536.96;5090236.54;52.01;OK
43;RS;Rio Grande do Sul;431320;Nova Petrópolis;2023;2;34080943.17;16459412.78;48.30;OK
43;RS;Rio Grande do Sul;431330;Nova Prata;2023;2;47567513.92;25879454.15;54.41;OK
43;RS;Rio Grande do Sul;431308;Nova Pádua;2023;2;4869374.76;3434431.60;70.53;OK
43;RS;Rio Grande do Sul;431333;Nova Ramada;2023;2;6191562.23;3361965.76;54.30;OK
43;RS;Rio Grande do Sul;431335;Nova Roma do Sul;2023;2;6654027.29;6526798.01;98.09;OK
43;RS;Rio Grande do Sul;431337;Nova Santa Rita;2023;2;44807616.94;21952631.37;48.99;OK
43;RS;Rio Grande do Sul;431349;Novo Barreiro;2023;2;7480664.54;6242424.40;83.45;OK
43;RS;Rio Grande do Sul;431339;Novo Cabrais;2023;2;6714746.51;3765449.14;56.08;OK
43;RS;Rio Grande do Sul;431340;Novo Hamburgo;2023;2;320391001.41;80962395.53;25.27;OK
43;RS;Rio Grande do Sul;431342;Novo Machado;2023;2;5946001.50;3027338.17;50.91;OK
43;RS;Rio Grande do Sul;431344;Novo Tiradentes;2023;2;5096881.03;3212852.20;63.04;OK
43;RS;Rio Grande do Sul;431346;Novo Xingu;2023;2;5805502.52;4218437.44;72.66;OK
43;RS;Rio Grande do Sul;431265;Não-Me-Toque;2023;2;25011681.04;11673375.31;46.67;OK
43;RS;Rio Grande do Sul;431350;Osório;2023;2;79061355.63;13570411.44;17.16;OK
43;RS;Rio Grande do Sul;431360;Paim Filho;2023;2;6777963.49;5887947.13;86.87;OK
43;RS;Rio Grande do Sul;431365;Palmares do Sul;2023;2;14088698.68;9356880.99;66.41;OK
43;RS;Rio Grande do Sul;431370;Palmeira das Missões;2023;2;39061833.96;20174275.24;51.65;OK
43;RS;Rio Grande do Sul;431380;Palmitinho;2023;2;9586353.50;6295607.81;65.67;OK
43;RS;Rio Grande do Sul;431390;Panambi;2023;2;71642210.38;22336491.93;31.18;OK
43;RS;Rio Grande do Sul;431395;Pantano Grande;2023;2;12530164.61;8770183.47;69.99;OK
43;RS;Rio Grande do Sul;431400;Paraí;2023;2;15396507.72;5506999.10;35.77;OK
43;RS;Rio Grande do Sul;431402;Paraíso do Sul;2023;2;10032897.84;5650134.29;56.32;OK
43;RS;Rio Grande do Sul;431403;Pareci Novo;2023;2;6922710.91;6747354.49;97.47;OK
43;RS;Rio Grande do Sul;431405;Parobé;2023;2;34851923.24;16906476.48;48.51;OK
43;RS;Rio Grande do Sul;431406;Passa Sete;2023;2;7132801.87;6211606.46;87.09;OK
43;RS;Rio Grande do Sul;431410;Passo Fundo;2023;2;184568961.50;75507759.06;40.91;OK
43;RS;Rio Grande do Sul;431407;Passo do Sobrado;2023;2;9555903.90;9195118.02;96.22;OK
43;RS;Rio Grande do Sul;431413;Paulo Bento;2023;2;5999979.85;5618342.77;93.64;OK
43;RS;Rio Grande do Sul;431415;Paverama;2023;2;10102472.30;6595218.85;65.28;OK
43;RS;Rio Grande do Sul;431417;Pedras Altas;2023;2;7840141.84;2452364.70;31.28;OK
43;RS;Rio Grande do Sul;431420;Pedro Osório;2023;2;8209779.50;2114599.50;25.76;OK
43;RS;Rio Grande do Sul;431430;Pejuçara;2023;2;8708524.33;6185991.59;71.03;OK
43;RS;Rio Grande do Sul;431440;Pelotas;2023;2;435851847.39;102819099.52;23.59;OK
43;RS;Rio Grande do Sul;431442;Picada Café;2023;2;9579889.86;7309257.01;76.30;OK
43;RS;Rio Grande do Sul;431445;Pinhal;2023;2;7439127.65;5909175.28;79.43;OK
43;RS;Rio Grande do Sul;431447;Pinhal Grande;2023;2;8221530.94;5916240.83;71.96;OK
43;RS;Rio Grande do Sul;431446;Pinhal da Serra;2023;2;7317124.01;7270956.31;99.37;OK
43;RS;Rio Grande do Sul;431449;Pinheirinho do Vale;2023;2;7929331.08;7365472.06;92.89;OK
43;RS;Rio Grande do Sul;431450;Pinheiro Machado;2023;2;14312479.07;12057356.79;84.24;OK
43;RS;Rio Grande do Sul;431454;Pinto Bandeira;2023;2;4955275.92;4502963.31;90.87;OK
43;RS;Rio Grande do Sul;431455;Pirapó;2023;2;6906092.61;4104130.84;59.43;OK
43;RS;Rio Grande do Sul;431460;Piratini;2023;2;20519871.25;19404270.16;94.56;OK
43;RS;Rio Grande do Sul;431470;Planalto;2023;2;12349748.48;12349748.48;100.00;OK
43;RS;Rio Grande do Sul;431478;Ponte Preta;2023;2;5716389.08;5483951.95;95.93;OK
43;RS;Rio Grande do Sul;431477;Pontão;2023;2;9458804.88;8976866.73;94.90;OK
43;RS;Rio Grande do Sul;431490;Porto Alegre;2023;2;3115600143.35;410531372.45;13.18;OK
43;RS;Rio Grande do Sul;431500;Porto Lucena;2023;2;6897881.21;5484678.68;79.51;OK
43;RS;Rio Grande do Sul;431505;Porto Mauá;2023;2;4655025.29;3366135.32;72.31;OK
43;RS;Rio Grande do Sul;431507;Porto Vera Cruz;2023;2;4381291.45;3715623.50;84.81;OK
43;RS;Rio Grande do Sul;431510;Porto Xavier;2023;2;11447367.54;7574574.48;66.17;OK
43;RS;Rio Grande do Sul;431480;Portão;2023;2;38970977.50;28364629.73;72.78;OK
43;RS;Rio Grande do Sul;431513;Pouso Novo;2023;2;5307602.54;1846285.33;34.79;OK
43;RS;Rio Grande do Sul;431475;Poço das Antas;2023;2;5683482.33;4060203.37;71.44;OK
43;RS;Rio Grande do Sul;431514;Presidente Lucena;2023;2;6445336.66;5481751.30;85.05;OK
43;RS;Rio Grande do Sul;431515;Progresso;2023;2;8967415.40;7818879.41;87.19;OK
43;RS;Rio Grande do Sul;431517;Protásio Alves;2023;2;5055564.31;3467545.22;68.59;OK
43;RS;Rio Grande do Sul;431520;Putinga;2023;2;7053626.20;6343840.34;89.94;OK
43;RS;Rio Grande do Sul;431530;Quaraí;2023;2;34738843.58;27143799.64;78.14;OK
43;RS;Rio Grande do Sul;431531;Quatro Irmãos;2023;2;5639457.53;1822259.52;32.31;OK
43;RS;Rio Grande do Sul;431532;Quevedos;2023;2;6920266.77;206393.40;2.98;OK
43;RS;Rio Grande do Sul;431535;Quinze de Novembro;2023;2;8910271.10;7491264.95;84.07;OK
43;RS;Rio Grande do Sul;431540;Redentora;2023;2;10722233.65;9023548.97;84.16;OK
43;RS;Rio Grande do Sul;431545;Relvado;2023;2;5240646.13;3176600.60;60.61;OK
43;RS;Rio Grande do Sul;431550;Restinga Seca;2023;2;18272356.37;5281215.12;28.90;OK
43;RS;Rio Grande do Sul;431560;Rio Grande;2023;2;201523383.36;34540143.18;17.14;OK
43;RS;Rio Grande do Sul;431570;Rio Pardo;2023;2;33854394.17;22860021.58;67.52;OK
43;RS;Rio Grande do Sul;431555;Rio dos Índios;2023;2;5581025.08;5581025.08;100.00;OK
43;RS;Rio Grande do Sul;431575;Riozinho;2023;2;6650921.00;3492116.13;52.51;OK
43;RS;Rio Grande do Sul;431580;Roca Sales;2023;2;15681916.83;14857194.57;94.74;OK
43;RS;Rio Grande do Sul;431590;Rodeio Bonito;2023;2;11340481.56;7840030.69;69.13;OK
43;RS;Rio Grande do Sul;431595;Rolador;2023;2;7282741.24;4608372.70;63.28;OK
43;RS;Rio Grande do Sul;431600;Rolante;2023;2;20210151.24;11384431.60;56.33;OK
43;RS;Rio Grande do Sul;431610;Ronda Alta;2023;2;14046556.16;9169154.63;65.28;OK
43;RS;Rio Grande do Sul;431620;Rondinha;2023;2;8587586.95;7798560.61;90.81;OK
43;RS;Rio Grande do Sul;431630;Roque Gonzales;2023;2;9124537.25;8107507.80;88.85;OK
43;RS;Rio Grande do Sul;431640;Rosário do Sul;2023;2;31803975.55;24634644.74;77.46;OK
43;RS;Rio Grande do Sul;431642;Sagrada Família;2023;2;6263860.46;4867578.74;77.71;OK
43;RS;Rio Grande do Sul;431643;Saldanha Marinho;2023;2;8261087.17;3203770.23;38.78;OK
43;RS;Rio Grande do Sul;431645;Salto do Jacuí;2023;2;20256969.74;12185875.65;60.16;OK
43;RS;Rio Grande do Sul;431647;Salvador das Missões;2023;2;7131898.52;4559411.81;63.93;OK
43;RS;Rio Grande do Sul;431650;Salvador do Sul;2023;2;9733566.99;9436007.38;96.94;OK
43;RS;Rio Grande do Sul;431660;Sananduva;2023;2;20796062.21;18122665.44;87.14;OK
43;RS;Rio Grande do Sul;431670;Santa Bárbara do Sul;2023;2;14448701.52;6942112.60;48.05;OK
43;RS;Rio Grande do Sul;431673;Santa Cecília do Sul;2023;2;6144932.92;6063274.39;98.67;OK
43;RS;Rio Grande do Sul;431675;Santa Clara do Sul;2023;2;9801307.57;8646829.53;88.22;OK
43;RS;Rio Grande do Sul;431680;Santa Cruz do Sul;2023;2;259113454.39;47572290.70;18.36;OK
43;RS;Rio Grande do Sul;431697;Santa Margarida do Sul;2023;2;5604818.00;0.00;0.00;OK
43;RS;Rio Grande do Sul;431690;Santa Maria;2023;2;180826700.24;127054996.69;70.26;OK
43;RS;Rio Grande do Sul;431695;Santa Maria do Herval;2023;2;7781366.71;7228289.67;92.89;OK
43;RS;Rio Grande do Sul;431720;Santa Rosa;2023;2;177627118.71;27272762.61;15.35;OK
43;RS;Rio Grande do Sul;431725;Santa Tereza;2023;2;5238458.18;4962223.50;94.73;OK
43;RS;Rio Grande do Sul;431730;Santa Vitória do Palmar;2023;2;39980073.94;29991785.93;75.02;OK
43;RS;Rio Grande do Sul;431700;Santana da Boa Vista;2023;2;9560273.39;3357118.73;35.12;OK
43;RS;Rio Grande do Sul;431710;Santana do Livramento;2023;2;95278080.98;66732495.41;70.04;OK
43;RS;Rio Grande do Sul;431740;Santiago;2023;2;44276816.22;26815759.94;60.56;OK
43;RS;Rio Grande do Sul;431760;Santo Antônio da Patrulha;2023;2;40007604.64;27660870.24;69.14;OK
43;RS;Rio Grande do Sul;431770;Santo Antônio das Missões;2023;2;13730232.75;9185155.38;66.90;OK
43;RS;Rio Grande do Sul;431755;Santo Antônio do Palma;2023;2;5504390.62;3312784.40;60.18;OK
43;RS;Rio Grande do Sul;431775;Santo Antônio do Planalto;2023;2;5700686.61;4648418.28;81.54;OK
43;RS;Rio Grande do Sul;431780;Santo Augusto;2023;2;17761422.36;9648083.86;54.32;OK
43;RS;Rio Grande do Sul;431790;Santo Cristo;2023;2;15783074.86;5026156.12;31.85;OK
43;RS;Rio Grande do Sul;431795;Santo Expedito do Sul;2023;2;5382668.89;5228852.31;97.14;OK
43;RS;Rio Grande do Sul;431750;Santo Ângelo;2023;2;64127127.11;50053290.16;78.05;OK
43;RS;Rio Grande do Sul;431990;Sapiranga;2023;2;67770295.23;24100093.26;35.56;OK
43;RS;Rio Grande do Sul;432000;Sapucaia do Sul;2023;2;184478789.47;45199088.62;24.50;OK
43;RS;Rio Grande do Sul;432010;Sarandi;2023;2;23009670.02;15647192.42;68.00;OK
43;RS;Rio Grande do Sul;432020;Seberi;2023;2;17710284.54;11616725.25;65.59;OK
43;RS;Rio Grande do Sul;432023;Sede Nova;2023;2;6049728.02;2425047.68;40.09;OK
43;RS;Rio Grande do Sul;432026;Segredo;2023;2;7334842.78;7129019.48;97.19;OK
43;RS;Rio Grande do Sul;432030;Selbach;2023;2;8294825.86;4247717.48;51.21;OK
43;RS;Rio Grande do Sul;432032;Senador Salgado Filho;2023;2;5759146.74;2704571.01;46.96;OK
43;RS;Rio Grande do Sul;432035;Sentinela do Sul;2023;2;5562549.16;5377635.60;96.68;OK
43;RS;Rio Grande do Sul;432040;Serafina Corrêa;2023;2;28210868.97;14475800.46;51.31;OK
43;RS;Rio Grande do Sul;432050;Sertão;2023;2;11021639.15;10488614.60;95.16;OK
43;RS;Rio Grande do Sul;432055;Sertão Santana;2023;2;7594990.59;7139778.24;94.01;OK
43;RS;Rio Grande do Sul;432057;Sete de Setembro;2023;2;5113629.04;4620584.00;90.36;OK
43;RS;Rio Grande do Sul;432060;Severiano de Almeida;2023;2;7392697.26;5623394.80;76.07;OK
43;RS;Rio Grande do Sul;432065;Silveira Martins;2023;2;4371197.50;3868815.82;88.51;OK
43;RS;Rio Grande do Sul;432067;Sinimbu;2023;2;12218218.65;4081567.34;33.41;OK
43;RS;Rio Grande do Sul;432070;Sobradinho;2023;2;15698745.59;9672728.12;61.61;OK
43;RS;Rio Grande do Sul;432080;Soledade;2023;2;25170044.25;20792683.68;82.61;OK
43;RS;Rio Grande do Sul;431800;São Borja;2023;2;104908914.79;39886297.45;38.02;OK
43;RS;Rio Grande do Sul;431805;São Domingos do Sul;2023;2;7205307.63;4941450.66;68.58;OK
43;RS;Rio Grande do Sul;431810;São Francisco de Assis;2023;2;24711369.05;24215453.69;97.99;OK
43;RS;Rio Grande do Sul;431820;São Francisco de Paula;2023;2;24658563.33;10453325.80;42.39;OK
43;RS;Rio Grande do Sul;431830;São Gabriel;2023;2;58855140.55;55709915.86;94.66;OK
43;RS;Rio Grande do Sul;431840;São Jerônimo;2023;2;18404528.70;6630108.10;36.02;OK
43;RS;Rio Grande do Sul;431844;São Jorge;2023;2;7461328.53;3041208.87;40.76;OK
43;RS;Rio Grande do Sul;431845;São José das Missões;2023;2;6208557.93;6144048.13;98.96;OK
43;RS;Rio Grande do Sul;431846;São José do Herval;2023;2;5322209.53;3072141.87;57.72;OK
43;RS;Rio Grande do Sul;431848;São José do Hortêncio;2023;2;8267001.67;8266943.89;100.00;OK
43;RS;Rio Grande do Sul;431849;São José do Inhacorá;2023;2;5549182.55;3563711.23;64.22;OK
43;RS;Rio Grande do Sul;431850;São José do Norte;2023;2;37298208.15;10810517.43;28.98;OK
43;RS;Rio Grande do Sul;431860;São José do Ouro;2023;2;7322758.69;6782560.28;92.62;OK
43;RS;Rio Grande do Sul;431861;São José do Sul;2023;2;5862735.60;5862735.60;100.00;OK
43;RS;Rio Grande do Sul;431862;São José dos Ausentes;2023;2;8090700.86;7312098.27;90.38;OK
43;RS;Rio Grande do Sul;431842;São João da Urtiga;2023;2;9602853.21;8402570.16;87.50;OK
43;RS;Rio Grande do Sul;431843;São João do Polêsine;2023;2;5829936.54;2480860.71;42.55;OK
43;RS;Rio Grande do Sul;431870;São Leopoldo;2023;2;305300538.06;47905706.85;15.69;OK
43;RS;Rio Grande do Sul;431880;São Lourenço do Sul;2023;2;38766959.53;13936997.54;35.95;OK
43;RS;Rio Grande do Sul;431890;São Luiz Gonzaga;2023;2;35059285.56;13995927.26;39.92;OK
43;RS;Rio Grande do Sul;431900;São Marcos;2023;2;26763481.71;4993475.14;18.66;OK
43;RS;Rio Grande do Sul;431910;São Martinho;2023;2;9094627.52;7627486.58;83.87;OK
43;RS;Rio Grande do Sul;431912;São Martinho da Serra;2023;2;6357025.50;6357025.50;100.00;OK
43;RS;Rio Grande do Sul;431915;São Miguel das Missões;2023;2;11342739.51;7964481.63;70.22;OK
43;RS;Rio Grande do Sul;431920;São Nicolau;2023;2;6766535.45;1389577.74;20.54;OK
43;RS;Rio Grande do Sul;431930;São Paulo das Missões;2023;2;8303313.07;4621326.91;55.66;OK
43;RS;Rio Grande do Sul;431935;São Pedro da Serra;2023;2;5056618.35;2829289.86;55.95;OK
43;RS;Rio Grande do Sul;431936;São Pedro das Missões;2023;2;5624884.42;5624854.56;100.00;OK
43;RS;Rio Grande do Sul;431937;São Pedro do Butiá;2023;2;6749898.39;6464271.07;95.77;OK
43;RS;Rio Grande do Sul;431940;São Pedro do Sul;2023;2;22865183.20;13461012.70;58.87;OK
43;RS;Rio Grande do Sul;431950;São Sebastião do Caí;2023;2;29679810.40;19491225.67;65.67;OK
43;RS;Rio Grande do Sul;431960;São Sepé;2023;2;28213248.23;12087836.14;42.84;OK
43;RS;Rio Grande do Sul;431970;São Valentim;2023;2;4211660.54;3622724.89;86.02;OK
43;RS;Rio Grande do Sul;431971;São Valentim do Sul;2023;2;5141761.28;2047070.31;39.81;OK
43;RS;Rio Grande do Sul;431973;São Valério do Sul;2023;2;4885267.08;2666598.48;54.58;OK
43;RS;Rio Grande do Sul;431975;São Vendelino;2023;2;5611710.93;5042455.19;89.86;OK
43;RS;Rio Grande do Sul;431980;São Vicente do Sul;2023;2;13257358.58;5477473.17;41.32;OK
43;RS;Rio Grande do Sul;432045;Sério;2023;2;6731409.23;6512219.40;96.74;OK
43;RS;Rio Grande do Sul;432085;Tabaí;2023;2;6175360.96;5729952.41;92.79;OK
43;RS;Rio Grande do Sul;432090;Tapejara;2023;2;29187117.93;18178414.04;62.28;OK
43;RS;Rio Grande do Sul;432100;Tapera;2023;2;15619321.77;12074310.36;77.30;OK
43;RS;Rio Grande do Sul;432110;Tapes;2023;2;23481736.37;16062925.52;68.41;OK
43;RS;Rio Grande do Sul;432120;Taquara;2023;2;42626286.50;21627799.38;50.74;OK
43;RS;Rio Grande do Sul;432130;Taquari;2023;2;34311483.08;16036925.62;46.74;OK
43;RS;Rio Grande do Sul;432132;Taquaruçu do Sul;2023;2;8004797.86;6749839.73;84.32;OK
43;RS;Rio Grande do Sul;432135;Tavares;2023;2;9368057.91;8593092.60;91.73;OK
43;RS;Rio Grande do Sul;432140;Tenente Portela;2023;2;17541886.07;16278715.66;92.80;OK
43;RS;Rio Grande do Sul;432143;Terra de Areia;2023;2;12869251.39;11309897.98;87.88;OK
43;RS;Rio Grande do Sul;432145;Teutônia;2023;2;56674009.22;37318582.80;65.85;OK
43;RS;Rio Grande do Sul;432146;Tio Hugo;2023;2;6394034.38;5888808.70;92.10;OK
43;RS;Rio Grande do Sul;432147;Tiradentes do Sul;2023;2;7169857.40;2065917.50;28.81;OK
43;RS;Rio Grande do Sul;432149;Toropi;2023;2;8556611.48;7508655.47;87.75;OK
43;RS;Rio Grande do Sul;432150;Torres;2023;2;52813394.10;19605259.18;37.12;OK
43;RS;Rio Grande do Sul;432160;Tramandaí;2023;2;62153629.08;15131503.08;24.35;OK
43;RS;Rio Grande do Sul;432162;Travesseiro;2023;2;6038584.31;1550672.90;25.68;OK
43;RS;Rio Grande do Sul;432195;Trindade do Sul;2023;2;10490081.33;10387136.56;99.02;OK
43;RS;Rio Grande do Sul;432200;Triunfo;2023;2;76363883.38;13498306.78;17.68;OK
43;RS;Rio Grande do Sul;432163;Três Arroios;2023;2;6605815.83;3660203.58;55.41;OK
43;RS;Rio Grande do Sul;432166;Três Cachoeiras;2023;2;14290709.77;13015699.61;91.08;OK
43;RS;Rio Grande do Sul;432170;Três Coroas;2023;2;25711180.36;23800250.62;92.57;OK
43;RS;Rio Grande do Sul;432183;Três Forquilhas;2023;2;6635899.39;6221783.84;93.76;OK
43;RS;Rio Grande do Sul;432185;Três Palmeiras;2023;2;7208384.08;6422957.43;89.10;OK
43;RS;Rio Grande do Sul;432190;Três Passos;2023;2;29602178.90;12669117.78;42.80;OK
43;RS;Rio Grande do Sul;432180;Três de Maio;2023;2;26818368.36;14263426.35;53.19;OK
43;RS;Rio Grande do Sul;432210;Tucunduva;2023;2;8083666.95;6590214.11;81.53;OK
43;RS;Rio Grande do Sul;432215;Tunas;2023;2;6132985.74;5967985.89;97.31;OK
43;RS;Rio Grande do Sul;432218;Tupanci do Sul;2023;2;4887421.47;4887421.47;100.00;OK
43;RS;Rio Grande do Sul;432220;Tupanciretã;2023;2;30869319.71;21991108.82;71.24;OK
43;RS;Rio Grande do Sul;432225;Tupandi;2023;2;10430826.34;9225124.12;88.44;OK
43;RS;Rio Grande do Sul;432230;Tuparendi;2023;2;11682077.06;3212814.57;27.50;OK
43;RS;Rio Grande do Sul;432232;Turuçu;2023;2;8425067.16;6278073.37;74.52;OK
43;RS;Rio Grande do Sul;432234;Ubiretama;2023;2;5568172.92;4201273.45;75.45;OK
43;RS;Rio Grande do Sul;432237;Unistalda;2023;2;5022311.20;4169532.87;83.02;OK
43;RS;Rio Grande do Sul;432235;União da Serra;2023;2;4900803.16;3307953.86;67.50;OK
43;RS;Rio Grande do Sul;432240;Uruguaiana;2023;2;87775043.55;22928042.40;26.12;OK
43;RS;Rio Grande do Sul;432250;Vacaria;2023;2;102628449.56;26702604.38;26.02;OK
43;RS;Rio Grande do Sul;432254;Vale Real;2023;2;8411227.13;7284538.32;86.60;OK
43;RS;Rio Grande do Sul;432252;Vale Verde;2023;2;6430087.50;4740994.47;73.73;OK
43;RS;Rio Grande do Sul;432253;Vale do Sol;2023;2;10514943.94;10216230.32;97.16;OK
43;RS;Rio Grande do Sul;432255;Vanini;2023;2;5760782.71;5005522.72;86.89;OK
43;RS;Rio Grande do Sul;432260;Venâncio Aires;2023;2;103497104.52;26787230.08;25.88;OK
43;RS;Rio Grande do Sul;432270;Vera Cruz;2023;2;28213531.65;18778607.43;66.56;OK
43;RS;Rio Grande do Sul;432280;Veranópolis;2023;2;44827834.15;14139870.14;31.54;OK
43;RS;Rio Grande do Sul;432285;Vespasiano Correa;2023;2;7513449.31;7513449.31;100.00;OK
43;RS;Rio Grande do Sul;432290;Viadutos;2023;2;7270907.64;4430626.64;60.94;OK
43;RS;Rio Grande do Sul;432300;Viamão;2023;2;126951322.03;69076453.69;54.41;OK
43;RS;Rio Grande do Sul;432310;Vicente Dutra;2023;2;6819849.17;4999962.39;73.31;OK
43;RS;Rio Grande do Sul;432320;Victor Graeff;2023;2;7161617.25;4345449.24;60.68;OK
43;RS;Rio Grande do Sul;432330;Vila Flores;2023;2;8746825.22;5663518.70;64.75;OK
43;RS;Rio Grande do Sul;432335;Vila Lângaro;2023;2;7086692.76;6904597.60;97.43;OK
43;RS;Rio Grande do Sul;432340;Vila Maria;2023;2;8925753.36;4823732.93;54.04;OK
43;RS;Rio Grande do Sul;432345;Vila Nova do Sul;2023;2;8104118.35;5524044.35;68.16;OK
43;RS;Rio Grande do Sul;432350;Vista Alegre;2023;2;10986371.99;10663770.89;97.06;OK
43;RS;Rio Grande do Sul;432360;Vista Alegre do Prata;2023;2;4947586.70;4897586.70;98.99;OK
43;RS;Rio Grande do Sul;432370;Vista Gaúcha;2023;2;5603046.27;2807841.04;50.11;OK
43;RS;Rio Grande do Sul;432375;Vitória das Missões;2023;2;7042981.56;6456526.57;91.67;OK
43;RS;Rio Grande do Sul;432377;Westfalia;2023;2;7129016.78;7079158.73;99.30;OK
43;RS;Rio Grande do Sul;432380;Xangri-lá;2023;2;58405658.85;16270255.05;27.86;OK
43;RS;Rio Grande do Sul;430005;Água Santa;2023;2;7135677.66;5893899.20;82.60;OK
43;RS;Rio Grande do Sul;430155;Áurea;2023;2;8872697.72;1766843.79;19.91;OK
33;RJ;Rio de Janeiro;330010;Angra dos Reis;2023;2;576007224.93;246992493.82;42.88;OK
33;RJ;Rio de Janeiro;330015;Aperibé;2023;2;29362734.55;27460045.42;93.52;OK
33;RJ;Rio de Janeiro;330020;Araruama;2023;2;239435722.49;6831418.84;2.85;OK
33;RJ;Rio de Janeiro;330022;Areal;2023;2;37109883.58;10267430.72;27.67;OK
33;RJ;Rio de Janeiro;330023;Armação dos Búzios;2023;2;195252699.74;43018694.05;22.03;OK
33;RJ;Rio de Janeiro;330025;Arraial do Cabo;2023;2;183228790.42;24331064.02;13.28;OK
33;RJ;Rio de Janeiro;330040;Barra Mansa;2023;2;241183497.36;83812646.31;34.75;OK
33;RJ;Rio de Janeiro;330030;Barra do Piraí;2023;2;105703063.10;9228013.31;8.73;OK
33;RJ;Rio de Janeiro;330045;Belford Roxo;2023;2;447582368.70;53813212.90;12.02;OK
33;RJ;Rio de Janeiro;330050;Bom Jardim;2023;2;35423241.17;17280444.86;48.78;OK
33;RJ;Rio de Janeiro;330060;Bom Jesus do Itabapoana;2023;2;102053050.28;23206123.35;22.74;OK
33;RJ;Rio de Janeiro;330070;Cabo Frio;2023;2;479878532.26;99410428.89;20.72;OK
33;RJ;Rio de Janeiro;330080;Cachoeiras de Macacu;2023;2;136088133.57;341495.59;0.25;OK
33;RJ;Rio de Janeiro;330090;Cambuci;2023;2;37403485.40;4400936.92;11.77;OK
33;RJ;Rio de Janeiro;330100;Campos dos Goytacazes;2023;2;997976916.08;30223132.31;3.03;OK
33;RJ;Rio de Janeiro;330110;Cantagalo;2023;2;46461864.98;11589115.91;24.94;OK
33;RJ;Rio de Janeiro;330093;Carapebus;2023;2;57331109.39;5050189.26;8.81;OK
33;RJ;Rio de Janeiro;330115;Cardoso Moreira;2023;2;26312590.02;21683637.41;82.41;OK
33;RJ;Rio de Janeiro;330120;Carmo;2023;2;40587673.60;5320642.76;13.11;OK
33;RJ;Rio de Janeiro;330130;Casimiro de Abreu;2023;2;112326306.43;11155632.51;9.93;OK
33;RJ;Rio de Janeiro;330095;Comendador Levy Gasparian;2023;2;22640180.38;4619529.93;20.40;OK
33;RJ;Rio de Janeiro;330140;Conceição de Macabu;2023;2;54284888.46;13179054.47;24.28;OK
33;RJ;Rio de Janeiro;330150;Cordeiro;2023;2;38377007.22;14561351.19;37.94;OK
33;RJ;Rio de Janeiro;330160;Duas Barras;2023;2;25324055.51;6218615.03;24.56;OK
33;RJ;Rio de Janeiro;330170;Duque de Caxias;2023;2;1807274810.06;74162470.73;4.10;OK
33;RJ;Rio de Janeiro;330180;Engenheiro Paulo de Frontin;2023;2;39117179.60;18353857.95;46.92;OK
33;RJ;Rio de Janeiro;330185;Guapimirim;2023;2;109311688.54;17881782.65;16.36;OK
33;RJ;Rio de Janeiro;330187;Iguaba Grande;2023;2;93928780.49;6881108.92;7.33;OK
33;RJ;Rio de Janeiro;330190;Itaboraí;2023;2;233091482.08;73848707.37;31.68;OK
33;RJ;Rio de Janeiro;330200;Itaguaí;2023;2;311074530.25;12234450.53;3.93;OK
33;RJ;Rio de Janeiro;330205;Italva;2023;2;39570721.30;26161140.11;66.11;OK
33;RJ;Rio de Janeiro;330210;Itaocara;2023;2;41747106.12;15963490.60;38.24;OK
33;RJ;Rio de Janeiro;330220;Itaperuna;2023;2;234041282.02;12340653.49;5.27;OK
33;RJ;Rio de Janeiro;330225;Itatiaia;2023;2;91206049.92;12331803.52;13.52;OK
33;RJ;Rio de Janeiro;330227;Japeri;2023;2;108507593.68;28126679.26;25.92;OK
33;RJ;Rio de Janeiro;330230;Laje do Muriaé;2023;2;24466159.22;4479592.46;18.31;OK
33;RJ;Rio de Janeiro;330240;Macaé;2023;2;907828687.33;247509153.03;27.26;OK
33;RJ;Rio de Janeiro;330245;Macuco;2023;2;23376102.60;10650728.49;45.56;OK
33;RJ;Rio de Janeiro;330250;Magé;2023;2;312251438.92;31111665.02;9.96;OK
33;RJ;Rio de Janeiro;330260;Mangaratiba;2023;2;131189261.05;9114462.20;6.95;OK
33;RJ;Rio de Janeiro;330270;Maricá;2023;2;950610314.14;196567555.98;20.68;OK
33;RJ;Rio de Janeiro;330280;Mendes;2023;2;35197937.19;1743370.46;4.95;OK
33;RJ;Rio de Janeiro;330285;Mesquita;2023;2;152773981.14;50930101.19;33.34;OK
33;RJ;Rio de Janeiro;330290;Miguel Pereira;2023;2;103905517.64;18132106.53;17.45;OK
33;RJ;Rio de Janeiro;330300;Miracema;2023;2;47736831.25;7007979.47;14.68;OK
33;RJ;Rio de Janeiro;330310;Natividade;2023;2;35359164.97;9777844.79;27.65;OK
33;RJ;Rio de Janeiro;330320;Nilópolis;2023;2;141746300.68;39564537.64;27.91;OK
33;RJ;Rio de Janeiro;330330;Niterói;2023;2;803687200.73;107914533.00;13.43;OK
33;RJ;Rio de Janeiro;330340;Nova Friburgo;2023;2;314704583.28;36661326.97;11.65;OK
33;RJ;Rio de Janeiro;330350;Nova Iguaçu;2023;2;844881188.38;75894940.67;8.98;OK
33;RJ;Rio de Janeiro;330360;Paracambi;2023;2;82166109.28;5841769.35;7.11;OK
33;RJ;Rio de Janeiro;330380;Parati;2023;2;103751485.67;20302156.23;19.57;OK
33;RJ;Rio de Janeiro;330370;Paraíba do Sul;2023;2;71693696.74;22322773.21;31.14;OK
33;RJ;Rio de Janeiro;330385;Paty do Alferes;2023;2;48090390.32;19826155.59;41.23;OK
33;RJ;Rio de Janeiro;330390;Petrópolis;2023;2;555663287.06;41584761.73;7.48;OK
33;RJ;Rio de Janeiro;330395;Pinheiral;2023;2;50053933.14;20164667.37;40.29;OK
33;RJ;Rio de Janeiro;330400;Piraí;2023;2;108650431.10;16152592.52;14.87;OK
33;RJ;Rio de Janeiro;330410;Porciúncula;2023;2;42392872.67;23641045.11;55.77;OK
33;RJ;Rio de Janeiro;330411;Porto Real;2023;2;80307409.60;34812739.77;43.35;OK
33;RJ;Rio de Janeiro;330412;Quatis;2023;2;15899627.10;8467709.98;53.26;OK
33;RJ;Rio de Janeiro;330414;Queimados;2023;2;129265970.19;11169244.60;8.64;OK
33;RJ;Rio de Janeiro;330415;Quissamã;2023;2;134237222.23;19168885.92;14.28;OK
33;RJ;Rio de Janeiro;330420;Resende;2023;2;345496740.53;71464215.14;20.68;OK
33;RJ;Rio de Janeiro;330430;Rio Bonito;2023;2;188777407.02;46618601.45;24.70;OK
33;RJ;Rio de Janeiro;330440;Rio Claro;2023;2;48965252.42;26118582.93;53.34;OK
33;RJ;Rio de Janeiro;330450;Rio das Flores;2023;2;24029050.17;14838324.73;61.75;OK
33;RJ;Rio de Janeiro;330452;Rio das Ostras;2023;2;301253211.95;49420283.63;16.40;OK
33;RJ;Rio de Janeiro;330455;Rio de Janeiro;2023;2;7346330495.21;2103693891.00;28.64;OK
33;RJ;Rio de Janeiro;330460;Santa Maria Madalena;2023;2;31457574.84;9866407.72;31.36;OK
33;RJ;Rio de Janeiro;330470;Santo Antônio de Pádua;2023;2;69987291.38;3954567.29;5.65;OK
33;RJ;Rio de Janeiro;330540;Sapucaia;2023;2;37356217.00;11042129.36;29.56;OK
33;RJ;Rio de Janeiro;330550;Saquarema;2023;2;425955704.95;88240870.46;20.72;OK
33;RJ;Rio de Janeiro;330555;Seropédica;2023;2;138785301.47;24039389.96;17.32;OK
33;RJ;Rio de Janeiro;330560;Silva Jardim;2023;2;60728664.78;10902791.67;17.95;OK
33;RJ;Rio de Janeiro;330570;Sumidouro;2023;2;39734598.30;9312273.28;23.44;OK
33;RJ;Rio de Janeiro;330480;São Fidélis;2023;2;60732546.67;33686170.12;55.47;OK
33;RJ;Rio de Janeiro;330475;São Francisco de Itabapoana;2023;2;50860048.01;13183443.05;25.92;OK
33;RJ;Rio de Janeiro;330490;São Gonçalo;2023;2;991861217.63;266199241.88;26.84;OK
33;RJ;Rio de Janeiro;330513;São José de Ubá;2023;2;28857712.10;22415908.33;77.68;OK
33;RJ;Rio de Janeiro;330515;São José do Vale do Rio Preto;2023;2;43977046.67;5758658.90;13.09;OK
33;RJ;Rio de Janeiro;330500;São João da Barra;2023;2;167285549.92;13971623.85;8.35;OK
33;RJ;Rio de Janeiro;330510;São João de Meriti;2023;2;338650372.33;84184604.04;24.86;OK
33;RJ;Rio de Janeiro;330520;São Pedro da Aldeia;2023;2;117844391.85;50501387.70;42.85;OK
33;RJ;Rio de Janeiro;330530;São Sebastião do Alto;2023;2;24282014.86;5125.00;0.02;OK
33;RJ;Rio de Janeiro;330575;Tanguá;2023;2;56518948.79;16579824.08;29.33;OK
33;RJ;Rio de Janeiro;330580;Teresópolis;2023;2;222304931.12;20637204.16;9.28;OK
33;RJ;Rio de Janeiro;330590;Trajano de Morais;2023;2;20701288.18;6708422.78;32.41;OK
33;RJ;Rio de Janeiro;330600;Três Rios;2023;2;184766605.42;87253016.93;47.22;OK
33;RJ;Rio de Janeiro;330610;Valença;2023;2;134452454.00;44659329.20;33.22;OK
33;RJ;Rio de Janeiro;330615;Varre-Sai;2023;2;20778083.56;16193997.18;77.94;OK
33;RJ;Rio de Janeiro;330620;Vassouras;2023;2;100951835.19;18992149.81;18.81;OK
33;RJ;Rio de Janeiro;330630;Volta Redonda;2023;2;532696971.40;62716688.84;11.77;OK
11;RO;Rondônia;110001;Alta Floresta D'Oeste;2023;2;28160906.24;5648652.02;20.06;OK
11;RO;Rondônia;110037;Alto Alegre dos Parecis;2023;2;19208120.72;9775570.23;50.89;OK
11;RO;Rondônia;110040;Alto Paraíso;2023;2;20296412.23;5516394.28;27.18;OK
11;RO;Rondônia;110034;Alvorada D'Oeste;2023;2;19103585.57;2947658.80;15.43;OK
11;RO;Rondônia;110002;Ariquemes;2023;2;137668732.31;18074845.50;13.13;OK
11;RO;Rondônia;110045;Buritis;2023;2;28027860.26;23741973.66;84.71;OK
11;RO;Rondônia;110003;Cabixi;2023;2;11398608.69;2745562.82;24.09;OK
11;RO;Rondônia;110060;Cacaulândia;2023;2;9339851.51;2867459.21;30.70;OK
11;RO;Rondônia;110004;Cacoal;2023;2;93106570.75;19776847.11;21.24;OK
11;RO;Rondônia;110070;Campo Novo de Rondônia;2023;2;19603552.28;7897412.61;40.29;OK
11;RO;Rondônia;110080;Candeias do Jamari;2023;2;30633431.52;17427755.86;56.89;OK
11;RO;Rondônia;110090;Castanheiras;2023;2;10948737.67;9693776.73;88.54;OK
11;RO;Rondônia;110005;Cerejeiras;2023;2;32407860.58;4671561.68;14.41;OK
11;RO;Rondônia;110092;Chupinguaia;2023;2;19219523.12;18608191.25;96.82;OK
11;RO;Rondônia;110006;Colorado do Oeste;2023;2;25639333.77;10760983.43;41.97;OK
11;RO;Rondônia;110007;Corumbiara;2023;2;16537993.44;4465969.61;27.00;OK
11;RO;Rondônia;110008;Costa Marques;2023;2;14133540.34;13580899.31;96.09;OK
11;RO;Rondônia;110094;Cujubim;2023;2;18578005.39;13525024.13;72.80;OK
11;RO;Rondônia;110009;Espigão D'Oeste;2023;2;33926070.28;14548822.79;42.88;OK
11;RO;Rondônia;110100;Governador Jorge Teixeira;2023;2;13789857.47;3912552.99;28.37;OK
11;RO;Rondônia;110010;Guajará-Mirim;2023;2;51390012.07;14677331.53;28.56;OK
11;RO;Rondônia;110110;Itapuã do Oeste;2023;2;11884931.19;8633184.69;72.64;OK
11;RO;Rondônia;110011;Jaru;2023;2;54282894.20;16566991.36;30.52;OK
11;RO;Rondônia;110012;Ji-Paraná;2023;2;150289952.60;34610804.17;23.03;OK
11;RO;Rondônia;110013;Machadinho D'Oeste;2023;2;41542654.16;8989111.38;21.64;OK
11;RO;Rondônia;110120;Ministro Andreazza;2023;2;10086534.08;4042182.39;40.08;OK
11;RO;Rondônia;110130;Mirante da Serra;2023;2;13304223.94;3574421.64;26.87;OK
11;RO;Rondônia;110140;Monte Negro;2023;2;21917397.05;6624386.75;30.22;OK
11;RO;Rondônia;110014;Nova Brasilândia D'Oeste;2023;2;19819598.04;4491140.18;22.66;OK
11;RO;Rondônia;110033;Nova Mamoré;2023;2;33268933.61;8214911.81;24.69;OK
11;RO;Rondônia;110143;Nova União;2023;2;9057311.91;3150052.56;34.78;OK
11;RO;Rondônia;110050;Novo Horizonte do Oeste;2023;2;11344434.74;4370930.98;38.53;OK
11;RO;Rondônia;110015;Ouro Preto do Oeste;2023;2;43000813.13;21747412.31;50.57;OK
11;RO;Rondônia;110145;Parecis;2023;2;9307233.26;4559030.14;48.98;OK
11;RO;Rondônia;110018;Pimenta Bueno;2023;2;54064416.31;18432898.77;34.09;OK
11;RO;Rondônia;110146;Pimenteiras do Oeste;2023;2;10783057.55;9935824.94;92.14;OK
11;RO;Rondônia;110020;Porto Velho;2023;2;486636031.11;64719812.31;13.30;OK
11;RO;Rondônia;110025;Presidente Médici;2023;2;29424343.63;12516918.26;42.54;OK
11;RO;Rondônia;110147;Primavera de Rondônia;2023;2;5934752.11;5651597.45;95.23;OK
11;RO;Rondônia;110026;Rio Crespo;2023;2;10789171.56;5252064.48;48.68;OK
11;RO;Rondônia;110028;Rolim de Moura;2023;2;72290780.73;21603439.35;29.88;OK
11;RO;Rondônia;110029;Santa Luzia D'Oeste;2023;2;14862177.22;4445766.16;29.91;OK
11;RO;Rondônia;110150;Seringueiras;2023;2;16234653.36;3961618.35;24.40;OK
11;RO;Rondônia;110148;São Felipe D'Oeste;2023;2;8780471.42;8449854.39;96.23;OK
11;RO;Rondônia;110149;São Francisco do Guaporé;2023;2;24802405.04;20948624.90;84.46;OK
11;RO;Rondônia;110032;São Miguel do Guaporé;2023;2;29040976.09;9203794.43;31.69;OK
11;RO;Rondônia;110155;Teixeirópolis;2023;2;7705816.80;4866530.43;63.15;OK
11;RO;Rondônia;110160;Theobroma;2023;2;14229008.40;13160962.51;92.49;OK
11;RO;Rondônia;110170;Urupá;2023;2;16431043.69;6645143.48;40.44;OK
11;RO;Rondônia;110175;Vale do Anari;2023;2;12953918.21;11666430.87;90.06;OK
11;RO;Rondônia;110180;Vale do Paraíso;2023;2;11727911.73;5965863.73;50.87;OK
11;RO;Rondônia;110030;Vilhena;2023;2;180284693.88;23598486.31;13.09;OK
14;RR;Roraima;140005;Alto Alegre;2023;2;22590271.68;13823052.82;61.19;OK
14;RR;Roraima;140002;Amajari;2023;2;14150287.96;3768871.76;26.63;OK
14;RR;Roraima;140010;Boa Vista;2023;2;444059840.66;135611730.26;30.54;OK
14;RR;Roraima;140015;Bonfim;2023;2;18676128.26;14197330.63;76.02;OK
14;RR;Roraima;140017;Cantá;2023;2;24179752.38;14116812.77;58.38;OK
14;RR;Roraima;140020;Caracaraí;2023;2;8085245.03;1515142.05;18.74;OK
14;RR;Roraima;140023;Caroebe;2023;2;9771335.69;4513392.82;46.19;OK
14;RR;Roraima;140028;Iracema;2023;2;18962067.43;11219136.64;59.17;OK
14;RR;Roraima;140030;Mucajaí;2023;2;18904317.95;13330715.70;70.52;OK
14;RR;Roraima;140040;Normandia;2023;2;15257842.90;10390147.85;68.10;OK
14;RR;Roraima;140045;Pacaraima;2023;2;13686999.89;6690974.54;48.89;OK
14;RR;Roraima;140047;Rorainópolis;2023;2;35623689.14;22534123.68;63.26;OK
14;RR;Roraima;140050;São João da Baliza;2023;2;8638212.14;6883902.32;79.69;OK
14;RR;Roraima;140060;São Luiz;2023;2;7940789.53;3778237.32;47.58;OK
14;RR;Roraima;140070;Uiramutã;2023;2;12220462.04;8579422.84;70.21;OK
42;SC;Santa Catarina;420005;Abdon Batista;2023;2;6974982.60;4999795.12;71.68;OK
42;SC;Santa Catarina;420010;Abelardo Luz;2023;2;26140578.27;20330768.49;77.77;OK
42;SC;Santa Catarina;420020;Agrolândia;2023;2;14030625.51;9403505.91;67.02;OK
42;SC;Santa Catarina;420030;Agronômica;2023;2;6534436.57;5735901.99;87.78;OK
42;SC;Santa Catarina;420070;Alfredo Wagner;2023;2;11998226.56;11011852.54;91.78;OK
42;SC;Santa Catarina;420075;Alto Bela Vista;2023;2;6670875.08;6614176.00;99.15;OK
42;SC;Santa Catarina;420080;Anchieta;2023;2;13486872.77;7612886.60;56.45;OK
42;SC;Santa Catarina;420090;Angelina;2023;2;6772967.48;6049473.02;89.32;OK
42;SC;Santa Catarina;420100;Anita Garibaldi;2023;2;8704450.65;6426997.78;73.84;OK
42;SC;Santa Catarina;420110;Anitápolis;2023;2;4949942.62;4476691.31;90.44;OK
42;SC;Santa Catarina;420120;Antônio Carlos;2023;2;18131003.63;17883924.11;98.64;OK
42;SC;Santa Catarina;420125;Apiúna;2023;2;15714313.48;15499355.28;98.63;OK
42;SC;Santa Catarina;420127;Arabutã;2023;2;10493840.53;8862044.84;84.45;OK
42;SC;Santa Catarina;420130;Araquari;2023;2;64022153.02;26777235.46;41.82;OK
42;SC;Santa Catarina;420140;Araranguá;2023;2;56839372.99;52588873.33;92.52;OK
42;SC;Santa Catarina;420150;Armazém;2023;2;10566583.61;10347147.09;97.92;OK
42;SC;Santa Catarina;420160;Arroio Trinta;2023;2;8034009.17;7741847.40;96.36;OK
42;SC;Santa Catarina;420165;Arvoredo;2023;2;6775877.46;4085025.73;60.29;OK
42;SC;Santa Catarina;420170;Ascurra;2023;2;9341395.72;7589730.17;81.25;OK
42;SC;Santa Catarina;420180;Atalanta;2023;2;6469698.95;5925682.20;91.59;OK
42;SC;Santa Catarina;420190;Aurora;2023;2;7706754.52;7706754.52;100.00;OK
42;SC;Santa Catarina;420195;Balneário Arroio do Silva;2023;2;14037738.41;12304380.26;87.65;OK
42;SC;Santa Catarina;420205;Balneário Barra do Sul;2023;2;18130983.79;10861551.46;59.91;OK
42;SC;Santa Catarina;420200;Balneário Camboriú;2023;2;329154740.30;49972264.82;15.18;OK
42;SC;Santa Catarina;420207;Balneário Gaivota;2023;2;14557859.28;14480163.99;99.47;OK
42;SC;Santa Catarina;421280;Balneário Piçarras;2023;2;59861073.14;31815385.76;53.15;OK
42;SC;Santa Catarina;422000;Balneário Rincão;2023;2;15709739.79;15308180.71;97.44;OK
42;SC;Santa Catarina;420208;Bandeirante;2023;2;5312779.73;4472503.85;84.18;OK
42;SC;Santa Catarina;420209;Barra Bonita;2023;2;4796913.66;4635668.61;96.64;OK
42;SC;Santa Catarina;420210;Barra Velha;2023;2;53305202.62;42497395.25;79.72;OK
42;SC;Santa Catarina;420213;Bela Vista do Toldo;2023;2;8994099.86;7343014.04;81.64;OK
42;SC;Santa Catarina;420215;Belmonte;2023;2;4130942.47;2404808.39;58.21;OK
42;SC;Santa Catarina;420220;Benedito Novo;2023;2;13934628.68;10996408.01;78.91;OK
42;SC;Santa Catarina;420230;Biguaçu;2023;2;112028063.51;57553007.36;51.37;OK
42;SC;Santa Catarina;420240;Blumenau;2023;2;647148374.21;251151814.12;38.81;OK
42;SC;Santa Catarina;420243;Bocaina do Sul;2023;2;5255798.39;4476489.26;85.17;OK
42;SC;Santa Catarina;420250;Bom Jardim da Serra;2023;2;6921215.41;6737003.58;97.34;OK
42;SC;Santa Catarina;420253;Bom Jesus;2023;2;5770884.22;5621450.62;97.41;OK
42;SC;Santa Catarina;420257;Bom Jesus do Oeste;2023;2;5146129.80;4212830.45;81.86;OK
42;SC;Santa Catarina;420260;Bom Retiro;2023;2;11500699.90;9576420.76;83.27;OK
42;SC;Santa Catarina;420245;Bombinhas;2023;2;52450485.82;26757077.89;51.01;OK
42;SC;Santa Catarina;420270;Botuverá;2023;2;8803988.04;7234142.06;82.17;OK
42;SC;Santa Catarina;420280;Braço do Norte;2023;2;44620022.71;25010083.46;56.05;OK
42;SC;Santa Catarina;420285;Braço do Trombudo;2023;2;6267823.18;5597309.63;89.30;OK
42;SC;Santa Catarina;420287;Brunópolis;2023;2;6282755.12;6089625.06;96.93;OK
42;SC;Santa Catarina;420290;Brusque;2023;2;196654973.90;62187591.31;31.62;OK
42;SC;Santa Catarina;420310;Caibi;2023;2;9362715.10;6831423.80;72.96;OK
42;SC;Santa Catarina;420315;Calmon;2023;2;5366716.18;5366716.18;100.00;OK
42;SC;Santa Catarina;420320;Camboriú;2023;2;65141854.62;48471307.00;74.41;OK
42;SC;Santa Catarina;420330;Campo Alegre;2023;2;16358027.35;11208149.17;68.52;OK
42;SC;Santa Catarina;420340;Campo Belo do Sul;2023;2;9659003.31;7763339.40;80.37;OK
42;SC;Santa Catarina;420350;Campo Erê;2023;2;13507634.33;12232061.98;90.56;OK
42;SC;Santa Catarina;420360;Campos Novos;2023;2;68161951.09;25317786.32;37.14;OK
42;SC;Santa Catarina;420370;Canelinha;2023;2;18844208.38;12855059.00;68.22;OK
42;SC;Santa Catarina;420380;Canoinhas;2023;2;60505283.53;18934830.49;31.29;OK
42;SC;Santa Catarina;420390;Capinzal;2023;2;31746572.22;26722646.27;84.17;OK
42;SC;Santa Catarina;420395;Capivari de Baixo;2023;2;24427512.11;15766670.01;64.54;OK
42;SC;Santa Catarina;420325;Capão Alto;2023;2;6220294.81;5715620.45;91.89;OK
42;SC;Santa Catarina;420400;Catanduvas;2023;2;18324601.20;15749090.68;85.95;OK
42;SC;Santa Catarina;420410;Caxambu do Sul;2023;2;8517559.25;3572206.36;41.94;OK
42;SC;Santa Catarina;420300;Caçador;2023;2;78902484.07;50708504.83;64.27;OK
42;SC;Santa Catarina;420415;Celso Ramos;2023;2;10108177.63;10108177.63;100.00;OK
42;SC;Santa Catarina;420417;Cerro Negro;2023;2;6019674.90;5742778.97;95.40;OK
42;SC;Santa Catarina;420419;Chapadão do Lageado;2023;2;5530120.82;5501994.60;99.49;OK
42;SC;Santa Catarina;420420;Chapecó;2023;2;389806427.22;158360208.98;40.63;OK
42;SC;Santa Catarina;420425;Cocal do Sul;2023;2;28303489.36;15527036.59;54.86;OK
42;SC;Santa Catarina;420430;Concórdia;2023;2;125523821.18;31882902.74;25.40;OK
42;SC;Santa Catarina;420435;Cordilheira Alta;2023;2;11556987.54;9582606.93;82.92;OK
42;SC;Santa Catarina;420440;Coronel Freitas;2023;2;16209824.20;9095236.75;56.11;OK
42;SC;Santa Catarina;420445;Coronel Martins;2023;2;6254402.94;6179935.15;98.81;OK
42;SC;Santa Catarina;420455;Correia Pinto;2023;2;15850256.95;9084458.15;57.31;OK
42;SC;Santa Catarina;420450;Corupá;2023;2;17898259.74;15927552.16;88.99;OK
42;SC;Santa Catarina;420460;Criciúma;2023;2;361918872.81;182670134.46;50.47;OK
42;SC;Santa Catarina;420470;Cunha Porã;2023;2;14607639.56;12623018.93;86.41;OK
42;SC;Santa Catarina;420475;Cunhataí;2023;2;5421505.81;3937546.17;72.63;OK
42;SC;Santa Catarina;420480;Curitibanos;2023;2;40740822.90;20008235.47;49.11;OK
42;SC;Santa Catarina;420490;Descanso;2023;2;10686429.45;6226032.11;58.26;OK
42;SC;Santa Catarina;420500;Dionísio Cerqueira;2023;2;27986203.62;16941568.70;60.54;OK
42;SC;Santa Catarina;420510;Dona Emma;2023;2;6609702.88;5934434.77;89.78;OK
42;SC;Santa Catarina;420515;Doutor Pedrinho;2023;2;6005723.30;4336538.66;72.21;OK
42;SC;Santa Catarina;420517;Entre Rios;2023;2;6338223.02;6167411.88;97.31;OK
42;SC;Santa Catarina;420519;Ermo;2023;2;6649248.82;6649248.82;100.00;OK
42;SC;Santa Catarina;420520;Erval Velho;2023;2;7897462.14;7526075.45;95.30;OK
42;SC;Santa Catarina;420530;Faxinal dos Guedes;2023;2;15765142.14;15218977.80;96.54;OK
42;SC;Santa Catarina;420535;Flor do Sertão;2023;2;5770287.63;5591260.82;96.90;OK
42;SC;Santa Catarina;420540;Florianópolis;2023;2;538126580.00;409830703.53;76.16;OK
42;SC;Santa Catarina;420543;Formosa do Sul;2023;2;5935530.05;5921562.11;99.76;OK
42;SC;Santa Catarina;420545;Forquilhinha;2023;2;36412715.83;26396751.96;72.49;OK
42;SC;Santa Catarina;420550;Fraiburgo;2023;2;37362168.49;20001218.18;53.53;OK
42;SC;Santa Catarina;420555;Frei Rogério;2023;2;5383008.44;5214074.39;96.86;OK
42;SC;Santa Catarina;420560;Galvão;2023;2;8620073.36;8290574.41;96.18;OK
42;SC;Santa Catarina;420570;Garopaba;2023;2;44425067.24;16724525.28;37.65;OK
42;SC;Santa Catarina;420580;Garuva;2023;2;30527598.96;22504244.64;73.72;OK
42;SC;Santa Catarina;420590;Gaspar;2023;2;105947708.32;51351330.45;48.47;OK
42;SC;Santa Catarina;420600;Governador Celso Ramos;2023;2;30679593.66;23945903.35;78.05;OK
42;SC;Santa Catarina;420620;Gravatal;2023;2;11476458.28;10537652.81;91.82;OK
42;SC;Santa Catarina;420610;Grão Pará;2023;2;7810137.73;7104688.95;90.97;OK
42;SC;Santa Catarina;420630;Guabiruba;2023;2;18945761.74;18945761.74;100.00;OK
42;SC;Santa Catarina;420640;Guaraciaba;2023;2;13911850.90;11187556.99;80.42;OK
42;SC;Santa Catarina;420650;Guaramirim;2023;2;65514372.57;35909237.06;54.81;OK
42;SC;Santa Catarina;420660;Guarujá do Sul;2023;2;8834336.37;8605057.85;97.40;OK
42;SC;Santa Catarina;420665;Guatambú;2023;2;14247398.27;14224556.61;99.84;OK
42;SC;Santa Catarina;420670;Herval d'Oeste;2023;2;32707378.52;12225678.36;37.38;OK
42;SC;Santa Catarina;420675;Ibiam;2023;2;6345699.56;6264745.39;98.72;OK
42;SC;Santa Catarina;420680;Ibicaré;2023;2;6851356.50;6821344.00;99.56;OK
42;SC;Santa Catarina;420690;Ibirama;2023;2;19980287.08;19804852.35;99.12;OK
42;SC;Santa Catarina;420710;Ilhota;2023;2;17437629.88;15046444.55;86.29;OK
42;SC;Santa Catarina;420720;Imaruí;2023;2;12117162.13;9123528.30;75.29;OK
42;SC;Santa Catarina;420730;Imbituba;2023;2;68397420.86;48848318.16;71.42;OK
42;SC;Santa Catarina;420740;Imbuia;2023;2;9043479.19;9043479.19;100.00;OK
42;SC;Santa Catarina;420750;Indaial;2023;2;108241152.29;40041745.59;36.99;OK
42;SC;Santa Catarina;420757;Iomerê;2023;2;7801607.43;6530643.10;83.71;OK
42;SC;Santa Catarina;420760;Ipira;2023;2;7206012.75;6841698.76;94.94;OK
42;SC;Santa Catarina;420765;Iporã do Oeste;2023;2;12135831.74;9175444.66;75.61;OK
42;SC;Santa Catarina;420768;Ipuaçu;2023;2;11552016.10;10144281.04;87.81;OK
42;SC;Santa Catarina;420770;Ipumirim;2023;2;14799935.30;10103833.82;68.27;OK
42;SC;Santa Catarina;420775;Iraceminha;2023;2;7106847.16;6560458.33;92.31;OK
42;SC;Santa Catarina;420780;Irani;2023;2;14674115.93;6250757.07;42.60;OK
42;SC;Santa Catarina;420785;Irati;2023;2;5068841.58;4511514.52;89.00;OK
42;SC;Santa Catarina;420790;Irineópolis;2023;2;11411163.44;9534528.96;83.55;OK
42;SC;Santa Catarina;420810;Itaiópolis;2023;2;25531550.84;15213974.98;59.59;OK
42;SC;Santa Catarina;420820;Itajaí;2023;2;628966058.53;221004270.68;35.14;OK
42;SC;Santa Catarina;420830;Itapema;2023;2;136904403.82;66537556.21;48.60;OK
42;SC;Santa Catarina;420840;Itapiranga;2023;2;23945940.02;16034908.93;66.96;OK
42;SC;Santa Catarina;420845;Itapoá;2023;2;43728981.40;3592421.21;8.22;OK
42;SC;Santa Catarina;420850;Ituporanga;2023;2;27138173.59;24149636.84;88.99;OK
42;SC;Santa Catarina;420800;Itá;2023;2;16561801.58;9437121.64;56.98;OK
42;SC;Santa Catarina;420700;Içara;2023;2;58656854.44;33312831.65;56.79;OK
42;SC;Santa Catarina;420860;Jaborá;2023;2;8953857.22;5557564.40;62.07;OK
42;SC;Santa Catarina;420870;Jacinto Machado;2023;2;12750096.84;12727758.27;99.82;OK
42;SC;Santa Catarina;420880;Jaguaruna;2023;2;24391681.04;18881564.50;77.41;OK
42;SC;Santa Catarina;420890;Jaraguá do Sul;2023;2;267833733.03;13787437.34;5.15;OK
42;SC;Santa Catarina;420895;Jardinópolis;2023;2;5496666.84;3961514.32;72.07;OK
42;SC;Santa Catarina;420900;Joaçaba;2023;2;43488600.19;24581306.90;56.52;OK
42;SC;Santa Catarina;420910;Joinville;2023;2;1078118802.36;278878471.40;25.87;OK
42;SC;Santa Catarina;420915;José Boiteux;2023;2;7500955.76;7500955.76;100.00;OK
42;SC;Santa Catarina;420917;Jupiá;2023;2;6525296.97;4995165.97;76.55;OK
42;SC;Santa Catarina;420920;Lacerdópolis;2023;2;7370136.75;7051385.07;95.68;OK
42;SC;Santa Catarina;420930;Lages;2023;2;202154618.03;118095784.06;58.42;OK
42;SC;Santa Catarina;420940;Laguna;2023;2;51249047.06;32003814.89;62.45;OK
42;SC;Santa Catarina;420945;Lajeado Grande;2023;2;6056682.72;6000823.03;99.08;OK
42;SC;Santa Catarina;420950;Laurentino;2023;2;8874217.66;8195696.32;92.35;OK
42;SC;Santa Catarina;420960;Lauro Muller;2023;2;20889586.85;13599269.66;65.10;OK
42;SC;Santa Catarina;420970;Lebon Régis;2023;2;14503106.06;9728178.48;67.08;OK
42;SC;Santa Catarina;420980;Leoberto Leal;2023;2;6321533.37;5951244.72;94.14;OK
42;SC;Santa Catarina;420985;Lindóia do Sul;2023;2;8424453.39;8352995.44;99.15;OK
42;SC;Santa Catarina;420990;Lontras;2023;2;12444200.56;9866312.85;79.28;OK
42;SC;Santa Catarina;421000;Luiz Alves;2023;2;16410868.76;10222232.72;62.29;OK
42;SC;Santa Catarina;421003;Luzerna;2023;2;9189482.95;7911071.67;86.09;OK
42;SC;Santa Catarina;421005;Macieira;2023;2;7012561.04;6928087.95;98.80;OK
42;SC;Santa Catarina;421010;Mafra;2023;2;61368235.49;23861214.65;38.88;OK
42;SC;Santa Catarina;421020;Major Gercino;2023;2;5442553.76;5424979.62;99.68;OK
42;SC;Santa Catarina;421030;Major Vieira;2023;2;10795438.02;9375084.46;86.84;OK
42;SC;Santa Catarina;421040;Maracajá;2023;2;6694301.70;3001233.40;44.83;OK
42;SC;Santa Catarina;421050;Maravilha;2023;2;38807026.53;24560368.29;63.29;OK
42;SC;Santa Catarina;421055;Marema;2023;2;6382023.31;6313602.97;98.93;OK
42;SC;Santa Catarina;421060;Massaranduba;2023;2;23684781.37;9191577.64;38.81;OK
42;SC;Santa Catarina;421070;Matos Costa;2023;2;6688768.80;6578861.86;98.36;OK
42;SC;Santa Catarina;421080;Meleiro;2023;2;8796927.44;6237725.41;70.91;OK
42;SC;Santa Catarina;421085;Mirim Doce;2023;2;5094409.47;5094409.47;100.00;OK
42;SC;Santa Catarina;421090;Modelo;2023;2;6524309.53;4025957.63;61.71;OK
42;SC;Santa Catarina;421100;Mondaí;2023;2;15287959.38;9498562.84;62.13;OK
42;SC;Santa Catarina;421105;Monte Carlo;2023;2;11553295.29;7023942.90;60.80;OK
42;SC;Santa Catarina;421110;Monte Castelo;2023;2;10095081.69;9422267.83;93.34;OK
42;SC;Santa Catarina;421125;Morro Grande;2023;2;5930266.40;5198854.90;87.67;OK
42;SC;Santa Catarina;421120;Morro da Fumaça;2023;2;19949324.09;15531763.50;77.86;OK
42;SC;Santa Catarina;421130;Navegantes;2023;2;102622720.24;72635388.10;70.78;OK
42;SC;Santa Catarina;421140;Nova Erechim;2023;2;9258838.79;8788265.26;94.92;OK
42;SC;Santa Catarina;421145;Nova Itaberaba;2023;2;7744064.87;5406843.88;69.82;OK
42;SC;Santa Catarina;421150;Nova Trento;2023;2;24347115.89;13641834.89;56.03;OK
42;SC;Santa Catarina;421160;Nova Veneza;2023;2;19522699.98;19460497.44;99.68;OK
42;SC;Santa Catarina;421165;Novo Horizonte;2023;2;6250041.38;6073885.21;97.18;OK
42;SC;Santa Catarina;421170;Orleans;2023;2;34041747.52;26858987.96;78.90;OK
42;SC;Santa Catarina;421175;Otacílio Costa;2023;2;22729866.79;5318868.69;23.40;OK
42;SC;Santa Catarina;421180;Ouro;2023;2;10945298.98;7818320.70;71.43;OK
42;SC;Santa Catarina;421185;Ouro Verde;2023;2;6515886.05;6193243.83;95.05;OK
42;SC;Santa Catarina;421187;Paial;2023;2;5371126.63;3919108.61;72.97;OK
42;SC;Santa Catarina;421189;Painel;2023;2;6031763.55;5936058.90;98.41;OK
42;SC;Santa Catarina;421190;Palhoça;2023;2;189562053.74;155992083.39;82.29;OK
42;SC;Santa Catarina;421200;Palma Sola;2023;2;12479394.12;9234813.60;74.00;OK
42;SC;Santa Catarina;421205;Palmeira;2023;2;5236471.88;4677052.56;89.32;OK
42;SC;Santa Catarina;421210;Palmitos;2023;2;17192537.32;8612392.16;50.09;OK
42;SC;Santa Catarina;421220;Papanduva;2023;2;23311993.41;16429055.15;70.47;OK
42;SC;Santa Catarina;421223;Paraíso;2023;2;7570879.86;5377645.88;71.03;OK
42;SC;Santa Catarina;421225;Passo de Torres;2023;2;11247264.21;11247264.21;100.00;OK
42;SC;Santa Catarina;421227;Passos Maia;2023;2;8914416.40;8839612.20;99.16;OK
42;SC;Santa Catarina;421230;Paulo Lopes;2023;2;10785260.80;9828029.56;91.12;OK
42;SC;Santa Catarina;421240;Pedras Grandes;2023;2;6494251.75;6085617.13;93.71;OK
42;SC;Santa Catarina;421250;Penha;2023;2;44838388.28;29578314.13;65.97;OK
42;SC;Santa Catarina;421260;Peritiba;2023;2;6480942.34;4211747.32;64.99;OK
42;SC;Santa Catarina;421265;Pescaria Brava;2023;2;16251766.19;11911083.12;73.29;OK
42;SC;Santa Catarina;421270;Petrolândia;2023;2;9575108.48;9291385.35;97.04;OK
42;SC;Santa Catarina;421290;Pinhalzinho;2023;2;28662013.26;16754089.31;58.45;OK
42;SC;Santa Catarina;421300;Pinheiro Preto;2023;2;7790195.32;7639086.32;98.06;OK
42;SC;Santa Catarina;421310;Piratuba;2023;2;11858227.07;11680138.65;98.50;OK
42;SC;Santa Catarina;421315;Planalto Alegre;2023;2;6840875.49;4902051.73;71.66;OK
42;SC;Santa Catarina;421320;Pomerode;2023;2;51428829.19;27258269.71;53.00;OK
42;SC;Santa Catarina;421330;Ponte Alta;2023;2;8130146.64;7015951.06;86.30;OK
42;SC;Santa Catarina;421335;Ponte Alta do Norte;2023;2;7505834.11;6869577.29;91.52;OK
42;SC;Santa Catarina;421340;Ponte Serrada;2023;2;14136134.46;13292446.33;94.03;OK
42;SC;Santa Catarina;421350;Porto Belo;2023;2;43368691.06;29796519.20;68.71;OK
42;SC;Santa Catarina;421360;Porto União;2023;2;28283811.37;20433879.65;72.25;OK
42;SC;Santa Catarina;421370;Pouso Redondo;2023;2;17628710.44;17473795.68;99.12;OK
42;SC;Santa Catarina;421380;Praia Grande;2023;2;9118960.82;8243615.22;90.40;OK
42;SC;Santa Catarina;421390;Presidente Castello Branco;2023;2;6079059.40;5994418.49;98.61;OK
42;SC;Santa Catarina;421400;Presidente Getúlio;2023;2;26639213.35;21727657.05;81.56;OK
42;SC;Santa Catarina;421410;Presidente Nereu;2023;2;5046492.20;4841299.51;95.93;OK
42;SC;Santa Catarina;421415;Princesa;2023;2;5089219.72;4768889.42;93.71;OK
42;SC;Santa Catarina;421420;Quilombo;2023;2;14898378.63;9799069.61;65.77;OK
42;SC;Santa Catarina;421430;Rancho Queimado;2023;2;9124369.09;8517212.83;93.35;OK
42;SC;Santa Catarina;421490;Rio Fortuna;2023;2;7166580.81;6948973.58;96.96;OK
42;SC;Santa Catarina;421500;Rio Negrinho;2023;2;58810174.69;37352564.45;63.51;OK
42;SC;Santa Catarina;421505;Rio Rufino;2023;2;7178604.88;7174054.88;99.94;OK
42;SC;Santa Catarina;421440;Rio das Antas;2023;2;10727653.03;10664355.02;99.41;OK
42;SC;Santa Catarina;421450;Rio do Campo;2023;2;9507341.76;7200707.75;75.74;OK
42;SC;Santa Catarina;421460;Rio do Oeste;2023;2;8991361.71;8634644.52;96.03;OK
42;SC;Santa Catarina;421480;Rio do Sul;2023;2;143696120.64;76140471.42;52.99;OK
42;SC;Santa Catarina;421470;Rio dos Cedros;2023;2;12035164.66;11392105.27;94.66;OK
42;SC;Santa Catarina;421507;Riqueza;2023;2;6805727.97;6805727.97;100.00;OK
42;SC;Santa Catarina;421510;Rodeio;2023;2;12645123.61;12438095.78;98.36;OK
42;SC;Santa Catarina;421520;Romelândia;2023;2;8082625.35;7884688.53;97.55;OK
42;SC;Santa Catarina;421530;Salete;2023;2;11105410.06;10363410.68;93.32;OK
42;SC;Santa Catarina;421535;Saltinho;2023;2;6520742.03;4747796.09;72.81;OK
42;SC;Santa Catarina;421540;Salto Veloso;2023;2;7868385.47;7858883.47;99.88;OK
42;SC;Santa Catarina;421545;Sangão;2023;2;14528083.31;13951692.36;96.03;OK
42;SC;Santa Catarina;421550;Santa Cecília;2023;2;19882999.76;18450939.41;92.80;OK
42;SC;Santa Catarina;421555;Santa Helena;2023;2;5298932.13;4188487.78;79.04;OK
42;SC;Santa Catarina;421560;Santa Rosa de Lima;2023;2;5256190.50;4586448.65;87.26;OK
42;SC;Santa Catarina;421565;Santa Rosa do Sul;2023;2;10103181.68;8593274.87;85.06;OK
42;SC;Santa Catarina;421567;Santa Terezinha;2023;2;10255430.11;10255430.11;100.00;OK
42;SC;Santa Catarina;421568;Santa Terezinha do Progresso;2023;2;5793310.96;4073583.51;70.32;OK
42;SC;Santa Catarina;421569;Santiago do Sul;2023;2;5192667.88;4371261.96;84.18;OK
42;SC;Santa Catarina;421570;Santo Amaro da Imperatriz;2023;2;39969828.06;24629407.64;61.62;OK
42;SC;Santa Catarina;421730;Saudades;2023;2;12936185.93;12415423.97;95.97;OK
42;SC;Santa Catarina;421740;Schroeder;2023;2;22223298.40;13629219.63;61.33;OK
42;SC;Santa Catarina;421750;Seara;2023;2;29085044.85;9560687.47;32.87;OK
42;SC;Santa Catarina;421755;Serra Alta;2023;2;6513534.53;5335676.16;81.92;OK
42;SC;Santa Catarina;421760;Siderópolis;2023;2;18323822.48;15289526.00;83.44;OK
42;SC;Santa Catarina;421770;Sombrio;2023;2;26851772.15;22509655.38;83.83;OK
42;SC;Santa Catarina;421775;Sul Brasil;2023;2;6499867.71;4847693.59;74.58;OK
42;SC;Santa Catarina;421580;São Bento do Sul;2023;2;116591442.13;63334380.84;54.32;OK
42;SC;Santa Catarina;421575;São Bernardino;2023;2;6688717.42;4321231.22;64.60;OK
42;SC;Santa Catarina;421590;São Bonifácio;2023;2;6457660.07;6457660.07;100.00;OK
42;SC;Santa Catarina;421600;São Carlos;2023;2;17093877.59;8533472.74;49.92;OK
42;SC;Santa Catarina;421605;São Cristovão do Sul;2023;2;7706017.26;7258843.81;94.20;OK
42;SC;Santa Catarina;421610;São Domingos;2023;2;12807624.01;12181065.90;95.11;OK
42;SC;Santa Catarina;421620;São Francisco do Sul;2023;2;89916537.38;38686638.03;43.03;OK
42;SC;Santa Catarina;421650;São Joaquim;2023;2;31002554.44;30681419.00;98.96;OK
42;SC;Santa Catarina;421660;São José;2023;2;272739930.40;126021688.42;46.21;OK
42;SC;Santa Catarina;421670;São José do Cedro;2023;2;19047837.31;16700140.00;87.67;OK
42;SC;Santa Catarina;421680;São José do Cerrito;2023;2;9532870.77;9066690.56;95.11;OK
42;SC;Santa Catarina;421630;São João Batista;2023;2;37347514.09;21161222.08;56.66;OK
42;SC;Santa Catarina;421635;São João do Itaperiú;2023;2;8057527.44;8033681.33;99.70;OK
42;SC;Santa Catarina;421625;São João do Oeste;2023;2;8991526.75;5029692.37;55.94;OK
42;SC;Santa Catarina;421640;São João do Sul;2023;2;8037144.96;6286743.32;78.22;OK
42;SC;Santa Catarina;421690;São Lourenço do Oeste;2023;2;36976075.38;22191000.04;60.01;OK
42;SC;Santa Catarina;421700;São Ludgero;2023;2;19465362.81;19133176.85;98.29;OK
42;SC;Santa Catarina;421710;São Martinho;2023;2;6663788.09;4012774.82;60.22;OK
42;SC;Santa Catarina;421715;São Miguel da Boa Vista;2023;2;6329171.58;4703719.48;74.32;OK
42;SC;Santa Catarina;421720;São Miguel do Oeste;2023;2;49268114.60;23719201.68;48.14;OK
42;SC;Santa Catarina;421725;São Pedro de Alcântara;2023;2;8396324.63;8323982.65;99.14;OK
42;SC;Santa Catarina;421780;Taió;2023;2;22045290.90;12489442.76;56.65;OK
42;SC;Santa Catarina;421790;Tangará;2023;2;14182127.25;9064058.74;63.91;OK
42;SC;Santa Catarina;421795;Tigrinhos;2023;2;5761855.22;5361755.06;93.06;OK
42;SC;Santa Catarina;421800;Tijucas;2023;2;54807692.40;51103701.96;93.24;OK
42;SC;Santa Catarina;421810;Timbé do Sul;2023;2;9672629.06;8170833.25;84.47;OK
42;SC;Santa Catarina;421820;Timbó;2023;2;51616090.77;21722637.24;42.09;OK
42;SC;Santa Catarina;421825;Timbó Grande;2023;2;8644931.44;8080005.28;93.47;OK
42;SC;Santa Catarina;421835;Treviso;2023;2;7920302.37;7917454.37;99.96;OK
42;SC;Santa Catarina;421850;Treze Tílias;2023;2;13538111.78;13412821.01;99.07;OK
42;SC;Santa Catarina;421840;Treze de Maio;2023;2;9497512.00;7686173.24;80.93;OK
42;SC;Santa Catarina;421860;Trombudo Central;2023;2;8210133.97;7766190.44;94.59;OK
42;SC;Santa Catarina;421830;Três Barras;2023;2;41488385.09;23061171.69;55.58;OK
42;SC;Santa Catarina;421870;Tubarão;2023;2;96615945.97;49688465.83;51.43;OK
42;SC;Santa Catarina;421875;Tunápolis;2023;2;8690796.74;6412665.19;73.79;OK
42;SC;Santa Catarina;421880;Turvo;2023;2;15429481.09;15429481.09;100.00;OK
42;SC;Santa Catarina;421885;União do Oeste;2023;2;5997772.10;5798606.23;96.68;OK
42;SC;Santa Catarina;421890;Urubici;2023;2;16722927.91;14683026.12;87.80;OK
42;SC;Santa Catarina;421895;Urupema;2023;2;5828333.70;5665133.83;97.20;OK
42;SC;Santa Catarina;421900;Urussanga;2023;2;27195538.22;16747487.96;61.58;OK
42;SC;Santa Catarina;421915;Vargem;2023;2;7378850.69;7351968.25;99.64;OK
42;SC;Santa Catarina;421917;Vargem Bonita;2023;2;11306789.50;11203341.74;99.09;OK
42;SC;Santa Catarina;421910;Vargeão;2023;2;10256029.20;10035186.81;97.85;OK
42;SC;Santa Catarina;421920;Vidal Ramos;2023;2;10615525.73;10123392.26;95.36;OK
42;SC;Santa Catarina;421930;Videira;2023;2;55960047.92;21564176.66;38.53;OK
42;SC;Santa Catarina;421935;Vitor Meireles;2023;2;7660986.16;7519883.87;98.16;OK
42;SC;Santa Catarina;421940;Witmarsum;2023;2;9190389.12;9184966.52;99.94;OK
42;SC;Santa Catarina;421950;Xanxerê;2023;2;54304217.70;53935130.06;99.32;OK
42;SC;Santa Catarina;421960;Xavantina;2023;2;8934975.59;5583606.38;62.49;OK
42;SC;Santa Catarina;421970;Xaxim;2023;2;44309425.60;42544452.99;96.02;OK
42;SC;Santa Catarina;421985;Zortéa;2023;2;7940714.58;7939954.58;99.99;OK
42;SC;Santa Catarina;420040;Água Doce;2023;2;13726988.47;10730096.91;78.17;OK
42;SC;Santa Catarina;420055;Águas Frias;2023;2;5488677.04;5302401.05;96.61;OK
42;SC;Santa Catarina;420060;Águas Mornas;2023;2;10036458.17;7771472.73;77.43;OK
42;SC;Santa Catarina;420050;Águas de Chapecó;2023;2;9016641.22;8085924.47;89.68;OK
28;SE;Sergipe;280010;Amparo de São Francisco;2023;2;4520720.25;1525857.14;33.75;OK
28;SE;Sergipe;280020;Aquidabã;2023;2;17098731.21;8941386.24;52.29;OK
28;SE;Sergipe;280030;Aracaju;2023;2;696149982.55;199203047.94;28.61;OK
28;SE;Sergipe;280040;Arauá;2023;2;11546897.89;6423350.44;55.63;OK
28;SE;Sergipe;280050;Areia Branca;2023;2;20373962.38;19485380.72;95.64;OK
28;SE;Sergipe;280060;Barra dos Coqueiros;2023;2;48321559.20;18157694.28;37.58;OK
28;SE;Sergipe;280067;Boquim;2023;2;20105659.04;9600324.97;47.75;OK
28;SE;Sergipe;280070;Brejo Grande;2023;2;9742827.74;4329944.99;44.44;OK
28;SE;Sergipe;280100;Campo do Brito;2023;2;17066534.95;13860798.60;81.22;OK
28;SE;Sergipe;280110;Canhoba;2023;2;5379616.25;2134108.60;39.67;OK
28;SE;Sergipe;280120;Canindé de São Francisco;2023;2;50131125.23;17511704.93;34.93;OK
28;SE;Sergipe;280130;Capela;2023;2;33869728.59;15496034.82;45.75;OK
28;SE;Sergipe;280140;Carira;2023;2;18830047.39;9368304.70;49.75;OK
28;SE;Sergipe;280150;Carmópolis;2023;2;19193459.30;7911733.09;41.22;OK
28;SE;Sergipe;280160;Cedro de São João;2023;2;8218562.48;7612616.99;92.63;OK
28;SE;Sergipe;280170;Cristinápolis;2023;2;17239318.40;7323355.22;42.48;OK
28;SE;Sergipe;280190;Cumbe;2023;2;5709953.51;2737705.84;47.95;OK
28;SE;Sergipe;280200;Divina Pastora;2023;2;8716379.44;4968909.01;57.01;OK
28;SE;Sergipe;280210;Estância;2023;2;58754568.40;25891839.06;44.07;OK
28;SE;Sergipe;280220;Feira Nova;2023;2;8095563.43;2381003.62;29.41;OK
28;SE;Sergipe;280230;Frei Paulo;2023;2;14470869.50;5722350.86;39.54;OK
28;SE;Sergipe;280240;Gararu;2023;2;10744741.44;5138620.57;47.82;OK
28;SE;Sergipe;280250;General Maynard;2023;2;7247279.29;3418246.72;47.17;OK
28;SE;Sergipe;280260;Gracho Cardoso;2023;2;5958790.31;2635807.47;44.23;OK
28;SE;Sergipe;280270;Ilha das Flores;2023;2;8614723.20;3395059.13;39.41;OK
28;SE;Sergipe;280280;Indiaroba;2023;2;19858776.04;17688770.56;89.07;OK
28;SE;Sergipe;280290;Itabaiana;2023;2;97530008.19;38342284.32;39.31;OK
28;SE;Sergipe;280300;Itabaianinha;2023;2;33613925.78;14645806.28;43.57;OK
28;SE;Sergipe;280310;Itabi;2023;2;6374437.93;5624851.04;88.24;OK
28;SE;Sergipe;280320;Itaporanga d'Ajuda;2023;2;33991446.50;20479306.84;60.25;OK
28;SE;Sergipe;280330;Japaratuba;2023;2;18280654.99;16197256.90;88.60;OK
28;SE;Sergipe;280340;Japoatã;2023;2;12729278.05;6318578.69;49.64;OK
28;SE;Sergipe;280350;Lagarto;2023;2;78192181.67;36886700.86;47.17;OK
28;SE;Sergipe;280360;Laranjeiras;2023;2;37276325.67;11386374.30;30.55;OK
28;SE;Sergipe;280370;Macambira;2023;2;8372539.21;8044561.19;96.08;OK
28;SE;Sergipe;280380;Malhada dos Bois;2023;2;5625441.89;4001680.99;71.14;OK
28;SE;Sergipe;280390;Malhador;2023;2;13299077.54;11095256.30;83.43;OK
28;SE;Sergipe;280400;Maruim;2023;2;20570539.83;7154209.87;34.78;OK
28;SE;Sergipe;280410;Moita Bonita;2023;2;12555797.75;10169002.04;80.99;OK
28;SE;Sergipe;280420;Monte Alegre de Sergipe;2023;2;14053520.04;5996537.41;42.67;OK
28;SE;Sergipe;280430;Muribeca;2023;2;7959924.23;7109193.47;89.31;OK
28;SE;Sergipe;280440;Neópolis;2023;2;17173414.82;16725499.65;97.39;OK
28;SE;Sergipe;280445;Nossa Senhora Aparecida;2023;2;9629024.40;6757222.56;70.18;OK
28;SE;Sergipe;280450;Nossa Senhora da Glória;2023;2;32008688.76;13111845.21;40.96;OK
28;SE;Sergipe;280460;Nossa Senhora das Dores;2023;2;25298598.21;13166868.24;52.05;OK
28;SE;Sergipe;280470;Nossa Senhora de Lourdes;2023;2;7329070.31;3425764.79;46.74;OK
28;SE;Sergipe;280480;Nossa Senhora do Socorro;2023;2;141813476.81;69115758.44;48.74;OK
28;SE;Sergipe;280490;Pacatuba;2023;2;12957412.82;11408641.34;88.05;OK
28;SE;Sergipe;280500;Pedra Mole;2023;2;5844075.66;3043292.82;52.07;OK
28;SE;Sergipe;280510;Pedrinhas;2023;2;9415067.35;5357879.15;56.91;OK
28;SE;Sergipe;280520;Pinhão;2023;2;7620315.74;3675851.64;48.24;OK
28;SE;Sergipe;280530;Pirambu;2023;2;9599615.89;8787795.84;91.54;OK
28;SE;Sergipe;280560;Porto da Folha;2023;2;25461180.67;10362914.36;40.70;OK
28;SE;Sergipe;280540;Poço Redondo;2023;2;24930079.14;18501366.93;74.21;OK
28;SE;Sergipe;280550;Poço Verde;2023;2;18840244.90;7187465.81;38.15;OK
28;SE;Sergipe;280570;Propriá;2023;2;24582062.38;8253186.87;33.57;OK
28;SE;Sergipe;280590;Riachuelo;2023;2;11783852.20;6366429.69;54.03;OK
28;SE;Sergipe;280580;Riachão do Dantas;2023;2;15986595.60;7831035.99;48.99;OK
28;SE;Sergipe;280600;Ribeirópolis;2023;2;18779541.89;16191023.89;86.22;OK
28;SE;Sergipe;280610;Rosário do Catete;2023;2;19013752.15;5754564.55;30.27;OK
28;SE;Sergipe;280620;Salgado;2023;2;17548733.53;8367439.12;47.68;OK
28;SE;Sergipe;280630;Santa Luzia do Itanhy;2023;2;14424513.33;7629121.61;52.89;OK
28;SE;Sergipe;280650;Santa Rosa de Lima;2023;2;5413671.24;2334940.37;43.13;OK
28;SE;Sergipe;280640;Santana do São Francisco;2023;2;9613432.50;4415653.89;45.93;OK
28;SE;Sergipe;280660;Santo Amaro das Brotas;2023;2;11292938.13;3898474.30;34.52;OK
28;SE;Sergipe;280710;Simão Dias;2023;2;29558271.84;14302774.65;48.39;OK
28;SE;Sergipe;280720;Siriri;2023;2;11939078.33;11302051.80;94.66;OK
28;SE;Sergipe;280670;São Cristóvão;2023;2;57063531.05;26110179.50;45.76;OK
28;SE;Sergipe;280680;São Domingos;2023;2;9143646.95;4790061.53;52.39;OK
28;SE;Sergipe;280690;São Francisco;2023;2;5999831.81;5316049.34;88.60;OK
28;SE;Sergipe;280700;São Miguel do Aleixo;2023;2;5829656.76;1385955.58;23.77;OK
28;SE;Sergipe;280730;Telha;2023;2;5447530.34;1573368.71;28.88;OK
28;SE;Sergipe;280740;Tobias Barreto;2023;2;33456614.86;15884548.09;47.48;OK
28;SE;Sergipe;280750;Tomar do Geru;2023;2;12398655.56;6003324.94;48.42;OK
28;SE;Sergipe;280760;Umbaúba;2023;2;20007145.48;7587331.84;37.92;OK
35;SP;São Paulo;350010;Adamantina;2023;2;61833006.06;27444799.17;44.39;OK
35;SP;São Paulo;350020;Adolfo;2023;2;10671055.03;10582692.60;99.17;OK
35;SP;São Paulo;350030;Aguaí;2023;2;41534977.46;11303292.54;27.21;OK
35;SP;São Paulo;350070;Agudos;2023;2;66986050.26;43111019.76;64.36;OK
35;SP;São Paulo;350075;Alambari;2023;2;9282116.19;8288381.01;89.29;OK
35;SP;São Paulo;350080;Alfredo Marcondes;2023;2;7620725.88;7620725.88;100.00;OK
35;SP;São Paulo;350090;Altair;2023;2;12796943.05;8581129.67;67.06;OK
35;SP;São Paulo;350100;Altinópolis;2023;2;28556433.59;13251633.35;46.41;OK
35;SP;São Paulo;350110;Alto Alegre;2023;2;12371524.92;4829154.16;39.03;OK
35;SP;São Paulo;350115;Alumínio;2023;2;28332709.94;9657623.75;34.09;OK
35;SP;São Paulo;350150;Alvinlândia;2023;2;5425491.88;5368429.15;98.95;OK
35;SP;São Paulo;350160;Americana;2023;2;320272890.60;63443855.80;19.81;OK
35;SP;São Paulo;350190;Amparo;2023;2;143404115.75;40640130.40;28.34;OK
35;SP;São Paulo;350170;Américo Brasiliense;2023;2;55047326.28;19055729.93;34.62;OK
35;SP;São Paulo;350180;Américo de Campos;2023;2;10978043.41;10562739.51;96.22;OK
35;SP;São Paulo;350200;Analândia;2023;2;10432370.78;10034141.99;96.18;OK
35;SP;São Paulo;350210;Andradina;2023;2;102812903.53;60736902.67;59.08;OK
35;SP;São Paulo;350220;Angatuba;2023;2;43971375.60;26882531.30;61.14;OK
35;SP;São Paulo;350230;Anhembi;2023;2;15942081.46;15716244.07;98.58;OK
35;SP;São Paulo;350240;Anhumas;2023;2;8965062.73;8914604.78;99.44;OK
35;SP;São Paulo;350250;Aparecida;2023;2;40542060.38;36023589.35;88.85;OK
35;SP;São Paulo;350260;Aparecida d'Oeste;2023;2;10957201.96;8394562.04;76.61;OK
35;SP;São Paulo;350270;Apiaí;2023;2;31477089.53;20941832.37;66.53;OK
35;SP;São Paulo;350300;Aramina;2023;2;12065808.92;11891841.76;98.56;OK
35;SP;São Paulo;350310;Arandu;2023;2;19214884.84;6962188.20;36.23;OK
35;SP;São Paulo;350315;Arapeí;2023;2;10788982.55;10788982.55;100.00;OK
35;SP;São Paulo;350320;Araraquara;2023;2;468458789.92;110812474.02;23.65;OK
35;SP;São Paulo;350330;Araras;2023;2;105916877.73;27307687.04;25.78;OK
35;SP;São Paulo;350275;Araçariguama;2023;2;42495805.95;39881173.58;93.85;OK
35;SP;São Paulo;350280;Araçatuba;2023;2;232703149.13;81972183.87;35.23;OK
35;SP;São Paulo;350290;Araçoiaba da Serra;2023;2;37336174.14;20409134.95;54.66;OK
35;SP;São Paulo;350335;Arco-Íris;2023;2;6589641.55;6325720.04;95.99;OK
35;SP;São Paulo;350340;Arealva;2023;2;13659098.78;9854104.90;72.14;OK
35;SP;São Paulo;350350;Areias;2023;2;9435554.55;9423271.63;99.87;OK
35;SP;São Paulo;350360;Areiópolis;2023;2;13079074.30;4651951.81;35.57;OK
35;SP;São Paulo;350370;Ariranha;2023;2;17881758.54;6941138.27;38.82;OK
35;SP;São Paulo;350380;Artur Nogueira;2023;2;62294925.31;58233045.20;93.48;OK
35;SP;São Paulo;350390;Arujá;2023;2;157975200.41;77270239.21;48.91;OK
35;SP;São Paulo;350395;Aspásia;2023;2;5118312.42;5090275.18;99.45;OK
35;SP;São Paulo;350400;Assis;2023;2;147933555.93;29599106.33;20.01;OK
35;SP;São Paulo;350410;Atibaia;2023;2;219272201.19;109140509.13;49.77;OK
35;SP;São Paulo;350420;Auriflama;2023;2;23641840.42;21206209.70;89.70;OK
35;SP;São Paulo;350440;Avanhandava;2023;2;17596389.41;15626287.68;88.80;OK
35;SP;São Paulo;350450;Avaré;2023;2;128654976.46;28456919.04;22.12;OK
35;SP;São Paulo;350430;Avaí;2023;2;11114906.63;11053628.75;99.45;OK
35;SP;São Paulo;350460;Bady Bassitt;2023;2;37850558.03;36439037.08;96.27;OK
35;SP;São Paulo;350470;Balbinos;2023;2;8444586.12;8103845.73;95.96;OK
35;SP;São Paulo;350490;Bananal;2023;2;27265447.62;23940313.05;87.80;OK
35;SP;São Paulo;350510;Barbosa;2023;2;11493443.66;8764835.94;76.26;OK
35;SP;São Paulo;350520;Bariri;2023;2;47648978.39;39007110.97;81.86;OK
35;SP;São Paulo;350530;Barra Bonita;2023;2;52146629.89;35050688.63;67.22;OK
35;SP;São Paulo;350535;Barra do Chapéu;2023;2;8065999.60;8065999.60;100.00;OK
35;SP;São Paulo;350540;Barra do Turvo;2023;2;11925960.32;11814524.07;99.07;OK
35;SP;São Paulo;350550;Barretos;2023;2;226978388.16;86762332.30;38.22;OK
35;SP;São Paulo;350560;Barrinha;2023;2;37597987.25;25601724.42;68.09;OK
35;SP;São Paulo;350570;Barueri;2023;2;1101114762.62;219561471.98;19.94;OK
35;SP;São Paulo;350500;Barão de Antonina;2023;2;8427793.28;8392244.20;99.58;OK
35;SP;São Paulo;350580;Bastos;2023;2;35895432.17;13634588.11;37.98;OK
35;SP;São Paulo;350590;Batatais;2023;2;85065916.13;25046042.23;29.44;OK
35;SP;São Paulo;350600;Bauru;2023;2;360039974.13;305323503.10;84.80;OK
35;SP;São Paulo;350610;Bebedouro;2023;2;123908249.90;28315405.02;22.85;OK
35;SP;São Paulo;350620;Bento de Abreu;2023;2;7131735.80;6951188.15;97.47;OK
35;SP;São Paulo;350630;Bernardino de Campos;2023;2;20709809.11;19148939.93;92.46;OK
35;SP;São Paulo;350635;Bertioga;2023;2;153070442.39;26489806.46;17.31;OK
35;SP;São Paulo;350640;Bilac;2023;2;14938884.98;10008704.84;67.00;OK
35;SP;São Paulo;350650;Birigui;2023;2;145484508.16;41339467.69;28.42;OK
35;SP;São Paulo;350660;Biritiba-Mirim;2023;2;28597958.50;14140819.66;49.45;OK
35;SP;São Paulo;350670;Boa Esperança do Sul;2023;2;23507793.34;15129993.37;64.36;OK
35;SP;São Paulo;350680;Bocaina;2023;2;18300957.29;17347440.47;94.79;OK
35;SP;São Paulo;350690;Bofete;2023;2;16553785.14;14115232.68;85.27;OK
35;SP;São Paulo;350700;Boituva;2023;2;84213603.31;42807310.22;50.83;OK
35;SP;São Paulo;350710;Bom Jesus dos Perdões;2023;2;30930543.57;10523438.86;34.02;OK
35;SP;São Paulo;350715;Bom Sucesso de Itararé;2023;2;8238571.21;7988614.13;96.97;OK
35;SP;São Paulo;350730;Boracéia;2023;2;11396237.24;11386967.24;99.92;OK
35;SP;São Paulo;350740;Borborema;2023;2;29562542.37;23102909.41;78.15;OK
35;SP;São Paulo;350745;Borebi;2023;2;9708424.17;3053635.83;31.45;OK
35;SP;São Paulo;350720;Borá;2023;2;5360708.45;5160544.62;96.27;OK
35;SP;São Paulo;350750;Botucatu;2023;2;161480427.41;111666224.92;69.15;OK
35;SP;São Paulo;350760;Bragança Paulista;2023;2;242199434.29;70742258.30;29.21;OK
35;SP;São Paulo;350770;Braúna;2023;2;9578072.08;8595964.67;89.75;OK
35;SP;São Paulo;350775;Brejo Alegre;2023;2;8542633.51;6400818.59;74.93;OK
35;SP;São Paulo;350780;Brodowski;2023;2;33117160.83;13446946.86;40.60;OK
35;SP;São Paulo;350790;Brotas;2023;2;45307621.76;27566810.89;60.84;OK
35;SP;São Paulo;350800;Buri;2023;2;29369233.04;15011.79;0.05;OK
35;SP;São Paulo;350810;Buritama;2023;2;31987305.61;7478464.91;23.38;OK
35;SP;São Paulo;350820;Buritizal;2023;2;12374915.79;12198381.47;98.57;OK
35;SP;São Paulo;350480;Bálsamo;2023;2;13785426.13;13491173.49;97.87;OK
35;SP;São Paulo;350840;Cabreúva;2023;2;107873417.62;13125558.18;12.17;OK
35;SP;São Paulo;350830;Cabrália Paulista;2023;2;10958993.10;10915643.55;99.60;OK
35;SP;São Paulo;350860;Cachoeira Paulista;2023;2;36748217.04;24203632.42;65.86;OK
35;SP;São Paulo;350870;Caconde;2023;2;18980648.21;16351389.62;86.15;OK
35;SP;São Paulo;350880;Cafelândia;2023;2;30431388.67;13082649.39;42.99;OK
35;SP;São Paulo;350890;Caiabu;2023;2;7477829.04;7316463.62;97.84;OK
35;SP;São Paulo;350900;Caieiras;2023;2;113587671.90;29425758.78;25.91;OK
35;SP;São Paulo;350910;Caiuá;2023;2;11115260.17;11115260.17;100.00;OK
35;SP;São Paulo;350920;Cajamar;2023;2;184749230.83;49620664.11;26.86;OK
35;SP;São Paulo;350925;Cajati;2023;2;49328549.27;18122910.47;36.74;OK
35;SP;São Paulo;350930;Cajobi;2023;2;15705981.46;15469532.03;98.49;OK
35;SP;São Paulo;350940;Cajuru;2023;2;41466736.16;20210434.67;48.74;OK
35;SP;São Paulo;350945;Campina do Monte Alegre;2023;2;10124538.49;10124538.49;100.00;OK
35;SP;São Paulo;350950;Campinas;2023;2;2020170293.86;522363072.13;25.86;OK
35;SP;São Paulo;350960;Campo Limpo Paulista;2023;2;115897247.24;36830893.27;31.78;OK
35;SP;São Paulo;350980;Campos Novos Paulista;2023;2;11519585.70;11344811.64;98.48;OK
35;SP;São Paulo;350970;Campos do Jordão;2023;2;72393583.81;16965226.19;23.43;OK
35;SP;São Paulo;350990;Cananéia;2023;2;29542881.72;16747022.65;56.69;OK
35;SP;São Paulo;350995;Canas;2023;2;6994384.58;6372364.68;91.11;OK
35;SP;São Paulo;351015;Canitar;2023;2;7112305.24;6974474.13;98.06;OK
35;SP;São Paulo;351030;Capela do Alto;2023;2;25790126.37;6885037.67;26.70;OK
35;SP;São Paulo;351040;Capivari;2023;2;67477410.76;31961861.35;47.37;OK
35;SP;São Paulo;351020;Capão Bonito;2023;2;66179573.07;29260859.38;44.21;OK
35;SP;São Paulo;351050;Caraguatatuba;2023;2;273016367.98;40465565.85;14.82;OK
35;SP;São Paulo;351060;Carapicuíba;2023;2;235321372.53;69006359.95;29.32;OK
35;SP;São Paulo;351070;Cardoso;2023;2;19063776.78;17907854.40;93.94;OK
35;SP;São Paulo;351080;Casa Branca;2023;2;39064948.50;9824357.27;25.15;OK
35;SP;São Paulo;351100;Castilho;2023;2;52497164.42;28868749.50;54.99;OK
35;SP;São Paulo;351110;Catanduva;2023;2;149634913.24;60834722.41;40.66;OK
35;SP;São Paulo;351120;Catiguá;2023;2;11579874.60;10260545.86;88.61;OK
35;SP;São Paulo;350850;Caçapava;2023;2;130126499.81;29947749.60;23.01;OK
35;SP;São Paulo;351130;Cedral;2023;2;18542154.86;17065575.24;92.04;OK
35;SP;São Paulo;351140;Cerqueira César;2023;2;31279022.00;31227022.00;99.83;OK
35;SP;São Paulo;351150;Cerquilho;2023;2;58815451.42;58815451.42;100.00;OK
35;SP;São Paulo;351160;Cesário Lange;2023;2;25484684.56;12582548.78;49.37;OK
35;SP;São Paulo;351170;Charqueada;2023;2;17920602.96;10656360.15;59.46;OK
35;SP;São Paulo;355720;Chavantes;2023;2;13857096.67;8307582.75;59.95;OK
35;SP;São Paulo;351190;Clementina;2023;2;11475526.25;6679593.54;58.21;OK
35;SP;São Paulo;351200;Colina;2023;2;38918430.17;24330570.56;62.52;OK
35;SP;São Paulo;351210;Colômbia;2023;2;18578082.17;10111544.13;54.43;OK
35;SP;São Paulo;351220;Conchal;2023;2;35501569.26;30264658.22;85.25;OK
35;SP;São Paulo;351230;Conchas;2023;2;25106931.31;14288627.32;56.91;OK
35;SP;São Paulo;351240;Cordeirópolis;2023;2;53600101.13;15733000.80;29.35;OK
35;SP;São Paulo;351250;Coroados;2023;2;10476078.65;9976567.23;95.23;OK
35;SP;São Paulo;351260;Coronel Macedo;2023;2;11111537.32;10369902.27;93.33;OK
35;SP;São Paulo;351270;Corumbataí;2023;2;9829487.34;8737317.18;88.89;OK
35;SP;São Paulo;351290;Cosmorama;2023;2;12971066.33;12507120.16;96.42;OK
35;SP;São Paulo;351280;Cosmópolis;2023;2;73893743.64;11411313.52;15.44;OK
35;SP;São Paulo;351300;Cotia;2023;2;237610863.84;44534454.56;18.74;OK
35;SP;São Paulo;351310;Cravinhos;2023;2;42273055.86;32317506.56;76.45;OK
35;SP;São Paulo;351320;Cristais Paulista;2023;2;14292939.30;0.00;0.00;OK
35;SP;São Paulo;351340;Cruzeiro;2023;2;109865919.75;25176240.49;22.92;OK
35;SP;São Paulo;351330;Cruzália;2023;2;6802707.49;5975874.73;87.85;OK
35;SP;São Paulo;351350;Cubatão;2023;2;321915427.51;0.00;0.00;OK
35;SP;São Paulo;351360;Cunha;2023;2;25237921.36;18442872.05;73.08;OK
35;SP;São Paulo;351090;Cássia dos Coqueiros;2023;2;7738869.32;7475268.22;96.59;OK
35;SP;São Paulo;351000;Cândido Mota;2023;2;41248785.64;7777170.14;18.85;OK
35;SP;São Paulo;351010;Cândido Rodrigues;2023;2;10590628.26;9994721.57;94.37;OK
35;SP;São Paulo;351370;Descalvado;2023;2;47780849.29;20651424.92;43.22;OK
35;SP;São Paulo;351380;Diadema;2023;2;538263799.15;177703928.51;33.01;OK
35;SP;São Paulo;351385;Dirce Reis;2023;2;5107371.21;4840267.07;94.77;OK
35;SP;São Paulo;351390;Divinolândia;2023;2;14112287.61;11252819.62;79.74;OK
35;SP;São Paulo;351400;Dobrada;2023;2;8337388.12;8277388.12;99.28;OK
35;SP;São Paulo;351410;Dois Córregos;2023;2;35965725.79;21774044.89;60.54;OK
35;SP;São Paulo;351420;Dolcinópolis;2023;2;4741991.62;4609391.41;97.20;OK
35;SP;São Paulo;351430;Dourado;2023;2;16052741.85;15453189.73;96.27;OK
35;SP;São Paulo;351440;Dracena;2023;2;76106925.74;27424617.77;36.03;OK
35;SP;São Paulo;351450;Duartina;2023;2;21261546.13;13512226.48;63.55;OK
35;SP;São Paulo;351460;Dumont;2023;2;11360525.09;6317521.09;55.61;OK
35;SP;São Paulo;351470;Echaporã;2023;2;10098474.96;6052485.09;59.93;OK
35;SP;São Paulo;351480;Eldorado;2023;2;20360148.34;10765719.14;52.88;OK
35;SP;São Paulo;351490;Elias Fausto;2023;2;34427913.76;29074074.05;84.45;OK
35;SP;São Paulo;351492;Elisiário;2023;2;5455418.78;5407164.09;99.12;OK
35;SP;São Paulo;351495;Embaúba;2023;2;8841176.91;8651084.71;97.85;OK
35;SP;São Paulo;351500;Embu;2023;2;274008373.64;156471730.67;57.10;OK
35;SP;São Paulo;351510;Embu-Guaçu;2023;2;70243713.90;0.00;0.00;OK
35;SP;São Paulo;351512;Emilianópolis;2023;2;6277925.17;6018723.40;95.87;OK
35;SP;São Paulo;351515;Engenheiro Coelho;2023;2;32036699.97;31640274.97;98.76;OK
35;SP;São Paulo;351518;Espírito Santo do Pinhal;2023;2;64566600.85;21455447.77;33.23;OK
35;SP;São Paulo;351519;Espírito Santo do Turvo;2023;2;10213255.69;9756281.65;95.53;OK
35;SP;São Paulo;355730;Estiva Gerbi;2023;2;16386523.26;16378315.11;99.95;OK
35;SP;São Paulo;351520;Estrela d'Oeste;2023;2;16298996.68;14989245.26;91.96;OK
35;SP;São Paulo;351530;Estrela do Norte;2023;2;5270879.03;3731150.11;70.79;OK
35;SP;São Paulo;351535;Euclides da Cunha Paulista;2023;2;12395382.98;12308130.28;99.30;OK
35;SP;São Paulo;351540;Fartura;2023;2;25313810.80;25043823.57;98.93;OK
35;SP;São Paulo;351560;Fernando Prestes;2023;2;12999734.17;12236744.48;94.13;OK
35;SP;São Paulo;351550;Fernandópolis;2023;2;95372979.03;69539801.98;72.91;OK
35;SP;São Paulo;351565;Fernão;2023;2;9110863.09;8520424.36;93.52;OK
35;SP;São Paulo;351570;Ferraz de Vasconcelos;2023;2;99449938.14;36702543.59;36.91;OK
35;SP;São Paulo;351580;Flora Rica;2023;2;6005467.48;5333369.64;88.81;OK
35;SP;São Paulo;351590;Floreal;2023;2;6672472.29;6101316.64;91.44;OK
35;SP;São Paulo;351610;Florínia;2023;2;9268222.10;9268222.10;100.00;OK
35;SP;São Paulo;351600;Flórida Paulista;2023;2;17579784.60;12541566.75;71.34;OK
35;SP;São Paulo;351620;Franca;2023;2;357854927.21;129631484.74;36.22;OK
35;SP;São Paulo;351630;Francisco Morato;2023;2;107040884.16;27190707.58;25.40;OK
35;SP;São Paulo;351640;Franco da Rocha;2023;2;139082157.00;35485282.85;25.51;OK
35;SP;São Paulo;351650;Gabriel Monteiro;2023;2;8564645.74;7223807.35;84.34;OK
35;SP;São Paulo;351670;Garça;2023;2;63679149.33;16682932.01;26.20;OK
35;SP;São Paulo;351680;Gastão Vidigal;2023;2;6326810.90;6105084.95;96.50;OK
35;SP;São Paulo;351685;Gavião Peixoto;2023;2;20670252.69;20052240.04;97.01;OK
35;SP;São Paulo;351690;General Salgado;2023;2;15912176.89;14150623.73;88.93;OK
35;SP;São Paulo;351700;Getulina;2023;2;14438169.12;9766497.49;67.64;OK
35;SP;São Paulo;351710;Glicério;2023;2;10304087.23;9176903.79;89.06;OK
35;SP;São Paulo;351730;Guaimbê;2023;2;10080910.22;10006907.15;99.27;OK
35;SP;São Paulo;351720;Guaiçara;2023;2;13227219.23;13013837.93;98.39;OK
35;SP;São Paulo;351760;Guapiara;2023;2;28431190.71;20036473.35;70.47;OK
35;SP;São Paulo;351750;Guapiaçu;2023;2;29034481.91;23681107.15;81.56;OK
35;SP;São Paulo;351790;Guaraci;2023;2;18988651.19;16443561.66;86.60;OK
35;SP;São Paulo;351800;Guarani d'Oeste;2023;2;7147810.81;6484828.29;90.72;OK
35;SP;São Paulo;351810;Guarantã;2023;2;12658740.15;12519740.85;98.90;OK
35;SP;São Paulo;351820;Guararapes;2023;2;52271859.06;37678080.39;72.08;OK
35;SP;São Paulo;351830;Guararema;2023;2;98802987.64;19006851.33;19.24;OK
35;SP;São Paulo;351840;Guaratinguetá;2023;2;199496717.51;73711570.17;36.95;OK
35;SP;São Paulo;351780;Guaraçaí;2023;2;18637386.88;12319135.15;66.10;OK
35;SP;São Paulo;351850;Guareí;2023;2;22343868.52;22343838.52;100.00;OK
35;SP;São Paulo;351860;Guariba;2023;2;51007184.67;12073440.13;23.67;OK
35;SP;São Paulo;351870;Guarujá;2023;2;524260739.35;86290103.82;16.46;OK
35;SP;São Paulo;351880;Guarulhos;2023;2;1574648635.59;368681226.46;23.41;OK
35;SP;São Paulo;351770;Guará;2023;2;32474213.77;12487935.93;38.45;OK
35;SP;São Paulo;351885;Guatapará;2023;2;13735586.89;12679942.38;92.31;OK
35;SP;São Paulo;351740;Guaíra;2023;2;64984323.01;17135815.54;26.37;OK
35;SP;São Paulo;351890;Guzolândia;2023;2;7997458.64;7111928.75;88.93;OK
35;SP;São Paulo;351660;Gália;2023;2;12359191.87;9196344.11;74.41;OK
35;SP;São Paulo;351900;Herculândia;2023;2;15156018.65;12185749.60;80.40;OK
35;SP;São Paulo;351905;Holambra;2023;2;43165114.36;41810959.04;96.86;OK
35;SP;São Paulo;351907;Hortolândia;2023;2;334082957.58;70890741.87;21.22;OK
35;SP;São Paulo;351910;Iacanga;2023;2;21772106.50;21650309.75;99.44;OK
35;SP;São Paulo;351920;Iacri;2023;2;9839473.16;6573619.03;66.81;OK
35;SP;São Paulo;351925;Iaras;2023;2;12347873.70;12312960.31;99.72;OK
35;SP;São Paulo;351930;Ibaté;2023;2;33086143.04;20275890.33;61.28;OK
35;SP;São Paulo;351950;Ibirarema;2023;2;11742174.88;11689155.82;99.55;OK
35;SP;São Paulo;351940;Ibirá;2023;2;17367770.96;14281299.69;82.23;OK
35;SP;São Paulo;351960;Ibitinga;2023;2;66731107.13;24271267.43;36.37;OK
35;SP;São Paulo;351970;Ibiúna;2023;2;97240886.10;43780365.46;45.02;OK
35;SP;São Paulo;351980;Icém;2023;2;19244264.21;14217116.33;73.88;OK
35;SP;São Paulo;351990;Iepê;2023;2;20626978.40;8176705.80;39.64;OK
35;SP;São Paulo;352010;Igarapava;2023;2;41782464.00;29107414.40;69.66;OK
35;SP;São Paulo;352020;Igaratá;2023;2;15865938.62;15158808.37;95.54;OK
35;SP;São Paulo;352000;Igaraçu do Tietê;2023;2;24117555.23;22108510.69;91.67;OK
35;SP;São Paulo;352030;Iguape;2023;2;36337192.58;17903246.74;49.27;OK
35;SP;São Paulo;352042;Ilha Comprida;2023;2;28386864.45;16645925.84;58.64;OK
35;SP;São Paulo;352044;Ilha Solteira;2023;2;38426271.13;38426271.13;100.00;OK
35;SP;São Paulo;352040;Ilhabela;2023;2;256994238.35;96350391.61;37.49;OK
35;SP;São Paulo;352050;Indaiatuba;2023;2;406074160.84;79057572.44;19.47;OK
35;SP;São Paulo;352060;Indiana;2023;2;8780982.26;8315531.28;94.70;OK
35;SP;São Paulo;352070;Indiaporã;2023;2;10442805.01;7585843.56;72.64;OK
35;SP;São Paulo;352080;Inúbia Paulista;2023;2;6284750.62;6186246.52;98.43;OK
35;SP;São Paulo;352090;Ipaussu;2023;2;18210297.33;5035677.97;27.65;OK
35;SP;São Paulo;352100;Iperó;2023;2;47544882.96;22384087.26;47.08;OK
35;SP;São Paulo;352110;Ipeúna;2023;2;13643986.37;12996129.60;95.25;OK
35;SP;São Paulo;352115;Ipiguá;2023;2;11711189.25;11711189.25;100.00;OK
35;SP;São Paulo;352120;Iporanga;2023;2;11257797.30;10237578.16;90.94;OK
35;SP;São Paulo;352130;Ipuã;2023;2;28065338.34;19891612.66;70.88;OK
35;SP;São Paulo;352140;Iracemápolis;2023;2;37263643.40;11703198.20;31.41;OK
35;SP;São Paulo;352160;Irapuru;2023;2;9960923.15;8623773.03;86.58;OK
35;SP;São Paulo;352150;Irapuã;2023;2;13143263.46;10420298.89;79.28;OK
35;SP;São Paulo;352170;Itaberá;2023;2;34397156.03;10010785.34;29.10;OK
35;SP;São Paulo;352190;Itajobi;2023;2;29853811.74;28994968.15;97.12;OK
35;SP;São Paulo;352200;Itaju;2023;2;8693225.17;8461587.52;97.34;OK
35;SP;São Paulo;352210;Itanhaém;2023;2;136608114.54;30582875.15;22.39;OK
35;SP;São Paulo;352220;Itapecerica da Serra;2023;2;148694352.58;50784095.15;34.15;OK
35;SP;São Paulo;352230;Itapetininga;2023;2;238221344.62;92807845.48;38.96;OK
35;SP;São Paulo;352240;Itapeva;2023;2;155223773.61;15995004.75;10.30;OK
35;SP;São Paulo;352250;Itapevi;2023;2;254516623.61;63403387.86;24.91;OK
35;SP;São Paulo;352260;Itapira;2023;2;103890310.18;25634391.16;24.67;OK
35;SP;São Paulo;352265;Itapirapuã Paulista;2023;2;10363009.37;10358899.15;99.96;OK
35;SP;São Paulo;352280;Itaporanga;2023;2;17907908.06;16783085.36;93.72;OK
35;SP;São Paulo;352300;Itapura;2023;2;10410175.10;8529640.22;81.94;OK
35;SP;São Paulo;352290;Itapuí;2023;2;23304964.46;17409793.29;74.70;OK
35;SP;São Paulo;352310;Itaquaquecetuba;2023;2;207277632.40;111256258.50;53.67;OK
35;SP;São Paulo;352320;Itararé;2023;2;55629263.82;17142009.17;30.81;OK
35;SP;São Paulo;352330;Itariri;2023;2;26853097.10;26853097.10;100.00;OK
35;SP;São Paulo;352340;Itatiba;2023;2;154916564.57;45817460.94;29.58;OK
35;SP;São Paulo;352350;Itatinga;2023;2;24010246.00;15446108.67;64.33;OK
35;SP;São Paulo;352180;Itaí;2023;2;47112286.01;27669616.57;58.73;OK
35;SP;São Paulo;352215;Itaóca;2023;2;6398027.96;6386119.03;99.81;OK
35;SP;São Paulo;352360;Itirapina;2023;2;34195226.25;13704814.64;40.08;OK
35;SP;São Paulo;352370;Itirapuã;2023;2;7348945.95;6857957.07;93.32;OK
35;SP;São Paulo;352380;Itobi;2023;2;10557624.06;10419019.69;98.69;OK
35;SP;São Paulo;352390;Itu;2023;2;311437056.51;24466922.36;7.86;OK
35;SP;São Paulo;352400;Itupeva;2023;2;148996651.69;31301490.56;21.01;OK
35;SP;São Paulo;352410;Ituverava;2023;2;58149705.85;23588003.55;40.56;OK
35;SP;São Paulo;352270;Itápolis;2023;2;62848564.88;25112726.66;39.96;OK
35;SP;São Paulo;352420;Jaborandi;2023;2;12067062.36;11208282.99;92.88;OK
35;SP;São Paulo;352430;Jaboticabal;2023;2;126605939.78;68194765.21;53.86;OK
35;SP;São Paulo;352440;Jacareí;2023;2;334012206.67;126659449.94;37.92;OK
35;SP;São Paulo;352450;Jaci;2023;2;12136263.16;10716538.84;88.30;OK
35;SP;São Paulo;352460;Jacupiranga;2023;2;26495683.31;11095497.70;41.88;OK
35;SP;São Paulo;352470;Jaguariúna;2023;2;178483577.48;60237295.92;33.75;OK
35;SP;São Paulo;352480;Jales;2023;2;61213546.24;26435813.23;43.19;OK
35;SP;São Paulo;352490;Jambeiro;2023;2;10555431.71;9523007.82;90.22;OK
35;SP;São Paulo;352500;Jandira;2023;2;135058729.48;36185140.22;26.79;OK
35;SP;São Paulo;352510;Jardinópolis;2023;2;63441928.41;25317823.60;39.91;OK
35;SP;São Paulo;352520;Jarinu;2023;2;51370110.27;49574909.61;96.51;OK
35;SP;São Paulo;352530;Jaú;2023;2;195800138.06;75567430.78;38.59;OK
35;SP;São Paulo;352540;Jeriquara;2023;2;7656268.48;7656268.48;100.00;OK
35;SP;São Paulo;352550;Joanópolis;2023;2;18644931.41;18555808.47;99.52;OK
35;SP;São Paulo;352570;José Bonifácio;2023;2;46575643.63;45205151.37;97.06;OK
35;SP;São Paulo;352560;João Ramalho;2023;2;9036248.38;3485616.78;38.57;OK
35;SP;São Paulo;352585;Jumirim;2023;2;7012976.17;1854742.24;26.45;OK
35;SP;São Paulo;352590;Jundiaí;2023;2;931654820.34;204177851.61;21.92;OK
35;SP;São Paulo;352600;Junqueirópolis;2023;2;35381543.50;25710758.59;72.67;OK
35;SP;São Paulo;352620;Juquitiba;2023;2;35237807.87;33484223.96;95.02;OK
35;SP;São Paulo;352610;Juquiá;2023;2;22106042.63;12148012.17;54.95;OK
35;SP;São Paulo;352580;Júlio Mesquita;2023;2;8207518.47;8205998.47;99.98;OK
35;SP;São Paulo;352630;Lagoinha;2023;2;12599811.95;11341770.20;90.02;OK
35;SP;São Paulo;352640;Laranjal Paulista;2023;2;41264841.45;26129530.84;63.32;OK
35;SP;São Paulo;352660;Lavrinhas;2023;2;12252357.47;12148771.86;99.15;OK
35;SP;São Paulo;352650;Lavínia;2023;2;13705226.75;13064075.13;95.32;OK
35;SP;São Paulo;352670;Leme;2023;2;135493583.21;74245274.87;54.80;OK
35;SP;São Paulo;352680;Lençóis Paulista;2023;2;93035004.53;34228713.40;36.79;OK
35;SP;São Paulo;352690;Limeira;2023;2;353794660.00;61468335.57;17.37;OK
35;SP;São Paulo;352700;Lindóia;2023;2;15651415.29;7567569.17;48.35;OK
35;SP;São Paulo;352710;Lins;2023;2;97095554.09;42176357.87;43.44;OK
35;SP;São Paulo;352720;Lorena;2023;2;147558131.01;25931634.22;17.57;OK
35;SP;São Paulo;352725;Lourdes;2023;2;11340289.64;7299567.15;64.37;OK
35;SP;São Paulo;352730;Louveira;2023;2;139610214.47;39643027.77;28.40;OK
35;SP;São Paulo;352750;Lucianópolis;2023;2;7123007.50;6269471.04;88.02;OK
35;SP;São Paulo;352740;Lucélia;2023;2;26999132.21;17931539.51;66.42;OK
35;SP;São Paulo;352770;Luiziânia;2023;2;9901181.76;9770616.91;98.68;OK
35;SP;São Paulo;352780;Lupércio;2023;2;7936527.72;6370516.45;80.27;OK
35;SP;São Paulo;352790;Lutécia;2023;2;8494529.80;8287448.05;97.56;OK
35;SP;São Paulo;352760;Luís Antônio;2023;2;35978323.14;35978323.14;100.00;OK
35;SP;São Paulo;352800;Macatuba;2023;2;30474650.94;9648467.91;31.66;OK
35;SP;São Paulo;352810;Macaubal;2023;2;12558555.42;10213506.59;81.33;OK
35;SP;São Paulo;352820;Macedônia;2023;2;10380012.18;9467471.84;91.21;OK
35;SP;São Paulo;352830;Magda;2023;2;8291266.73;8145372.31;98.24;OK
35;SP;São Paulo;352840;Mairinque;2023;2;47182220.85;40496472.61;85.83;OK
35;SP;São Paulo;352850;Mairiporã;2023;2;131120922.36;61308120.58;46.76;OK
35;SP;São Paulo;352860;Manduri;2023;2;16051550.67;14220342.60;88.59;OK
35;SP;São Paulo;352870;Marabá Paulista;2023;2;11184950.08;10909763.69;97.54;OK
35;SP;São Paulo;352880;Maracaí;2023;2;23273701.51;10274028.87;44.14;OK
35;SP;São Paulo;352885;Marapoama;2023;2;9452666.45;9412337.47;99.57;OK
35;SP;São Paulo;352910;Marinópolis;2023;2;5814066.98;5647786.71;97.14;OK
35;SP;São Paulo;352890;Mariápolis;2023;2;7423771.35;6385417.79;86.01;OK
35;SP;São Paulo;352920;Martinópolis;2023;2;34182967.79;14917219.12;43.64;OK
35;SP;São Paulo;352900;Marília;2023;2;334949964.98;90442073.88;27.00;OK
35;SP;São Paulo;352930;Matão;2023;2;82893469.74;25487357.72;30.75;OK
35;SP;São Paulo;352940;Mauá;2023;2;446060757.52;85240838.15;19.11;OK
35;SP;São Paulo;352950;Mendonça;2023;2;14666413.77;14666413.77;100.00;OK
35;SP;São Paulo;352960;Meridiano;2023;2;11080436.61;2350167.45;21.21;OK
35;SP;São Paulo;352965;Mesópolis;2023;2;5442489.81;5083954.11;93.41;OK
35;SP;São Paulo;352970;Miguelópolis;2023;2;35466684.21;22735113.56;64.10;OK
35;SP;São Paulo;352980;Mineiros do Tietê;2023;2;18519195.24;18508100.50;99.94;OK
35;SP;São Paulo;353000;Mira Estrela;2023;2;7915226.15;7909387.76;99.93;OK
35;SP;São Paulo;352990;Miracatu;2023;2;25469118.88;11908047.13;46.75;OK
35;SP;São Paulo;353010;Mirandópolis;2023;2;36774323.98;28490084.47;77.47;OK
35;SP;São Paulo;353020;Mirante do Paranapanema;2023;2;37132459.04;19991983.90;53.84;OK
35;SP;São Paulo;353030;Mirassol;2023;2;72516550.17;15065584.40;20.78;OK
35;SP;São Paulo;353040;Mirassolândia;2023;2;9603018.50;9352303.22;97.39;OK
35;SP;São Paulo;353050;Mococa;2023;2;88273622.43;50959850.43;57.73;OK
35;SP;São Paulo;353070;Mogi Guaçu;2023;2;249583932.33;95604169.18;38.31;OK
35;SP;São Paulo;353060;Mogi das Cruzes;2023;2;471021737.68;194918932.42;41.38;OK
35;SP;São Paulo;353080;Moji Mirim;2023;2;183434983.21;48784350.92;26.59;OK
35;SP;São Paulo;353090;Mombuca;2023;2;9873162.17;9842923.93;99.69;OK
35;SP;São Paulo;353110;Mongaguá;2023;2;92119364.87;68039844.41;73.86;OK
35;SP;São Paulo;353120;Monte Alegre do Sul;2023;2;9561510.59;9521599.22;99.58;OK
35;SP;São Paulo;353130;Monte Alto;2023;2;71635487.13;24362654.02;34.01;OK
35;SP;São Paulo;353140;Monte Aprazível;2023;2;30093247.98;28889771.74;96.00;OK
35;SP;São Paulo;353150;Monte Azul Paulista;2023;2;32388231.31;7393062.64;22.83;OK
35;SP;São Paulo;353160;Monte Castelo;2023;2;8847539.64;8211218.06;92.81;OK
35;SP;São Paulo;353180;Monte Mor;2023;2;83531048.19;23527855.41;28.17;OK
35;SP;São Paulo;353170;Monteiro Lobato;2023;2;8613845.28;8329487.33;96.70;OK
35;SP;São Paulo;353100;Monções;2023;2;6698428.30;6649177.58;99.26;OK
35;SP;São Paulo;353190;Morro Agudo;2023;2;66851614.28;31352929.87;46.90;OK
35;SP;São Paulo;353200;Morungaba;2023;2;27390626.02;11584173.02;42.29;OK
35;SP;São Paulo;353205;Motuca;2023;2;11075823.72;10626542.17;95.94;OK
35;SP;São Paulo;353210;Murutinga do Sul;2023;2;8296319.10;8028665.43;96.77;OK
35;SP;São Paulo;353215;Nantes;2023;2;9973261.02;4770981.22;47.84;OK
35;SP;São Paulo;353220;Narandiba;2023;2;10443415.82;9106192.04;87.20;OK
35;SP;São Paulo;353230;Natividade da Serra;2023;2;10355098.83;9977218.83;96.35;OK
35;SP;São Paulo;353240;Nazaré Paulista;2023;2;23910352.01;7579835.01;31.70;OK
35;SP;São Paulo;353250;Neves Paulista;2023;2;13345340.15;12238009.87;91.70;OK
35;SP;São Paulo;353260;Nhandeara;2023;2;16903911.69;15101535.57;89.34;OK
35;SP;São Paulo;353270;Nipoã;2023;2;7388866.15;7034525.66;95.20;OK
35;SP;São Paulo;353280;Nova Aliança;2023;2;12087799.13;11427132.62;94.53;OK
35;SP;São Paulo;353282;Nova Campina;2023;2;14812819.92;13791905.89;93.11;OK
35;SP;São Paulo;353284;Nova Canaã Paulista;2023;2;6437125.97;6347511.49;98.61;OK
35;SP;São Paulo;353286;Nova Castilho;2023;2;5388995.12;5300134.85;98.35;OK
35;SP;São Paulo;353290;Nova Europa;2023;2;19180458.19;15747346.12;82.10;OK
35;SP;São Paulo;353300;Nova Granada;2023;2;26204505.82;22520725.96;85.94;OK
35;SP;São Paulo;353310;Nova Guataporanga;2023;2;5323390.90;5207638.82;97.83;OK
35;SP;São Paulo;353320;Nova Independência;2023;2;12344073.56;9199633.75;74.53;OK
35;SP;São Paulo;353330;Nova Luzitânia;2023;2;6705021.46;5925550.82;88.37;OK
35;SP;São Paulo;353340;Nova Odessa;2023;2;112929143.22;11230491.05;9.94;OK
35;SP;São Paulo;353325;Novais;2023;2;10162043.20;8306532.19;81.74;OK
35;SP;São Paulo;353350;Novo Horizonte;2023;2;69832931.59;29621995.40;42.42;OK
35;SP;São Paulo;353360;Nuporanga;2023;2;16136436.18;11455364.64;70.99;OK
35;SP;São Paulo;353370;Ocauçu;2023;2;8875961.64;8849599.74;99.70;OK
35;SP;São Paulo;353390;Olímpia;2023;2;82076527.27;33181808.79;40.43;OK
35;SP;São Paulo;353400;Onda Verde;2023;2;9926380.68;9926380.68;100.00;OK
35;SP;São Paulo;353410;Oriente;2023;2;10442505.90;9017430.01;86.35;OK
35;SP;São Paulo;353420;Orindiúva;2023;2;17113890.28;12644892.39;73.89;OK
35;SP;São Paulo;353430;Orlândia;2023;2;58933669.26;45243401.13;76.77;OK
35;SP;São Paulo;353440;Osasco;2023;2;1024008227.95;40119953.73;3.92;OK
35;SP;São Paulo;353450;Oscar Bressane;2023;2;7495448.61;7495448.61;100.00;OK
35;SP;São Paulo;353460;Osvaldo Cruz;2023;2;34971283.05;28575301.77;81.71;OK
35;SP;São Paulo;353470;Ourinhos;2023;2;193303889.50;44816721.05;23.18;OK
35;SP;São Paulo;353480;Ouro Verde;2023;2;11642161.31;11527851.30;99.02;OK
35;SP;São Paulo;353475;Ouroeste;2023;2;30030798.78;11298890.78;37.62;OK
35;SP;São Paulo;353490;Pacaembu;2023;2;21183703.01;20512019.59;96.83;OK
35;SP;São Paulo;353500;Palestina;2023;2;22959982.76;19515122.28;85.00;OK
35;SP;São Paulo;353510;Palmares Paulista;2023;2;11893847.40;11538198.43;97.01;OK
35;SP;São Paulo;353520;Palmeira d'Oeste;2023;2;15971311.60;11468813.23;71.81;OK
35;SP;São Paulo;353530;Palmital;2023;2;40041794.65;18881244.01;47.15;OK
35;SP;São Paulo;353540;Panorama;2023;2;24695950.32;22979371.88;93.05;OK
35;SP;São Paulo;353550;Paraguaçu Paulista;2023;2;62234429.30;20468212.10;32.89;OK
35;SP;São Paulo;353560;Paraibuna;2023;2;24914691.70;24242034.80;97.30;OK
35;SP;São Paulo;353580;Paranapanema;2023;2;43770179.50;41869851.53;95.66;OK
35;SP;São Paulo;353590;Paranapuã;2023;2;7815780.62;7755606.62;99.23;OK
35;SP;São Paulo;353600;Parapuã;2023;2;17045547.89;3038760.10;17.83;OK
35;SP;São Paulo;353570;Paraíso;2023;2;12218569.57;12165867.90;99.57;OK
35;SP;São Paulo;353610;Pardinho;2023;2;12909972.75;0.00;0.00;OK
35;SP;São Paulo;353620;Pariquera-Açu;2023;2;25280733.20;24233794.81;95.86;OK
35;SP;São Paulo;353625;Parisi;2023;2;7049861.81;6398205.74;90.76;OK
35;SP;São Paulo;353630;Patrocínio Paulista;2023;2;20055965.11;19257070.41;96.02;OK
35;SP;São Paulo;353640;Paulicéia;2023;2;16417281.10;13882427.50;84.56;OK
35;SP;São Paulo;353657;Paulistânia;2023;2;7725778.90;7534297.96;97.52;OK
35;SP;São Paulo;353660;Paulo de Faria;2023;2;17874220.36;13364539.66;74.77;OK
35;SP;São Paulo;353650;Paulínia;2023;2;515937946.65;112722673.97;21.85;OK
35;SP;São Paulo;353670;Pederneiras;2023;2;77419058.87;24582755.41;31.75;OK
35;SP;São Paulo;353680;Pedra Bela;2023;2;10279054.44;8701866.39;84.66;OK
35;SP;São Paulo;353690;Pedranópolis;2023;2;8498990.84;7542432.80;88.75;OK
35;SP;São Paulo;353700;Pedregulho;2023;2;24001951.50;14200974.21;59.17;OK
35;SP;São Paulo;353710;Pedreira;2023;2;57338518.02;28929188.18;50.45;OK
35;SP;São Paulo;353715;Pedrinhas Paulista;2023;2;8382669.21;7728812.76;92.20;OK
35;SP;São Paulo;353720;Pedro de Toledo;2023;2;18467897.67;17169003.34;92.97;OK
35;SP;São Paulo;353730;Penápolis;2023;2;96103258.62;92880781.30;96.65;OK
35;SP;São Paulo;353740;Pereira Barreto;2023;2;42770027.77;17543781.98;41.02;OK
35;SP;São Paulo;353750;Pereiras;2023;2;13374678.83;13127785.77;98.15;OK
35;SP;São Paulo;353760;Peruíbe;2023;2;118079283.29;24818743.49;21.02;OK
35;SP;São Paulo;353770;Piacatu;2023;2;10459579.41;8637965.89;82.58;OK
35;SP;São Paulo;353780;Piedade;2023;2;57607868.86;55833102.04;96.92;OK
35;SP;São Paulo;353790;Pilar do Sul;2023;2;34406000.23;18944987.83;55.06;OK
35;SP;São Paulo;353800;Pindamonhangaba;2023;2;287944321.82;78304115.06;27.19;OK
35;SP;São Paulo;353810;Pindorama;2023;2;27398962.77;21433484.21;78.23;OK
35;SP;São Paulo;353820;Pinhalzinho;2023;2;19027776.78;14157190.50;74.40;OK
35;SP;São Paulo;353830;Piquerobi;2023;2;9223820.13;8835131.75;95.79;OK
35;SP;São Paulo;353850;Piquete;2023;2;12012134.59;11705831.53;97.45;OK
35;SP;São Paulo;353860;Piracaia;2023;2;28195243.49;27705486.02;98.26;OK
35;SP;São Paulo;353870;Piracicaba;2023;2;577563149.70;130116642.99;22.53;OK
35;SP;São Paulo;353880;Piraju;2023;2;48020091.63;47729959.74;99.40;OK
35;SP;São Paulo;353890;Pirajuí;2023;2;23611910.09;20593941.69;87.22;OK
35;SP;São Paulo;353900;Pirangi;2023;2;18518280.29;8111819.61;43.80;OK
35;SP;São Paulo;353910;Pirapora do Bom Jesus;2023;2;23009635.65;15742668.16;68.42;OK
35;SP;São Paulo;353920;Pirapozinho;2023;2;36509671.87;35329772.58;96.77;OK
35;SP;São Paulo;353930;Pirassununga;2023;2;118626543.33;100361769.84;84.60;OK
35;SP;São Paulo;353940;Piratininga;2023;2;22617587.47;9618558.26;42.53;OK
35;SP;São Paulo;353950;Pitangueiras;2023;2;50984218.83;30078327.80;59.00;OK
35;SP;São Paulo;353960;Planalto;2023;2;13919353.17;12990861.54;93.33;OK
35;SP;São Paulo;353970;Platina;2023;2;9449073.75;9383764.27;99.31;OK
35;SP;São Paulo;353990;Poloni;2023;2;8932788.48;7815005.48;87.49;OK
35;SP;São Paulo;354000;Pompéia;2023;2;48464273.86;11850802.75;24.45;OK
35;SP;São Paulo;354010;Pongaí;2023;2;7324582.20;7316435.21;99.89;OK
35;SP;São Paulo;354020;Pontal;2023;2;56353495.44;29577720.65;52.49;OK
35;SP;São Paulo;354025;Pontalinda;2023;2;7086219.59;6971789.33;98.39;OK
35;SP;São Paulo;354030;Pontes Gestal;2023;2;9486648.77;8933196.79;94.17;OK
35;SP;São Paulo;354040;Populina;2023;2;7312179.02;6673604.55;91.27;OK
35;SP;São Paulo;354050;Porangaba;2023;2;14261555.58;13898294.75;97.45;OK
35;SP;São Paulo;354060;Porto Feliz;2023;2;88216536.44;18315474.64;20.76;OK
35;SP;São Paulo;354070;Porto Ferreira;2023;2;65496537.10;27973634.71;42.71;OK
35;SP;São Paulo;354075;Potim;2023;2;20171864.49;19810632.61;98.21;OK
35;SP;São Paulo;354080;Potirendaba;2023;2;22642755.54;20803939.94;91.88;OK
35;SP;São Paulo;353980;Poá;2023;2;95161346.38;54181402.12;56.94;OK
35;SP;São Paulo;354085;Pracinha;2023;2;5660585.24;5386121.03;95.15;OK
35;SP;São Paulo;354090;Pradópolis;2023;2;24149283.31;22925210.13;94.93;OK
35;SP;São Paulo;354100;Praia Grande;2023;2;555564659.11;108512610.78;19.53;OK
35;SP;São Paulo;354105;Pratânia;2023;2;7934886.35;7653211.38;96.45;OK
35;SP;São Paulo;354110;Presidente Alves;2023;2;7415589.00;7311413.68;98.60;OK
35;SP;São Paulo;354120;Presidente Bernardes;2023;2;22720863.32;22415095.86;98.65;OK
35;SP;São Paulo;354130;Presidente Epitácio;2023;2;59434250.78;35095461.38;59.05;OK
35;SP;São Paulo;354140;Presidente Prudente;2023;2;242190910.07;140077600.96;57.84;OK
35;SP;São Paulo;354150;Presidente Venceslau;2023;2;46267505.88;31883952.55;68.91;OK
35;SP;São Paulo;354160;Promissão;2023;2;41160307.27;27572487.59;66.99;OK
35;SP;São Paulo;354165;Quadra;2023;2;9733820.03;9733820.03;100.00;OK
35;SP;São Paulo;354170;Quatá;2023;2;24170242.72;8669485.24;35.87;OK
35;SP;São Paulo;354180;Queiroz;2023;2;11568694.05;9842605.18;85.08;OK
35;SP;São Paulo;354190;Queluz;2023;2;19942301.15;15602970.48;78.24;OK
35;SP;São Paulo;354200;Quintana;2023;2;13578547.09;8729392.90;64.29;OK
35;SP;São Paulo;354210;Rafard;2023;2;13701912.22;13322110.84;97.23;OK
35;SP;São Paulo;354220;Rancharia;2023;2;32648104.58;13892519.25;42.55;OK
35;SP;São Paulo;354230;Redenção da Serra;2023;2;16453759.75;13600882.08;82.66;OK
35;SP;São Paulo;354240;Regente Feijó;2023;2;25507146.35;21042658.97;82.50;OK
35;SP;São Paulo;354250;Reginópolis;2023;2;15786149.68;15420649.62;97.68;OK
35;SP;São Paulo;354260;Registro;2023;2;78510220.41;45803075.50;58.34;OK
35;SP;São Paulo;354270;Restinga;2023;2;10432247.75;9917026.84;95.06;OK
35;SP;São Paulo;354280;Ribeira;2023;2;9903026.39;9513376.99;96.07;OK
35;SP;São Paulo;354290;Ribeirão Bonito;2023;2;15582629.87;10047633.19;64.48;OK
35;SP;São Paulo;354300;Ribeirão Branco;2023;2;22916602.85;6602634.89;28.81;OK
35;SP;São Paulo;354310;Ribeirão Corrente;2023;2;8992064.70;8933775.14;99.35;OK
35;SP;São Paulo;354325;Ribeirão Grande;2023;2;9723450.70;9713182.70;99.89;OK
35;SP;São Paulo;354330;Ribeirão Pires;2023;2;145351974.01;36727673.97;25.27;OK
35;SP;São Paulo;354340;Ribeirão Preto;2023;2;916918885.96;306174489.15;33.39;OK
35;SP;São Paulo;354320;Ribeirão do Sul;2023;2;13209131.45;13082766.05;99.04;OK
35;SP;São Paulo;354323;Ribeirão dos Índios;2023;2;5827482.83;5520216.68;94.73;OK
35;SP;São Paulo;354360;Rifaina;2023;2;12737115.65;12058076.30;94.67;OK
35;SP;São Paulo;354370;Rincão;2023;2;16581597.35;15711980.10;94.76;OK
35;SP;São Paulo;354380;Rinópolis;2023;2;13870236.41;13867698.81;99.98;OK
35;SP;São Paulo;354390;Rio Claro;2023;2;341768452.01;56173756.75;16.44;OK
35;SP;São Paulo;354410;Rio Grande da Serra;2023;2;32533440.25;17745586.97;54.55;OK
35;SP;São Paulo;354400;Rio das Pedras;2023;2;26074924.97;26029819.97;99.83;OK
35;SP;São Paulo;354420;Riolândia;2023;2;21872960.27;19631041.44;89.75;OK
35;SP;São Paulo;354350;Riversul;2023;2;10253812.58;5605614.21;54.67;OK
35;SP;São Paulo;354425;Rosana;2023;2;39410213.00;36639636.49;92.97;OK
35;SP;São Paulo;354430;Roseira;2023;2;19382925.67;18317740.95;94.50;OK
35;SP;São Paulo;354450;Rubinéia;2023;2;8139945.41;7822745.50;96.10;OK
35;SP;São Paulo;354440;Rubiácea;2023;2;7379400.14;5766357.59;78.14;OK
35;SP;São Paulo;354460;Sabino;2023;2;10608382.33;9370638.43;88.33;OK
35;SP;São Paulo;354470;Sagres;2023;2;5654865.03;5624484.51;99.46;OK
35;SP;São Paulo;354480;Sales;2023;2;13282227.90;12521920.90;94.28;OK
35;SP;São Paulo;354490;Sales Oliveira;2023;2;23169767.12;14287162.11;61.66;OK
35;SP;São Paulo;354500;Salesópolis;2023;2;16356740.40;6883069.91;42.08;OK
35;SP;São Paulo;354510;Salmourão;2023;2;7738631.90;6471200.84;83.62;OK
35;SP;São Paulo;354515;Saltinho;2023;2;15245201.13;14930341.19;97.93;OK
35;SP;São Paulo;354520;Salto;2023;2;193945709.28;54615785.26;28.16;OK
35;SP;São Paulo;354540;Salto Grande;2023;2;14227140.35;9798911.97;68.87;OK
35;SP;São Paulo;354530;Salto de Pirapora;2023;2;72756785.79;18542166.82;25.49;OK
35;SP;São Paulo;354550;Sandovalina;2023;2;13169220.33;0.00;0.00;OK
35;SP;São Paulo;354560;Santa Adélia;2023;2;23221077.93;18223819.73;78.48;OK
35;SP;São Paulo;354570;Santa Albertina;2023;2;15271923.53;9144281.94;59.88;OK
35;SP;São Paulo;354600;Santa Branca;2023;2;17028569.61;8391682.73;49.28;OK
35;SP;São Paulo;354580;Santa Bárbara d'Oeste;2023;2;238676719.53;6612054.15;2.77;OK
35;SP;São Paulo;354610;Santa Clara d'Oeste;2023;2;5713203.48;5710885.48;99.96;OK
35;SP;São Paulo;354620;Santa Cruz da Conceição;2023;2;7995428.16;7932209.99;99.21;OK
35;SP;São Paulo;354625;Santa Cruz da Esperança;2023;2;6728301.32;5793421.24;86.11;OK
35;SP;São Paulo;354630;Santa Cruz das Palmeiras;2023;2;32188907.92;20172992.37;62.67;OK
35;SP;São Paulo;354640;Santa Cruz do Rio Pardo;2023;2;96733269.12;30488838.67;31.52;OK
35;SP;São Paulo;354650;Santa Ernestina;2023;2;7839711.34;7091752.99;90.46;OK
35;SP;São Paulo;354660;Santa Fé do Sul;2023;2;53727003.10;17360874.68;32.31;OK
35;SP;São Paulo;354670;Santa Gertrudes;2023;2;53027876.19;8249676.86;15.56;OK
35;SP;São Paulo;354680;Santa Isabel;2023;2;74853382.60;27766726.68;37.09;OK
35;SP;São Paulo;354690;Santa Lúcia;2023;2;9159482.68;8693734.30;94.92;OK
35;SP;São Paulo;354700;Santa Maria da Serra;2023;2;14434419.59;2109846.33;14.62;OK
35;SP;São Paulo;354710;Santa Mercedes;2023;2;6157689.07;5099532.61;82.82;OK
35;SP;São Paulo;354740;Santa Rita d'Oeste;2023;2;5456590.46;5456590.46;100.00;OK
35;SP;São Paulo;354750;Santa Rita do Passa Quatro;2023;2;39887884.86;36866431.38;92.43;OK
35;SP;São Paulo;354760;Santa Rosa de Viterbo;2023;2;32095490.48;22364328.27;69.68;OK
35;SP;São Paulo;354765;Santa Salete;2023;2;5311710.89;5211090.68;98.11;OK
35;SP;São Paulo;354720;Santana da Ponte Pensa;2023;2;5437432.61;5039001.56;92.67;OK
35;SP;São Paulo;354730;Santana de Parnaíba;2023;2;360073358.46;103832373.17;28.84;OK
35;SP;São Paulo;354770;Santo Anastácio;2023;2;19883724.71;15444664.72;77.67;OK
35;SP;São Paulo;354780;Santo André;2023;2;940833966.70;115656130.25;12.29;OK
35;SP;São Paulo;354790;Santo Antônio da Alegria;2023;2;14022022.80;14022022.80;100.00;OK
35;SP;São Paulo;354800;Santo Antônio de Posse;2023;2;39022062.63;36328940.85;93.10;OK
35;SP;São Paulo;354805;Santo Antônio do Aracanguá;2023;2;19368233.10;18371342.59;94.85;OK
35;SP;São Paulo;354810;Santo Antônio do Jardim;2023;2;10437430.13;8507017.70;81.50;OK
35;SP;São Paulo;354820;Santo Antônio do Pinhal;2023;2;9841112.24;9180366.91;93.29;OK
35;SP;São Paulo;354830;Santo Expedito;2023;2;5297535.85;5297535.85;100.00;OK
35;SP;São Paulo;354850;Santos;2023;2;981385794.97;164100829.18;16.72;OK
35;SP;São Paulo;354840;Santópolis do Aguapeí;2023;2;10573748.97;3576808.38;33.83;OK
35;SP;São Paulo;355110;Sarapuí;2023;2;13502619.46;12191967.51;90.29;OK
35;SP;São Paulo;355120;Sarutaiá;2023;2;7575536.94;7575536.94;100.00;OK
35;SP;São Paulo;355130;Sebastianópolis do Sul;2023;2;10768433.55;10460415.73;97.14;OK
35;SP;São Paulo;355140;Serra Azul;2023;2;8582504.29;8582504.29;100.00;OK
35;SP;São Paulo;355160;Serra Negra;2023;2;44011945.86;12081440.24;27.45;OK
35;SP;São Paulo;355150;Serrana;2023;2;48978298.36;15758761.15;32.17;OK
35;SP;São Paulo;355170;Sertãozinho;2023;2;139441506.36;27924771.17;20.03;OK
35;SP;São Paulo;355180;Sete Barras;2023;2;18712868.06;3678894.59;19.66;OK
35;SP;São Paulo;355190;Severínia;2023;2;18269541.98;14307500.17;78.31;OK
35;SP;São Paulo;355200;Silveiras;2023;2;12955467.97;10549184.26;81.43;OK
35;SP;São Paulo;355210;Socorro;2023;2;55758057.74;19631014.64;35.21;OK
35;SP;São Paulo;355220;Sorocaba;2023;2;899239263.97;266027314.36;29.58;OK
35;SP;São Paulo;355230;Sud Mennucci;2023;2;19454990.10;7385511.77;37.96;OK
35;SP;São Paulo;355240;Sumaré;2023;2;278471510.43;112393748.97;40.36;OK
35;SP;São Paulo;355250;Suzano;2023;2;368586918.33;124746630.47;33.84;OK
35;SP;São Paulo;355255;Suzanápolis;2023;2;11068250.19;7748938.39;70.01;OK
35;SP;São Paulo;354860;São Bento do Sapucaí;2023;2;12362335.43;7945898.68;64.28;OK
35;SP;São Paulo;354870;São Bernardo do Campo;2023;2;1560192865.92;321146736.79;20.58;OK
35;SP;São Paulo;354880;São Caetano do Sul;2023;2;544044674.93;26103830.01;4.80;OK
35;SP;São Paulo;354890;São Carlos;2023;2;359109798.27;183456668.03;51.09;OK
35;SP;São Paulo;354900;São Francisco;2023;2;6009530.00;5321748.93;88.56;OK
35;SP;São Paulo;354940;São Joaquim da Barra;2023;2;57638419.95;45047023.51;78.15;OK
35;SP;São Paulo;354950;São José da Bela Vista;2023;2;10895243.40;10895243.40;100.00;OK
35;SP;São Paulo;354960;São José do Barreiro;2023;2;9838558.99;9833955.99;99.95;OK
35;SP;São Paulo;354970;São José do Rio Pardo;2023;2;72902630.17;48191070.28;66.10;OK
35;SP;São Paulo;354980;São José do Rio Preto;2023;2;654457585.47;149336388.48;22.82;OK
35;SP;São Paulo;354990;São José dos Campos;2023;2;1044830465.36;373031013.71;35.70;OK
35;SP;São Paulo;354910;São João da Boa Vista;2023;2;145931773.42;36046579.52;24.70;OK
35;SP;São Paulo;354920;São João das Duas Pontes;2023;2;5161628.46;5102921.15;98.86;OK
35;SP;São Paulo;354925;São João de Iracema;2023;2;5628561.05;5475906.41;97.29;OK
35;SP;São Paulo;354930;São João do Pau d'Alho;2023;2;6504465.58;5638141.53;86.68;OK
35;SP;São Paulo;354995;São Lourenço da Serra;2023;2;21047700.68;13202491.04;62.73;OK
35;SP;São Paulo;355000;São Luís do Paraitinga;2023;2;14811881.58;12746725.40;86.06;OK
35;SP;São Paulo;355010;São Manuel;2023;2;49854012.83;27009418.95;54.18;OK
35;SP;São Paulo;355020;São Miguel Arcanjo;2023;2;40611530.21;26784521.52;65.95;OK
35;SP;São Paulo;355030;São Paulo;2023;2;20322787430.11;9022013084.52;44.39;OK
35;SP;São Paulo;355040;São Pedro;2023;2;70793306.03;17866853.82;25.24;OK
35;SP;São Paulo;355050;São Pedro do Turvo;2023;2;16307598.52;12276641.13;75.28;OK
35;SP;São Paulo;355060;São Roque;2023;2;117410237.37;52165857.77;44.43;OK
35;SP;São Paulo;355070;São Sebastião;2023;2;332407863.52;57381247.49;17.26;OK
35;SP;São Paulo;355080;São Sebastião da Grama;2023;2;18957963.79;10934931.67;57.68;OK
35;SP;São Paulo;355090;São Simão;2023;2;26544341.10;17532653.87;66.05;OK
35;SP;São Paulo;355100;São Vicente;2023;2;361928043.51;59636328.47;16.48;OK
35;SP;São Paulo;355260;Tabapuã;2023;2;18663912.55;12497909.18;66.96;OK
35;SP;São Paulo;355270;Tabatinga;2023;2;22196135.72;14211259.98;64.03;OK
35;SP;São Paulo;355280;Taboão da Serra;2023;2;287987486.35;116939395.18;40.61;OK
35;SP;São Paulo;355290;Taciba;2023;2;13421129.02;7462629.56;55.60;OK
35;SP;São Paulo;355300;Taguaí;2023;2;21726932.42;11287441.99;51.95;OK
35;SP;São Paulo;355310;Taiaçu;2023;2;9725981.56;4979439.02;51.20;OK
35;SP;São Paulo;355320;Taiúva;2023;2;9649503.30;9237287.72;95.73;OK
35;SP;São Paulo;355330;Tambaú;2023;2;31802792.59;12850014.76;40.41;OK
35;SP;São Paulo;355340;Tanabi;2023;2;35557578.78;27773556.53;78.11;OK
35;SP;São Paulo;355360;Tapiratiba;2023;2;12182379.95;8342304.84;68.48;OK
35;SP;São Paulo;355350;Tapiraí;2023;2;12242593.77;11895243.39;97.16;OK
35;SP;São Paulo;355365;Taquaral;2023;2;8620626.32;8328653.04;96.61;OK
35;SP;São Paulo;355370;Taquaritinga;2023;2;62038261.18;26628732.46;42.92;OK
35;SP;São Paulo;355380;Taquarituba;2023;2;36846298.55;20597048.12;55.90;OK
35;SP;São Paulo;355385;Taquarivaí;2023;2;13044454.48;12666641.40;97.10;OK
35;SP;São Paulo;355390;Tarabai;2023;2;12646646.52;12317700.83;97.40;OK
35;SP;São Paulo;355395;Tarumã;2023;2;24906280.67;11500633.38;46.18;OK
35;SP;São Paulo;355400;Tatuí;2023;2;171509267.92;35379573.82;20.63;OK
35;SP;São Paulo;355410;Taubaté;2023;2;485032886.58;124808380.00;25.73;OK
35;SP;São Paulo;355420;Tejupá;2023;2;7194993.97;6626453.27;92.10;OK
35;SP;São Paulo;355430;Teodoro Sampaio;2023;2;34542366.91;34542366.91;100.00;OK
35;SP;São Paulo;355440;Terra Roxa;2023;2;13393576.07;13184766.51;98.44;OK
35;SP;São Paulo;355450;Tietê;2023;2;50476820.41;24295019.88;48.13;OK
35;SP;São Paulo;355460;Timburi;2023;2;8955028.39;8955028.39;100.00;OK
35;SP;São Paulo;355465;Torre de Pedra;2023;2;5673071.80;5673071.80;100.00;OK
35;SP;São Paulo;355470;Torrinha;2023;2;16672960.03;16672960.03;100.00;OK
35;SP;São Paulo;355475;Trabiju;2023;2;6750899.59;6750899.59;100.00;OK
35;SP;São Paulo;355480;Tremembé;2023;2;44505247.70;19569757.98;43.97;OK
35;SP;São Paulo;355490;Três Fronteiras;2023;2;7187377.20;6734777.20;93.70;OK
35;SP;São Paulo;355495;Tuiuti;2023;2;8010120.20;7507601.70;93.73;OK
35;SP;São Paulo;355510;Tupi Paulista;2023;2;27690147.34;19493767.84;70.40;OK
35;SP;São Paulo;355500;Tupã;2023;2;84418030.99;18559339.59;21.99;OK
35;SP;São Paulo;355520;Turiúba;2023;2;5385927.79;5040089.66;93.58;OK
35;SP;São Paulo;355530;Turmalina;2023;2;6693258.10;6678720.78;99.78;OK
35;SP;São Paulo;355535;Ubarana;2023;2;9949742.88;7945660.44;79.86;OK
35;SP;São Paulo;355540;Ubatuba;2023;2;164557621.63;53653774.52;32.60;OK
35;SP;São Paulo;355550;Ubirajara;2023;2;8872319.36;8546898.85;96.33;OK
35;SP;São Paulo;355560;Uchoa;2023;2;15483567.55;14730440.46;95.14;OK
35;SP;São Paulo;355570;União Paulista;2023;2;6364512.23;6182520.21;97.14;OK
35;SP;São Paulo;355590;Uru;2023;2;5883360.68;5767724.92;98.03;OK
35;SP;São Paulo;355600;Urupês;2023;2;23580029.14;18266581.12;77.47;OK
35;SP;São Paulo;355580;Urânia;2023;2;13558716.72;9398430.74;69.32;OK
35;SP;São Paulo;355610;Valentim Gentil;2023;2;18319015.25;15906918.69;86.83;OK
35;SP;São Paulo;355620;Valinhos;2023;2;219421011.55;22941083.33;10.46;OK
35;SP;São Paulo;355630;Valparaíso;2023;2;48809498.70;32807526.88;67.22;OK
35;SP;São Paulo;355635;Vargem;2023;2;11182154.31;5811893.03;51.97;OK
35;SP;São Paulo;355645;Vargem Grande Paulista;2023;2;83854671.64;39977479.52;47.67;OK
35;SP;São Paulo;355640;Vargem Grande do Sul;2023;2;59110893.05;7938711.84;13.43;OK
35;SP;São Paulo;355660;Vera Cruz;2023;2;10803178.20;10320708.82;95.53;OK
35;SP;São Paulo;355670;Vinhedo;2023;2;191187413.89;15532323.74;8.12;OK
35;SP;São Paulo;355680;Viradouro;2023;2;28421508.33;20517455.35;72.19;OK
35;SP;São Paulo;355690;Vista Alegre do Alto;2023;2;17732766.09;17076457.50;96.30;OK
35;SP;São Paulo;355695;Vitória Brasil;2023;2;4824976.54;4436223.62;91.94;OK
35;SP;São Paulo;355700;Votorantim;2023;2;186968202.92;110394750.87;59.04;OK
35;SP;São Paulo;355710;Votuporanga;2023;2;123328762.18;75530631.82;61.24;OK
35;SP;São Paulo;355650;Várzea Paulista;2023;2;120224173.17;26321207.54;21.89;OK
35;SP;São Paulo;355715;Zacarias;2023;2;9453106.20;4871248.08;51.53;OK
35;SP;São Paulo;350040;Águas da Prata;2023;2;18606911.20;18512825.14;99.49;OK
35;SP;São Paulo;350050;Águas de Lindóia;2023;2;35483621.67;29321502.70;82.63;OK
35;SP;São Paulo;350055;Águas de Santa Bárbara;2023;2;13018261.62;8811546.35;67.69;OK
35;SP;São Paulo;350060;Águas de São Pedro;2023;2;11852453.79;11583639.74;97.73;OK
35;SP;São Paulo;350120;Álvares Florence;2023;2;8764998.12;7758277.81;88.51;OK
35;SP;São Paulo;350130;Álvares Machado;2023;2;29736315.33;25940054.69;87.23;OK
35;SP;São Paulo;350140;Álvaro de Carvalho;2023;2;7555593.24;7555593.24;100.00;OK
35;SP;São Paulo;353380;Óleo;2023;2;5954002.11;5736858.33;96.35;OK
17;TO;Tocantins;170025;Abreulândia;2023;2;5168310.00;3535651.33;68.41;OK
17;TO;Tocantins;170030;Aguiarnópolis;2023;2;6910421.68;2409693.08;34.87;OK
17;TO;Tocantins;170035;Aliança do Tocantins;2023;2;8173553.40;4620814.85;56.53;OK
17;TO;Tocantins;170040;Almas;2023;2;9528150.24;4845884.10;50.86;OK
17;TO;Tocantins;170070;Alvorada;2023;2;12041608.44;7043805.62;58.50;OK
17;TO;Tocantins;170100;Ananás;2023;2;13225240.07;6136445.79;46.40;OK
17;TO;Tocantins;170105;Angico;2023;2;4508610.38;3763247.08;83.47;OK
17;TO;Tocantins;170110;Aparecida do Rio Negro;2023;2;6526433.78;2773864.05;42.50;OK
17;TO;Tocantins;170130;Aragominas;2023;2;5793334.88;1795446.99;30.99;OK
17;TO;Tocantins;170190;Araguacema;2023;2;10840113.50;5898600.79;54.41;OK
17;TO;Tocantins;170215;Araguanã;2023;2;6548833.54;1601493.74;24.45;OK
17;TO;Tocantins;170220;Araguatins;2023;2;31402799.56;17135612.54;54.57;OK
17;TO;Tocantins;170200;Araguaçu;2023;2;10512543.13;6545193.60;62.26;OK
17;TO;Tocantins;170210;Araguaína;2023;2;241507996.58;63951250.56;26.48;OK
17;TO;Tocantins;170230;Arapoema;2023;2;6765099.34;3514469.04;51.95;OK
17;TO;Tocantins;170240;Arraias;2023;2;9073722.69;4288261.80;47.26;OK
17;TO;Tocantins;170255;Augustinópolis;2023;2;17671178.43;7705465.04;43.60;OK
17;TO;Tocantins;170270;Aurora do Tocantins;2023;2;3942951.25;494668.79;12.55;OK
17;TO;Tocantins;170290;Axixá do Tocantins;2023;2;4309862.73;1248433.47;28.97;OK
17;TO;Tocantins;170300;Babaçulândia;2023;2;8668630.47;4205972.41;48.52;OK
17;TO;Tocantins;170305;Bandeirantes do Tocantins;2023;2;5962542.92;5297014.84;88.84;OK
17;TO;Tocantins;170307;Barra do Ouro;2023;2;5196403.56;2717633.45;52.30;OK
17;TO;Tocantins;170310;Barrolândia;2023;2;7318859.33;6376789.20;87.13;OK
17;TO;Tocantins;170320;Bernardo Sayão;2023;2;5851441.18;4238710.35;72.44;OK
17;TO;Tocantins;170330;Bom Jesus do Tocantins;2023;2;5553195.78;5425253.23;97.70;OK
17;TO;Tocantins;170360;Brasilândia do Tocantins;2023;2;4395935.32;2979799.19;67.79;OK
17;TO;Tocantins;170370;Brejinho de Nazaré;2023;2;8278589.69;4373356.45;52.83;OK
17;TO;Tocantins;170380;Buriti do Tocantins;2023;2;10039810.47;2591158.56;25.81;OK
17;TO;Tocantins;170382;Cachoeirinha;2023;2;4086253.00;1497524.14;36.65;OK
17;TO;Tocantins;170384;Campos Lindos;2023;2;9809451.73;3864845.89;39.40;OK
17;TO;Tocantins;170386;Cariri do Tocantins;2023;2;10494869.85;8705161.74;82.95;OK
17;TO;Tocantins;170388;Carmolândia;2023;2;3961649.91;711776.10;17.97;OK
17;TO;Tocantins;170389;Carrasco Bonito;2023;2;6698119.82;752571.85;11.24;OK
17;TO;Tocantins;170390;Caseara;2023;2;7655850.11;4174455.12;54.53;OK
17;TO;Tocantins;170410;Centenário;2023;2;4289246.51;1277443.03;29.78;OK
17;TO;Tocantins;170510;Chapada da Natividade;2023;2;5601344.82;1792708.71;32.00;OK
17;TO;Tocantins;170460;Chapada de Areia;2023;2;4086101.87;1694604.18;41.47;OK
17;TO;Tocantins;170550;Colinas do Tocantins;2023;2;41886011.47;16061898.70;38.35;OK
17;TO;Tocantins;171670;Colméia;2023;2;9696024.55;2889600.06;29.80;OK
17;TO;Tocantins;170555;Combinado;2023;2;5393325.82;0.00;0.00;OK
17;TO;Tocantins;170560;Conceição do Tocantins;2023;2;6227328.03;5137840.40;82.50;OK
17;TO;Tocantins;170600;Couto de Magalhães;2023;2;6519853.24;3106545.98;47.65;OK
17;TO;Tocantins;170610;Cristalândia;2023;2;10410129.01;5663288.98;54.40;OK
17;TO;Tocantins;170625;Crixás do Tocantins;2023;2;4178264.48;3751956.19;89.80;OK
17;TO;Tocantins;170650;Darcinópolis;2023;2;6201668.22;3133688.28;50.53;OK
17;TO;Tocantins;170700;Dianópolis;2023;2;24621225.24;18018658.37;73.18;OK
17;TO;Tocantins;170710;Divinópolis do Tocantins;2023;2;11549434.01;4532358.00;39.24;OK
17;TO;Tocantins;170720;Dois Irmãos do Tocantins;2023;2;9978362.00;4349212.16;43.59;OK
17;TO;Tocantins;170730;Dueré;2023;2;10313259.98;807268.25;7.83;OK
17;TO;Tocantins;170740;Esperantina;2023;2;8665623.13;5296371.78;61.12;OK
17;TO;Tocantins;170765;Figueirópolis;2023;2;9265362.69;4463487.35;48.17;OK
17;TO;Tocantins;170770;Filadélfia;2023;2;8380994.59;4720810.86;56.33;OK
17;TO;Tocantins;170820;Formoso do Araguaia;2023;2;22468442.48;8018067.89;35.69;OK
17;TO;Tocantins;170825;Fortaleza do Tabocão;2023;2;5326325.82;1590827.51;29.87;OK
17;TO;Tocantins;170755;Fátima;2023;2;6235760.44;2616549.93;41.96;OK
17;TO;Tocantins;170830;Goianorte;2023;2;10207577.07;4426989.97;43.37;OK
17;TO;Tocantins;170900;Goiatins;2023;2;13453294.75;4469892.50;33.23;OK
17;TO;Tocantins;170930;Guaraí;2023;2;27341455.46;11698347.72;42.79;OK
17;TO;Tocantins;170950;Gurupi;2023;2;96242943.64;28335880.23;29.44;OK
17;TO;Tocantins;170980;Ipueiras;2023;2;3964683.25;2272711.53;57.32;OK
17;TO;Tocantins;171050;Itacajá;2023;2;10235498.35;5292537.63;51.71;OK
17;TO;Tocantins;171070;Itaguatins;2023;2;6439714.35;3902377.45;60.60;OK
17;TO;Tocantins;171090;Itapiratins;2023;2;6582315.52;5129837.98;77.93;OK
17;TO;Tocantins;171110;Itaporã do Tocantins;2023;2;5821453.47;2593656.99;44.55;OK
17;TO;Tocantins;171150;Jaú do Tocantins;2023;2;6633231.28;6603746.10;99.56;OK
17;TO;Tocantins;171180;Juarina;2023;2;4383255.32;429755.58;9.80;OK
17;TO;Tocantins;171190;Lagoa da Confusão;2023;2;15972331.37;6250128.29;39.13;OK
17;TO;Tocantins;171195;Lagoa do Tocantins;2023;2;4776682.10;426916.69;8.94;OK
17;TO;Tocantins;171200;Lajeado;2023;2;7427905.17;3131153.25;42.15;OK
17;TO;Tocantins;171215;Lavandeira;2023;2;4729239.79;4699189.80;99.36;OK
17;TO;Tocantins;171240;Lizarda;2023;2;5182947.31;2340509.75;45.16;OK
17;TO;Tocantins;171245;Luzinópolis;2023;2;5059390.20;1173508.21;23.19;OK
17;TO;Tocantins;171250;Marianópolis do Tocantins;2023;2;9605112.20;3674833.87;38.26;OK
17;TO;Tocantins;171270;Mateiros;2023;2;5953614.56;3383801.65;56.84;OK
17;TO;Tocantins;171280;Maurilândia do Tocantins;2023;2;5927109.13;4066505.55;68.61;OK
17;TO;Tocantins;171320;Miracema do Tocantins;2023;2;18127743.47;10719862.13;59.14;OK
17;TO;Tocantins;171330;Miranorte;2023;2;15285116.02;5755910.58;37.66;OK
17;TO;Tocantins;171370;Monte Santo do Tocantins;2023;2;4398677.78;4166238.36;94.72;OK
17;TO;Tocantins;171360;Monte do Carmo;2023;2;10087085.06;3618172.70;35.87;OK
17;TO;Tocantins;171395;Muricilândia;2023;2;6795669.21;1833325.10;26.98;OK
17;TO;Tocantins;171420;Natividade;2023;2;11947840.58;5614961.22;47.00;OK
17;TO;Tocantins;171430;Nazaré;2023;2;6972660.41;2421829.28;34.73;OK
17;TO;Tocantins;171488;Nova Olinda;2023;2;10846163.92;2934234.70;27.05;OK
17;TO;Tocantins;171500;Nova Rosalândia;2023;2;5878794.50;5187958.66;88.25;OK
17;TO;Tocantins;171510;Novo Acordo;2023;2;6927025.36;4584140.71;66.18;OK
17;TO;Tocantins;171515;Novo Alegre;2023;2;4677776.13;767553.48;16.41;OK
17;TO;Tocantins;171525;Novo Jardim;2023;2;4058763.24;3321190.19;81.83;OK
17;TO;Tocantins;171550;Oliveira de Fátima;2023;2;3311927.93;1279695.99;38.64;OK
17;TO;Tocantins;172100;Palmas;2023;2;380187193.98;132079303.91;34.74;OK
17;TO;Tocantins;171570;Palmeirante;2023;2;9613647.17;4868375.83;50.64;OK
17;TO;Tocantins;171380;Palmeiras do Tocantins;2023;2;8238129.82;4712333.35;57.20;OK
17;TO;Tocantins;171575;Palmeirópolis;2023;2;11212147.72;4244778.53;37.86;OK
17;TO;Tocantins;171620;Paranã;2023;2;18193122.73;8482187.44;46.62;OK
17;TO;Tocantins;171610;Paraíso do Tocantins;2023;2;53548112.25;30420775.07;56.81;OK
17;TO;Tocantins;171630;Pau D'Arco;2023;2;4679910.24;1884510.85;40.27;OK
17;TO;Tocantins;171650;Pedro Afonso;2023;2;16323307.00;7843428.72;48.05;OK
17;TO;Tocantins;171660;Peixe;2023;2;14807933.76;5946349.57;40.16;OK
17;TO;Tocantins;171665;Pequizeiro;2023;2;8868350.36;5727916.59;64.59;OK
17;TO;Tocantins;171700;Pindorama do Tocantins;2023;2;8380335.82;7108793.93;84.83;OK
17;TO;Tocantins;171720;Piraquê;2023;2;4112963.69;1317775.81;32.04;OK
17;TO;Tocantins;171750;Pium;2023;2;10253884.97;1845332.20;18.00;OK
17;TO;Tocantins;171780;Ponte Alta do Bom Jesus;2023;2;3787711.87;1901194.31;50.19;OK
17;TO;Tocantins;171790;Ponte Alta do Tocantins;2023;2;9601867.74;4184705.30;43.58;OK
17;TO;Tocantins;171800;Porto Alegre do Tocantins;2023;2;4733229.44;1786872.64;37.75;OK
17;TO;Tocantins;171820;Porto Nacional;2023;2;81380462.28;36774123.75;45.19;OK
17;TO;Tocantins;171830;Praia Norte;2023;2;7875554.80;7205497.19;91.49;OK
17;TO;Tocantins;171840;Presidente Kennedy;2023;2;5611765.63;2865673.19;51.07;OK
17;TO;Tocantins;171845;Pugmil;2023;2;5775843.65;5146325.45;89.10;OK
17;TO;Tocantins;171850;Recursolândia;2023;2;4882844.91;4809316.56;98.49;OK
17;TO;Tocantins;171855;Riachinho;2023;2;5306593.56;1459716.41;27.51;OK
17;TO;Tocantins;171875;Rio Sono;2023;2;7841737.63;1923170.13;24.52;OK
17;TO;Tocantins;171865;Rio da Conceição;2023;2;4286576.52;3849588.76;89.81;OK
17;TO;Tocantins;171870;Rio dos Bois;2023;2;4957498.52;1617875.37;32.63;OK
17;TO;Tocantins;171880;Sampaio;2023;2;5135553.68;2757977.26;53.70;OK
17;TO;Tocantins;171884;Sandolândia;2023;2;7031521.20;6226893.01;88.56;OK
17;TO;Tocantins;171886;Santa Fé do Araguaia;2023;2;7787076.05;6059473.25;77.81;OK
17;TO;Tocantins;171888;Santa Maria do Tocantins;2023;2;3860615.38;1864149.56;48.29;OK
17;TO;Tocantins;171889;Santa Rita do Tocantins;2023;2;5389745.17;4449329.35;82.55;OK
17;TO;Tocantins;171890;Santa Rosa do Tocantins;2023;2;7796997.70;4142826.12;53.13;OK
17;TO;Tocantins;171900;Santa Tereza do Tocantins;2023;2;5301686.73;5247272.72;98.97;OK
17;TO;Tocantins;172000;Santa Terezinha do Tocantins;2023;2;4183911.16;1545587.69;36.94;OK
17;TO;Tocantins;172065;Silvanópolis;2023;2;8958145.69;5294168.89;59.10;OK
17;TO;Tocantins;172085;Sucupira;2023;2;5206611.77;3330343.83;63.96;OK
17;TO;Tocantins;172010;São Bento do Tocantins;2023;2;6402112.22;5576603.15;87.11;OK
17;TO;Tocantins;172015;São Félix do Tocantins;2023;2;4206638.32;3896143.53;92.62;OK
17;TO;Tocantins;172020;São Miguel do Tocantins;2023;2;10012439.31;9395582.52;93.84;OK
17;TO;Tocantins;172025;São Salvador do Tocantins;2023;2;6787430.90;2994077.56;44.11;OK
17;TO;Tocantins;172030;São Sebastião do Tocantins;2023;2;6228023.98;5610313.09;90.08;OK
17;TO;Tocantins;172049;São Valério da Natividade;2023;2;5080017.52;4155183.89;81.79;OK
17;TO;Tocantins;172080;Sítio Novo do Tocantins;2023;2;16909648.08;10725706.27;63.43;OK
17;TO;Tocantins;172090;Taguatinga;2023;2;20511484.73;8066284.41;39.33;OK
17;TO;Tocantins;172093;Taipas do Tocantins;2023;2;3471735.20;3237947.23;93.27;OK
17;TO;Tocantins;172097;Talismã;2023;2;5825661.98;2194376.53;37.67;OK
17;TO;Tocantins;172120;Tocantinópolis;2023;2;27201875.67;9349549.78;34.37;OK
17;TO;Tocantins;172110;Tocantínia;2023;2;7016268.46;2549972.89;36.34;OK
17;TO;Tocantins;172125;Tupirama;2023;2;4369945.22;992280.54;22.71;OK
17;TO;Tocantins;172130;Tupiratins;2023;2;4816472.16;3188915.38;66.21;OK
17;TO;Tocantins;172208;Wanderlândia;2023;2;9944386.05;2527927.66;25.42;OK
17;TO;Tocantins;172210;Xambioá;2023;2;11267238.03;7628918.92;67.71;OK
