,codigo_municipio_ibge,nome_municipio,nome_uf,ano,pop,municipio,valor
0,1100015,Alta Floresta D'oeste,Rondônia,2008,25440,Alta Floresta D'Oeste,210.0
1,1100023,Ariquemes,Rondônia,2008,88293,Ariquemes,1156.0
2,1100031,Cabixi,Rondônia,2008,6687,Cabixi,0.0
3,1100049,Cacoal,Rondônia,2008,78105,Cacoal,31.0
4,1100056,Cerejeiras,Rondônia,2008,17598,Cerejeiras,4.0
5,1100064,Colorado do Oeste,Rondônia,2008,19737,Colorado do Oeste,3.0
6,1100072,Corumbiara,Rondônia,2008,9328,Corumbiara,3.0
7,1100080,Costa Marques,Rondônia,2008,13016,Costa Marques,292.0
8,1100098,Espigão D'oeste,Rondônia,2008,28589,Espigão D'Oeste,861.0
9,1100106,Guajará-Mirim,Rondônia,2008,41901,Guajará-Mirim,1153.0
10,1100114,Jaru,Rondônia,2008,53387,Jaru,73.0
11,1100122,Ji-Paraná,Rondônia,2008,116039,Ji-Paraná,58.0
12,1100130,Machadinho D'oeste,Rondônia,2008,29898,Machadinho D'Oeste,3072.0
13,1100148,Nova Brasilândia D'oeste,Rondônia,2008,19961,Nova Brasilândia D'Oeste,26.0
14,1100155,Ouro Preto do Oeste,Rondônia,2008,39539,Ouro Preto do Oeste,26.0
15,1100189,Pimenta Bueno,Rondônia,2008,33925,Pimenta Bueno,25.0
16,1100205,Porto Velho,Rondônia,2008,414197,Porto Velho,22374.0
17,1100254,Presidente Médici,Rondônia,2008,23703,Presidente Médici,24.0
18,1100262,Rio Crespo,Rondônia,2008,3288,Rio Crespo,660.0
19,1100288,Rolim de Moura,Rondônia,2008,50403,Rolim de Moura,12.0
20,1100296,Santa Luzia D'oeste,Rondônia,2008,9628,Santa Luzia D'Oeste,1.0
21,1100304,Vilhena,Rondônia,2008,71512,Vilhena,18.0
22,1100320,São Miguel do Guaporé,Rondônia,2008,21681,São Miguel do Guaporé,65.0
23,1100338,Nova Mamoré,Rondônia,2008,20857,Nova Mamoré,1797.0
24,1100346,Alvorada D'oeste,Rondônia,2008,17974,Alvorada D'Oeste,113.0
25,1100379,Alto Alegre dos Parecis,Rondônia,2008,13132,Alto Alegre dos Parecis,2.0
26,1100403,Alto Paraíso,Rondônia,2008,16590,Alto Paraíso,1705.0
27,1100452,Buritis,Rondônia,2008,31938,Buritis,1240.0
28,1100502,Novo Horizonte do Oeste,Rondônia,2008,10954,Novo Horizonte do Oeste,3.0
29,1100601,Cacaulândia,Rondônia,2008,5788,Cacaulândia,75.0
30,1100700,Campo Novo de Rondônia,Rondônia,2008,12797,Campo Novo de Rondônia,1665.0
31,1100809,Candeias do Jamari,Rondônia,2008,18448,Candeias do Jamari,4388.0
32,1100908,Castanheiras,Rondônia,2008,3776,Castanheiras,27.0
33,1100924,Chupinguaia,Rondônia,2008,7713,Chupinguaia,18.0
34,1100940,Cujubim,Rondônia,2008,13645,Cujubim,2084.0
35,1101005,Governador Jorge Teixeira,Rondônia,2008,11417,Governador Jorge Teixeira,242.0
36,1101104,Itapuã do Oeste,Rondônia,2008,8316,Itapuã do Oeste,1072.0
37,1101203,Ministro Andreazza,Rondônia,2008,10772,Ministro Andreazza,2.0
38,1101302,Mirante da Serra,Rondônia,2008,12551,Mirante da Serra,17.0
39,1101401,Monte Negro,Rondônia,2008,14207,Monte Negro,350.0
40,1101435,Nova União,Rondônia,2008,7870,Nova União,15.0
41,1101450,Parecis,Rondônia,2008,4649,Parecis,3.0
42,1101468,Pimenteiras do Oeste,Rondônia,2008,2371,Pimenteiras do Oeste,34.0
43,1101476,Primavera de Rondônia,Rondônia,2008,3747,Primavera de Rondônia,5.0
44,1101484,São Felipe D'oeste,Rondônia,2008,6382,São Felipe D'Oeste,1.0
45,1101492,São Francisco do Guaporé,Rondônia,2008,15440,São Francisco do Guaporé,197.0
46,1101500,Seringueiras,Rondônia,2008,12840,Seringueiras,84.0
47,1101559,Teixeirópolis,Rondônia,2008,5160,Teixeirópolis,0.0
48,1101609,Theobroma,Rondônia,2008,11067,Theobroma,326.0
49,1101708,Urupá,Rondônia,2008,13718,Urupá,11.0
50,1101757,Vale do Anari,Rondônia,2008,9307,Vale do Anari,824.0
51,1101807,Vale do Paraíso,Rondônia,2008,8806,Vale do Paraíso,23.0
52,1200013,Acrelândia,Acre,2008,12356,Acrelândia,263.0
53,1200054,Assis Brasil,Acre,2008,5866,Assis Brasil,3.0
54,1200104,Brasiléia,Acre,2008,20749,Brasiléia,4.0
55,1200138,Bujari,Acre,2008,8215,Bujari,60.0
56,1200179,Capixaba,Acre,2008,8340,Capixaba,62.0
57,1200203,Cruzeiro do Sul,Acre,2008,80649,Cruzeiro do Sul,13469.0
58,1200252,Epitaciolândia,Acre,2008,14703,Epitaciolândia,1.0
59,1200302,Feijó,Acre,2008,33978,Feijó,10.0
60,1200328,Jordão,Acre,2008,6250,Jordão,232.0
61,1200336,Mâncio Lima,Acre,2008,14632,Mâncio Lima,4444.0
62,1200344,Manoel Urbano,Acre,2008,7778,Manoel Urbano,2.0
63,1200351,Marechal Thaumaturgo,Acre,2008,13298,Marechal Thaumaturgo,69.0
64,1200385,Plácido de Castro,Acre,2008,17470,Plácido de Castro,395.0
65,1200393,Porto Walter,Acre,2008,8626,Porto Walter,153.0
66,1200401,Rio Branco,Acre,2008,338094,Rio Branco,229.0
67,1200427,Rodrigues Alves,Acre,2008,13717,Rodrigues Alves,3103.0
68,1200435,Santa Rosa do Purus,Acre,2008,4130,Santa Rosa do Purus,1.0
69,1200450,Senador Guiomard,Acre,2008,20508,Senador Guiomard,446.0
70,1200500,Sena Madureira,Acre,2008,38386,Sena Madureira,19.0
71,1200609,Tarauacá,Acre,2008,35543,Tarauacá,2403.0
72,1200708,Xapuri,Acre,2008,15794,Xapuri,35.0
73,1200807,Porto Acre,Acre,2008,14522,Porto Acre,126.0
74,1300029,Alvarães,Amazonas,2008,13863,Alvarães,3661.0
75,1300060,Amaturá,Amazonas,2008,9190,Amaturá,14.0
76,1300086,Anamã,Amazonas,2008,9576,Anamã,47.0
77,1300102,Anori,Amazonas,2008,15556,Anori,9.0
78,1300144,Apuí,Amazonas,2008,17452,Apuí,641.0
79,1300201,Atalaia do Norte,Amazonas,2008,14418,Atalaia do Norte,5055.0
80,1300300,Autazes,Amazonas,2008,30653,Autazes,2893.0
81,1300409,Barcelos,Amazonas,2008,25990,Barcelos,4154.0
82,1300508,Barreirinha,Amazonas,2008,26750,Barreirinha,3.0
83,1300607,Benjamin Constant,Amazonas,2008,31700,Benjamin Constant,275.0
84,1300631,Beruri,Amazonas,2008,14517,Beruri,628.0
85,1300680,Boa Vista do Ramos,Amazonas,2008,13855,Boa Vista do Ramos,16.0
86,1300706,Boca do Acre,Amazonas,2008,30459,Boca do Acre,515.0
87,1300805,Borba,Amazonas,2008,34605,Borba,5159.0
88,1300839,Caapiranga,Amazonas,2008,10628,Caapiranga,926.0
89,1300904,Canutama,Amazonas,2008,13467,Canutama,1622.0
90,1301001,Carauari,Amazonas,2008,25952,Carauari,656.0
91,1301100,Careiro,Amazonas,2008,32677,Careiro,5239.0
92,1301159,Careiro da Várzea,Amazonas,2008,23020,Careiro da Várzea,565.0
93,1301209,Coari,Amazonas,2008,76680,Coari,10082.0
94,1301308,Codajás,Amazonas,2008,22527,Codajás,248.0
95,1301407,Eirunepé,Amazonas,2008,30455,Eirunepé,2939.0
96,1301506,Envira,Amazonas,2008,15850,Envira,24.0
97,1301605,Fonte Boa,Amazonas,2008,24189,Fonte Boa,135.0
98,1301654,Guajará,Amazonas,2008,13800,Guajará,3617.0
99,1301704,Humaitá,Amazonas,2008,42449,Humaitá,4481.0
100,1301803,Ipixuna,Amazonas,2008,20680,Ipixuna,3546.0
101,1301852,Iranduba,Amazonas,2008,39376,Iranduba,2703.0
102,1301902,Itacoatiara,Amazonas,2008,85307,Itacoatiara,3841.0
103,1301951,Itamarati,Amazonas,2008,8217,Itamarati,37.0
104,1302009,Itapiranga,Amazonas,2008,8115,Itapiranga,264.0
105,1302108,Japurá,Amazonas,2008,8204,Japurá,640.0
106,1302207,Juruá,Amazonas,2008,10109,Juruá,674.0
107,1302306,Jutaí,Amazonas,2008,18761,Jutaí,1488.0
108,1302405,Lábrea,Amazonas,2008,36306,Lábrea,2825.0
109,1302504,Manacapuru,Amazonas,2008,84032,Manacapuru,4105.0
110,1302553,Manaquiri,Amazonas,2008,20845,Manaquiri,305.0
111,1302603,Manaus,Amazonas,2008,1765157,Manaus,19780.0
112,1302702,Manicoré,Amazonas,2008,45800,Manicoré,5190.0
113,1302801,Maraã,Amazonas,2008,17703,Maraã,1287.0
114,1302900,Maués,Amazonas,2008,50310,Maués,478.0
115,1303007,Nhamundá,Amazonas,2008,17936,Nhamundá,777.0
116,1303106,Nova Olinda do Norte,Amazonas,2008,30192,Nova Olinda do Norte,138.0
117,1303205,Novo Airão,Amazonas,2008,13799,Novo Airão,729.0
118,1303304,Novo Aripuanã,Amazonas,2008,20878,Novo Aripuanã,2172.0
119,1303403,Parintins,Amazonas,2008,102434,Parintins,60.0
120,1303502,Pauini,Amazonas,2008,18192,Pauini,292.0
121,1303536,Presidente Figueiredo,Amazonas,2008,25455,Presidente Figueiredo,3754.0
122,1303569,Rio Preto da Eva,Amazonas,2008,24667,Rio Preto da Eva,1733.0
123,1303601,Santa Isabel do Rio Negro,Amazonas,2008,16501,Santa Isabel do Rio Negro,3864.0
124,1303700,Santo Antônio do Içá,Amazonas,2008,25452,Santo Antônio do Içá,2169.0
125,1303809,São Gabriel da Cachoeira,Amazonas,2008,36272,São Gabriel da Cachoeira,4981.0
126,1303908,São Paulo de Olivença,Amazonas,2008,30529,São Paulo de Olivença,1617.0
127,1303957,São Sebastião do Uatumã,Amazonas,2008,10127,São Sebastião do Uatumã,664.0
128,1304005,Silves,Amazonas,2008,8327,Silves,677.0
129,1304062,Tabatinga,Amazonas,2008,49837,Tabatinga,801.0
130,1304104,Tapauá,Amazonas,2008,18685,Tapauá,4345.0
131,1304203,Tefé,Amazonas,2008,62965,Tefé,8089.0
132,1304237,Tonantins,Amazonas,2008,17019,Tonantins,54.0
133,1304260,Uarini,Amazonas,2008,11665,Uarini,1443.0
134,1304302,Urucará,Amazonas,2008,17516,Urucará,235.0
135,1304401,Urucurituba,Amazonas,2008,16613,Urucurituba,3.0
136,1400027,Amajari,Roraima,2008,8648,Amajari,565.0
137,1400050,Alto Alegre,Roraima,2008,17126,Alto Alegre,234.0
138,1400100,Boa Vista,Roraima,2008,283454,Boa Vista,400.0
139,1400159,Bonfim,Roraima,2008,11077,Bonfim,649.0
140,1400175,Cantá,Roraima,2008,13308,Cantá,2621.0
141,1400209,Caracaraí,Roraima,2008,18431,Caracaraí,1325.0
142,1400233,Caroebe,Roraima,2008,7926,Caroebe,176.0
143,1400282,Iracema,Roraima,2008,8132,Iracema,663.0
144,1400308,Mucajaí,Roraima,2008,14686,Mucajaí,765.0
145,1400407,Normandia,Roraima,2008,8634,Normandia,135.0
146,1400456,Pacaraima,Roraima,2008,10019,Pacaraima,88.0
147,1400472,Rorainópolis,Roraima,2008,23910,Rorainópolis,1475.0
148,1400506,São João da Baliza,Roraima,2008,6744,São João da Baliza,157.0
149,1400605,São Luiz,Roraima,2008,6748,São Luiz,92.0
150,1400704,Uiramutã,Roraima,2008,8062,Uiramutã,35.0
151,1500107,Abaetetuba,Pará,2008,140074,Abaetetuba,2.0
152,1500131,Abel Figueiredo,Pará,2008,6860,Abel Figueiredo,3.0
153,1500206,Acará,Pará,2008,54528,Acará,6.0
154,1500305,Afuá,Pará,2008,34852,Afuá,501.0
155,1500347,Água Azul do Norte,Pará,2008,25899,Água Azul do Norte,1.0
156,1500404,Alenquer,Pará,2008,50704,Alenquer,837.0
157,1500503,Almeirim,Pará,2008,34803,Almeirim,736.0
158,1500602,Altamira,Pará,2008,95971,Altamira,1694.0
159,1500701,Anajás,Pará,2008,23639,Anajás,12002.0
160,1500800,Ananindeua,Pará,2008,470561,Ananindeua,8.0
161,1500859,Anapu,Pará,2008,17458,Anapu,708.0
162,1500909,Augusto Corrêa,Pará,2008,40021,Augusto Corrêa,313.0
163,1500958,Aurora do Pará,Pará,2008,26188,Aurora do Pará,580.0
164,1501006,Aveiro,Pará,2008,15975,Aveiro,5.0
165,1501105,Bagre,Pará,2008,21709,Bagre,8.0
166,1501204,Baião,Pará,2008,33515,Baião,314.0
167,1501253,Bannach,Pará,2008,3565,Bannach,23.0
168,1501303,Barcarena,Pará,2008,92882,Barcarena,9.0
169,1501402,Belém,Pará,2008,1430396,Belém,113.0
170,1501451,Belterra,Pará,2008,16241,Belterra,17.0
171,1501501,Benevides,Pará,2008,48991,Benevides,1.0
172,1501576,Bom Jesus do Tocantins,Pará,2008,15190,Bom Jesus do Tocantins,209.0
173,1501600,Bonito,Pará,2008,13113,Bonito,0.0
174,1501709,Bragança,Pará,2008,112356,Bragança,115.0
175,1501725,Brasil Novo,Pará,2008,15790,Brasil Novo,190.0
176,1501758,Brejo Grande do Araguaia,Pará,2008,7609,Brejo Grande do Araguaia,1.0
177,1501782,Breu Branco,Pará,2008,50383,Breu Branco,765.0
178,1501808,Breves,Pará,2008,92079,Breves,586.0
179,1501907,Bujaru,Pará,2008,25410,Bujaru,4.0
180,1501956,Cachoeira do Piriá,Pará,2008,24862,Cachoeira do Piriá,1496.0
181,1502004,Cachoeira do Arari,Pará,2008,19688,Cachoeira do Arari,104.0
182,1502103,Cametá,Pará,2008,118973,Cametá,9.0
183,1502152,Canaã dos Carajás,Pará,2008,21592,Canaã dos Carajás,3.0
184,1502202,Capanema,Pará,2008,63765,Capanema,6.0
185,1502301,Capitão Poço,Pará,2008,52854,Capitão Poço,5.0
186,1502400,Castanhal,Pará,2008,169470,Castanhal,7.0
187,1502509,Chaves,Pará,2008,20579,Chaves,839.0
188,1502608,Colares,Pará,2008,11438,Colares,4.0
189,1502707,Conceição do Araguaia,Pará,2008,46974,Conceição do Araguaia,2.0
190,1502756,Concórdia do Pará,Pará,2008,27446,Concórdia do Pará,16.0
191,1502764,Cumaru do Norte,Pará,2008,9429,Cumaru do Norte,3.0
192,1502772,Curionópolis,Pará,2008,18941,Curionópolis,66.0
193,1502806,Curralinho,Pará,2008,27069,Curralinho,667.0
194,1502855,Curuá,Pará,2008,11782,Curuá,11.0
195,1502905,Curuçá,Pará,2008,33327,Curuçá,89.0
196,1502939,dom Eliseu,Pará,2008,50131,Dom Eliseu,5.0
197,1502954,Eldorado do Carajás,Pará,2008,32925,Eldorado do Carajás,24.0
198,1503002,Faro,Pará,2008,8614,Faro,552.0
199,1503044,Floresta do Araguaia,Pará,2008,17599,Floresta do Araguaia,0.0
200,1503077,Garrafão do Norte,Pará,2008,25755,Garrafão do Norte,9.0
201,1503093,Goianésia do Pará,Pará,2008,33510,Goianésia do Pará,4275.0
202,1503101,Gurupá,Pará,2008,28417,Gurupá,68.0
203,1503200,Igarapé-Açu,Pará,2008,36343,Igarapé-Açu,2.0
204,1503309,Igarapé-Miri,Pará,2008,58231,Igarapé-Miri,1.0
205,1503408,Inhangapi,Pará,2008,9746,Inhangapi,2.0
206,1503457,Ipixuna do Pará,Pará,2008,42820,Ipixuna do Pará,3661.0
207,1503507,Irituia,Pará,2008,32210,Irituia,7.0
208,1503606,Itaituba,Pará,2008,98503,Itaituba,6193.0
209,1503705,Itupiranga,Pará,2008,53103,Itupiranga,784.0
210,1503754,Jacareacanga,Pará,2008,15070,Jacareacanga,4522.0
211,1503804,Jacundá,Pará,2008,51668,Jacundá,276.0
212,1503903,Juruti,Pará,2008,44749,Juruti,1.0
213,1504000,Limoeiro do Ajuru,Pará,2008,24267,Limoeiro do Ajuru,1.0
214,1504059,Mãe do Rio,Pará,2008,27895,Mãe do Rio,4.0
215,1504109,Magalhães Barata,Pará,2008,8219,Magalhães Barata,67.0
216,1504208,Marabá,Pará,2008,226746,Marabá,762.0
217,1504307,Maracanã,Pará,2008,29265,Maracanã,286.0
218,1504406,Marapanim,Pará,2008,26977,Marapanim,409.0
219,1504422,Marituba,Pará,2008,103995,Marituba,4.0
220,1504455,Medicilândia,Pará,2008,26916,Medicilândia,225.0
221,1504505,Melgaço,Pará,2008,24404,Melgaço,6.0
222,1504604,Mocajuba,Pará,2008,26076,Mocajuba,9.0
223,1504703,Moju,Pará,2008,67326,Moju,1919.0
224,1504752,Mojuí dos Campos,Pará,2008,14358,Mojuí dos Campos,0.0
225,1504802,Monte Alegre,Pará,2008,57638,Monte Alegre,51.0
226,1504901,Muaná,Pará,2008,32689,Muaná,211.0
227,1504950,Nova Esperança do Piriá,Pará,2008,20466,Nova Esperança do Piriá,361.0
228,1504976,Nova Ipixuna,Pará,2008,14580,Nova Ipixuna,219.0
229,1505007,Nova Timboteua,Pará,2008,13584,Nova Timboteua,3.0
230,1505031,Novo Progresso,Pará,2008,24878,Novo Progresso,1649.0
231,1505064,Novo Repartimento,Pará,2008,59959,Novo Repartimento,937.0
232,1505106,Óbidos,Pará,2008,49901,Óbidos,97.0
233,1505205,Oeiras do Pará,Pará,2008,27922,Oeiras do Pará,12.0
234,1505304,Oriximiná,Pará,2008,61139,Oriximiná,1356.0
235,1505403,Ourém,Pará,2008,16227,Ourém,7.0
236,1505437,Ourilândia do Norte,Pará,2008,26227,Ourilândia do Norte,2.0
237,1505486,Pacajá,Pará,2008,38927,Pacajá,5937.0
238,1505494,Palestina do Pará,Pará,2008,7750,Palestina do Pará,2.0
239,1505502,Paragominas,Pará,2008,96058,Paragominas,2040.0
240,1505536,Parauapebas,Pará,2008,131882,Parauapebas,64.0
241,1505601,Peixe-Boi,Pará,2008,8027,Peixe-Boi,2.0
242,1505635,Piçarra,Pará,2008,13098,Piçarra,3.0
243,1505650,Placas,Pará,2008,21965,Placas,170.0
244,1505700,Ponta de Pedras,Pará,2008,25102,Ponta de Pedras,561.0
245,1505809,Portel,Pará,2008,49855,Portel,1141.0
246,1505908,Porto de Moz,Pará,2008,32227,Porto de Moz,598.0
247,1506005,Prainha,Pará,2008,29934,Prainha,1168.0
248,1506104,Primavera,Pará,2008,10386,Primavera,12.0
249,1506112,Quatipuru,Pará,2008,12470,Quatipuru,4.0
250,1506138,Redenção,Pará,2008,75216,Redenção,3.0
251,1506161,Rio Maria,Pará,2008,18231,Rio Maria,1.0
252,1506187,Rondon do Pará,Pará,2008,46974,Rondon do Pará,236.0
253,1506195,Rurópolis,Pará,2008,38050,Rurópolis,3.0
254,1506203,Salinópolis,Pará,2008,37409,Salinópolis,49.0
255,1506302,Salvaterra,Pará,2008,19297,Salvaterra,8.0
256,1506351,Santa Bárbara do Pará,Pará,2008,16129,Santa Bárbara do Pará,1.0
257,1506401,Santa Cruz do Arari,Pará,2008,7684,Santa Cruz do Arari,152.0
258,1506500,Santa Izabel do Pará,Pará,2008,57129,Santa Izabel do Pará,153.0
259,1506559,Santa Luzia do Pará,Pará,2008,19945,Santa Luzia do Pará,5.0
260,1506583,Santa Maria das Barreiras,Pará,2008,16288,Santa Maria das Barreiras,22.0
261,1506609,Santa Maria do Pará,Pará,2008,23028,Santa Maria do Pará,3.0
262,1506708,Santana do Araguaia,Pará,2008,52377,Santana do Araguaia,141.0
263,1506807,Santarém,Pará,2008,279561,Santarém,740.0
264,1506906,Santarém Novo,Pará,2008,6134,Santarém Novo,83.0
265,1507003,Santo Antônio do Tauá,Pará,2008,25887,Santo Antônio do Tauá,1.0
266,1507102,São Caetano de Odivelas,Pará,2008,17034,São Caetano de Odivelas,21.0
267,1507151,São domingos do Araguaia,Pará,2008,23369,São Domingos do Araguaia,4.0
268,1507201,São domingos do Capim,Pará,2008,30361,São Domingos do Capim,37.0
269,1507300,São Félix do Xingu,Pará,2008,80920,São Félix do Xingu,171.0
270,1507409,São Francisco do Pará,Pará,2008,15271,São Francisco do Pará,1.0
271,1507458,São Geraldo do Araguaia,Pará,2008,27165,São Geraldo do Araguaia,24.0
272,1507466,São João da Ponta,Pará,2008,5131,São João da Ponta,1.0
273,1507474,São João de Pirabas,Pará,2008,20496,São João de Pirabas,220.0
274,1507508,São João do Araguaia,Pará,2008,13352,São João do Araguaia,14.0
275,1507607,São Miguel do Guamá,Pará,2008,50910,São Miguel do Guamá,2.0
276,1507706,São Sebastião da Boa Vista,Pará,2008,22053,São Sebastião da Boa Vista,36.0
277,1507755,Sapucaia,Pará,2008,4882,Sapucaia,0.0
278,1507805,Senador José Porfírio,Pará,2008,13263,Senador José Porfírio,557.0
279,1507904,Soure,Pará,2008,22790,Soure,4.0
280,1507953,Tailândia,Pará,2008,71598,Tailândia,222.0
281,1507961,Terra Alta,Pará,2008,10095,Terra Alta,3.0
282,1507979,Terra Santa,Pará,2008,16760,Terra Santa,8.0
283,1508001,Tomé-Açu,Pará,2008,55383,Tomé-Açu,70.0
284,1508035,Tracuateua,Pará,2008,27225,Tracuateua,8.0
285,1508050,Trairão,Pará,2008,16772,Trairão,50.0
286,1508084,Tucumã,Pará,2008,32719,Tucumã,1.0
287,1508100,Tucuruí,Pará,2008,96361,Tucuruí,965.0
288,1508126,Ulianópolis,Pará,2008,38503,Ulianópolis,15.0
289,1508159,Uruará,Pará,2008,46367,Uruará,339.0
290,1508209,Vigia,Pará,2008,47503,Vigia,11.0
291,1508308,Viseu,Pará,2008,57340,Viseu,733.0
292,1508357,Vitória do Xingu,Pará,2008,13236,Vitória do Xingu,205.0
293,1508407,Xinguara,Pará,2008,40274,Xinguara,1.0
294,1600055,Serra do Navio,Amapá,2008,4286,Serra do Navio,305.0
295,1600105,Amapá,Amapá,2008,8278,Amapá,30.0
296,1600154,Pedra Branca do Amapari,Amapá,2008,9167,Pedra Branca do Amapari,806.0
297,1600204,Calçoene,Amapá,2008,8739,Calçoene,1822.0
298,1600212,Cutias,Amapá,2008,4591,Cutias,4.0
299,1600238,Ferreira Gomes,Amapá,2008,5482,Ferreira Gomes,687.0
300,1600253,Itaubal,Amapá,2008,4044,Itaubal,9.0
301,1600279,Laranjal do Jari,Amapá,2008,40040,Laranjal do Jari,135.0
302,1600303,Macapá,Amapá,2008,390087,Macapá,484.0
303,1600402,Mazagão,Amapá,2008,16254,Mazagão,1098.0
304,1600501,Oiapoque,Amapá,2008,19074,Oiapoque,3480.0
305,1600535,Porto Grande,Amapá,2008,16177,Porto Grande,1957.0
306,1600550,Pracuúba,Amapá,2008,3593,Pracuúba,67.0
307,1600600,Santana,Amapá,2008,101894,Santana,1078.0
308,1600709,Tartarugalzinho,Amapá,2008,11815,Tartarugalzinho,266.0
309,1600808,Vitória do Jari,Amapá,2008,12198,Vitória do Jari,47.0
310,1700251,Abreulândia,Tocantins,2008,2381,Abreulândia,0.0
311,1700400,Almas,Tocantins,2008,7894,Almas,0.0
312,1701002,Ananás,Tocantins,2008,10218,Ananás,0.0
313,1701903,Araguacema,Tocantins,2008,6289,Araguacema,1.0
314,1702109,Araguaína,Tocantins,2008,146012,Araguaína,0.0
315,1702208,Araguatins,Tocantins,2008,31132,Araguatins,1.0
316,1702554,Augustinópolis,Tocantins,2008,15616,Augustinópolis,1.0
317,1702703,Aurora do Tocantins,Tocantins,2008,3457,Aurora do Tocantins,0.0
318,1702901,Axixá do Tocantins,Tocantins,2008,9334,Axixá do Tocantins,1.0
319,1703008,Babaçulândia,Tocantins,2008,10607,Babaçulândia,0.0
320,1703800,Buriti do Tocantins,Tocantins,2008,9602,Buriti do Tocantins,1.0
321,1703891,Carrasco Bonito,Tocantins,2008,3662,Carrasco Bonito,0.0
322,1703909,Caseara,Tocantins,2008,4486,Caseara,3.0
323,1705607,Conceição do Tocantins,Tocantins,2008,4313,Conceição do Tocantins,0.0
324,1707405,Esperantina,Tocantins,2008,9324,Esperantina,2.0
325,1710508,Itacajá,Tocantins,2008,7186,Itacajá,0.0
326,1710706,Itaguatins,Tocantins,2008,6246,Itaguatins,0.0
327,1711803,Juarina,Tocantins,2008,2277,Juarina,0.0
328,1712504,Marianópolis do Tocantins,Tocantins,2008,4200,Marianópolis do Tocantins,0.0
329,1712801,Maurilândia do Tocantins,Tocantins,2008,3126,Maurilândia do Tocantins,0.0
330,1713304,Miranorte,Tocantins,2008,12781,Miranorte,0.0
331,1714203,Natividade,Tocantins,2008,9169,Natividade,0.0
332,1718204,Porto Nacional,Tocantins,2008,49089,Porto Nacional,0.0
333,1718303,Praia Norte,Tocantins,2008,7675,Praia Norte,0.0
334,1718550,Riachinho,Tocantins,2008,4173,Riachinho,2.0
335,1718808,Sampaio,Tocantins,2008,3736,Sampaio,0.0
336,1718840,Sandolândia,Tocantins,2008,3411,Sandolândia,0.0
337,1718865,Santa Fé do Araguaia,Tocantins,2008,6525,Santa Fé do Araguaia,0.0
338,1719004,Santa Tereza do Tocantins,Tocantins,2008,2442,Santa Tereza do Tocantins,0.0
339,1720101,São Bento do Tocantins,Tocantins,2008,4524,São Bento do Tocantins,1.0
340,1720150,São Félix do Tocantins,Tocantins,2008,1412,São Félix do Tocantins,0.0
341,1720309,São Sebastião do Tocantins,Tocantins,2008,4260,São Sebastião do Tocantins,5.0
342,1720804,Sítio Novo do Tocantins,Tocantins,2008,9363,Sítio Novo do Tocantins,0.0
343,1720903,Taguatinga,Tocantins,2008,15062,Taguatinga,0.0
344,1720937,Taipas do Tocantins,Tocantins,2008,1931,Taipas do Tocantins,1.0
345,1721000,Palmas,Tocantins,2008,211721,Palmas,2.0
346,1721208,Tocantinópolis,Tocantins,2008,23158,Tocantinópolis,0.0
347,1722107,Xambioá,Tocantins,2008,11786,Xambioá,0.0
348,2100055,Açailândia,Maranhão,2008,102997,Açailândia,0.0
349,2100154,Água doce do Maranhão,Maranhão,2008,11296,Água Doce do Maranhão,0.0
350,2100204,Alcântara,Maranhão,2008,22167,Alcântara,246.0
351,2100303,Aldeias Altas,Maranhão,2008,23156,Aldeias Altas,0.0
352,2100402,Altamira do Maranhão,Maranhão,2008,7365,Altamira do Maranhão,3.0
353,2100436,Alto Alegre do Maranhão,Maranhão,2008,24858,Alto Alegre do Maranhão,9.0
354,2100477,Alto Alegre do Pindaré,Maranhão,2008,32438,Alto Alegre do Pindaré,9.0
355,2100550,Amapá do Maranhão,Maranhão,2008,6305,Amapá do Maranhão,67.0
356,2100600,Amarante do Maranhão,Maranhão,2008,37350,Amarante do Maranhão,0.0
357,2100808,Anapurus,Maranhão,2008,13403,Anapurus,0.0
358,2100832,Apicum-Açu,Maranhão,2008,14540,Apicum-Açu,0.0
359,2100873,Araguanã,Maranhão,2008,13721,Araguanã,54.0
360,2100956,Arame,Maranhão,2008,32488,Arame,12.0
361,2101004,Arari,Maranhão,2008,28552,Arari,0.0
362,2101103,Axixá,Maranhão,2008,11324,Axixá,63.0
363,2101202,Bacabal,Maranhão,2008,99505,Bacabal,81.0
364,2101251,Bacabeira,Maranhão,2008,13974,Bacabeira,0.0
365,2101301,Bacuri,Maranhão,2008,17674,Bacuri,0.0
366,2101400,Balsas,Maranhão,2008,78217,Balsas,0.0
367,2101608,Barra do Corda,Maranhão,2008,82286,Barra do Corda,0.0
368,2101707,Barreirinhas,Maranhão,2008,51586,Barreirinhas,2.0
369,2101731,Belágua,Maranhão,2008,6410,Belágua,0.0
370,2101772,Bela Vista do Maranhão,Maranhão,2008,10125,Bela Vista do Maranhão,4.0
371,2101806,Benedito Leite,Maranhão,2008,5506,Benedito Leite,0.0
372,2101905,Bequimão,Maranhão,2008,21022,Bequimão,12.0
373,2101939,Bernardo do Mearim,Maranhão,2008,5572,Bernardo do Mearim,0.0
374,2101970,Boa Vista do Gurupi,Maranhão,2008,6638,Boa Vista do Gurupi,138.0
375,2102002,Bom Jardim,Maranhão,2008,39867,Bom Jardim,29.0
376,2102036,Bom Jesus das Selvas,Maranhão,2008,26223,Bom Jesus das Selvas,2.0
377,2102101,Brejo,Maranhão,2008,32638,Brejo,0.0
378,2102150,Brejo de Areia,Maranhão,2008,11690,Brejo de Areia,0.0
379,2102200,Buriti,Maranhão,2008,26534,Buriti,2.0
380,2102309,Buriti Bravo,Maranhão,2008,23037,Buriti Bravo,0.0
381,2102325,Buriticupu,Maranhão,2008,65109,Buriticupu,1.0
382,2102358,Buritirana,Maranhão,2008,15498,Buritirana,0.0
383,2102374,Cachoeira Grande,Maranhão,2008,8258,Cachoeira Grande,35.0
384,2102408,Cajapió,Maranhão,2008,10630,Cajapió,1.0
385,2102507,Cajari,Maranhão,2008,18612,Cajari,3.0
386,2102556,Campestre do Maranhão,Maranhão,2008,13388,Campestre do Maranhão,0.0
387,2102606,Cândido Mendes,Maranhão,2008,18694,Cândido Mendes,194.0
388,2102705,Cantanhede,Maranhão,2008,19848,Cantanhede,0.0
389,2102754,Capinzal do Norte,Maranhão,2008,10764,Capinzal do Norte,0.0
390,2102903,Carutapera,Maranhão,2008,21496,Carutapera,13.0
391,2103000,Caxias,Maranhão,2008,155479,Caxias,0.0
392,2103109,Cedral,Maranhão,2008,10379,Cedral,1.0
393,2103125,Central do Maranhão,Maranhão,2008,7716,Central do Maranhão,0.0
394,2103158,Centro do Guilherme,Maranhão,2008,9964,Centro do Guilherme,7.0
395,2103174,Centro Novo do Maranhão,Maranhão,2008,19126,Centro Novo do Maranhão,311.0
396,2103208,Chapadinha,Maranhão,2008,71252,Chapadinha,0.0
397,2103257,Cidelândia,Maranhão,2008,13623,Cidelândia,0.0
398,2103307,Codó,Maranhão,2008,119454,Codó,6.0
399,2103505,Colinas,Maranhão,2008,39172,Colinas,0.0
400,2103554,Conceição do Lago-Açu,Maranhão,2008,13851,Conceição do Lago-Açu,2.0
401,2103604,Coroatá,Maranhão,2008,61952,Coroatá,2.0
402,2103703,Cururupu,Maranhão,2008,33734,Cururupu,1.0
403,2103752,davinópolis,Maranhão,2008,12539,Davinópolis,0.0
404,2103802,dom Pedro,Maranhão,2008,22899,Dom Pedro,2.0
405,2103901,Duque Bacelar,Maranhão,2008,10632,Duque Bacelar,4.0
406,2104008,Esperantinópolis,Maranhão,2008,18914,Esperantinópolis,0.0
407,2104057,Estreito,Maranhão,2008,33737,Estreito,0.0
408,2104099,Formosa da Serra Negra,Maranhão,2008,16741,Formosa da Serra Negra,1.0
409,2104206,Fortuna,Maranhão,2008,17360,Fortuna,4.0
410,2104305,Godofredo Viana,Maranhão,2008,9649,Godofredo Viana,5.0
411,2104404,Gonçalves Dias,Maranhão,2008,17754,Gonçalves Dias,0.0
412,2104503,Governador Archer,Maranhão,2008,10037,Governador Archer,0.0
413,2104552,Governador Edison Lobão,Maranhão,2008,14820,Governador Edison Lobão,0.0
414,2104602,Governador Eugênio Barros,Maranhão,2008,13869,Governador Eugênio Barros,0.0
415,2104628,Governador Luiz Rocha,Maranhão,2008,7348,Governador Luiz Rocha,1.0
416,2104651,Governador Newton Bello,Maranhão,2008,10366,Governador Newton Bello,0.0
417,2104677,Governador Nunes Freire,Maranhão,2008,26497,Governador Nunes Freire,84.0
418,2104701,Graça Aranha,Maranhão,2008,6255,Graça Aranha,0.0
419,2104800,Grajaú,Maranhão,2008,59031,Grajaú,0.0
420,2104909,Guimarães,Maranhão,2008,12587,Guimarães,15.0
421,2105005,Humberto de Campos,Maranhão,2008,25702,Humberto de Campos,5.0
422,2105104,Icatu,Maranhão,2008,24954,Icatu,47.0
423,2105153,Igarapé do Meio,Maranhão,2008,11865,Igarapé do Meio,1.0
424,2105203,Igarapé Grande,Maranhão,2008,10441,Igarapé Grande,0.0
425,2105302,Imperatriz,Maranhão,2008,247058,Imperatriz,3.0
426,2105351,Itaipava do Grajaú,Maranhão,2008,13771,Itaipava do Grajaú,2.0
427,2105401,Itapecuru Mirim,Maranhão,2008,61038,Itapecuru Mirim,4.0
428,2105427,Itinga do Maranhão,Maranhão,2008,25257,Itinga do Maranhão,5.0
429,2105450,Jatobá,Maranhão,2008,7916,Jatobá,0.0
430,2105476,Jenipapo dos Vieiras,Maranhão,2008,15505,Jenipapo dos Vieiras,1.0
431,2105500,João Lisboa,Maranhão,2008,24437,João Lisboa,0.0
432,2105609,Joselândia,Maranhão,2008,15762,Joselândia,2.0
433,2105658,Junco do Maranhão,Maranhão,2008,5202,Junco do Maranhão,12.0
434,2105708,Lago da Pedra,Maranhão,2008,45748,Lago da Pedra,2.0
435,2105906,Lago Verde,Maranhão,2008,15491,Lago Verde,1.0
436,2105948,Lago dos Rodrigues,Maranhão,2008,9071,Lago dos Rodrigues,1.0
437,2105963,Lagoa Grande do Maranhão,Maranhão,2008,10201,Lagoa Grande do Maranhão,1.0
438,2105989,Lajeado Novo,Maranhão,2008,6770,Lajeado Novo,0.0
439,2106003,Lima Campos,Maranhão,2008,11484,Lima Campos,0.0
440,2106201,Luís domingues,Maranhão,2008,6402,Luís Domingues,0.0
441,2106326,Maracaçumé,Maranhão,2008,18413,Maracaçumé,43.0
442,2106359,Marajá do Sena,Maranhão,2008,7851,Marajá do Sena,0.0
443,2106375,Maranhãozinho,Maranhão,2008,12748,Maranhãozinho,4.0
444,2106409,Mata Roma,Maranhão,2008,14449,Mata Roma,0.0
445,2106508,Matinha,Maranhão,2008,21729,Matinha,3.0
446,2106607,Matões,Maranhão,2008,31510,Matões,0.0
447,2106631,Matões do Norte,Maranhão,2008,12222,Matões do Norte,0.0
448,2106672,Milagres do Maranhão,Maranhão,2008,8096,Milagres do Maranhão,0.0
449,2106755,Miranda do Norte,Maranhão,2008,23103,Miranda do Norte,1.0
450,2106805,Mirinzal,Maranhão,2008,14245,Mirinzal,0.0
451,2106904,Monção,Maranhão,2008,30511,Monção,6.0
452,2107001,Montes Altos,Maranhão,2008,9811,Montes Altos,0.0
453,2107100,Morros,Maranhão,2008,17421,Morros,4.0
454,2107357,Nova Olinda do Maranhão,Maranhão,2008,19408,Nova Olinda do Maranhão,27.0
455,2107407,Olho D'água das Cunhãs,Maranhão,2008,18771,Olho d'Água das Cunhãs,0.0
456,2107456,Olinda Nova do Maranhão,Maranhão,2008,12701,Olinda Nova do Maranhão,1.0
457,2107506,Paço do Lumiar,Maranhão,2008,96878,Paço do Lumiar,5.0
458,2107605,Palmeirândia,Maranhão,2008,18491,Palmeirândia,1.0
459,2107704,Paraibano,Maranhão,2008,20186,Paraibano,0.0
460,2107803,Parnarama,Maranhão,2008,33603,Parnarama,0.0
461,2108009,Pastos Bons,Maranhão,2008,17714,Pastos Bons,0.0
462,2108108,Paulo Ramos,Maranhão,2008,20657,Paulo Ramos,2.0
463,2108207,Pedreiras,Maranhão,2008,39929,Pedreiras,0.0
464,2108256,Pedro do Rosário,Maranhão,2008,21850,Pedro do Rosário,27.0
465,2108306,Penalva,Maranhão,2008,35428,Penalva,8.0
466,2108405,Peri Mirim,Maranhão,2008,14217,Peri Mirim,0.0
467,2108454,Peritoró,Maranhão,2008,20757,Peritoró,0.0
468,2108504,Pindaré-Mirim,Maranhão,2008,31191,Pindaré-Mirim,11.0
469,2108603,Pinheiro,Maranhão,2008,76925,Pinheiro,13.0
470,2108702,Pio Xii,Maranhão,2008,22858,Pio XII,0.0
471,2108801,Pirapemas,Maranhão,2008,17131,Pirapemas,11.0
472,2108900,Poção de Pedras,Maranhão,2008,21679,Poção de Pedras,0.0
473,2109007,Porto Franco,Maranhão,2008,20630,Porto Franco,0.0
474,2109056,Porto Rico do Maranhão,Maranhão,2008,6195,Porto Rico do Maranhão,0.0
475,2109106,Presidente Dutra,Maranhão,2008,44426,Presidente Dutra,3.0
476,2109205,Presidente Juscelino,Maranhão,2008,11252,Presidente Juscelino,23.0
477,2109239,Presidente Médici,Maranhão,2008,6402,Presidente Médici,24.0
478,2109270,Presidente Sarney,Maranhão,2008,16716,Presidente Sarney,710.0
479,2109304,Presidente Vargas,Maranhão,2008,10562,Presidente Vargas,1.0
480,2109403,Primeira Cruz,Maranhão,2008,13645,Primeira Cruz,0.0
481,2109452,Raposa,Maranhão,2008,24307,Raposa,54.0
482,2109551,Ribamar Fiquene,Maranhão,2008,7292,Ribamar Fiquene,0.0
483,2109601,Rosário,Maranhão,2008,39339,Rosário,17.0
484,2109759,Santa Filomena do Maranhão,Maranhão,2008,7020,Santa Filomena do Maranhão,0.0
485,2109809,Santa Helena,Maranhão,2008,36835,Santa Helena,296.0
486,2109908,Santa Inês,Maranhão,2008,82700,Santa Inês,14.0
487,2110005,Santa Luzia,Maranhão,2008,71632,Santa Luzia,57.0
488,2110039,Santa Luzia do Paruá,Maranhão,2008,23497,Santa Luzia do Paruá,36.0
489,2110104,Santa Quitéria do Maranhão,Maranhão,2008,23862,Santa Quitéria do Maranhão,0.0
490,2110203,Santa Rita,Maranhão,2008,31039,Santa Rita,0.0
491,2110278,Santo Amaro do Maranhão,Maranhão,2008,13090,Santo Amaro do Maranhão,1.0
492,2110302,Santo Antônio dos Lopes,Maranhão,2008,14563,Santo Antônio dos Lopes,0.0
493,2110401,São Benedito do Rio Preto,Maranhão,2008,17716,São Benedito do Rio Preto,0.0
494,2110500,São Bento,Maranhão,2008,39164,São Bento,0.0
495,2110708,São domingos do Maranhão,Maranhão,2008,34251,São Domingos do Maranhão,12.0
496,2110807,São Félix de Balsas,Maranhão,2008,4887,São Félix de Balsas,1.0
497,2110906,São Francisco do Maranhão,Maranhão,2008,12036,São Francisco do Maranhão,0.0
498,2111003,São João Batista,Maranhão,2008,20251,São João Batista,0.0
499,2111029,São João do Carú,Maranhão,2008,16668,São João do Carú,3.0
500,2111052,São João do Paraíso,Maranhão,2008,11017,São João do Paraíso,0.0
501,2111078,São João do Soter,Maranhão,2008,17018,São João do Soter,5.0
502,2111102,São João dos Patos,Maranhão,2008,24780,São João dos Patos,0.0
503,2111201,São José de Ribamar,Maranhão,2008,149153,São José de Ribamar,9.0
504,2111250,São José dos Basílios,Maranhão,2008,7666,São José dos Basílios,2.0
505,2111300,São Luís,Maranhão,2008,1007507,São Luís,154.0
506,2111409,São Luís Gonzaga do Maranhão,Maranhão,2008,20766,São Luís Gonzaga do Maranhão,40.0
507,2111508,São Mateus do Maranhão,Maranhão,2008,38999,São Mateus do Maranhão,19.0
508,2111532,São Pedro da Água Branca,Maranhão,2008,11821,São Pedro da Água Branca,20.0
509,2111607,São Raimundo das Mangabeiras,Maranhão,2008,17121,São Raimundo das Mangabeiras,0.0
510,2111631,São Raimundo do doca Bezerra,Maranhão,2008,6721,São Raimundo do Doca Bezerra,0.0
511,2111672,São Roberto,Maranhão,2008,5873,São Roberto,0.0
512,2111706,São Vicente Ferrer,Maranhão,2008,20878,São Vicente Ferrer,0.0
513,2111722,Satubinha,Maranhão,2008,11655,Satubinha,0.0
514,2111748,Senador Alexandre Costa,Maranhão,2008,10037,Senador Alexandre Costa,1.0
515,2111763,Senador La Rocque,Maranhão,2008,14704,Senador La Rocque,125.0
516,2111789,Serrano do Maranhão,Maranhão,2008,9482,Serrano do Maranhão,0.0
517,2111904,Sucupira do Norte,Maranhão,2008,10598,Sucupira do Norte,0.0
518,2112100,Timbiras,Maranhão,2008,28439,Timbiras,14.0
519,2112209,Timon,Maranhão,2008,151864,Timon,2.0
520,2112233,Trizidela do Vale,Maranhão,2008,20111,Trizidela do Vale,0.0
521,2112274,Tufilândia,Maranhão,2008,5701,Tufilândia,1.0
522,2112308,Tuntum,Maranhão,2008,39283,Tuntum,0.0
523,2112407,Turiaçu,Maranhão,2008,33641,Turiaçu,15.0
524,2112456,Turilândia,Maranhão,2008,20873,Turilândia,29.0
525,2112506,Tutóia,Maranhão,2008,51241,Tutóia,1.0
526,2112605,Urbano Santos,Maranhão,2008,27887,Urbano Santos,2.0
527,2112704,Vargem Grande,Maranhão,2008,48218,Vargem Grande,10.0
528,2112803,Viana,Maranhão,2008,49198,Viana,2.0
529,2112852,Vila Nova dos Martírios,Maranhão,2008,10499,Vila Nova dos Martírios,3.0
530,2112902,Vitória do Mearim,Maranhão,2008,31441,Vitória do Mearim,0.0
531,2113009,Vitorino Freire,Maranhão,2008,31348,Vitorino Freire,0.0
532,2114007,Zé doca,Maranhão,2008,49707,Zé Doca,6.0
533,5100102,Acorizal,Mato Grosso,2008,5639,Acorizal,2.0
534,5100201,Água Boa,Mato Grosso,2008,19873,Água Boa,0.0
535,5100250,Alta Floresta,Mato Grosso,2008,50836,Alta Floresta,6.0
536,5100300,Alto Araguaia,Mato Grosso,2008,15086,Alto Araguaia,2.0
537,5100359,Alto Boa Vista,Mato Grosso,2008,4854,Alto Boa Vista,0.0
538,5100607,Alto Taquari,Mato Grosso,2008,7389,Alto Taquari,0.0
539,5100805,Apiacás,Mato Grosso,2008,8436,Apiacás,11.0
540,5101001,Araguaiana,Mato Grosso,2008,3334,Araguaiana,0.0
541,5101258,Araputanga,Mato Grosso,2008,15306,Araputanga,0.0
542,5101308,Arenápolis,Mato Grosso,2008,10776,Arenápolis,0.0
543,5101407,Aripuanã,Mato Grosso,2008,18237,Aripuanã,499.0
544,5101704,Barra do Bugres,Mato Grosso,2008,31297,Barra do Bugres,2.0
545,5101803,Barra do Garças,Mato Grosso,2008,57175,Barra do Garças,0.0
546,5101852,Bom Jesus do Araguaia,Mato Grosso,2008,5090,Bom Jesus do Araguaia,1.0
547,5101902,Brasnorte,Mato Grosso,2008,14420,Brasnorte,70.0
548,5102504,Cáceres,Mato Grosso,2008,89562,Cáceres,3.0
549,5102603,Campinápolis,Mato Grosso,2008,14025,Campinápolis,0.0
550,5102637,Campo Novo do Parecis,Mato Grosso,2008,25768,Campo Novo do Parecis,3.0
551,5102678,Campo Verde,Mato Grosso,2008,28895,Campo Verde,0.0
552,5102686,Campos de Júlio,Mato Grosso,2008,4759,Campos de Júlio,1.0
553,5102694,Canabrava do Norte,Mato Grosso,2008,4904,Canabrava do Norte,0.0
554,5102702,Canarana,Mato Grosso,2008,18321,Canarana,0.0
555,5102793,Carlinda,Mato Grosso,2008,11553,Carlinda,0.0
556,5102850,Castanheira,Mato Grosso,2008,8422,Castanheira,19.0
557,5103007,Chapada dos Guimarães,Mato Grosso,2008,18139,Chapada dos Guimarães,0.0
558,5103056,Cláudia,Mato Grosso,2008,11160,Cláudia,0.0
559,5103106,Cocalinho,Mato Grosso,2008,5614,Cocalinho,2.0
560,5103205,Colíder,Mato Grosso,2008,31652,Colíder,1.0
561,5103254,Colniza,Mato Grosso,2008,23044,Colniza,2586.0
562,5103304,Comodoro,Mato Grosso,2008,17845,Comodoro,6.0
563,5103353,Confresa,Mato Grosso,2008,24090,Confresa,0.0
564,5103361,Conquista D'oeste,Mato Grosso,2008,3281,Conquista D'Oeste,1.0
565,5103379,Cotriguaçu,Mato Grosso,2008,13548,Cotriguaçu,8.0
566,5103403,Cuiabá,Mato Grosso,2008,562123,Cuiabá,16.0
567,5103502,Diamantino,Mato Grosso,2008,20485,Diamantino,0.0
568,5103601,dom Aquino,Mato Grosso,2008,8367,Dom Aquino,0.0
569,5103700,Feliz Natal,Mato Grosso,2008,10343,Feliz Natal,7.0
570,5103858,Gaúcha do Norte,Mato Grosso,2008,6025,Gaúcha do Norte,2.0
571,5103908,General Carneiro,Mato Grosso,2008,5224,General Carneiro,1.0
572,5103957,Glória D'oeste,Mato Grosso,2008,3210,Glória D'Oeste,1.0
573,5104104,Guarantã do Norte,Mato Grosso,2008,32794,Guarantã do Norte,8.0
574,5104203,Guiratinga,Mato Grosso,2008,13787,Guiratinga,0.0
575,5104526,Ipiranga do Norte,Mato Grosso,2008,4266,Ipiranga do Norte,1.0
576,5104542,Itanhangá,Mato Grosso,2008,5004,Itanhangá,0.0
577,5104559,Itaúba,Mato Grosso,2008,4955,Itaúba,0.0
578,5104609,Itiquira,Mato Grosso,2008,11316,Itiquira,0.0
579,5104807,Jaciara,Mato Grosso,2008,26268,Jaciara,0.0
580,5105002,Jauru,Mato Grosso,2008,10980,Jauru,0.0
581,5105101,Juara,Mato Grosso,2008,33860,Juara,22.0
582,5105150,Juína,Mato Grosso,2008,40890,Juína,128.0
583,5105176,Juruena,Mato Grosso,2008,9950,Juruena,22.0
584,5105200,Juscimeira,Mato Grosso,2008,11883,Juscimeira,0.0
585,5105234,Lambari D'oeste,Mato Grosso,2008,5318,Lambari D'Oeste,0.0
586,5105259,Lucas do Rio Verde,Mato Grosso,2008,39619,Lucas do Rio Verde,58.0
587,5105507,Vila Bela da Santíssima Trindade,Mato Grosso,2008,14514,Vila Bela da Santíssima Trindade,1.0
588,5105580,Marcelândia,Mato Grosso,2008,12872,Marcelândia,2.0
589,5105606,Matupá,Mato Grosso,2008,13935,Matupá,1.0
590,5105622,Mirassol D'oeste,Mato Grosso,2008,25553,Mirassol d'Oeste,0.0
591,5105903,Nobres,Mato Grosso,2008,15345,Nobres,0.0
592,5106109,Nossa Senhora do Livramento,Mato Grosso,2008,11875,Nossa Senhora do Livramento,0.0
593,5106158,Nova Bandeirantes,Mato Grosso,2008,10972,Nova Bandeirantes,5.0
594,5106174,Nova Nazaré,Mato Grosso,2008,2841,Nova Nazaré,1.0
595,5106182,Nova Lacerda,Mato Grosso,2008,5377,Nova Lacerda,2.0
596,5106190,Nova Santa Helena,Mato Grosso,2008,3520,Nova Santa Helena,0.0
597,5106208,Nova Brasilândia,Mato Grosso,2008,4877,Nova Brasilândia,1.0
598,5106216,Nova Canaã do Norte,Mato Grosso,2008,12358,Nova Canaã do Norte,0.0
599,5106224,Nova Mutum,Mato Grosso,2008,27465,Nova Mutum,0.0
600,5106232,Nova Olímpia,Mato Grosso,2008,17298,Nova Olímpia,0.0
601,5106240,Nova Ubiratã,Mato Grosso,2008,8614,Nova Ubiratã,4.0
602,5106257,Nova Xavantina,Mato Grosso,2008,19776,Nova Xavantina,0.0
603,5106265,Novo Mundo,Mato Grosso,2008,7004,Novo Mundo,2.0
604,5106273,Novo Horizonte do Norte,Mato Grosso,2008,3824,Novo Horizonte do Norte,2.0
605,5106299,Paranaíta,Mato Grosso,2008,10993,Paranaíta,1.0
606,5106307,Paranatinga,Mato Grosso,2008,18835,Paranatinga,0.0
607,5106372,Pedra Preta,Mato Grosso,2008,15573,Pedra Preta,0.0
608,5106422,Peixoto de Azevedo,Mato Grosso,2008,31360,Peixoto de Azevedo,4.0
609,5106505,Poconé,Mato Grosso,2008,32377,Poconé,0.0
610,5106653,Pontal do Araguaia,Mato Grosso,2008,5173,Pontal do Araguaia,0.0
611,5106752,Pontes E Lacerda,Mato Grosso,2008,41758,Pontes e Lacerda,4.0
612,5106778,Porto Alegre do Norte,Mato Grosso,2008,10569,Porto Alegre do Norte,0.0
613,5106802,Porto dos Gaúchos,Mato Grosso,2008,5652,Porto dos Gaúchos,0.0
614,5106828,Porto Esperidião,Mato Grosso,2008,11050,Porto Esperidião,0.0
615,5106851,Porto Estrela,Mato Grosso,2008,3901,Porto Estrela,0.0
616,5107008,Poxoréu,Mato Grosso,2008,18535,Poxoréo,0.0
617,5107040,Primavera do Leste,Mato Grosso,2008,50817,Primavera do Leste,1.0
618,5107065,Querência,Mato Grosso,2008,11955,Querência,2.0
619,5107156,Reserva do Cabaçal,Mato Grosso,2008,2538,Reserva do Cabaçal,1.0
620,5107180,Ribeirão Cascalheira,Mato Grosso,2008,8736,Ribeirão Cascalheira,0.0
621,5107198,Ribeirãozinho,Mato Grosso,2008,2205,Ribeirãozinho,0.0
622,5107206,Rio Branco,Mato Grosso,2008,5125,Rio Branco,0.0
623,5107248,Santa Carmem,Mato Grosso,2008,4135,Santa Carmem,0.0
624,5107263,Santo Afonso,Mato Grosso,2008,2953,Santo Afonso,0.0
625,5107297,São José do Povo,Mato Grosso,2008,3468,São José do Povo,1.0
626,5107305,São José do Rio Claro,Mato Grosso,2008,16441,São José do Rio Claro,19.0
627,5107354,São José do Xingu,Mato Grosso,2008,5261,São José do Xingu,0.0
628,5107578,Rondolândia,Mato Grosso,2008,3623,Rondolândia,150.0
629,5107602,Rondonópolis,Mato Grosso,2008,192705,Rondonópolis,0.0
630,5107701,Rosário Oeste,Mato Grosso,2008,18044,Rosário Oeste,0.0
631,5107743,Santa Cruz do Xingu,Mato Grosso,2008,1690,Santa Cruz do Xingu,0.0
632,5107750,Salto do Céu,Mato Grosso,2008,4160,Salto do Céu,0.0
633,5107776,Santa Terezinha,Mato Grosso,2008,7334,Santa Terezinha,1.0
634,5107792,Santo Antônio do Leste,Mato Grosso,2008,3345,Santo Antônio do Leste,0.0
635,5107800,Santo Antônio do Leverger,Mato Grosso,2008,15927,Santo Antônio do Leverger,0.0
636,5107859,São Félix do Araguaia,Mato Grosso,2008,10657,São Félix do Araguaia,0.0
637,5107875,Sapezal,Mato Grosso,2008,15628,Sapezal,2.0
638,5107883,Serra Nova dourada,Mato Grosso,2008,1317,Serra Nova Dourada,0.0
639,5107909,Sinop,Mato Grosso,2008,107457,Sinop,20.0
640,5107925,Sorriso,Mato Grosso,2008,60303,Sorriso,8.0
641,5107941,Tabaporã,Mato Grosso,2008,10437,Tabaporã,0.0
642,5107958,Tangará da Serra,Mato Grosso,2008,81282,Tangará da Serra,2.0
643,5108006,Tapurah,Mato Grosso,2008,9586,Tapurah,0.0
644,5108055,Terra Nova do Norte,Mato Grosso,2008,11957,Terra Nova do Norte,1.0
645,5108105,Tesouro,Mato Grosso,2008,3421,Tesouro,0.0
646,5108204,Torixoréu,Mato Grosso,2008,4306,Torixoréu,1.0
647,5108303,União do Sul,Mato Grosso,2008,3979,União do Sul,0.0
648,5108352,Vale de São domingos,Mato Grosso,2008,3122,Vale de São Domingos,0.0
649,5108402,Várzea Grande,Mato Grosso,2008,255460,Várzea Grande,4.0
650,5108600,Vila Rica,Mato Grosso,2008,20537,Vila Rica,3.0
651,5108808,Nova Guarita,Mato Grosso,2008,5219,Nova Guarita,1.0
652,5108857,Nova Marilândia,Mato Grosso,2008,2940,Nova Marilândia,0.0
653,5108907,Nova Maringá,Mato Grosso,2008,6024,Nova Maringá,5.0
654,5108956,Nova Monte Verde,Mato Grosso,2008,8115,Nova Monte Verde,1.0
655,1100015,Alta Floresta D'oeste,Rondônia,2009,25274,Alta Floresta D'Oeste,79.0
656,1100023,Ariquemes,Rondônia,2009,90008,Ariquemes,1094.0
657,1100031,Cabixi,Rondônia,2009,6614,Cabixi,2.0
658,1100049,Cacoal,Rondônia,2009,78816,Cacoal,31.0
659,1100056,Cerejeiras,Rondônia,2009,17520,Cerejeiras,0.0
660,1100064,Colorado do Oeste,Rondônia,2009,19487,Colorado do Oeste,0.0
661,1100072,Corumbiara,Rondônia,2009,9191,Corumbiara,2.0
662,1100080,Costa Marques,Rondônia,2009,13462,Costa Marques,226.0
663,1100098,Espigão D'oeste,Rondônia,2009,28947,Espigão D'Oeste,1047.0
664,1100106,Guajará-Mirim,Rondônia,2009,42337,Guajará-Mirim,695.0
665,1100114,Jaru,Rondônia,2009,53333,Jaru,48.0
666,1100122,Ji-Paraná,Rondônia,2009,117363,Ji-Paraná,49.0
667,1100130,Machadinho D'oeste,Rondônia,2009,30808,Machadinho D'Oeste,3116.0
668,1100148,Nova Brasilândia D'oeste,Rondônia,2009,20206,Nova Brasilândia D'Oeste,64.0
669,1100155,Ouro Preto do Oeste,Rondônia,2009,39339,Ouro Preto do Oeste,8.0
670,1100189,Pimenta Bueno,Rondônia,2009,34214,Pimenta Bueno,103.0
671,1100205,Porto Velho,Rondônia,2009,424581,Porto Velho,20296.0
672,1100254,Presidente Médici,Rondônia,2009,23374,Presidente Médici,22.0
673,1100262,Rio Crespo,Rondônia,2009,3322,Rio Crespo,723.0
674,1100288,Rolim de Moura,Rondônia,2009,50852,Rolim de Moura,12.0
675,1100296,Santa Luzia D'oeste,Rondônia,2009,9413,Santa Luzia D'Oeste,1.0
676,1100304,Vilhena,Rondônia,2009,74050,Vilhena,43.0
677,1100320,São Miguel do Guaporé,Rondônia,2009,21523,São Miguel do Guaporé,63.0
678,1100338,Nova Mamoré,Rondônia,2009,21698,Nova Mamoré,719.0
679,1100346,Alvorada D'oeste,Rondônia,2009,17718,Alvorada D'Oeste,84.0
680,1100379,Alto Alegre dos Parecis,Rondônia,2009,13147,Alto Alegre dos Parecis,0.0
681,1100403,Alto Paraíso,Rondônia,2009,16993,Alto Paraíso,1165.0
682,1100452,Buritis,Rondônia,2009,32621,Buritis,582.0
683,1100502,Novo Horizonte do Oeste,Rondônia,2009,10780,Novo Horizonte do Oeste,2.0
684,1100601,Cacaulândia,Rondônia,2009,5812,Cacaulândia,71.0
685,1100700,Campo Novo de Rondônia,Rondônia,2009,12898,Campo Novo de Rondônia,850.0
686,1100809,Candeias do Jamari,Rondônia,2009,19156,Candeias do Jamari,3779.0
687,1100908,Castanheiras,Rondônia,2009,3733,Castanheiras,9.0
688,1100924,Chupinguaia,Rondônia,2009,8018,Chupinguaia,15.0
689,1100940,Cujubim,Rondônia,2009,14720,Cujubim,2543.0
690,1101005,Governador Jorge Teixeira,Rondônia,2009,11143,Governador Jorge Teixeira,155.0
691,1101104,Itapuã do Oeste,Rondônia,2009,8511,Itapuã do Oeste,688.0
692,1101203,Ministro Andreazza,Rondônia,2009,10674,Ministro Andreazza,0.0
693,1101302,Mirante da Serra,Rondônia,2009,12423,Mirante da Serra,10.0
694,1101401,Monte Negro,Rondônia,2009,14336,Monte Negro,399.0
695,1101435,Nova União,Rondônia,2009,7804,Nova União,11.0
696,1101450,Parecis,Rondônia,2009,4771,Parecis,3.0
697,1101468,Pimenteiras do Oeste,Rondônia,2009,2362,Pimenteiras do Oeste,15.0
698,1101476,Primavera de Rondônia,Rondônia,2009,3675,Primavera de Rondônia,1.0
699,1101484,São Felipe D'oeste,Rondônia,2009,6302,São Felipe D'Oeste,1.0
700,1101492,São Francisco do Guaporé,Rondônia,2009,15828,São Francisco do Guaporé,80.0
701,1101500,Seringueiras,Rondônia,2009,12828,Seringueiras,28.0
702,1101559,Teixeirópolis,Rondônia,2009,5090,Teixeirópolis,0.0
703,1101609,Theobroma,Rondônia,2009,11030,Theobroma,136.0
704,1101708,Urupá,Rondônia,2009,13558,Urupá,11.0
705,1101757,Vale do Anari,Rondônia,2009,9462,Vale do Anari,696.0
706,1101807,Vale do Paraíso,Rondônia,2009,8664,Vale do Paraíso,5.0
707,1200013,Acrelândia,Acre,2009,12659,Acrelândia,70.0
708,1200054,Assis Brasil,Acre,2009,6043,Assis Brasil,0.0
709,1200104,Brasiléia,Acre,2009,21326,Brasiléia,0.0
710,1200138,Bujari,Acre,2009,8416,Bujari,10.0
711,1200179,Capixaba,Acre,2009,8695,Capixaba,29.0
712,1200203,Cruzeiro do Sul,Acre,2009,81442,Cruzeiro do Sul,14701.0
713,1200252,Epitaciolândia,Acre,2009,15119,Epitaciolândia,6.0
714,1200302,Feijó,Acre,2009,34139,Feijó,7.0
715,1200328,Jordão,Acre,2009,6478,Jordão,225.0
716,1200336,Mâncio Lima,Acre,2009,15127,Mâncio Lima,5047.0
717,1200344,Manoel Urbano,Acre,2009,7939,Manoel Urbano,7.0
718,1200351,Marechal Thaumaturgo,Acre,2009,13943,Marechal Thaumaturgo,199.0
719,1200385,Plácido de Castro,Acre,2009,17705,Plácido de Castro,246.0
720,1200393,Porto Walter,Acre,2009,9022,Porto Walter,359.0
721,1200401,Rio Branco,Acre,2009,346348,Rio Branco,156.0
722,1200427,Rodrigues Alves,Acre,2009,14294,Rodrigues Alves,2310.0
723,1200435,Santa Rosa do Purus,Acre,2009,4416,Santa Rosa do Purus,0.0
724,1200450,Senador Guiomard,Acre,2009,20772,Senador Guiomard,98.0
725,1200500,Sena Madureira,Acre,2009,39243,Sena Madureira,3.0
726,1200609,Tarauacá,Acre,2009,36404,Tarauacá,2454.0
727,1200708,Xapuri,Acre,2009,16196,Xapuri,3.0
728,1200807,Porto Acre,Acre,2009,14944,Porto Acre,86.0
729,1300029,Alvarães,Amazonas,2009,14053,Alvarães,3140.0
730,1300060,Amaturá,Amazonas,2009,9408,Amaturá,195.0
731,1300086,Anamã,Amazonas,2009,9930,Anamã,16.0
732,1300102,Anori,Amazonas,2009,16052,Anori,9.0
733,1300144,Apuí,Amazonas,2009,17844,Apuí,283.0
734,1300201,Atalaia do Norte,Amazonas,2009,14902,Atalaia do Norte,4597.0
735,1300300,Autazes,Amazonas,2009,31528,Autazes,1536.0
736,1300409,Barcelos,Amazonas,2009,26065,Barcelos,3205.0
737,1300508,Barreirinha,Amazonas,2009,27313,Barreirinha,0.0
738,1300607,Benjamin Constant,Amazonas,2009,32826,Benjamin Constant,602.0
739,1300631,Beruri,Amazonas,2009,14998,Beruri,385.0
740,1300680,Boa Vista do Ramos,Amazonas,2009,14343,Boa Vista do Ramos,11.0
741,1300706,Boca do Acre,Amazonas,2009,30824,Boca do Acre,673.0
742,1300805,Borba,Amazonas,2009,35217,Borba,3380.0
743,1300839,Caapiranga,Amazonas,2009,10857,Caapiranga,110.0
744,1300904,Canutama,Amazonas,2009,13679,Canutama,848.0
745,1301001,Carauari,Amazonas,2009,26160,Carauari,1201.0
746,1301100,Careiro,Amazonas,2009,33185,Careiro,1908.0
747,1301159,Careiro da Várzea,Amazonas,2009,23654,Careiro da Várzea,282.0
748,1301209,Coari,Amazonas,2009,77379,Coari,6393.0
749,1301308,Codajás,Amazonas,2009,23027,Codajás,109.0
750,1301407,Eirunepé,Amazonas,2009,30936,Eirunepé,2095.0
751,1301506,Envira,Amazonas,2009,16214,Envira,22.0
752,1301605,Fonte Boa,Amazonas,2009,23733,Fonte Boa,232.0
753,1301654,Guajará,Amazonas,2009,14010,Guajará,2239.0
754,1301704,Humaitá,Amazonas,2009,43544,Humaitá,1237.0
755,1301803,Ipixuna,Amazonas,2009,21479,Ipixuna,5119.0
756,1301852,Iranduba,Amazonas,2009,40258,Iranduba,1082.0
757,1301902,Itacoatiara,Amazonas,2009,86910,Itacoatiara,2604.0
758,1301951,Itamarati,Amazonas,2009,8184,Itamarati,120.0
759,1302009,Itapiranga,Amazonas,2009,8207,Itapiranga,118.0
760,1302108,Japurá,Amazonas,2009,7852,Japurá,1177.0
761,1302207,Juruá,Amazonas,2009,10512,Juruá,801.0
762,1302306,Jutaí,Amazonas,2009,18490,Jutaí,608.0
763,1302405,Lábrea,Amazonas,2009,37207,Lábrea,2840.0
764,1302504,Manacapuru,Amazonas,2009,85331,Manacapuru,1483.0
765,1302553,Manaquiri,Amazonas,2009,21884,Manaquiri,111.0
766,1302603,Manaus,Amazonas,2009,1806580,Manaus,16470.0
767,1302702,Manicoré,Amazonas,2009,46672,Manicoré,2075.0
768,1302801,Maraã,Amazonas,2009,17743,Maraã,483.0
769,1302900,Maués,Amazonas,2009,51644,Maués,466.0
770,1303007,Nhamundá,Amazonas,2009,18228,Nhamundá,602.0
771,1303106,Nova Olinda do Norte,Amazonas,2009,30818,Nova Olinda do Norte,806.0
772,1303205,Novo Airão,Amazonas,2009,14351,Novo Airão,485.0
773,1303304,Novo Aripuanã,Amazonas,2009,21263,Novo Aripuanã,1575.0
774,1303403,Parintins,Amazonas,2009,103549,Parintins,36.0
775,1303502,Pauini,Amazonas,2009,18319,Pauini,1455.0
776,1303536,Presidente Figueiredo,Amazonas,2009,26509,Presidente Figueiredo,1439.0
777,1303569,Rio Preto da Eva,Amazonas,2009,25469,Rio Preto da Eva,1607.0
778,1303601,Santa Isabel do Rio Negro,Amazonas,2009,17361,Santa Isabel do Rio Negro,579.0
779,1303700,Santo Antônio do Içá,Amazonas,2009,25192,Santo Antônio do Içá,1692.0
780,1303809,São Gabriel da Cachoeira,Amazonas,2009,37186,São Gabriel da Cachoeira,3718.0
781,1303908,São Paulo de Olivença,Amazonas,2009,31326,São Paulo de Olivença,2641.0
782,1303957,São Sebastião do Uatumã,Amazonas,2009,10463,São Sebastião do Uatumã,320.0
783,1304005,Silves,Amazonas,2009,8427,Silves,150.0
784,1304062,Tabatinga,Amazonas,2009,51320,Tabatinga,4803.0
785,1304104,Tapauá,Amazonas,2009,18565,Tapauá,3147.0
786,1304203,Tefé,Amazonas,2009,62786,Tefé,4847.0
787,1304237,Tonantins,Amazonas,2009,17166,Tonantins,169.0
788,1304260,Uarini,Amazonas,2009,11848,Uarini,1669.0
789,1304302,Urucará,Amazonas,2009,17469,Urucará,144.0
790,1304401,Urucurituba,Amazonas,2009,17205,Urucurituba,1.0
791,1400027,Amajari,Roraima,2009,9104,Amajari,1239.0
792,1400050,Alto Alegre,Roraima,2009,17094,Alto Alegre,1154.0
793,1400100,Boa Vista,Roraima,2009,291176,Boa Vista,356.0
794,1400159,Bonfim,Roraima,2009,11208,Bonfim,697.0
795,1400175,Cantá,Roraima,2009,13837,Cantá,4112.0
796,1400209,Caracaraí,Roraima,2009,18729,Caracaraí,1793.0
797,1400233,Caroebe,Roraima,2009,8156,Caroebe,164.0
798,1400282,Iracema,Roraima,2009,8517,Iracema,657.0
799,1400308,Mucajaí,Roraima,2009,14990,Mucajaí,905.0
800,1400407,Normandia,Roraima,2009,8940,Normandia,162.0
801,1400456,Pacaraima,Roraima,2009,10387,Pacaraima,362.0
802,1400472,Rorainópolis,Roraima,2009,24501,Rorainópolis,981.0
803,1400506,São João da Baliza,Roraima,2009,6880,São João da Baliza,477.0
804,1400605,São Luiz,Roraima,2009,6842,São Luiz,155.0
805,1400704,Uiramutã,Roraima,2009,8355,Uiramutã,326.0
806,1500107,Abaetetuba,Pará,2009,141652,Abaetetuba,4.0
807,1500131,Abel Figueiredo,Pará,2009,6901,Abel Figueiredo,1.0
808,1500206,Acará,Pará,2009,54564,Acará,9.0
809,1500305,Afuá,Pará,2009,35241,Afuá,1893.0
810,1500347,Água Azul do Norte,Pará,2009,25950,Água Azul do Norte,0.0
811,1500404,Alenquer,Pará,2009,51687,Alenquer,893.0
812,1500503,Almeirim,Pará,2009,34654,Almeirim,623.0
813,1500602,Altamira,Pará,2009,97905,Altamira,1747.0
814,1500701,Anajás,Pará,2009,24241,Anajás,26044.0
815,1500800,Ananindeua,Pará,2009,476370,Ananindeua,6.0
816,1500859,Anapu,Pará,2009,18712,Anapu,727.0
817,1500909,Augusto Corrêa,Pará,2009,40645,Augusto Corrêa,258.0
818,1500958,Aurora do Pará,Pará,2009,26695,Aurora do Pará,460.0
819,1501006,Aveiro,Pará,2009,15992,Aveiro,10.0
820,1501105,Bagre,Pará,2009,22687,Bagre,63.0
821,1501204,Baião,Pará,2009,35122,Baião,246.0
822,1501253,Bannach,Pará,2009,3522,Bannach,0.0
823,1501303,Barcarena,Pará,2009,96499,Barcarena,5.0
824,1501402,Belém,Pará,2009,1434294,Belém,107.0
825,1501451,Belterra,Pará,2009,16368,Belterra,32.0
826,1501501,Benevides,Pará,2009,50474,Benevides,0.0
827,1501576,Bom Jesus do Tocantins,Pará,2009,15367,Bom Jesus do Tocantins,137.0
828,1501600,Bonito,Pará,2009,13464,Bonito,0.0
829,1501709,Bragança,Pará,2009,113840,Bragança,62.0
830,1501725,Brasil Novo,Pará,2009,15697,Brasil Novo,170.0
831,1501758,Brejo Grande do Araguaia,Pará,2009,7573,Brejo Grande do Araguaia,0.0
832,1501782,Breu Branco,Pará,2009,52150,Breu Branco,762.0
833,1501808,Breves,Pará,2009,93044,Breves,2622.0
834,1501907,Bujaru,Pará,2009,25801,Bujaru,6.0
835,1501956,Cachoeira do Piriá,Pará,2009,25915,Cachoeira do Piriá,3039.0
836,1502004,Cachoeira do Arari,Pará,2009,20105,Cachoeira do Arari,39.0
837,1502103,Cametá,Pará,2009,120868,Cametá,5.0
838,1502152,Canaã dos Carajás,Pará,2009,23461,Canaã dos Carajás,4.0
839,1502202,Capanema,Pará,2009,64205,Capanema,10.0
840,1502301,Capitão Poço,Pará,2009,52801,Capitão Poço,27.0
841,1502400,Castanhal,Pará,2009,172781,Castanhal,3.0
842,1502509,Chaves,Pará,2009,20904,Chaves,1191.0
843,1502608,Colares,Pará,2009,11494,Colares,2.0
844,1502707,Conceição do Araguaia,Pará,2009,46908,Conceição do Araguaia,2.0
845,1502756,Concórdia do Pará,Pará,2009,28111,Concórdia do Pará,20.0
846,1502764,Cumaru do Norte,Pará,2009,9902,Cumaru do Norte,1.0
847,1502772,Curionópolis,Pará,2009,18800,Curionópolis,9.0
848,1502806,Curralinho,Pará,2009,27906,Curralinho,2009.0
849,1502855,Curuá,Pará,2009,12045,Curuá,8.0
850,1502905,Curuçá,Pará,2009,34037,Curuçá,95.0
851,1502939,dom Eliseu,Pará,2009,51103,Dom Eliseu,6.0
852,1502954,Eldorado do Carajás,Pará,2009,32942,Eldorado do Carajás,2.0
853,1503002,Faro,Pará,2009,8456,Faro,277.0
854,1503044,Floresta do Araguaia,Pará,2009,17867,Floresta do Araguaia,0.0
855,1503077,Garrafão do Norte,Pará,2009,25715,Garrafão do Norte,72.0
856,1503093,Goianésia do Pará,Pará,2009,34265,Goianésia do Pará,5810.0
857,1503101,Gurupá,Pará,2009,28935,Gurupá,26.0
858,1503200,Igarapé-Açu,Pará,2009,36517,Igarapé-Açu,2.0
859,1503309,Igarapé-Miri,Pará,2009,58676,Igarapé-Miri,5.0
860,1503408,Inhangapi,Pará,2009,9937,Inhangapi,1.0
861,1503457,Ipixuna do Pará,Pará,2009,45109,Ipixuna do Pará,5805.0
862,1503507,Irituia,Pará,2009,32181,Irituia,21.0
863,1503606,Itaituba,Pará,2009,98460,Itaituba,7313.0
864,1503705,Itupiranga,Pará,2009,53034,Itupiranga,523.0
865,1503754,Jacareacanga,Pará,2009,14439,Jacareacanga,6210.0
866,1503804,Jacundá,Pará,2009,52324,Jacundá,156.0
867,1503903,Juruti,Pará,2009,46193,Juruti,8.0
868,1504000,Limoeiro do Ajuru,Pará,2009,24747,Limoeiro do Ajuru,12.0
869,1504059,Mãe do Rio,Pará,2009,28085,Mãe do Rio,6.0
870,1504109,Magalhães Barata,Pará,2009,8244,Magalhães Barata,16.0
871,1504208,Marabá,Pará,2009,232688,Marabá,651.0
872,1504307,Maracanã,Pará,2009,29203,Maracanã,81.0
873,1504406,Marapanim,Pará,2009,27076,Marapanim,88.0
874,1504422,Marituba,Pará,2009,107024,Marituba,3.0
875,1504455,Medicilândia,Pará,2009,27410,Medicilândia,127.0
876,1504505,Melgaço,Pará,2009,24722,Melgaço,44.0
877,1504604,Mocajuba,Pará,2009,26622,Mocajuba,1.0
878,1504703,Moju,Pará,2009,68890,Moju,1379.0
879,1504752,Mojuí dos Campos,Pará,2009,14503,Mojuí dos Campos,0.0
880,1504802,Monte Alegre,Pará,2009,57093,Monte Alegre,48.0
881,1504901,Muaná,Pará,2009,33497,Muaná,235.0
882,1504950,Nova Esperança do Piriá,Pará,2009,20504,Nova Esperança do Piriá,1132.0
883,1504976,Nova Ipixuna,Pará,2009,14789,Nova Ipixuna,148.0
884,1505007,Nova Timboteua,Pará,2009,13754,Nova Timboteua,1.0
885,1505031,Novo Progresso,Pará,2009,25013,Novo Progresso,3275.0
886,1505064,Novo Repartimento,Pará,2009,61751,Novo Repartimento,450.0
887,1505106,Óbidos,Pará,2009,50099,Óbidos,134.0
888,1505205,Oeiras do Pará,Pará,2009,28431,Oeiras do Pará,66.0
889,1505304,Oriximiná,Pará,2009,62406,Oriximiná,2688.0
890,1505403,Ourém,Pará,2009,16380,Ourém,7.0
891,1505437,Ourilândia do Norte,Pará,2009,26992,Ourilândia do Norte,1.0
892,1505486,Pacajá,Pará,2009,39902,Pacajá,6247.0
893,1505494,Palestina do Pará,Pará,2009,7711,Palestina do Pará,2.0
894,1505502,Paragominas,Pará,2009,97829,Paragominas,3545.0
895,1505536,Parauapebas,Pará,2009,141060,Parauapebas,39.0
896,1505601,Peixe-Boi,Pará,2009,8016,Peixe-Boi,1.0
897,1505635,Piçarra,Pará,2009,13052,Piçarra,0.0
898,1505650,Placas,Pará,2009,22993,Placas,158.0
899,1505700,Ponta de Pedras,Pará,2009,25783,Ponta de Pedras,640.0
900,1505809,Portel,Pará,2009,51142,Portel,2740.0
901,1505908,Porto de Moz,Pará,2009,33254,Porto de Moz,271.0
902,1506005,Prainha,Pará,2009,29824,Prainha,760.0
903,1506104,Primavera,Pará,2009,10399,Primavera,30.0
904,1506112,Quatipuru,Pará,2009,12548,Quatipuru,10.0
905,1506138,Redenção,Pará,2009,76055,Redenção,3.0
906,1506161,Rio Maria,Pará,2009,18158,Rio Maria,0.0
907,1506187,Rondon do Pará,Pará,2009,47517,Rondon do Pará,185.0
908,1506195,Rurópolis,Pará,2009,39524,Rurópolis,6.0
909,1506203,Salinópolis,Pará,2009,37656,Salinópolis,26.0
910,1506302,Salvaterra,Pará,2009,19754,Salvaterra,2.0
911,1506351,Santa Bárbara do Pará,Pará,2009,16664,Santa Bárbara do Pará,2.0
912,1506401,Santa Cruz do Arari,Pará,2009,7949,Santa Cruz do Arari,869.0
913,1506500,Santa Izabel do Pará,Pará,2009,58600,Santa Izabel do Pará,100.0
914,1506559,Santa Luzia do Pará,Pará,2009,19865,Santa Luzia do Pará,7.0
915,1506583,Santa Maria das Barreiras,Pará,2009,16866,Santa Maria das Barreiras,31.0
916,1506609,Santa Maria do Pará,Pará,2009,23168,Santa Maria do Pará,2.0
917,1506708,Santana do Araguaia,Pará,2009,54502,Santana do Araguaia,92.0
918,1506807,Santarém,Pará,2009,281653,Santarém,454.0
919,1506906,Santarém Novo,Pará,2009,6181,Santarém Novo,103.0
920,1507003,Santo Antônio do Tauá,Pará,2009,26507,Santo Antônio do Tauá,2.0
921,1507102,São Caetano de Odivelas,Pará,2009,17099,São Caetano de Odivelas,33.0
922,1507151,São domingos do Araguaia,Pará,2009,23573,São Domingos do Araguaia,11.0
923,1507201,São domingos do Capim,Pará,2009,30512,São Domingos do Capim,59.0
924,1507300,São Félix do Xingu,Pará,2009,86909,São Félix do Xingu,267.0
925,1507409,São Francisco do Pará,Pará,2009,15304,São Francisco do Pará,3.0
926,1507458,São Geraldo do Araguaia,Pará,2009,26832,São Geraldo do Araguaia,8.0
927,1507466,São João da Ponta,Pará,2009,5234,São João da Ponta,1.0
928,1507474,São João de Pirabas,Pará,2009,20729,São João de Pirabas,165.0
929,1507508,São João do Araguaia,Pará,2009,13416,São João do Araguaia,73.0
930,1507607,São Miguel do Guamá,Pará,2009,51690,São Miguel do Guamá,4.0
931,1507706,São Sebastião da Boa Vista,Pará,2009,22535,São Sebastião da Boa Vista,153.0
932,1507755,Sapucaia,Pará,2009,4990,Sapucaia,0.0
933,1507805,Senador José Porfírio,Pará,2009,13076,Senador José Porfírio,586.0
934,1507904,Soure,Pará,2009,23043,Soure,4.0
935,1507953,Tailândia,Pará,2009,75688,Tailândia,142.0
936,1507961,Terra Alta,Pará,2009,10236,Terra Alta,1.0
937,1507979,Terra Santa,Pará,2009,16909,Terra Santa,7.0
938,1508001,Tomé-Açu,Pará,2009,56215,Tomé-Açu,96.0
939,1508035,Tracuateua,Pará,2009,27644,Tracuateua,10.0
940,1508050,Trairão,Pará,2009,16952,Trairão,275.0
941,1508084,Tucumã,Pará,2009,33430,Tucumã,0.0
942,1508100,Tucuruí,Pará,2009,98315,Tucuruí,1092.0
943,1508126,Ulianópolis,Pará,2009,41098,Ulianópolis,21.0
944,1508159,Uruará,Pará,2009,46210,Uruará,109.0
945,1508209,Vigia,Pará,2009,48102,Vigia,3.0
946,1508308,Viseu,Pará,2009,57700,Viseu,686.0
947,1508357,Vitória do Xingu,Pará,2009,13408,Vitória do Xingu,184.0
948,1508407,Xinguara,Pará,2009,40648,Xinguara,2.0
949,1600055,Serra do Navio,Amapá,2009,4367,Serra do Navio,533.0
950,1600105,Amapá,Amapá,2009,8302,Amapá,29.0
951,1600154,Pedra Branca do Amapari,Amapá,2009,9926,Pedra Branca do Amapari,851.0
952,1600204,Calçoene,Amapá,2009,8933,Calçoene,1526.0
953,1600212,Cutias,Amapá,2009,4703,Cutias,8.0
954,1600238,Ferreira Gomes,Amapá,2009,5700,Ferreira Gomes,323.0
955,1600253,Itaubal,Amapá,2009,4162,Itaubal,11.0
956,1600279,Laranjal do Jari,Amapá,2009,40932,Laranjal do Jari,138.0
957,1600303,Macapá,Amapá,2009,400092,Macapá,871.0
958,1600402,Mazagão,Amapá,2009,16698,Mazagão,782.0
959,1600501,Oiapoque,Amapá,2009,19806,Oiapoque,3643.0
960,1600535,Porto Grande,Amapá,2009,16685,Porto Grande,2035.0
961,1600550,Pracuúba,Amapá,2009,3740,Pracuúba,30.0
962,1600600,Santana,Amapá,2009,103462,Santana,1429.0
963,1600709,Tartarugalzinho,Amapá,2009,12337,Tartarugalzinho,490.0
964,1600808,Vitória do Jari,Amapá,2009,12512,Vitória do Jari,7.0
965,1700251,Abreulândia,Tocantins,2009,2404,Abreulândia,0.0
966,1700400,Almas,Tocantins,2009,7797,Almas,0.0
967,1701002,Ananás,Tocantins,2009,10128,Ananás,0.0
968,1701903,Araguacema,Tocantins,2009,6345,Araguacema,0.0
969,1702109,Araguaína,Tocantins,2009,149251,Araguaína,1.0
970,1702208,Araguatins,Tocantins,2009,31513,Araguatins,1.0
971,1702554,Augustinópolis,Tocantins,2009,15858,Augustinópolis,0.0
972,1702703,Aurora do Tocantins,Tocantins,2009,3491,Aurora do Tocantins,0.0
973,1702901,Axixá do Tocantins,Tocantins,2009,9350,Axixá do Tocantins,0.0
974,1703008,Babaçulândia,Tocantins,2009,10565,Babaçulândia,1.0
975,1703800,Buriti do Tocantins,Tocantins,2009,9754,Buriti do Tocantins,0.0
976,1703891,Carrasco Bonito,Tocantins,2009,3690,Carrasco Bonito,0.0
977,1703909,Caseara,Tocantins,2009,4552,Caseara,9.0
978,1705607,Conceição do Tocantins,Tocantins,2009,4275,Conceição do Tocantins,1.0
979,1707405,Esperantina,Tocantins,2009,9445,Esperantina,1.0
980,1710508,Itacajá,Tocantins,2009,7207,Itacajá,0.0
981,1710706,Itaguatins,Tocantins,2009,6181,Itaguatins,0.0
982,1711803,Juarina,Tocantins,2009,2273,Juarina,2.0
983,1712504,Marianópolis do Tocantins,Tocantins,2009,4296,Marianópolis do Tocantins,1.0
984,1712801,Maurilândia do Tocantins,Tocantins,2009,3156,Maurilândia do Tocantins,0.0
985,1713304,Miranorte,Tocantins,2009,12795,Miranorte,0.0
986,1714203,Natividade,Tocantins,2009,9151,Natividade,0.0
987,1718204,Porto Nacional,Tocantins,2009,49342,Porto Nacional,0.0
988,1718303,Praia Norte,Tocantins,2009,7731,Praia Norte,1.0
989,1718550,Riachinho,Tocantins,2009,4213,Riachinho,0.0
990,1718808,Sampaio,Tocantins,2009,3823,Sampaio,1.0
991,1718840,Sandolândia,Tocantins,2009,3400,Sandolândia,0.0
992,1718865,Santa Fé do Araguaia,Tocantins,2009,6601,Santa Fé do Araguaia,0.0
993,1719004,Santa Tereza do Tocantins,Tocantins,2009,2478,Santa Tereza do Tocantins,1.0
994,1720101,São Bento do Tocantins,Tocantins,2009,4600,São Bento do Tocantins,0.0
995,1720150,São Félix do Tocantins,Tocantins,2009,1429,São Félix do Tocantins,0.0
996,1720309,São Sebastião do Tocantins,Tocantins,2009,4299,São Sebastião do Tocantins,0.0
997,1720804,Sítio Novo do Tocantins,Tocantins,2009,9322,Sítio Novo do Tocantins,0.0
998,1720903,Taguatinga,Tocantins,2009,15164,Taguatinga,0.0
999,1720937,Taipas do Tocantins,Tocantins,2009,1953,Taipas do Tocantins,0.0
1000,1721000,Palmas,Tocantins,2009,220549,Palmas,0.0
1001,1721208,Tocantinópolis,Tocantins,2009,23094,Tocantinópolis,0.0
1002,1722107,Xambioá,Tocantins,2009,11730,Xambioá,0.0
1003,2100055,Açailândia,Maranhão,2009,104044,Açailândia,6.0
1004,2100154,Água doce do Maranhão,Maranhão,2009,11454,Água Doce do Maranhão,0.0
1005,2100204,Alcântara,Maranhão,2009,22164,Alcântara,268.0
1006,2100303,Aldeias Altas,Maranhão,2009,23649,Aldeias Altas,0.0
1007,2100402,Altamira do Maranhão,Maranhão,2009,7471,Altamira do Maranhão,0.0
1008,2100436,Alto Alegre do Maranhão,Maranhão,2009,25224,Alto Alegre do Maranhão,115.0
1009,2100477,Alto Alegre do Pindaré,Maranhão,2009,32322,Alto Alegre do Pindaré,7.0
1010,2100550,Amapá do Maranhão,Maranhão,2009,6372,Amapá do Maranhão,181.0
1011,2100600,Amarante do Maranhão,Maranhão,2009,37894,Amarante do Maranhão,3.0
1012,2100808,Anapurus,Maranhão,2009,13712,Anapurus,0.0
1013,2100832,Apicum-Açu,Maranhão,2009,14853,Apicum-Açu,6.0
1014,2100873,Araguanã,Maranhão,2009,14043,Araguanã,10.0
1015,2100956,Arame,Maranhão,2009,32468,Arame,6.0
1016,2101004,Arari,Maranhão,2009,28643,Arari,0.0
1017,2101103,Axixá,Maranhão,2009,11411,Axixá,20.0
1018,2101202,Bacabal,Maranhão,2009,99924,Bacabal,36.0
1019,2101251,Bacabeira,Maranhão,2009,14379,Bacabeira,2.0
1020,2101301,Bacuri,Maranhão,2009,17743,Bacuri,1.0
1021,2101400,Balsas,Maranhão,2009,80190,Balsas,1.0
1022,2101608,Barra do Corda,Maranhão,2009,82794,Barra do Corda,3.0
1023,2101707,Barreirinhas,Maranhão,2009,52965,Barreirinhas,0.0
1024,2101731,Belágua,Maranhão,2009,6531,Belágua,0.0
1025,2101772,Bela Vista do Maranhão,Maranhão,2009,10228,Bela Vista do Maranhão,16.0
1026,2101806,Benedito Leite,Maranhão,2009,5509,Benedito Leite,0.0
1027,2101905,Bequimão,Maranhão,2009,21036,Bequimão,2.0
1028,2101939,Bernardo do Mearim,Maranhão,2009,5637,Bernardo do Mearim,0.0
1029,2101970,Boa Vista do Gurupi,Maranhão,2009,6865,Boa Vista do Gurupi,70.0
1030,2102002,Bom Jardim,Maranhão,2009,40094,Bom Jardim,18.0
1031,2102036,Bom Jesus das Selvas,Maranhão,2009,27394,Bom Jesus das Selvas,3.0
1032,2102101,Brejo,Maranhão,2009,33145,Brejo,1.0
1033,2102150,Brejo de Areia,Maranhão,2009,11309,Brejo de Areia,2.0
1034,2102200,Buriti,Maranhão,2009,26776,Buriti,0.0
1035,2102309,Buriti Bravo,Maranhão,2009,23137,Buriti Bravo,15.0
1036,2102325,Buriticupu,Maranhão,2009,66140,Buriticupu,0.0
1037,2102358,Buritirana,Maranhão,2009,15359,Buritirana,1.0
1038,2102374,Cachoeira Grande,Maranhão,2009,8328,Cachoeira Grande,22.0
1039,2102408,Cajapió,Maranhão,2009,10706,Cajapió,0.0
1040,2102507,Cajari,Maranhão,2009,18689,Cajari,0.0
1041,2102556,Campestre do Maranhão,Maranhão,2009,13496,Campestre do Maranhão,0.0
1042,2102606,Cândido Mendes,Maranhão,2009,18831,Cândido Mendes,426.0
1043,2102705,Cantanhede,Maranhão,2009,20041,Cantanhede,26.0
1044,2102754,Capinzal do Norte,Maranhão,2009,10760,Capinzal do Norte,0.0
1045,2102903,Carutapera,Maranhão,2009,21747,Carutapera,108.0
1046,2103000,Caxias,Maranhão,2009,156471,Caxias,7.0
1047,2103109,Cedral,Maranhão,2009,10408,Cedral,19.0
1048,2103125,Central do Maranhão,Maranhão,2009,7861,Central do Maranhão,0.0
1049,2103158,Centro do Guilherme,Maranhão,2009,10540,Centro do Guilherme,27.0
1050,2103174,Centro Novo do Maranhão,Maranhão,2009,19373,Centro Novo do Maranhão,609.0
1051,2103208,Chapadinha,Maranhão,2009,72271,Chapadinha,2.0
1052,2103257,Cidelândia,Maranhão,2009,13763,Cidelândia,0.0
1053,2103307,Codó,Maranhão,2009,119778,Codó,24.0
1054,2103505,Colinas,Maranhão,2009,39337,Colinas,0.0
1055,2103554,Conceição do Lago-Açu,Maranhão,2009,14180,Conceição do Lago-Açu,1.0
1056,2103604,Coroatá,Maranhão,2009,62310,Coroatá,114.0
1057,2103703,Cururupu,Maranhão,2009,33490,Cururupu,3.0
1058,2103752,davinópolis,Maranhão,2009,12536,Davinópolis,1.0
1059,2103802,dom Pedro,Maranhão,2009,22917,Dom Pedro,0.0
1060,2103901,Duque Bacelar,Maranhão,2009,10706,Duque Bacelar,0.0
1061,2104008,Esperantinópolis,Maranhão,2009,18665,Esperantinópolis,0.0
1062,2104057,Estreito,Maranhão,2009,34981,Estreito,0.0
1063,2104099,Formosa da Serra Negra,Maranhão,2009,17024,Formosa da Serra Negra,1.0
1064,2104206,Fortuna,Maranhão,2009,17394,Fortuna,53.0
1065,2104305,Godofredo Viana,Maranhão,2009,9964,Godofredo Viana,13.0
1066,2104404,Gonçalves Dias,Maranhão,2009,17737,Gonçalves Dias,2.0
1067,2104503,Governador Archer,Maranhão,2009,10156,Governador Archer,0.0
1068,2104552,Governador Edison Lobão,Maranhão,2009,15276,Governador Edison Lobão,0.0
1069,2104602,Governador Eugênio Barros,Maranhão,2009,13953,Governador Eugênio Barros,1.0
1070,2104628,Governador Luiz Rocha,Maranhão,2009,7399,Governador Luiz Rocha,7.0
1071,2104651,Governador Newton Bello,Maranhão,2009,10363,Governador Newton Bello,4.0
1072,2104677,Governador Nunes Freire,Maranhão,2009,26319,Governador Nunes Freire,105.0
1073,2104701,Graça Aranha,Maranhão,2009,6235,Graça Aranha,1.0
1074,2104800,Grajaú,Maranhão,2009,60292,Grajaú,4.0
1075,2104909,Guimarães,Maranhão,2009,12492,Guimarães,41.0
1076,2105005,Humberto de Campos,Maranhão,2009,26113,Humberto de Campos,0.0
1077,2105104,Icatu,Maranhão,2009,25216,Icatu,28.0
1078,2105153,Igarapé do Meio,Maranhão,2009,12193,Igarapé do Meio,0.0
1079,2105203,Igarapé Grande,Maranhão,2009,10534,Igarapé Grande,0.0
1080,2105302,Imperatriz,Maranhão,2009,247580,Imperatriz,1.0
1081,2105351,Itaipava do Grajaú,Maranhão,2009,14010,Itaipava do Grajaú,1.0
1082,2105401,Itapecuru Mirim,Maranhão,2009,61961,Itapecuru Mirim,0.0
1083,2105427,Itinga do Maranhão,Maranhão,2009,25309,Itinga do Maranhão,5.0
1084,2105450,Jatobá,Maranhão,2009,8259,Jatobá,0.0
1085,2105476,Jenipapo dos Vieiras,Maranhão,2009,15665,Jenipapo dos Vieiras,0.0
1086,2105500,João Lisboa,Maranhão,2009,24294,João Lisboa,1.0
1087,2105609,Joselândia,Maranhão,2009,15790,Joselândia,2.0
1088,2105658,Junco do Maranhão,Maranhão,2009,5079,Junco do Maranhão,76.0
1089,2105708,Lago da Pedra,Maranhão,2009,46244,Lago da Pedra,2.0
1090,2105906,Lago Verde,Maranhão,2009,15573,Lago Verde,0.0
1091,2105948,Lago dos Rodrigues,Maranhão,2009,9026,Lago dos Rodrigues,0.0
1092,2105963,Lagoa Grande do Maranhão,Maranhão,2009,10356,Lagoa Grande do Maranhão,0.0
1093,2105989,Lajeado Novo,Maranhão,2009,6866,Lajeado Novo,0.0
1094,2106003,Lima Campos,Maranhão,2009,11527,Lima Campos,0.0
1095,2106201,Luís domingues,Maranhão,2009,6460,Luís Domingues,19.0
1096,2106326,Maracaçumé,Maranhão,2009,18779,Maracaçumé,72.0
1097,2106359,Marajá do Sena,Maranhão,2009,7889,Marajá do Sena,1.0
1098,2106375,Maranhãozinho,Maranhão,2009,13228,Maranhãozinho,5.0
1099,2106409,Mata Roma,Maranhão,2009,14762,Mata Roma,0.0
1100,2106508,Matinha,Maranhão,2009,21934,Matinha,0.0
1101,2106607,Matões,Maranhão,2009,31748,Matões,1.0
1102,2106631,Matões do Norte,Maranhão,2009,12845,Matões do Norte,15.0
1103,2106672,Milagres do Maranhão,Maranhão,2009,8138,Milagres do Maranhão,1.0
1104,2106755,Miranda do Norte,Maranhão,2009,23860,Miranda do Norte,0.0
1105,2106805,Mirinzal,Maranhão,2009,14315,Mirinzal,0.0
1106,2106904,Monção,Maranhão,2009,30930,Monção,4.0
1107,2107001,Montes Altos,Maranhão,2009,9703,Montes Altos,0.0
1108,2107100,Morros,Maranhão,2009,17643,Morros,8.0
1109,2107357,Nova Olinda do Maranhão,Maranhão,2009,19616,Nova Olinda do Maranhão,18.0
1110,2107407,Olho D'água das Cunhãs,Maranhão,2009,18835,Olho d'Água das Cunhãs,0.0
1111,2107456,Olinda Nova do Maranhão,Maranhão,2009,12965,Olinda Nova do Maranhão,0.0
1112,2107506,Paço do Lumiar,Maranhão,2009,99876,Paço do Lumiar,0.0
1113,2107605,Palmeirândia,Maranhão,2009,18613,Palmeirândia,1.0
1114,2107704,Paraibano,Maranhão,2009,20329,Paraibano,1.0
1115,2107803,Parnarama,Maranhão,2009,33747,Parnarama,14.0
1116,2108009,Pastos Bons,Maranhão,2009,17932,Pastos Bons,0.0
1117,2108108,Paulo Ramos,Maranhão,2009,20658,Paulo Ramos,6.0
1118,2108207,Pedreiras,Maranhão,2009,39775,Pedreiras,0.0
1119,2108256,Pedro do Rosário,Maranhão,2009,22285,Pedro do Rosário,49.0
1120,2108306,Penalva,Maranhão,2009,35726,Penalva,1.0
1121,2108405,Peri Mirim,Maranhão,2009,14242,Peri Mirim,0.0
1122,2108454,Peritoró,Maranhão,2009,21101,Peritoró,18.0
1123,2108504,Pindaré-Mirim,Maranhão,2009,31371,Pindaré-Mirim,3.0
1124,2108603,Pinheiro,Maranhão,2009,77559,Pinheiro,11.0
1125,2108702,Pio Xii,Maranhão,2009,22628,Pio XII,1.0
1126,2108801,Pirapemas,Maranhão,2009,17331,Pirapemas,31.0
1127,2108900,Poção de Pedras,Maranhão,2009,21198,Poção de Pedras,0.0
1128,2109007,Porto Franco,Maranhão,2009,21032,Porto Franco,1.0
1129,2109056,Porto Rico do Maranhão,Maranhão,2009,6153,Porto Rico do Maranhão,7.0
1130,2109106,Presidente Dutra,Maranhão,2009,44777,Presidente Dutra,1.0
1131,2109205,Presidente Juscelino,Maranhão,2009,11444,Presidente Juscelino,98.0
1132,2109239,Presidente Médici,Maranhão,2009,6501,Presidente Médici,34.0
1133,2109270,Presidente Sarney,Maranhão,2009,17004,Presidente Sarney,118.0
1134,2109304,Presidente Vargas,Maranhão,2009,10686,Presidente Vargas,2.0
1135,2109403,Primeira Cruz,Maranhão,2009,13874,Primeira Cruz,3.0
1136,2109452,Raposa,Maranhão,2009,25145,Raposa,8.0
1137,2109551,Ribamar Fiquene,Maranhão,2009,7349,Ribamar Fiquene,0.0
1138,2109601,Rosário,Maranhão,2009,39735,Rosário,28.0
1139,2109759,Santa Filomena do Maranhão,Maranhão,2009,7116,Santa Filomena do Maranhão,0.0
1140,2109809,Santa Helena,Maranhão,2009,37487,Santa Helena,113.0
1141,2109908,Santa Inês,Maranhão,2009,83314,Santa Inês,11.0
1142,2110005,Santa Luzia,Maranhão,2009,71662,Santa Luzia,35.0
1143,2110039,Santa Luzia do Paruá,Maranhão,2009,23666,Santa Luzia do Paruá,52.0
1144,2110104,Santa Quitéria do Maranhão,Maranhão,2009,24077,Santa Quitéria do Maranhão,0.0
1145,2110203,Santa Rita,Maranhão,2009,31946,Santa Rita,1.0
1146,2110278,Santo Amaro do Maranhão,Maranhão,2009,13460,Santo Amaro do Maranhão,0.0
1147,2110302,Santo Antônio dos Lopes,Maranhão,2009,14511,Santo Antônio dos Lopes,1.0
1148,2110401,São Benedito do Rio Preto,Maranhão,2009,17827,São Benedito do Rio Preto,2.0
1149,2110500,São Bento,Maranhão,2009,39876,São Bento,1.0
1150,2110708,São domingos do Maranhão,Maranhão,2009,34156,São Domingos do Maranhão,1.0
1151,2110807,São Félix de Balsas,Maranhão,2009,4851,São Félix de Balsas,0.0
1152,2110906,São Francisco do Maranhão,Maranhão,2009,12016,São Francisco do Maranhão,1.0
1153,2111003,São João Batista,Maranhão,2009,20277,São João Batista,0.0
1154,2111029,São João do Carú,Maranhão,2009,16481,São João do Carú,2.0
1155,2111052,São João do Paraíso,Maranhão,2009,11024,São João do Paraíso,0.0
1156,2111078,São João do Soter,Maranhão,2009,17240,São João do Soter,3.0
1157,2111102,São João dos Patos,Maranhão,2009,24910,São João dos Patos,0.0
1158,2111201,São José de Ribamar,Maranhão,2009,153591,São José de Ribamar,11.0
1159,2111250,São José dos Basílios,Maranhão,2009,7647,São José dos Basílios,2.0
1160,2111300,São Luís,Maranhão,2009,1017088,São Luís,60.0
1161,2111409,São Luís Gonzaga do Maranhão,Maranhão,2009,20474,São Luís Gonzaga do Maranhão,3.0
1162,2111508,São Mateus do Maranhão,Maranhão,2009,39248,São Mateus do Maranhão,145.0
1163,2111532,São Pedro da Água Branca,Maranhão,2009,11903,São Pedro da Água Branca,0.0
1164,2111607,São Raimundo das Mangabeiras,Maranhão,2009,17326,São Raimundo das Mangabeiras,0.0
1165,2111631,São Raimundo do doca Bezerra,Maranhão,2009,6476,São Raimundo do Doca Bezerra,0.0
1166,2111672,São Roberto,Maranhão,2009,6005,São Roberto,1.0
1167,2111706,São Vicente Ferrer,Maranhão,2009,21039,São Vicente Ferrer,0.0
1168,2111722,Satubinha,Maranhão,2009,12004,Satubinha,0.0
1169,2111748,Senador Alexandre Costa,Maranhão,2009,10176,Senador Alexandre Costa,0.0
1170,2111763,Senador La Rocque,Maranhão,2009,14682,Senador La Rocque,28.0
1171,2111789,Serrano do Maranhão,Maranhão,2009,9568,Serrano do Maranhão,0.0
1172,2111904,Sucupira do Norte,Maranhão,2009,10587,Sucupira do Norte,2.0
1173,2112100,Timbiras,Maranhão,2009,28460,Timbiras,0.0
1174,2112209,Timon,Maranhão,2009,153686,Timon,0.0
1175,2112233,Trizidela do Vale,Maranhão,2009,20337,Trizidela do Vale,0.0
1176,2112274,Tufilândia,Maranhão,2009,5695,Tufilândia,7.0
1177,2112308,Tuntum,Maranhão,2009,39584,Tuntum,0.0
1178,2112407,Turiaçu,Maranhão,2009,33796,Turiaçu,339.0
1179,2112456,Turilândia,Maranhão,2009,21478,Turilândia,57.0
1180,2112506,Tutóia,Maranhão,2009,52151,Tutóia,0.0
1181,2112605,Urbano Santos,Maranhão,2009,28588,Urbano Santos,0.0
1182,2112704,Vargem Grande,Maranhão,2009,49394,Vargem Grande,0.0
1183,2112803,Viana,Maranhão,2009,49497,Viana,0.0
1184,2112852,Vila Nova dos Martírios,Maranhão,2009,10925,Vila Nova dos Martírios,0.0
1185,2112902,Vitória do Mearim,Maranhão,2009,31556,Vitória do Mearim,0.0
1186,2113009,Vitorino Freire,Maranhão,2009,31348,Vitorino Freire,1.0
1187,2114007,Zé doca,Maranhão,2009,49878,Zé Doca,18.0
1188,5100102,Acorizal,Mato Grosso,2009,5586,Acorizal,1.0
1189,5100201,Água Boa,Mato Grosso,2009,20452,Água Boa,0.0
1190,5100250,Alta Floresta,Mato Grosso,2009,50713,Alta Floresta,5.0
1191,5100300,Alto Araguaia,Mato Grosso,2009,15469,Alto Araguaia,0.0
1192,5100359,Alto Boa Vista,Mato Grosso,2009,5054,Alto Boa Vista,0.0
1193,5100607,Alto Taquari,Mato Grosso,2009,7754,Alto Taquari,0.0
1194,5100805,Apiacás,Mato Grosso,2009,8570,Apiacás,26.0
1195,5101001,Araguaiana,Mato Grosso,2009,3305,Araguaiana,0.0
1196,5101258,Araputanga,Mato Grosso,2009,15392,Araputanga,0.0
1197,5101308,Arenápolis,Mato Grosso,2009,10644,Arenápolis,0.0
1198,5101407,Aripuanã,Mato Grosso,2009,18619,Aripuanã,392.0
1199,5101704,Barra do Bugres,Mato Grosso,2009,31531,Barra do Bugres,1.0
1200,5101803,Barra do Garças,Mato Grosso,2009,57410,Barra do Garças,0.0
1201,5101852,Bom Jesus do Araguaia,Mato Grosso,2009,5230,Bom Jesus do Araguaia,0.0
1202,5101902,Brasnorte,Mato Grosso,2009,14926,Brasnorte,21.0
1203,5102504,Cáceres,Mato Grosso,2009,89793,Cáceres,3.0
1204,5102603,Campinápolis,Mato Grosso,2009,14223,Campinápolis,1.0
1205,5102637,Campo Novo do Parecis,Mato Grosso,2009,26810,Campo Novo do Parecis,4.0
1206,5102678,Campo Verde,Mato Grosso,2009,30332,Campo Verde,0.0
1207,5102686,Campos de Júlio,Mato Grosso,2009,4995,Campos de Júlio,27.0
1208,5102694,Canabrava do Norte,Mato Grosso,2009,4861,Canabrava do Norte,0.0
1209,5102702,Canarana,Mato Grosso,2009,18635,Canarana,0.0
1210,5102793,Carlinda,Mato Grosso,2009,11395,Carlinda,0.0
1211,5102850,Castanheira,Mato Grosso,2009,8401,Castanheira,3.0
1212,5103007,Chapada dos Guimarães,Mato Grosso,2009,18289,Chapada dos Guimarães,1.0
1213,5103056,Cláudia,Mato Grosso,2009,11182,Cláudia,1.0
1214,5103106,Cocalinho,Mato Grosso,2009,5604,Cocalinho,0.0
1215,5103205,Colíder,Mato Grosso,2009,31692,Colíder,1.0
1216,5103254,Colniza,Mato Grosso,2009,24800,Colniza,2051.0
1217,5103304,Comodoro,Mato Grosso,2009,18080,Comodoro,167.0
1218,5103353,Confresa,Mato Grosso,2009,24770,Confresa,2.0
1219,5103361,Conquista D'oeste,Mato Grosso,2009,3349,Conquista D'Oeste,4.0
1220,5103379,Cotriguaçu,Mato Grosso,2009,14049,Cotriguaçu,1.0
1221,5103403,Cuiabá,Mato Grosso,2009,566607,Cuiabá,10.0
1222,5103502,Diamantino,Mato Grosso,2009,20586,Diamantino,1.0
1223,5103601,dom Aquino,Mato Grosso,2009,8330,Dom Aquino,0.0
1224,5103700,Feliz Natal,Mato Grosso,2009,10700,Feliz Natal,8.0
1225,5103858,Gaúcha do Norte,Mato Grosso,2009,6186,Gaúcha do Norte,1.0
1226,5103908,General Carneiro,Mato Grosso,2009,5294,General Carneiro,2.0
1227,5103957,Glória D'oeste,Mato Grosso,2009,3178,Glória D'Oeste,0.0
1228,5104104,Guarantã do Norte,Mato Grosso,2009,32932,Guarantã do Norte,35.0
1229,5104203,Guiratinga,Mato Grosso,2009,13841,Guiratinga,1.0
1230,5104526,Ipiranga do Norte,Mato Grosso,2009,4668,Ipiranga do Norte,0.0
1231,5104542,Itanhangá,Mato Grosso,2009,5176,Itanhangá,0.0
1232,5104559,Itaúba,Mato Grosso,2009,4825,Itaúba,0.0
1233,5104609,Itiquira,Mato Grosso,2009,11478,Itiquira,1.0
1234,5104807,Jaciara,Mato Grosso,2009,26403,Jaciara,0.0
1235,5105002,Jauru,Mato Grosso,2009,10713,Jauru,1.0
1236,5105101,Juara,Mato Grosso,2009,33843,Juara,7.0
1237,5105150,Juína,Mato Grosso,2009,40734,Juína,272.0
1238,5105176,Juruena,Mato Grosso,2009,10569,Juruena,4.0
1239,5105200,Juscimeira,Mato Grosso,2009,11781,Juscimeira,0.0
1240,5105234,Lambari D'oeste,Mato Grosso,2009,5373,Lambari D'Oeste,0.0
1241,5105259,Lucas do Rio Verde,Mato Grosso,2009,42631,Lucas do Rio Verde,1.0
1242,5105507,Vila Bela da Santíssima Trindade,Mato Grosso,2009,14648,Vila Bela da Santíssima Trindade,4.0
1243,5105580,Marcelândia,Mato Grosso,2009,12595,Marcelândia,3.0
1244,5105606,Matupá,Mato Grosso,2009,14168,Matupá,0.0
1245,5105622,Mirassol D'oeste,Mato Grosso,2009,25748,Mirassol d'Oeste,1.0
1246,5105903,Nobres,Mato Grosso,2009,15297,Nobres,2.0
1247,5106109,Nossa Senhora do Livramento,Mato Grosso,2009,11815,Nossa Senhora do Livramento,0.0
1248,5106158,Nova Bandeirantes,Mato Grosso,2009,11412,Nova Bandeirantes,2.0
1249,5106174,Nova Nazaré,Mato Grosso,2009,2947,Nova Nazaré,0.0
1250,5106182,Nova Lacerda,Mato Grosso,2009,5504,Nova Lacerda,20.0
1251,5106190,Nova Santa Helena,Mato Grosso,2009,3527,Nova Santa Helena,2.0
1252,5106208,Nova Brasilândia,Mato Grosso,2009,4757,Nova Brasilândia,0.0
1253,5106216,Nova Canaã do Norte,Mato Grosso,2009,12330,Nova Canaã do Norte,1.0
1254,5106224,Nova Mutum,Mato Grosso,2009,29529,Nova Mutum,0.0
1255,5106232,Nova Olímpia,Mato Grosso,2009,17498,Nova Olímpia,0.0
1256,5106240,Nova Ubiratã,Mato Grosso,2009,8931,Nova Ubiratã,0.0
1257,5106257,Nova Xavantina,Mato Grosso,2009,19895,Nova Xavantina,0.0
1258,5106265,Novo Mundo,Mato Grosso,2009,7182,Novo Mundo,2.0
1259,5106273,Novo Horizonte do Norte,Mato Grosso,2009,3833,Novo Horizonte do Norte,1.0
1260,5106299,Paranaíta,Mato Grosso,2009,10973,Paranaíta,0.0
1261,5106307,Paranatinga,Mato Grosso,2009,19208,Paranatinga,1.0
1262,5106372,Pedra Preta,Mato Grosso,2009,15731,Pedra Preta,0.0
1263,5106422,Peixoto de Azevedo,Mato Grosso,2009,31587,Peixoto de Azevedo,9.0
1264,5106505,Poconé,Mato Grosso,2009,32321,Poconé,0.0
1265,5106653,Pontal do Araguaia,Mato Grosso,2009,5321,Pontal do Araguaia,0.0
1266,5106752,Pontes E Lacerda,Mato Grosso,2009,42054,Pontes e Lacerda,1.0
1267,5106778,Porto Alegre do Norte,Mato Grosso,2009,10737,Porto Alegre do Norte,0.0
1268,5106802,Porto dos Gaúchos,Mato Grosso,2009,5608,Porto dos Gaúchos,0.0
1269,5106828,Porto Esperidião,Mato Grosso,2009,11083,Porto Esperidião,0.0
1270,5106851,Porto Estrela,Mato Grosso,2009,3799,Porto Estrela,0.0
1271,5107008,Poxoréu,Mato Grosso,2009,18332,Poxoréo,0.0
1272,5107040,Primavera do Leste,Mato Grosso,2009,51924,Primavera do Leste,0.0
1273,5107065,Querência,Mato Grosso,2009,12561,Querência,2.0
1274,5107156,Reserva do Cabaçal,Mato Grosso,2009,2546,Reserva do Cabaçal,0.0
1275,5107180,Ribeirão Cascalheira,Mato Grosso,2009,8873,Ribeirão Cascalheira,0.0
1276,5107198,Ribeirãozinho,Mato Grosso,2009,2224,Ribeirãozinho,7.0
1277,5107206,Rio Branco,Mato Grosso,2009,5106,Rio Branco,0.0
1278,5107248,Santa Carmem,Mato Grosso,2009,4154,Santa Carmem,0.0
1279,5107263,Santo Afonso,Mato Grosso,2009,2962,Santo Afonso,0.0
1280,5107297,São José do Povo,Mato Grosso,2009,3509,São José do Povo,0.0
1281,5107305,São José do Rio Claro,Mato Grosso,2009,16762,São José do Rio Claro,1.0
1282,5107354,São José do Xingu,Mato Grosso,2009,5279,São José do Xingu,0.0
1283,5107578,Rondolândia,Mato Grosso,2009,3636,Rondolândia,50.0
1284,5107602,Rondonópolis,Mato Grosso,2009,196703,Rondonópolis,1.0
1285,5107701,Rosário Oeste,Mato Grosso,2009,17886,Rosário Oeste,0.0
1286,5107743,Santa Cruz do Xingu,Mato Grosso,2009,1790,Santa Cruz do Xingu,0.0
1287,5107750,Salto do Céu,Mato Grosso,2009,4066,Salto do Céu,1.0
1288,5107776,Santa Terezinha,Mato Grosso,2009,7403,Santa Terezinha,0.0
1289,5107792,Santo Antônio do Leste,Mato Grosso,2009,3533,Santo Antônio do Leste,0.0
1290,5107800,Santo Antônio do Leverger,Mato Grosso,2009,16106,Santo Antônio do Leverger,0.0
1291,5107859,São Félix do Araguaia,Mato Grosso,2009,10741,São Félix do Araguaia,1.0
1292,5107875,Sapezal,Mato Grosso,2009,16783,Sapezal,81.0
1293,5107883,Serra Nova dourada,Mato Grosso,2009,1347,Serra Nova Dourada,0.0
1294,5107909,Sinop,Mato Grosso,2009,111075,Sinop,10.0
1295,5107925,Sorriso,Mato Grosso,2009,63482,Sorriso,2.0
1296,5107941,Tabaporã,Mato Grosso,2009,10300,Tabaporã,0.0
1297,5107958,Tangará da Serra,Mato Grosso,2009,83579,Tangará da Serra,2.0
1298,5108006,Tapurah,Mato Grosso,2009,10006,Tapurah,1.0
1299,5108055,Terra Nova do Norte,Mato Grosso,2009,11673,Terra Nova do Norte,2.0
1300,5108105,Tesouro,Mato Grosso,2009,3440,Tesouro,0.0
1301,5108204,Torixoréu,Mato Grosso,2009,4227,Torixoréu,2.0
1302,5108303,União do Sul,Mato Grosso,2009,3905,União do Sul,0.0
1303,5108352,Vale de São domingos,Mato Grosso,2009,3110,Vale de São Domingos,0.0
1304,5108402,Várzea Grande,Mato Grosso,2009,258025,Várzea Grande,0.0
1305,5108600,Vila Rica,Mato Grosso,2009,20996,Vila Rica,1.0
1306,5108808,Nova Guarita,Mato Grosso,2009,5122,Nova Guarita,1.0
1307,5108857,Nova Marilândia,Mato Grosso,2009,2974,Nova Marilândia,1.0
1308,5108907,Nova Maringá,Mato Grosso,2009,6257,Nova Maringá,4.0
1309,5108956,Nova Monte Verde,Mato Grosso,2009,8166,Nova Monte Verde,0.0
1310,1100015,Alta Floresta D'oeste,Rondônia,2010,25094,Alta Floresta D'Oeste,41.0
1311,1100023,Ariquemes,Rondônia,2010,91527,Ariquemes,1264.0
1312,1100031,Cabixi,Rondônia,2010,6536,Cabixi,6.0
1313,1100049,Cacoal,Rondônia,2010,79624,Cacoal,22.0
1314,1100056,Cerejeiras,Rondônia,2010,17440,Cerejeiras,3.0
1315,1100064,Colorado do Oeste,Rondônia,2010,19241,Colorado do Oeste,1.0
1316,1100072,Corumbiara,Rondônia,2010,9054,Corumbiara,4.0
1317,1100080,Costa Marques,Rondônia,2010,13810,Costa Marques,390.0
1318,1100098,Espigão D'oeste,Rondônia,2010,29278,Espigão D'Oeste,960.0
1319,1100106,Guajará-Mirim,Rondônia,2010,42651,Guajará-Mirim,1635.0
1320,1100114,Jaru,Rondônia,2010,53303,Jaru,33.0
1321,1100122,Ji-Paraná,Rondônia,2010,118671,Ji-Paraná,113.0
1322,1100130,Machadinho D'oeste,Rondônia,2010,31530,Machadinho D'Oeste,3033.0
1323,1100148,Nova Brasilândia D'oeste,Rondônia,2010,20296,Nova Brasilândia D'Oeste,77.0
1324,1100155,Ouro Preto do Oeste,Rondônia,2010,39163,Ouro Preto do Oeste,11.0
1325,1100189,Pimenta Bueno,Rondônia,2010,34481,Pimenta Bueno,39.0
1326,1100205,Porto Velho,Rondônia,2010,433455,Porto Velho,23641.0
1327,1100254,Presidente Médici,Rondônia,2010,23069,Presidente Médici,42.0
1328,1100262,Rio Crespo,Rondônia,2010,3367,Rio Crespo,655.0
1329,1100288,Rolim de Moura,Rondônia,2010,51346,Rolim de Moura,8.0
1330,1100296,Santa Luzia D'oeste,Rondônia,2010,9222,Santa Luzia D'Oeste,0.0
1331,1100304,Vilhena,Rondônia,2010,76352,Vilhena,44.0
1332,1100320,São Miguel do Guaporé,Rondônia,2010,21424,São Miguel do Guaporé,156.0
1333,1100338,Nova Mamoré,Rondônia,2010,22425,Nova Mamoré,1034.0
1334,1100346,Alvorada D'oeste,Rondônia,2010,17447,Alvorada D'Oeste,46.0
1335,1100379,Alto Alegre dos Parecis,Rondônia,2010,13119,Alto Alegre dos Parecis,12.0
1336,1100403,Alto Paraíso,Rondônia,2010,17283,Alto Paraíso,1140.0
1337,1100452,Buritis,Rondônia,2010,33073,Buritis,505.0
1338,1100502,Novo Horizonte do Oeste,Rondônia,2010,10599,Novo Horizonte do Oeste,1.0
1339,1100601,Cacaulândia,Rondônia,2010,5812,Cacaulândia,28.0
1340,1100700,Campo Novo de Rondônia,Rondônia,2010,12903,Campo Novo de Rondônia,428.0
1341,1100809,Candeias do Jamari,Rondônia,2010,19753,Candeias do Jamari,4182.0
1342,1100908,Castanheiras,Rondônia,2010,3681,Castanheiras,24.0
1343,1100924,Chupinguaia,Rondônia,2010,8280,Chupinguaia,8.0
1344,1100940,Cujubim,Rondônia,2010,15585,Cujubim,1947.0
1345,1101005,Governador Jorge Teixeira,Rondônia,2010,10882,Governador Jorge Teixeira,16.0
1346,1101104,Itapuã do Oeste,Rondônia,2010,8657,Itapuã do Oeste,745.0
1347,1101203,Ministro Andreazza,Rondônia,2010,10551,Ministro Andreazza,2.0
1348,1101302,Mirante da Serra,Rondônia,2010,12274,Mirante da Serra,17.0
1349,1101401,Monte Negro,Rondônia,2010,14391,Monte Negro,170.0
1350,1101435,Nova União,Rondônia,2010,7741,Nova União,19.0
1351,1101450,Parecis,Rondônia,2010,4860,Parecis,2.0
1352,1101468,Pimenteiras do Oeste,Rondônia,2010,2361,Pimenteiras do Oeste,65.0
1353,1101476,Primavera de Rondônia,Rondônia,2010,3621,Primavera de Rondônia,2.0
1354,1101484,São Felipe D'oeste,Rondônia,2010,6222,São Felipe D'Oeste,1.0
1355,1101492,São Francisco do Guaporé,Rondônia,2010,16149,São Francisco do Guaporé,36.0
1356,1101500,Seringueiras,Rondônia,2010,12813,Seringueiras,13.0
1357,1101559,Teixeirópolis,Rondônia,2010,5036,Teixeirópolis,4.0
1358,1101609,Theobroma,Rondônia,2010,10943,Theobroma,53.0
1359,1101708,Urupá,Rondônia,2010,13383,Urupá,3.0
1360,1101757,Vale do Anari,Rondônia,2010,9551,Vale do Anari,320.0
1361,1101807,Vale do Paraíso,Rondônia,2010,8519,Vale do Paraíso,1.0
1362,1200013,Acrelândia,Acre,2010,12913,Acrelândia,134.0
1363,1200054,Assis Brasil,Acre,2010,6202,Assis Brasil,4.0
1364,1200104,Brasiléia,Acre,2010,21848,Brasiléia,5.0
1365,1200138,Bujari,Acre,2010,8642,Bujari,30.0
1366,1200179,Capixaba,Acre,2010,8989,Capixaba,32.0
1367,1200203,Cruzeiro do Sul,Acre,2010,82291,Cruzeiro do Sul,21632.0
1368,1200252,Epitaciolândia,Acre,2010,15455,Epitaciolândia,2.0
1369,1200302,Feijó,Acre,2010,34302,Feijó,32.0
1370,1200328,Jordão,Acre,2010,6692,Jordão,77.0
1371,1200336,Mâncio Lima,Acre,2010,15572,Mâncio Lima,5729.0
1372,1200344,Manoel Urbano,Acre,2010,8131,Manoel Urbano,0.0
1373,1200351,Marechal Thaumaturgo,Acre,2010,14501,Marechal Thaumaturgo,174.0
1374,1200385,Plácido de Castro,Acre,2010,17870,Plácido de Castro,479.0
1375,1200393,Porto Walter,Acre,2010,9368,Porto Walter,379.0
1376,1200401,Rio Branco,Acre,2010,352930,Rio Branco,214.0
1377,1200427,Rodrigues Alves,Acre,2010,14751,Rodrigues Alves,4441.0
1378,1200435,Santa Rosa do Purus,Acre,2010,4659,Santa Rosa do Purus,1.0
1379,1200450,Senador Guiomard,Acre,2010,20978,Senador Guiomard,148.0
1380,1200500,Sena Madureira,Acre,2010,39935,Sena Madureira,6.0
1381,1200609,Tarauacá,Acre,2010,37171,Tarauacá,2662.0
1382,1200708,Xapuri,Acre,2010,16521,Xapuri,7.0
1383,1200807,Porto Acre,Acre,2010,15300,Porto Acre,70.0
1384,1300029,Alvarães,Amazonas,2010,14261,Alvarães,1049.0
1385,1300060,Amaturá,Amazonas,2010,9573,Amaturá,25.0
1386,1300086,Anamã,Amazonas,2010,10202,Anamã,8.0
1387,1300102,Anori,Amazonas,2010,16463,Anori,9.0
1388,1300144,Apuí,Amazonas,2010,18193,Apuí,232.0
1389,1300201,Atalaia do Norte,Amazonas,2010,15274,Atalaia do Norte,3474.0
1390,1300300,Autazes,Amazonas,2010,32402,Autazes,593.0
1391,1300409,Barcelos,Amazonas,2010,25934,Barcelos,3289.0
1392,1300508,Barreirinha,Amazonas,2010,27855,Barreirinha,3.0
1393,1300607,Benjamin Constant,Amazonas,2010,33803,Benjamin Constant,431.0
1394,1300631,Beruri,Amazonas,2010,15467,Beruri,167.0
1395,1300680,Boa Vista do Ramos,Amazonas,2010,14864,Boa Vista do Ramos,3.0
1396,1300706,Boca do Acre,Amazonas,2010,31231,Boca do Acre,313.0
1397,1300805,Borba,Amazonas,2010,35659,Borba,1812.0
1398,1300839,Caapiranga,Amazonas,2010,11080,Caapiranga,64.0
1399,1300904,Canutama,Amazonas,2010,13891,Canutama,808.0
1400,1301001,Carauari,Amazonas,2010,26398,Carauari,582.0
1401,1301100,Careiro,Amazonas,2010,33507,Careiro,1134.0
1402,1301159,Careiro da Várzea,Amazonas,2010,24021,Careiro da Várzea,124.0
1403,1301209,Coari,Amazonas,2010,77791,Coari,3357.0
1404,1301308,Codajás,Amazonas,2010,23415,Codajás,30.0
1405,1301407,Eirunepé,Amazonas,2010,31382,Eirunepé,3777.0
1406,1301506,Envira,Amazonas,2010,16513,Envira,58.0
1407,1301605,Fonte Boa,Amazonas,2010,23502,Fonte Boa,123.0
1408,1301654,Guajará,Amazonas,2010,14182,Guajará,1296.0
1409,1301704,Humaitá,Amazonas,2010,44635,Humaitá,1162.0
1410,1301803,Ipixuna,Amazonas,2010,22193,Ipixuna,637.0
1411,1301852,Iranduba,Amazonas,2010,41289,Iranduba,1018.0
1412,1301902,Itacoatiara,Amazonas,2010,88539,Itacoatiara,1309.0
1413,1301951,Itamarati,Amazonas,2010,8209,Itamarati,103.0
1414,1302009,Itapiranga,Amazonas,2010,8323,Itapiranga,32.0
1415,1302108,Japurá,Amazonas,2010,7621,Japurá,168.0
1416,1302207,Juruá,Amazonas,2010,10836,Juruá,329.0
1417,1302306,Jutaí,Amazonas,2010,18452,Jutaí,1230.0
1418,1302405,Lábrea,Amazonas,2010,38081,Lábrea,1987.0
1419,1302504,Manacapuru,Amazonas,2010,86725,Manacapuru,1067.0
1420,1302553,Manaquiri,Amazonas,2010,22554,Manaquiri,120.0
1421,1302603,Manaus,Amazonas,2010,1845074,Manaus,15723.0
1422,1302702,Manicoré,Amazonas,2010,47504,Manicoré,2095.0
1423,1302801,Maraã,Amazonas,2010,17748,Maraã,101.0
1424,1302900,Maués,Amazonas,2010,52868,Maués,762.0
1425,1303007,Nhamundá,Amazonas,2010,18482,Nhamundá,84.0
1426,1303106,Nova Olinda do Norte,Amazonas,2010,31209,Nova Olinda do Norte,44.0
1427,1303205,Novo Airão,Amazonas,2010,14793,Novo Airão,236.0
1428,1303304,Novo Aripuanã,Amazonas,2010,21607,Novo Aripuanã,888.0
1429,1303403,Parintins,Amazonas,2010,104396,Parintins,25.0
1430,1303502,Pauini,Amazonas,2010,18459,Pauini,461.0
1431,1303536,Presidente Figueiredo,Amazonas,2010,27395,Presidente Figueiredo,920.0
1432,1303569,Rio Preto da Eva,Amazonas,2010,26036,Rio Preto da Eva,1547.0
1433,1303601,Santa Isabel do Rio Negro,Amazonas,2010,17965,Santa Isabel do Rio Negro,783.0
1434,1303700,Santo Antônio do Içá,Amazonas,2010,25088,Santo Antônio do Içá,412.0
1435,1303809,São Gabriel da Cachoeira,Amazonas,2010,38130,São Gabriel da Cachoeira,9452.0
1436,1303908,São Paulo de Olivença,Amazonas,2010,31934,São Paulo de Olivença,898.0
1437,1303957,São Sebastião do Uatumã,Amazonas,2010,10758,São Sebastião do Uatumã,220.0
1438,1304005,Silves,Amazonas,2010,8561,Silves,82.0
1439,1304062,Tabatinga,Amazonas,2010,52731,Tabatinga,2150.0
1440,1304104,Tapauá,Amazonas,2010,18520,Tapauá,1763.0
1441,1304203,Tefé,Amazonas,2010,62949,Tefé,2007.0
1442,1304237,Tonantins,Amazonas,2010,17329,Tonantins,159.0
1443,1304260,Uarini,Amazonas,2010,12049,Uarini,1242.0
1444,1304302,Urucará,Amazonas,2010,17471,Urucará,64.0
1445,1304401,Urucurituba,Amazonas,2010,17820,Urucurituba,3.0
1446,1400027,Amajari,Roraima,2010,9513,Amajari,1867.0
1447,1400050,Alto Alegre,Roraima,2010,17119,Alto Alegre,1840.0
1448,1400100,Boa Vista,Roraima,2010,298724,Boa Vista,498.0
1449,1400159,Bonfim,Roraima,2010,11351,Bonfim,976.0
1450,1400175,Cantá,Roraima,2010,14292,Cantá,6256.0
1451,1400209,Caracaraí,Roraima,2010,18959,Caracaraí,2056.0
1452,1400233,Caroebe,Roraima,2010,8357,Caroebe,229.0
1453,1400282,Iracema,Roraima,2010,8828,Iracema,712.0
1454,1400308,Mucajaí,Roraima,2010,15244,Mucajaí,960.0
1455,1400407,Normandia,Roraima,2010,9235,Normandia,147.0
1456,1400456,Pacaraima,Roraima,2010,10769,Pacaraima,853.0
1457,1400472,Rorainópolis,Roraima,2010,25040,Rorainópolis,1723.0
1458,1400506,São João da Baliza,Roraima,2010,7011,São João da Baliza,515.0
1459,1400605,São Luiz,Roraima,2010,6913,São Luiz,130.0
1460,1400704,Uiramutã,Roraima,2010,8636,Uiramutã,311.0
1461,1500107,Abaetetuba,Pará,2010,143220,Abaetetuba,5.0
1462,1500131,Abel Figueiredo,Pará,2010,6933,Abel Figueiredo,2.0
1463,1500206,Acará,Pará,2010,54717,Acará,18.0
1464,1500305,Afuá,Pará,2010,35602,Afuá,1513.0
1465,1500347,Água Azul do Norte,Pará,2010,25762,Água Azul do Norte,2.0
1466,1500404,Alenquer,Pará,2010,52761,Alenquer,742.0
1467,1500503,Almeirim,Pará,2010,34565,Almeirim,626.0
1468,1500602,Altamira,Pará,2010,99881,Altamira,1858.0
1469,1500701,Anajás,Pará,2010,24784,Anajás,22664.0
1470,1500800,Ananindeua,Pará,2010,480903,Ananindeua,12.0
1471,1500859,Anapu,Pará,2010,19897,Anapu,1671.0
1472,1500909,Augusto Corrêa,Pará,2010,41214,Augusto Corrêa,181.0
1473,1500958,Aurora do Pará,Pará,2010,26999,Aurora do Pará,218.0
1474,1501006,Aveiro,Pará,2010,16026,Aveiro,23.0
1475,1501105,Bagre,Pará,2010,23576,Bagre,5742.0
1476,1501204,Baião,Pará,2010,36706,Baião,458.0
1477,1501253,Bannach,Pará,2010,3515,Bannach,0.0
1478,1501303,Barcarena,Pará,2010,99823,Barcarena,7.0
1479,1501402,Belém,Pará,2010,1435537,Belém,74.0
1480,1501451,Belterra,Pará,2010,16497,Belterra,1.0
1481,1501501,Benevides,Pará,2010,51804,Benevides,7.0
1482,1501576,Bom Jesus do Tocantins,Pará,2010,15554,Bom Jesus do Tocantins,148.0
1483,1501600,Bonito,Pará,2010,13719,Bonito,1.0
1484,1501709,Bragança,Pará,2010,115224,Bragança,66.0
1485,1501725,Brasil Novo,Pará,2010,15780,Brasil Novo,207.0
1486,1501758,Brejo Grande do Araguaia,Pará,2010,7533,Brejo Grande do Araguaia,21.0
1487,1501782,Breu Branco,Pará,2010,53397,Breu Branco,1111.0
1488,1501808,Breves,Pará,2010,94064,Breves,6621.0
1489,1501907,Bujaru,Pará,2010,26071,Bujaru,3.0
1490,1501956,Cachoeira do Piriá,Pará,2010,26560,Cachoeira do Piriá,861.0
1491,1502004,Cachoeira do Arari,Pará,2010,20492,Cachoeira do Arari,14.0
1492,1502103,Cametá,Pará,2010,122649,Cametá,2315.0
1493,1502152,Canaã dos Carajás,Pará,2010,25453,Canaã dos Carajás,3.0
1494,1502202,Capanema,Pará,2010,64685,Capanema,4.0
1495,1502301,Capitão Poço,Pará,2010,52903,Capitão Poço,8.0
1496,1502400,Castanhal,Pará,2010,175742,Castanhal,6.0
1497,1502509,Chaves,Pará,2010,21148,Chaves,1119.0
1498,1502608,Colares,Pará,2010,11570,Colares,2.0
1499,1502707,Conceição do Araguaia,Pará,2010,46847,Conceição do Araguaia,1.0
1500,1502756,Concórdia do Pará,Pará,2010,28600,Concórdia do Pará,7.0
1501,1502764,Cumaru do Norte,Pará,2010,10310,Cumaru do Norte,3.0
1502,1502772,Curionópolis,Pará,2010,18736,Curionópolis,20.0
1503,1502806,Curralinho,Pará,2010,28689,Curralinho,7872.0
1504,1502855,Curuá,Pará,2010,12298,Curuá,4.0
1505,1502905,Curuçá,Pará,2010,34709,Curuçá,6.0
1506,1502939,dom Eliseu,Pará,2010,51980,Dom Eliseu,36.0
1507,1502954,Eldorado do Carajás,Pará,2010,32906,Eldorado do Carajás,12.0
1508,1503002,Faro,Pará,2010,8363,Faro,71.0
1509,1503044,Floresta do Araguaia,Pará,2010,18076,Floresta do Araguaia,4.0
1510,1503077,Garrafão do Norte,Pará,2010,25682,Garrafão do Norte,68.0
1511,1503093,Goianésia do Pará,Pará,2010,34671,Goianésia do Pará,7791.0
1512,1503101,Gurupá,Pará,2010,29399,Gurupá,61.0
1513,1503200,Igarapé-Açu,Pará,2010,36638,Igarapé-Açu,4.0
1514,1503309,Igarapé-Miri,Pará,2010,59175,Igarapé-Miri,12.0
1515,1503408,Inhangapi,Pará,2010,10093,Inhangapi,1.0
1516,1503457,Ipixuna do Pará,Pará,2010,46552,Ipixuna do Pará,2947.0
1517,1503507,Irituia,Pará,2010,32171,Irituia,52.0
1518,1503606,Itaituba,Pará,2010,98939,Itaituba,12018.0
1519,1503705,Itupiranga,Pará,2010,53015,Itupiranga,633.0
1520,1503754,Jacareacanga,Pará,2010,14118,Jacareacanga,8264.0
1521,1503804,Jacundá,Pará,2010,52513,Jacundá,468.0
1522,1503903,Juruti,Pará,2010,47392,Juruti,4.0
1523,1504000,Limoeiro do Ajuru,Pará,2010,25214,Limoeiro do Ajuru,281.0
1524,1504059,Mãe do Rio,Pará,2010,28356,Mãe do Rio,2.0
1525,1504109,Magalhães Barata,Pará,2010,8259,Magalhães Barata,5.0
1526,1504208,Marabá,Pará,2010,238230,Marabá,885.0
1527,1504307,Maracanã,Pará,2010,29104,Maracanã,34.0
1528,1504406,Marapanim,Pará,2010,27143,Marapanim,118.0
1529,1504422,Marituba,Pará,2010,109411,Marituba,2.0
1530,1504455,Medicilândia,Pará,2010,27770,Medicilândia,334.0
1531,1504505,Melgaço,Pará,2010,25014,Melgaço,602.0
1532,1504604,Mocajuba,Pará,2010,27068,Mocajuba,94.0
1533,1504703,Moju,Pará,2010,70413,Moju,1380.0
1534,1504752,Mojuí dos Campos,Pará,2010,14735,Mojuí dos Campos,0.0
1535,1504802,Monte Alegre,Pará,2010,56788,Monte Alegre,122.0
1536,1504901,Muaná,Pará,2010,34330,Muaná,574.0
1537,1504950,Nova Esperança do Piriá,Pará,2010,20535,Nova Esperança do Piriá,803.0
1538,1504976,Nova Ipixuna,Pará,2010,14933,Nova Ipixuna,121.0
1539,1505007,Nova Timboteua,Pará,2010,13856,Nova Timboteua,0.0
1540,1505031,Novo Progresso,Pará,2010,25291,Novo Progresso,2524.0
1541,1505064,Novo Repartimento,Pará,2010,63155,Novo Repartimento,673.0
1542,1505106,Óbidos,Pará,2010,50328,Óbidos,92.0
1543,1505205,Oeiras do Pará,Pará,2010,28932,Oeiras do Pará,16510.0
1544,1505304,Oriximiná,Pará,2010,63475,Oriximiná,496.0
1545,1505403,Ourém,Pará,2010,16518,Ourém,2.0
1546,1505437,Ourilândia do Norte,Pará,2010,27670,Ourilândia do Norte,10.0
1547,1505486,Pacajá,Pará,2010,40729,Pacajá,6410.0
1548,1505494,Palestina do Pará,Pará,2010,7675,Palestina do Pará,5.0
1549,1505502,Paragominas,Pará,2010,99386,Paragominas,2432.0
1550,1505536,Parauapebas,Pará,2010,150376,Parauapebas,95.0
1551,1505601,Peixe-Boi,Pará,2010,8017,Peixe-Boi,1.0
1552,1505635,Piçarra,Pará,2010,13031,Piçarra,0.0
1553,1505650,Placas,Pará,2010,23687,Placas,113.0
1554,1505700,Ponta de Pedras,Pará,2010,26281,Ponta de Pedras,967.0
1555,1505809,Portel,Pará,2010,52383,Portel,1255.0
1556,1505908,Porto de Moz,Pará,2010,34220,Porto de Moz,906.0
1557,1506005,Prainha,Pará,2010,29880,Prainha,984.0
1558,1506104,Primavera,Pará,2010,10415,Primavera,0.0
1559,1506112,Quatipuru,Pará,2010,12578,Quatipuru,0.0
1560,1506138,Redenção,Pará,2010,76909,Redenção,3.0
1561,1506161,Rio Maria,Pará,2010,18126,Rio Maria,2.0
1562,1506187,Rondon do Pará,Pará,2010,48124,Rondon do Pará,223.0
1563,1506195,Rurópolis,Pará,2010,40534,Rurópolis,46.0
1564,1506203,Salinópolis,Pará,2010,37997,Salinópolis,18.0
1565,1506302,Salvaterra,Pará,2010,20179,Salvaterra,0.0
1566,1506351,Santa Bárbara do Pará,Pará,2010,17143,Santa Bárbara do Pará,2.0
1567,1506401,Santa Cruz do Arari,Pará,2010,8148,Santa Cruz do Arari,572.0
1568,1506500,Santa Izabel do Pará,Pará,2010,59930,Santa Izabel do Pará,5.0
1569,1506559,Santa Luzia do Pará,Pará,2010,19819,Santa Luzia do Pará,9.0
1570,1506583,Santa Maria das Barreiras,Pará,2010,17289,Santa Maria das Barreiras,1.0
1571,1506609,Santa Maria do Pará,Pará,2010,23300,Santa Maria do Pará,16.0
1572,1506708,Santana do Araguaia,Pará,2010,55531,Santana do Araguaia,6.0
1573,1506807,Santarém,Pará,2010,284337,Santarém,434.0
1574,1506906,Santarém Novo,Pará,2010,6209,Santarém Novo,61.0
1575,1507003,Santo Antônio do Tauá,Pará,2010,27009,Santo Antônio do Tauá,2.0
1576,1507102,São Caetano de Odivelas,Pará,2010,17151,São Caetano de Odivelas,2.0
1577,1507151,São domingos do Araguaia,Pará,2010,23686,São Domingos do Araguaia,21.0
1578,1507201,São domingos do Capim,Pará,2010,30665,São Domingos do Capim,49.0
1579,1507300,São Félix do Xingu,Pará,2010,90966,São Félix do Xingu,450.0
1580,1507409,São Francisco do Pará,Pará,2010,15313,São Francisco do Pará,2.0
1581,1507458,São Geraldo do Araguaia,Pará,2010,26569,São Geraldo do Araguaia,9.0
1582,1507466,São João da Ponta,Pará,2010,5296,São João da Ponta,1.0
1583,1507474,São João de Pirabas,Pará,2010,20896,São João de Pirabas,16.0
1584,1507508,São João do Araguaia,Pará,2010,13476,São João do Araguaia,309.0
1585,1507607,São Miguel do Guamá,Pará,2010,52313,São Miguel do Guamá,8.0
1586,1507706,São Sebastião da Boa Vista,Pará,2010,22976,São Sebastião da Boa Vista,1525.0
1587,1507755,Sapucaia,Pará,2010,5080,Sapucaia,1.0
1588,1507805,Senador José Porfírio,Pará,2010,13107,Senador José Porfírio,827.0
1589,1507904,Soure,Pará,2010,23257,Soure,5.0
1590,1507953,Tailândia,Pará,2010,78792,Tailândia,122.0
1591,1507961,Terra Alta,Pará,2010,10358,Terra Alta,0.0
1592,1507979,Terra Santa,Pará,2010,17083,Terra Santa,0.0
1593,1508001,Tomé-Açu,Pará,2010,57067,Tomé-Açu,293.0
1594,1508035,Tracuateua,Pará,2010,27980,Tracuateua,1.0
1595,1508050,Trairão,Pará,2010,17058,Trairão,155.0
1596,1508084,Tucumã,Pará,2010,34110,Tucumã,2.0
1597,1508100,Tucuruí,Pará,2010,99734,Tucuruí,2549.0
1598,1508126,Ulianópolis,Pará,2010,43072,Ulianópolis,158.0
1599,1508159,Uruará,Pará,2010,46078,Uruará,85.0
1600,1508209,Vigia,Pará,2010,48609,Vigia,2.0
1601,1508308,Viseu,Pará,2010,58050,Viseu,866.0
1602,1508357,Vitória do Xingu,Pará,2010,13569,Vitória do Xingu,202.0
1603,1508407,Xinguara,Pará,2010,41176,Xinguara,3.0
1604,1600055,Serra do Navio,Amapá,2010,4446,Serra do Navio,489.0
1605,1600105,Amapá,Amapá,2010,8314,Amapá,16.0
1606,1600154,Pedra Branca do Amapari,Amapá,2010,10571,Pedra Branca do Amapari,714.0
1607,1600204,Calçoene,Amapá,2010,9129,Calçoene,1079.0
1608,1600212,Cutias,Amapá,2010,4791,Cutias,7.0
1609,1600238,Ferreira Gomes,Amapá,2010,5876,Ferreira Gomes,271.0
1610,1600253,Itaubal,Amapá,2010,4277,Itaubal,6.0
1611,1600279,Laranjal do Jari,Amapá,2010,41557,Laranjal do Jari,177.0
1612,1600303,Macapá,Amapá,2010,409019,Macapá,1131.0
1613,1600402,Mazagão,Amapá,2010,17150,Mazagão,840.0
1614,1600501,Oiapoque,Amapá,2010,20511,Oiapoque,4180.0
1615,1600535,Porto Grande,Amapá,2010,17107,Porto Grande,2156.0
1616,1600550,Pracuúba,Amapá,2010,3857,Pracuúba,9.0
1617,1600600,Santana,Amapá,2010,104891,Santana,1110.0
1618,1600709,Tartarugalzinho,Amapá,2010,12751,Tartarugalzinho,299.0
1619,1600808,Vitória do Jari,Amapá,2010,12740,Vitória do Jari,20.0
1620,1700251,Abreulândia,Tocantins,2010,2418,Abreulândia,0.0
1621,1700400,Almas,Tocantins,2010,7695,Almas,0.0
1622,1701002,Ananás,Tocantins,2010,10079,Ananás,1.0
1623,1701903,Araguacema,Tocantins,2010,6373,Araguacema,0.0
1624,1702109,Araguaína,Tocantins,2010,152056,Araguaína,0.0
1625,1702208,Araguatins,Tocantins,2010,31806,Araguatins,4.0
1626,1702554,Augustinópolis,Tocantins,2010,16063,Augustinópolis,0.0
1627,1702703,Aurora do Tocantins,Tocantins,2010,3499,Aurora do Tocantins,0.0
1628,1702901,Axixá do Tocantins,Tocantins,2010,9377,Axixá do Tocantins,2.0
1629,1703008,Babaçulândia,Tocantins,2010,10469,Babaçulândia,0.0
1630,1703800,Buriti do Tocantins,Tocantins,2010,9860,Buriti do Tocantins,0.0
1631,1703891,Carrasco Bonito,Tocantins,2010,3710,Carrasco Bonito,1.0
1632,1703909,Caseara,Tocantins,2010,4614,Caseara,3.0
1633,1705607,Conceição do Tocantins,Tocantins,2010,4235,Conceição do Tocantins,0.0
1634,1707405,Esperantina,Tocantins,2010,9486,Esperantina,0.0
1635,1710508,Itacajá,Tocantins,2010,7207,Itacajá,0.0
1636,1710706,Itaguatins,Tocantins,2010,6115,Itaguatins,0.0
1637,1711803,Juarina,Tocantins,2010,2259,Juarina,0.0
1638,1712504,Marianópolis do Tocantins,Tocantins,2010,4371,Marianópolis do Tocantins,0.0
1639,1712801,Maurilândia do Tocantins,Tocantins,2010,3172,Maurilândia do Tocantins,1.0
1640,1713304,Miranorte,Tocantins,2010,12810,Miranorte,0.0
1641,1714203,Natividade,Tocantins,2010,9138,Natividade,0.0
1642,1718204,Porto Nacional,Tocantins,2010,49766,Porto Nacional,0.0
1643,1718303,Praia Norte,Tocantins,2010,7796,Praia Norte,0.0
1644,1718550,Riachinho,Tocantins,2010,4236,Riachinho,0.0
1645,1718808,Sampaio,Tocantins,2010,3890,Sampaio,0.0
1646,1718840,Sandolândia,Tocantins,2010,3401,Sandolândia,0.0
1647,1718865,Santa Fé do Araguaia,Tocantins,2010,6657,Santa Fé do Araguaia,0.0
1648,1719004,Santa Tereza do Tocantins,Tocantins,2010,2518,Santa Tereza do Tocantins,0.0
1649,1720101,São Bento do Tocantins,Tocantins,2010,4669,São Bento do Tocantins,0.0
1650,1720150,São Félix do Tocantins,Tocantins,2010,1450,São Félix do Tocantins,1.0
1651,1720309,São Sebastião do Tocantins,Tocantins,2010,4317,São Sebastião do Tocantins,2.0
1652,1720804,Sítio Novo do Tocantins,Tocantins,2010,9321,Sítio Novo do Tocantins,1.0
1653,1720903,Taguatinga,Tocantins,2010,15209,Taguatinga,0.0
1654,1720937,Taipas do Tocantins,Tocantins,2010,1958,Taipas do Tocantins,0.0
1655,1721000,Palmas,Tocantins,2010,228579,Palmas,2.0
1656,1721208,Tocantinópolis,Tocantins,2010,23032,Tocantinópolis,0.0
1657,1722107,Xambioá,Tocantins,2010,11658,Xambioá,0.0
1658,2100055,Açailândia,Maranhão,2010,104916,Açailândia,4.0
1659,2100154,Água doce do Maranhão,Maranhão,2010,11592,Água Doce do Maranhão,1.0
1660,2100204,Alcântara,Maranhão,2010,22106,Alcântara,67.0
1661,2100303,Aldeias Altas,Maranhão,2010,24025,Aldeias Altas,0.0
1662,2100402,Altamira do Maranhão,Maranhão,2010,7525,Altamira do Maranhão,0.0
1663,2100436,Alto Alegre do Maranhão,Maranhão,2010,25485,Alto Alegre do Maranhão,101.0
1664,2100477,Alto Alegre do Pindaré,Maranhão,2010,32129,Alto Alegre do Pindaré,11.0
1665,2100550,Amapá do Maranhão,Maranhão,2010,6426,Amapá do Maranhão,122.0
1666,2100600,Amarante do Maranhão,Maranhão,2010,38309,Amarante do Maranhão,0.0
1667,2100808,Anapurus,Maranhão,2010,13961,Anapurus,0.0
1668,2100832,Apicum-Açu,Maranhão,2010,15139,Apicum-Açu,15.0
1669,2100873,Araguanã,Maranhão,2010,14243,Araguanã,5.0
1670,2100956,Arame,Maranhão,2010,32349,Arame,7.0
1671,2101004,Arari,Maranhão,2010,28751,Arari,0.0
1672,2101103,Axixá,Maranhão,2010,11490,Axixá,9.0
1673,2101202,Bacabal,Maranhão,2010,100374,Bacabal,58.0
1674,2101251,Bacabeira,Maranhão,2010,14728,Bacabeira,1.0
1675,2101301,Bacuri,Maranhão,2010,17767,Bacuri,1.0
1676,2101400,Balsas,Maranhão,2010,82096,Balsas,0.0
1677,2101608,Barra do Corda,Maranhão,2010,83249,Barra do Corda,1.0
1678,2101707,Barreirinhas,Maranhão,2010,54314,Barreirinhas,1.0
1679,2101731,Belágua,Maranhão,2010,6668,Belágua,1.0
1680,2101772,Bela Vista do Maranhão,Maranhão,2010,10328,Bela Vista do Maranhão,12.0
1681,2101806,Benedito Leite,Maranhão,2010,5514,Benedito Leite,0.0
1682,2101905,Bequimão,Maranhão,2010,21039,Bequimão,0.0
1683,2101939,Bernardo do Mearim,Maranhão,2010,5674,Bernardo do Mearim,0.0
1684,2101970,Boa Vista do Gurupi,Maranhão,2010,7044,Boa Vista do Gurupi,16.0
1685,2102002,Bom Jardim,Maranhão,2010,40147,Bom Jardim,26.0
1686,2102036,Bom Jesus das Selvas,Maranhão,2010,28294,Bom Jesus das Selvas,20.0
1687,2102101,Brejo,Maranhão,2010,33601,Brejo,2.0
1688,2102150,Brejo de Areia,Maranhão,2010,11006,Brejo de Areia,0.0
1689,2102200,Buriti,Maranhão,2010,27044,Buriti,1.0
1690,2102309,Buriti Bravo,Maranhão,2010,23197,Buriti Bravo,11.0
1691,2102325,Buriticupu,Maranhão,2010,66726,Buriticupu,27.0
1692,2102358,Buritirana,Maranhão,2010,15206,Buritirana,0.0
1693,2102374,Cachoeira Grande,Maranhão,2010,8419,Cachoeira Grande,11.0
1694,2102408,Cajapió,Maranhão,2010,10770,Cajapió,0.0
1695,2102507,Cajari,Maranhão,2010,18712,Cajari,0.0
1696,2102556,Campestre do Maranhão,Maranhão,2010,13553,Campestre do Maranhão,0.0
1697,2102606,Cândido Mendes,Maranhão,2010,18952,Cândido Mendes,169.0
1698,2102705,Cantanhede,Maranhão,2010,20250,Cantanhede,0.0
1699,2102754,Capinzal do Norte,Maranhão,2010,10785,Capinzal do Norte,1.0
1700,2102903,Carutapera,Maranhão,2010,21993,Carutapera,15.0
1701,2103000,Caxias,Maranhão,2010,157328,Caxias,1.0
1702,2103109,Cedral,Maranhão,2010,10424,Cedral,4.0
1703,2103125,Central do Maranhão,Maranhão,2010,7960,Central do Maranhão,0.0
1704,2103158,Centro do Guilherme,Maranhão,2010,11005,Centro do Guilherme,15.0
1705,2103174,Centro Novo do Maranhão,Maranhão,2010,19516,Centro Novo do Maranhão,303.0
1706,2103208,Chapadinha,Maranhão,2010,73265,Chapadinha,0.0
1707,2103257,Cidelândia,Maranhão,2010,13860,Cidelândia,1.0
1708,2103307,Codó,Maranhão,2010,120013,Codó,1.0
1709,2103505,Colinas,Maranhão,2010,39498,Colinas,0.0
1710,2103554,Conceição do Lago-Açu,Maranhão,2010,14447,Conceição do Lago-Açu,22.0
1711,2103604,Coroatá,Maranhão,2010,62561,Coroatá,32.0
1712,2103703,Cururupu,Maranhão,2010,33274,Cururupu,2.0
1713,2103752,davinópolis,Maranhão,2010,12571,Davinópolis,3.0
1714,2103802,dom Pedro,Maranhão,2010,22936,Dom Pedro,2.0
1715,2103901,Duque Bacelar,Maranhão,2010,10769,Duque Bacelar,0.0
1716,2104008,Esperantinópolis,Maranhão,2010,18484,Esperantinópolis,0.0
1717,2104057,Estreito,Maranhão,2010,35912,Estreito,0.0
1718,2104099,Formosa da Serra Negra,Maranhão,2010,17243,Formosa da Serra Negra,0.0
1719,2104206,Fortuna,Maranhão,2010,17414,Fortuna,62.0
1720,2104305,Godofredo Viana,Maranhão,2010,10213,Godofredo Viana,8.0
1721,2104404,Gonçalves Dias,Maranhão,2010,17722,Gonçalves Dias,3.0
1722,2104503,Governador Archer,Maranhão,2010,10255,Governador Archer,1.0
1723,2104552,Governador Edison Lobão,Maranhão,2010,15668,Governador Edison Lobão,0.0
1724,2104602,Governador Eugênio Barros,Maranhão,2010,14015,Governador Eugênio Barros,1.0
1725,2104628,Governador Luiz Rocha,Maranhão,2010,7425,Governador Luiz Rocha,1.0
1726,2104651,Governador Newton Bello,Maranhão,2010,10382,Governador Newton Bello,1.0
1727,2104677,Governador Nunes Freire,Maranhão,2010,26136,Governador Nunes Freire,44.0
1728,2104701,Graça Aranha,Maranhão,2010,6225,Graça Aranha,0.0
1729,2104800,Grajaú,Maranhão,2010,61493,Grajaú,1.0
1730,2104909,Guimarães,Maranhão,2010,12392,Guimarães,41.0
1731,2105005,Humberto de Campos,Maranhão,2010,26449,Humberto de Campos,1.0
1732,2105104,Icatu,Maranhão,2010,25430,Icatu,18.0
1733,2105153,Igarapé do Meio,Maranhão,2010,12473,Igarapé do Meio,0.0
1734,2105203,Igarapé Grande,Maranhão,2010,10598,Igarapé Grande,1.0
1735,2105302,Imperatriz,Maranhão,2010,248559,Imperatriz,9.0
1736,2105351,Itaipava do Grajaú,Maranhão,2010,14192,Itaipava do Grajaú,5.0
1737,2105401,Itapecuru Mirim,Maranhão,2010,62650,Itapecuru Mirim,0.0
1738,2105427,Itinga do Maranhão,Maranhão,2010,25323,Itinga do Maranhão,9.0
1739,2105450,Jatobá,Maranhão,2010,8502,Jatobá,1.0
1740,2105476,Jenipapo dos Vieiras,Maranhão,2010,15804,Jenipapo dos Vieiras,0.0
1741,2105500,João Lisboa,Maranhão,2010,24205,João Lisboa,0.0
1742,2105609,Joselândia,Maranhão,2010,15791,Joselândia,4.0
1743,2105658,Junco do Maranhão,Maranhão,2010,4998,Junco do Maranhão,10.0
1744,2105708,Lago da Pedra,Maranhão,2010,46585,Lago da Pedra,14.0
1745,2105906,Lago Verde,Maranhão,2010,15622,Lago Verde,1.0
1746,2105948,Lago dos Rodrigues,Maranhão,2010,8992,Lago dos Rodrigues,0.0
1747,2105963,Lagoa Grande do Maranhão,Maranhão,2010,10496,Lagoa Grande do Maranhão,15.0
1748,2105989,Lajeado Novo,Maranhão,2010,6944,Lajeado Novo,0.0
1749,2106003,Lima Campos,Maranhão,2010,11547,Lima Campos,1.0
1750,2106201,Luís domingues,Maranhão,2010,6514,Luís Domingues,29.0
1751,2106326,Maracaçumé,Maranhão,2010,19103,Maracaçumé,33.0
1752,2106359,Marajá do Sena,Maranhão,2010,7925,Marajá do Sena,2.0
1753,2106375,Maranhãozinho,Maranhão,2010,13570,Maranhãozinho,6.0
1754,2106409,Mata Roma,Maranhão,2010,15049,Mata Roma,0.0
1755,2106508,Matinha,Maranhão,2010,22101,Matinha,1.0
1756,2106607,Matões,Maranhão,2010,31956,Matões,0.0
1757,2106631,Matões do Norte,Maranhão,2010,13425,Matões do Norte,1.0
1758,2106672,Milagres do Maranhão,Maranhão,2010,8180,Milagres do Maranhão,0.0
1759,2106755,Miranda do Norte,Maranhão,2010,24450,Miranda do Norte,0.0
1760,2106805,Mirinzal,Maranhão,2010,14358,Mirinzal,0.0
1761,2106904,Monção,Maranhão,2010,31205,Monção,42.0
1762,2107001,Montes Altos,Maranhão,2010,9602,Montes Altos,0.0
1763,2107100,Morros,Maranhão,2010,17833,Morros,3.0
1764,2107357,Nova Olinda do Maranhão,Maranhão,2010,19664,Nova Olinda do Maranhão,9.0
1765,2107407,Olho D'água das Cunhãs,Maranhão,2010,18870,Olho d'Água das Cunhãs,0.0
1766,2107456,Olinda Nova do Maranhão,Maranhão,2010,13186,Olinda Nova do Maranhão,0.0
1767,2107506,Paço do Lumiar,Maranhão,2010,102824,Paço do Lumiar,1.0
1768,2107605,Palmeirândia,Maranhão,2010,18760,Palmeirândia,0.0
1769,2107704,Paraibano,Maranhão,2010,20385,Paraibano,0.0
1770,2107803,Parnarama,Maranhão,2010,33829,Parnarama,60.0
1771,2108009,Pastos Bons,Maranhão,2010,18127,Pastos Bons,0.0
1772,2108108,Paulo Ramos,Maranhão,2010,20649,Paulo Ramos,1.0
1773,2108207,Pedreiras,Maranhão,2010,39650,Pedreiras,3.0
1774,2108256,Pedro do Rosário,Maranhão,2010,22684,Pedro do Rosário,3.0
1775,2108306,Penalva,Maranhão,2010,35883,Penalva,0.0
1776,2108405,Peri Mirim,Maranhão,2010,14201,Peri Mirim,0.0
1777,2108454,Peritoró,Maranhão,2010,21354,Peritoró,37.0
1778,2108504,Pindaré-Mirim,Maranhão,2010,31530,Pindaré-Mirim,0.0
1779,2108603,Pinheiro,Maranhão,2010,78205,Pinheiro,6.0
1780,2108702,Pio Xii,Maranhão,2010,22469,Pio XII,2.0
1781,2108801,Pirapemas,Maranhão,2010,17512,Pirapemas,5.0
1782,2108900,Poção de Pedras,Maranhão,2010,20793,Poção de Pedras,0.0
1783,2109007,Porto Franco,Maranhão,2010,21366,Porto Franco,0.0
1784,2109056,Porto Rico do Maranhão,Maranhão,2010,6134,Porto Rico do Maranhão,4.0
1785,2109106,Presidente Dutra,Maranhão,2010,45059,Presidente Dutra,1.0
1786,2109205,Presidente Juscelino,Maranhão,2010,11584,Presidente Juscelino,38.0
1787,2109239,Presidente Médici,Maranhão,2010,6531,Presidente Médici,33.0
1788,2109270,Presidente Sarney,Maranhão,2010,17220,Presidente Sarney,9.0
1789,2109304,Presidente Vargas,Maranhão,2010,10799,Presidente Vargas,1.0
1790,2109403,Primeira Cruz,Maranhão,2010,14047,Primeira Cruz,0.0
1791,2109452,Raposa,Maranhão,2010,25888,Raposa,3.0
1792,2109551,Ribamar Fiquene,Maranhão,2010,7390,Ribamar Fiquene,0.0
1793,2109601,Rosário,Maranhão,2010,40044,Rosário,12.0
1794,2109759,Santa Filomena do Maranhão,Maranhão,2010,7184,Santa Filomena do Maranhão,0.0
1795,2109809,Santa Helena,Maranhão,2010,38088,Santa Helena,27.0
1796,2109908,Santa Inês,Maranhão,2010,83845,Santa Inês,23.0
1797,2110005,Santa Luzia,Maranhão,2010,71438,Santa Luzia,34.0
1798,2110039,Santa Luzia do Paruá,Maranhão,2010,23821,Santa Luzia do Paruá,53.0
1799,2110104,Santa Quitéria do Maranhão,Maranhão,2010,24234,Santa Quitéria do Maranhão,0.0
1800,2110203,Santa Rita,Maranhão,2010,32717,Santa Rita,0.0
1801,2110278,Santo Amaro do Maranhão,Maranhão,2010,13762,Santo Amaro do Maranhão,0.0
1802,2110302,Santo Antônio dos Lopes,Maranhão,2010,14484,Santo Antônio dos Lopes,1.0
1803,2110401,São Benedito do Rio Preto,Maranhão,2010,17956,São Benedito do Rio Preto,0.0
1804,2110500,São Bento,Maranhão,2010,40511,São Bento,0.0
1805,2110708,São domingos do Maranhão,Maranhão,2010,34091,São Domingos do Maranhão,1.0
1806,2110807,São Félix de Balsas,Maranhão,2010,4801,São Félix de Balsas,0.0
1807,2110906,São Francisco do Maranhão,Maranhão,2010,12015,São Francisco do Maranhão,0.0
1808,2111003,São João Batista,Maranhão,2010,20290,São João Batista,2.0
1809,2111029,São João do Carú,Maranhão,2010,16284,São João do Carú,2.0
1810,2111052,São João do Paraíso,Maranhão,2010,11013,São João do Paraíso,0.0
1811,2111078,São João do Soter,Maranhão,2010,17407,São João do Soter,0.0
1812,2111102,São João dos Patos,Maranhão,2010,25007,São João dos Patos,0.0
1813,2111201,São José de Ribamar,Maranhão,2010,158041,São José de Ribamar,2.0
1814,2111250,São José dos Basílios,Maranhão,2010,7622,São José dos Basílios,0.0
1815,2111300,São Luís,Maranhão,2010,1025127,São Luís,37.0
1816,2111409,São Luís Gonzaga do Maranhão,Maranhão,2010,20233,São Luís Gonzaga do Maranhão,33.0
1817,2111508,São Mateus do Maranhão,Maranhão,2010,39452,São Mateus do Maranhão,38.0
1818,2111532,São Pedro da Água Branca,Maranhão,2010,12009,São Pedro da Água Branca,0.0
1819,2111607,São Raimundo das Mangabeiras,Maranhão,2010,17488,São Raimundo das Mangabeiras,0.0
1820,2111631,São Raimundo do doca Bezerra,Maranhão,2010,6314,São Raimundo do Doca Bezerra,0.0
1821,2111672,São Roberto,Maranhão,2010,6084,São Roberto,0.0
1822,2111706,São Vicente Ferrer,Maranhão,2010,21133,São Vicente Ferrer,0.0
1823,2111722,Satubinha,Maranhão,2010,12213,Satubinha,0.0
1824,2111748,Senador Alexandre Costa,Maranhão,2010,10282,Senador Alexandre Costa,0.0
1825,2111763,Senador La Rocque,Maranhão,2010,14673,Senador La Rocque,0.0
1826,2111789,Serrano do Maranhão,Maranhão,2010,9653,Serrano do Maranhão,2.0
1827,2111904,Sucupira do Norte,Maranhão,2010,10576,Sucupira do Norte,2.0
1828,2112100,Timbiras,Maranhão,2010,28466,Timbiras,0.0
1829,2112209,Timon,Maranhão,2010,155383,Timon,0.0
1830,2112233,Trizidela do Vale,Maranhão,2010,20538,Trizidela do Vale,0.0
1831,2112274,Tufilândia,Maranhão,2010,5687,Tufilândia,6.0
1832,2112308,Tuntum,Maranhão,2010,39761,Tuntum,0.0
1833,2112407,Turiaçu,Maranhão,2010,34035,Turiaçu,76.0
1834,2112456,Turilândia,Maranhão,2010,22116,Turilândia,56.0
1835,2112506,Tutóia,Maranhão,2010,52893,Tutóia,1.0
1836,2112605,Urbano Santos,Maranhão,2010,29218,Urbano Santos,0.0
1837,2112704,Vargem Grande,Maranhão,2010,50153,Vargem Grande,1.0
1838,2112803,Viana,Maranhão,2010,49771,Viana,0.0
1839,2112852,Vila Nova dos Martírios,Maranhão,2010,11239,Vila Nova dos Martírios,16.0
1840,2112902,Vitória do Mearim,Maranhão,2010,31640,Vitória do Mearim,3.0
1841,2113009,Vitorino Freire,Maranhão,2010,31338,Vitorino Freire,1.0
1842,2114007,Zé doca,Maranhão,2010,49839,Zé Doca,229.0
1843,5100102,Acorizal,Mato Grosso,2010,5524,Acorizal,3.0
1844,5100201,Água Boa,Mato Grosso,2010,21037,Água Boa,31.0
1845,5100250,Alta Floresta,Mato Grosso,2010,50771,Alta Floresta,11.0
1846,5100300,Alto Araguaia,Mato Grosso,2010,15782,Alto Araguaia,0.0
1847,5100359,Alto Boa Vista,Mato Grosso,2010,5199,Alto Boa Vista,1.0
1848,5100607,Alto Taquari,Mato Grosso,2010,8088,Alto Taquari,0.0
1849,5100805,Apiacás,Mato Grosso,2010,8659,Apiacás,36.0
1850,5101001,Araguaiana,Mato Grosso,2010,3286,Araguaiana,0.0
1851,5101258,Araputanga,Mato Grosso,2010,15418,Araputanga,0.0
1852,5101308,Arenápolis,Mato Grosso,2010,10538,Arenápolis,0.0
1853,5101407,Aripuanã,Mato Grosso,2010,19011,Aripuanã,249.0
1854,5101704,Barra do Bugres,Mato Grosso,2010,31622,Barra do Bugres,1.0
1855,5101803,Barra do Garças,Mato Grosso,2010,57764,Barra do Garças,0.0
1856,5101852,Bom Jesus do Araguaia,Mato Grosso,2010,5361,Bom Jesus do Araguaia,2.0
1857,5101902,Brasnorte,Mato Grosso,2010,15332,Brasnorte,12.0
1858,5102504,Cáceres,Mato Grosso,2010,89900,Cáceres,1.0
1859,5102603,Campinápolis,Mato Grosso,2010,14407,Campinápolis,3.0
1860,5102637,Campo Novo do Parecis,Mato Grosso,2010,27862,Campo Novo do Parecis,1.0
1861,5102678,Campo Verde,Mato Grosso,2010,31631,Campo Verde,0.0
1862,5102686,Campos de Júlio,Mato Grosso,2010,5214,Campos de Júlio,8.0
1863,5102694,Canabrava do Norte,Mato Grosso,2010,4820,Canabrava do Norte,1.0
1864,5102702,Canarana,Mato Grosso,2010,18982,Canarana,0.0
1865,5102793,Carlinda,Mato Grosso,2010,11249,Carlinda,2.0
1866,5102850,Castanheira,Mato Grosso,2010,8369,Castanheira,1.0
1867,5103007,Chapada dos Guimarães,Mato Grosso,2010,18380,Chapada dos Guimarães,1.0
1868,5103056,Cláudia,Mato Grosso,2010,11147,Cláudia,2.0
1869,5103106,Cocalinho,Mato Grosso,2010,5609,Cocalinho,0.0
1870,5103205,Colíder,Mato Grosso,2010,31685,Colíder,1.0
1871,5103254,Colniza,Mato Grosso,2010,26160,Colniza,1260.0
1872,5103304,Comodoro,Mato Grosso,2010,18244,Comodoro,26.0
1873,5103353,Confresa,Mato Grosso,2010,25456,Confresa,2.0
1874,5103361,Conquista D'oeste,Mato Grosso,2010,3405,Conquista D'Oeste,3.0
1875,5103379,Cotriguaçu,Mato Grosso,2010,14370,Cotriguaçu,2.0
1876,5103403,Cuiabá,Mato Grosso,2010,571065,Cuiabá,15.0
1877,5103502,Diamantino,Mato Grosso,2010,20658,Diamantino,0.0
1878,5103601,dom Aquino,Mato Grosso,2010,8269,Dom Aquino,0.0
1879,5103700,Feliz Natal,Mato Grosso,2010,10953,Feliz Natal,5.0
1880,5103858,Gaúcha do Norte,Mato Grosso,2010,6334,Gaúcha do Norte,0.0
1881,5103908,General Carneiro,Mato Grosso,2010,5353,General Carneiro,0.0
1882,5103957,Glória D'oeste,Mato Grosso,2010,3153,Glória D'Oeste,0.0
1883,5104104,Guarantã do Norte,Mato Grosso,2010,32962,Guarantã do Norte,7.0
1884,5104203,Guiratinga,Mato Grosso,2010,13791,Guiratinga,0.0
1885,5104526,Ipiranga do Norte,Mato Grosso,2010,5030,Ipiranga do Norte,0.0
1886,5104542,Itanhangá,Mato Grosso,2010,5341,Itanhangá,1.0
1887,5104559,Itaúba,Mato Grosso,2010,4728,Itaúba,0.0
1888,5104609,Itiquira,Mato Grosso,2010,11606,Itiquira,0.0
1889,5104807,Jaciara,Mato Grosso,2010,26511,Jaciara,1.0
1890,5105002,Jauru,Mato Grosso,2010,10481,Jauru,0.0
1891,5105101,Juara,Mato Grosso,2010,33818,Juara,3.0
1892,5105150,Juína,Mato Grosso,2010,40717,Juína,26.0
1893,5105176,Juruena,Mato Grosso,2010,11026,Juruena,5.0
1894,5105200,Juscimeira,Mato Grosso,2010,11692,Juscimeira,0.0
1895,5105234,Lambari D'oeste,Mato Grosso,2010,5406,Lambari D'Oeste,0.0
1896,5105259,Lucas do Rio Verde,Mato Grosso,2010,45529,Lucas do Rio Verde,138.0
1897,5105507,Vila Bela da Santíssima Trindade,Mato Grosso,2010,14765,Vila Bela da Santíssima Trindade,5.0
1898,5105580,Marcelândia,Mato Grosso,2010,12355,Marcelândia,1.0
1899,5105606,Matupá,Mato Grosso,2010,14425,Matupá,5.0
1900,5105622,Mirassol D'oeste,Mato Grosso,2010,25874,Mirassol d'Oeste,1.0
1901,5105903,Nobres,Mato Grosso,2010,15253,Nobres,0.0
1902,5106109,Nossa Senhora do Livramento,Mato Grosso,2010,11741,Nossa Senhora do Livramento,0.0
1903,5106158,Nova Bandeirantes,Mato Grosso,2010,11751,Nova Bandeirantes,56.0
1904,5106174,Nova Nazaré,Mato Grosso,2010,3039,Nova Nazaré,0.0
1905,5106182,Nova Lacerda,Mato Grosso,2010,5598,Nova Lacerda,43.0
1906,5106190,Nova Santa Helena,Mato Grosso,2010,3544,Nova Santa Helena,1.0
1907,5106208,Nova Brasilândia,Mato Grosso,2010,4658,Nova Brasilândia,0.0
1908,5106216,Nova Canaã do Norte,Mato Grosso,2010,12289,Nova Canaã do Norte,1.0
1909,5106224,Nova Mutum,Mato Grosso,2010,31510,Nova Mutum,9.0
1910,5106232,Nova Olímpia,Mato Grosso,2010,17598,Nova Olímpia,0.0
1911,5106240,Nova Ubiratã,Mato Grosso,2010,9216,Nova Ubiratã,0.0
1912,5106257,Nova Xavantina,Mato Grosso,2010,20051,Nova Xavantina,0.0
1913,5106265,Novo Mundo,Mato Grosso,2010,7296,Novo Mundo,0.0
1914,5106273,Novo Horizonte do Norte,Mato Grosso,2010,3819,Novo Horizonte do Norte,0.0
1915,5106299,Paranaíta,Mato Grosso,2010,10960,Paranaíta,3.0
1916,5106307,Paranatinga,Mato Grosso,2010,19602,Paranatinga,0.0
1917,5106372,Pedra Preta,Mato Grosso,2010,15879,Pedra Preta,0.0
1918,5106422,Peixoto de Azevedo,Mato Grosso,2010,31763,Peixoto de Azevedo,25.0
1919,5106505,Poconé,Mato Grosso,2010,32222,Poconé,2.0
1920,5106653,Pontal do Araguaia,Mato Grosso,2010,5457,Pontal do Araguaia,1.0
1921,5106752,Pontes E Lacerda,Mato Grosso,2010,42433,Pontes e Lacerda,3.0
1922,5106778,Porto Alegre do Norte,Mato Grosso,2010,10876,Porto Alegre do Norte,0.0
1923,5106802,Porto dos Gaúchos,Mato Grosso,2010,5567,Porto dos Gaúchos,1.0
1924,5106828,Porto Esperidião,Mato Grosso,2010,11077,Porto Esperidião,0.0
1925,5106851,Porto Estrela,Mato Grosso,2010,3710,Porto Estrela,0.0
1926,5107008,Poxoréu,Mato Grosso,2010,18236,Poxoréo,0.0
1927,5107040,Primavera do Leste,Mato Grosso,2010,53198,Primavera do Leste,0.0
1928,5107065,Querência,Mato Grosso,2010,13160,Querência,0.0
1929,5107156,Reserva do Cabaçal,Mato Grosso,2010,2534,Reserva do Cabaçal,0.0
1930,5107180,Ribeirão Cascalheira,Mato Grosso,2010,8998,Ribeirão Cascalheira,8.0
1931,5107198,Ribeirãozinho,Mato Grosso,2010,2236,Ribeirãozinho,0.0
1932,5107206,Rio Branco,Mato Grosso,2010,5069,Rio Branco,0.0
1933,5107248,Santa Carmem,Mato Grosso,2010,4190,Santa Carmem,1.0
1934,5107263,Santo Afonso,Mato Grosso,2010,2951,Santo Afonso,1.0
1935,5107297,São José do Povo,Mato Grosso,2010,3514,São José do Povo,0.0
1936,5107305,São José do Rio Claro,Mato Grosso,2010,16944,São José do Rio Claro,1.0
1937,5107354,São José do Xingu,Mato Grosso,2010,5301,São José do Xingu,0.0
1938,5107578,Rondolândia,Mato Grosso,2010,3647,Rondolândia,25.0
1939,5107602,Rondonópolis,Mato Grosso,2010,200422,Rondonópolis,2.0
1940,5107701,Rosário Oeste,Mato Grosso,2010,17682,Rosário Oeste,0.0
1941,5107743,Santa Cruz do Xingu,Mato Grosso,2010,1876,Santa Cruz do Xingu,1.0
1942,5107750,Salto do Céu,Mato Grosso,2010,3992,Salto do Céu,0.0
1943,5107776,Santa Terezinha,Mato Grosso,2010,7460,Santa Terezinha,0.0
1944,5107792,Santo Antônio do Leste,Mato Grosso,2010,3673,Santo Antônio do Leste,0.0
1945,5107800,Santo Antônio do Leverger,Mato Grosso,2010,16225,Santo Antônio do Leverger,0.0
1946,5107859,São Félix do Araguaia,Mato Grosso,2010,10843,São Félix do Araguaia,2.0
1947,5107875,Sapezal,Mato Grosso,2010,17871,Sapezal,17.0
1948,5107883,Serra Nova dourada,Mato Grosso,2010,1382,Serra Nova Dourada,0.0
1949,5107909,Sinop,Mato Grosso,2010,115102,Sinop,105.0
1950,5107925,Sorriso,Mato Grosso,2010,66605,Sorriso,5.0
1951,5107941,Tabaporã,Mato Grosso,2010,10169,Tabaporã,0.0
1952,5107958,Tangará da Serra,Mato Grosso,2010,85616,Tangará da Serra,1.0
1953,5108006,Tapurah,Mato Grosso,2010,10392,Tapurah,2.0
1954,5108055,Terra Nova do Norte,Mato Grosso,2010,11433,Terra Nova do Norte,0.0
1955,5108105,Tesouro,Mato Grosso,2010,3445,Tesouro,0.0
1956,5108204,Torixoréu,Mato Grosso,2010,4178,Torixoréu,0.0
1957,5108303,União do Sul,Mato Grosso,2010,3858,União do Sul,0.0
1958,5108352,Vale de São domingos,Mato Grosso,2010,3105,Vale de São Domingos,1.0
1959,5108402,Várzea Grande,Mato Grosso,2010,260491,Várzea Grande,1.0
1960,5108600,Vila Rica,Mato Grosso,2010,21296,Vila Rica,1.0
1961,5108808,Nova Guarita,Mato Grosso,2010,5029,Nova Guarita,1.0
1962,5108857,Nova Marilândia,Mato Grosso,2010,3001,Nova Marilândia,0.0
1963,5108907,Nova Maringá,Mato Grosso,2010,6426,Nova Maringá,2.0
1964,5108956,Nova Monte Verde,Mato Grosso,2010,8219,Nova Monte Verde,0.0
1965,1100015,Alta Floresta D'oeste,Rondônia,2011,24947,Alta Floresta D'Oeste,17.0
1966,1100023,Ariquemes,Rondônia,2011,92935,Ariquemes,514.0
1967,1100031,Cabixi,Rondônia,2011,6472,Cabixi,1.0
1968,1100049,Cacoal,Rondônia,2011,80747,Cacoal,10.0
1969,1100056,Cerejeiras,Rondônia,2011,17387,Cerejeiras,1.0
1970,1100064,Colorado do Oeste,Rondônia,2011,19029,Colorado do Oeste,1.0
1971,1100072,Corumbiara,Rondônia,2011,8963,Corumbiara,1.0
1972,1100080,Costa Marques,Rondônia,2011,13991,Costa Marques,180.0
1973,1100098,Espigão D'oeste,Rondônia,2011,29598,Espigão D'Oeste,19.0
1974,1100106,Guajará-Mirim,Rondônia,2011,42855,Guajará-Mirim,654.0
1975,1100114,Jaru,Rondônia,2011,53408,Jaru,28.0
1976,1100122,Ji-Paraná,Rondônia,2011,120182,Ji-Paraná,69.0
1977,1100130,Machadinho D'oeste,Rondônia,2011,32018,Machadinho D'Oeste,2164.0
1978,1100148,Nova Brasilândia D'oeste,Rondônia,2011,20196,Nova Brasilândia D'Oeste,18.0
1979,1100155,Ouro Preto do Oeste,Rondônia,2011,39088,Ouro Preto do Oeste,9.0
1980,1100189,Pimenta Bueno,Rondônia,2011,34814,Pimenta Bueno,15.0
1981,1100205,Porto Velho,Rondônia,2011,441112,Porto Velho,16755.0
1982,1100254,Presidente Médici,Rondônia,2011,22828,Presidente Médici,14.0
1983,1100262,Rio Crespo,Rondônia,2011,3388,Rio Crespo,185.0
1984,1100288,Rolim de Moura,Rondônia,2011,52016,Rolim de Moura,8.0
1985,1100296,Santa Luzia D'oeste,Rondônia,2011,9086,Santa Luzia D'Oeste,1.0
1986,1100304,Vilhena,Rondônia,2011,78478,Vilhena,8.0
1987,1100320,São Miguel do Guaporé,Rondônia,2011,21436,São Miguel do Guaporé,52.0
1988,1100338,Nova Mamoré,Rondônia,2011,22998,Nova Mamoré,762.0
1989,1100346,Alvorada D'oeste,Rondônia,2011,17186,Alvorada D'Oeste,35.0
1990,1100379,Alto Alegre dos Parecis,Rondônia,2011,13098,Alto Alegre dos Parecis,3.0
1991,1100403,Alto Paraíso,Rondônia,2011,17455,Alto Paraíso,562.0
1992,1100452,Buritis,Rondônia,2011,33237,Buritis,333.0
1993,1100502,Novo Horizonte do Oeste,Rondônia,2011,10419,Novo Horizonte do Oeste,1.0
1994,1100601,Cacaulândia,Rondônia,2011,5758,Cacaulândia,27.0
1995,1100700,Campo Novo de Rondônia,Rondônia,2011,12782,Campo Novo de Rondônia,378.0
1996,1100809,Candeias do Jamari,Rondônia,2011,20214,Candeias do Jamari,4470.0
1997,1100908,Castanheiras,Rondônia,2011,3647,Castanheiras,3.0
1998,1100924,Chupinguaia,Rondônia,2011,8475,Chupinguaia,5.0
1999,1100940,Cujubim,Rondônia,2011,16038,Cujubim,1437.0
2000,1101005,Governador Jorge Teixeira,Rondônia,2011,10677,Governador Jorge Teixeira,4.0
2001,1101104,Itapuã do Oeste,Rondônia,2011,8741,Itapuã do Oeste,383.0
2002,1101203,Ministro Andreazza,Rondônia,2011,10355,Ministro Andreazza,0.0
2003,1101302,Mirante da Serra,Rondônia,2011,12107,Mirante da Serra,3.0
2004,1101401,Monte Negro,Rondônia,2011,14341,Monte Negro,140.0
2005,1101435,Nova União,Rondônia,2011,7660,Nova União,8.0
2006,1101450,Parecis,Rondônia,2011,4886,Parecis,0.0
2007,1101468,Pimenteiras do Oeste,Rondônia,2011,2350,Pimenteiras do Oeste,56.0
2008,1101476,Primavera de Rondônia,Rondônia,2011,3584,Primavera de Rondônia,8.0
2009,1101484,São Felipe D'oeste,Rondônia,2011,6167,São Felipe D'Oeste,1.0
2010,1101492,São Francisco do Guaporé,Rondônia,2011,16382,São Francisco do Guaporé,18.0
2011,1101500,Seringueiras,Rondônia,2011,12812,Seringueiras,31.0
2012,1101559,Teixeirópolis,Rondônia,2011,4994,Teixeirópolis,1.0
2013,1101609,Theobroma,Rondônia,2011,10811,Theobroma,26.0
2014,1101708,Urupá,Rondônia,2011,13246,Urupá,7.0
2015,1101757,Vale do Anari,Rondônia,2011,9554,Vale do Anari,148.0
2016,1101807,Vale do Paraíso,Rondônia,2011,8400,Vale do Paraíso,2.0
2017,1200013,Acrelândia,Acre,2011,13111,Acrelândia,57.0
2018,1200054,Assis Brasil,Acre,2011,6375,Assis Brasil,4.0
2019,1200104,Brasiléia,Acre,2011,22354,Brasiléia,5.0
2020,1200138,Bujari,Acre,2011,8903,Bujari,9.0
2021,1200179,Capixaba,Acre,2011,9217,Capixaba,6.0
2022,1200203,Cruzeiro do Sul,Acre,2011,83563,Cruzeiro do Sul,12678.0
2023,1200252,Epitaciolândia,Acre,2011,15800,Epitaciolândia,1.0
2024,1200302,Feijó,Acre,2011,34637,Feijó,5.0
2025,1200328,Jordão,Acre,2011,6914,Jordão,7.0
2026,1200336,Mâncio Lima,Acre,2011,16006,Mâncio Lima,4775.0
2027,1200344,Manoel Urbano,Acre,2011,8385,Manoel Urbano,1.0
2028,1200351,Marechal Thaumaturgo,Acre,2011,14975,Marechal Thaumaturgo,55.0
2029,1200385,Plácido de Castro,Acre,2011,17985,Plácido de Castro,169.0
2030,1200393,Porto Walter,Acre,2011,9657,Porto Walter,72.0
2031,1200401,Rio Branco,Acre,2011,358389,Rio Branco,137.0
2032,1200427,Rodrigues Alves,Acre,2011,15085,Rodrigues Alves,3583.0
2033,1200435,Santa Rosa do Purus,Acre,2011,4869,Santa Rosa do Purus,0.0
2034,1200450,Senador Guiomard,Acre,2011,21189,Senador Guiomard,31.0
2035,1200500,Sena Madureira,Acre,2011,40540,Sena Madureira,3.0
2036,1200609,Tarauacá,Acre,2011,38028,Tarauacá,532.0
2037,1200708,Xapuri,Acre,2011,16817,Xapuri,0.0
2038,1200807,Porto Acre,Acre,2011,15564,Porto Acre,106.0
2039,1300029,Alvarães,Amazonas,2011,14497,Alvarães,738.0
2040,1300060,Amaturá,Amazonas,2011,9722,Amaturá,15.0
2041,1300086,Anamã,Amazonas,2011,10354,Anamã,19.0
2042,1300102,Anori,Amazonas,2011,16728,Anori,3.0
2043,1300144,Apuí,Amazonas,2011,18494,Apuí,190.0
2044,1300201,Atalaia do Norte,Amazonas,2011,15462,Atalaia do Norte,2754.0
2045,1300300,Autazes,Amazonas,2011,33297,Autazes,452.0
2046,1300409,Barcelos,Amazonas,2011,25508,Barcelos,2178.0
2047,1300508,Barreirinha,Amazonas,2011,28376,Barreirinha,0.0
2048,1300607,Benjamin Constant,Amazonas,2011,34574,Benjamin Constant,264.0
2049,1300631,Beruri,Amazonas,2011,15955,Beruri,226.0
2050,1300680,Boa Vista do Ramos,Amazonas,2011,15467,Boa Vista do Ramos,0.0
2051,1300706,Boca do Acre,Amazonas,2011,31726,Boca do Acre,224.0
2052,1300805,Borba,Amazonas,2011,35909,Borba,2608.0
2053,1300839,Caapiranga,Amazonas,2011,11323,Caapiranga,127.0
2054,1300904,Canutama,Amazonas,2011,14140,Canutama,1069.0
2055,1301001,Carauari,Amazonas,2011,26726,Carauari,443.0
2056,1301100,Careiro,Amazonas,2011,33604,Careiro,915.0
2057,1301159,Careiro da Várzea,Amazonas,2011,24031,Careiro da Várzea,95.0
2058,1301209,Coari,Amazonas,2011,77901,Coari,2454.0
2059,1301308,Codajás,Amazonas,2011,23637,Codajás,55.0
2060,1301407,Eirunepé,Amazonas,2011,31822,Eirunepé,3751.0
2061,1301506,Envira,Amazonas,2011,16733,Envira,83.0
2062,1301605,Fonte Boa,Amazonas,2011,23632,Fonte Boa,115.0
2063,1301654,Guajará,Amazonas,2011,14304,Guajará,978.0
2064,1301704,Humaitá,Amazonas,2011,45762,Humaitá,1818.0
2065,1301803,Ipixuna,Amazonas,2011,22753,Ipixuna,615.0
2066,1301852,Iranduba,Amazonas,2011,42594,Iranduba,725.0
2067,1301902,Itacoatiara,Amazonas,2011,90322,Itacoatiara,341.0
2068,1301951,Itamarati,Amazonas,2011,8334,Itamarati,203.0
2069,1302009,Itapiranga,Amazonas,2011,8469,Itapiranga,12.0
2070,1302108,Japurá,Amazonas,2011,7578,Japurá,46.0
2071,1302207,Juruá,Amazonas,2011,11027,Juruá,252.0
2072,1302306,Jutaí,Amazonas,2011,18793,Jutaí,774.0
2073,1302405,Lábrea,Amazonas,2011,38933,Lábrea,2091.0
2074,1302504,Manacapuru,Amazonas,2011,88330,Manacapuru,211.0
2075,1302553,Manaquiri,Amazonas,2011,22658,Manaquiri,98.0
2076,1302603,Manaus,Amazonas,2011,1880703,Manaus,14685.0
2077,1302702,Manicoré,Amazonas,2011,48300,Manicoré,1534.0
2078,1302801,Maraã,Amazonas,2011,17694,Maraã,48.0
2079,1302900,Maués,Amazonas,2011,53964,Maués,327.0
2080,1303007,Nhamundá,Amazonas,2011,18711,Nhamundá,19.0
2081,1303106,Nova Olinda do Norte,Amazonas,2011,31241,Nova Olinda do Norte,29.0
2082,1303205,Novo Airão,Amazonas,2011,15067,Novo Airão,283.0
2083,1303304,Novo Aripuanã,Amazonas,2011,21904,Novo Aripuanã,789.0
2084,1303403,Parintins,Amazonas,2011,104958,Parintins,24.0
2085,1303502,Pauini,Amazonas,2011,18649,Pauini,211.0
2086,1303536,Presidente Figueiredo,Amazonas,2011,28059,Presidente Figueiredo,698.0
2087,1303569,Rio Preto da Eva,Amazonas,2011,26283,Rio Preto da Eva,1395.0
2088,1303601,Santa Isabel do Rio Negro,Amazonas,2011,18142,Santa Isabel do Rio Negro,1118.0
2089,1303700,Santo Antônio do Içá,Amazonas,2011,25231,Santo Antônio do Içá,286.0
2090,1303809,São Gabriel da Cachoeira,Amazonas,2011,39167,São Gabriel da Cachoeira,5191.0
2091,1303908,São Paulo de Olivença,Amazonas,2011,32309,São Paulo de Olivença,689.0
2092,1303957,São Sebastião do Uatumã,Amazonas,2011,10962,São Sebastião do Uatumã,158.0
2093,1304005,Silves,Amazonas,2011,8757,Silves,17.0
2094,1304062,Tabatinga,Amazonas,2011,54135,Tabatinga,1364.0
2095,1304104,Tapauá,Amazonas,2011,18603,Tapauá,1199.0
2096,1304203,Tefé,Amazonas,2011,63699,Tefé,2124.0
2097,1304237,Tonantins,Amazonas,2011,17538,Tonantins,5.0
2098,1304260,Uarini,Amazonas,2011,12302,Uarini,708.0
2099,1304302,Urucará,Amazonas,2011,17601,Urucará,24.0
2100,1304401,Urucurituba,Amazonas,2011,18451,Urucurituba,0.0
2101,1400027,Amajari,Roraima,2011,9877,Amajari,1421.0
2102,1400050,Alto Alegre,Roraima,2011,17266,Alto Alegre,1282.0
2103,1400100,Boa Vista,Roraima,2011,306697,Boa Vista,335.0
2104,1400159,Bonfim,Roraima,2011,11521,Bonfim,830.0
2105,1400175,Cantá,Roraima,2011,14651,Cantá,3137.0
2106,1400209,Caracaraí,Roraima,2011,19110,Caracaraí,1782.0
2107,1400233,Caroebe,Roraima,2011,8540,Caroebe,32.0
2108,1400282,Iracema,Roraima,2011,9013,Iracema,340.0
2109,1400308,Mucajaí,Roraima,2011,15454,Mucajaí,770.0
2110,1400407,Normandia,Roraima,2011,9536,Normandia,129.0
2111,1400456,Pacaraima,Roraima,2011,11221,Pacaraima,111.0
2112,1400472,Rorainópolis,Roraima,2011,25575,Rorainópolis,1205.0
2113,1400506,São João da Baliza,Roraima,2011,7129,São João da Baliza,170.0
2114,1400605,São Luiz,Roraima,2011,6949,São Luiz,49.0
2115,1400704,Uiramutã,Roraima,2011,8941,Uiramutã,277.0
2116,1500107,Abaetetuba,Pará,2011,145065,Abaetetuba,9.0
2117,1500131,Abel Figueiredo,Pará,2011,6927,Abel Figueiredo,4.0
2118,1500206,Acará,Pará,2011,55165,Acará,13.0
2119,1500305,Afuá,Pará,2011,35993,Afuá,856.0
2120,1500347,Água Azul do Norte,Pará,2011,25302,Água Azul do Norte,3.0
2121,1500404,Alenquer,Pará,2011,54063,Alenquer,1496.0
2122,1500503,Almeirim,Pará,2011,34613,Almeirim,624.0
2123,1500602,Altamira,Pará,2011,102149,Altamira,1410.0
2124,1500701,Anajás,Pará,2011,25288,Anajás,18039.0
2125,1500800,Ananindeua,Pará,2011,484319,Ananindeua,22.0
2126,1500859,Anapu,Pará,2011,20975,Anapu,3313.0
2127,1500909,Augusto Corrêa,Pará,2011,41818,Augusto Corrêa,21.0
2128,1500958,Aurora do Pará,Pará,2011,27040,Aurora do Pará,80.0
2129,1501006,Aveiro,Pará,2011,16172,Aveiro,12.0
2130,1501105,Bagre,Pará,2011,24364,Bagre,4491.0
2131,1501204,Baião,Pará,2011,38275,Baião,538.0
2132,1501253,Bannach,Pará,2011,3539,Bannach,38.0
2133,1501303,Barcarena,Pará,2011,102763,Barcarena,11.0
2134,1501402,Belém,Pará,2011,1434870,Belém,78.0
2135,1501451,Belterra,Pará,2011,16666,Belterra,8.0
2136,1501501,Benevides,Pará,2011,53018,Benevides,7.0
2137,1501576,Bom Jesus do Tocantins,Pará,2011,15792,Bom Jesus do Tocantins,150.0
2138,1501600,Bonito,Pará,2011,13843,Bonito,1.0
2139,1501709,Bragança,Pará,2011,116676,Bragança,23.0
2140,1501725,Brasil Novo,Pará,2011,16164,Brasil Novo,88.0
2141,1501758,Brejo Grande do Araguaia,Pará,2011,7515,Brejo Grande do Araguaia,2.0
2142,1501782,Breu Branco,Pará,2011,53903,Breu Branco,582.0
2143,1501808,Breves,Pará,2011,95392,Breves,3248.0
2144,1501907,Bujaru,Pará,2011,26200,Bujaru,2.0
2145,1501956,Cachoeira do Piriá,Pará,2011,26602,Cachoeira do Piriá,668.0
2146,1502004,Cachoeira do Arari,Pará,2011,20864,Cachoeira do Arari,15.0
2147,1502103,Cametá,Pará,2011,124497,Cametá,14246.0
2148,1502152,Canaã dos Carajás,Pará,2011,27680,Canaã dos Carajás,2.0
2149,1502202,Capanema,Pará,2011,65337,Capanema,4.0
2150,1502301,Capitão Poço,Pará,2011,53275,Capitão Poço,13.0
2151,1502400,Castanhal,Pará,2011,178497,Castanhal,2.0
2152,1502509,Chaves,Pará,2011,21306,Chaves,663.0
2153,1502608,Colares,Pará,2011,11692,Colares,10.0
2154,1502707,Conceição do Araguaia,Pará,2011,46913,Conceição do Araguaia,1.0
2155,1502756,Concórdia do Pará,Pará,2011,28881,Concórdia do Pará,4.0
2156,1502764,Cumaru do Norte,Pará,2011,10679,Cumaru do Norte,135.0
2157,1502772,Curionópolis,Pará,2011,18838,Curionópolis,10.0
2158,1502806,Curralinho,Pará,2011,29421,Curralinho,4580.0
2159,1502855,Curuá,Pará,2011,12529,Curuá,28.0
2160,1502905,Curuçá,Pará,2011,35419,Curuçá,63.0
2161,1502939,dom Eliseu,Pará,2011,52854,Dom Eliseu,10.0
2162,1502954,Eldorado do Carajás,Pará,2011,32839,Eldorado do Carajás,8.0
2163,1503002,Faro,Pará,2011,8381,Faro,55.0
2164,1503044,Floresta do Araguaia,Pará,2011,18223,Floresta do Araguaia,1.0
2165,1503077,Garrafão do Norte,Pará,2011,25695,Garrafão do Norte,14.0
2166,1503093,Goianésia do Pará,Pará,2011,34614,Goianésia do Pará,3780.0
2167,1503101,Gurupá,Pará,2011,29853,Gurupá,28.0
2168,1503200,Igarapé-Açu,Pará,2011,36780,Igarapé-Açu,5.0
2169,1503309,Igarapé-Miri,Pará,2011,59875,Igarapé-Miri,42.0
2170,1503408,Inhangapi,Pará,2011,10204,Inhangapi,0.0
2171,1503457,Ipixuna do Pará,Pará,2011,46629,Ipixuna do Pará,1093.0
2172,1503507,Irituia,Pará,2011,32240,Irituia,33.0
2173,1503606,Itaituba,Pará,2011,100396,Itaituba,11757.0
2174,1503705,Itupiranga,Pará,2011,53198,Itupiranga,487.0
2175,1503754,Jacareacanga,Pará,2011,14245,Jacareacanga,5443.0
2176,1503804,Jacundá,Pará,2011,52093,Jacundá,83.0
2177,1503903,Juruti,Pará,2011,48322,Juruti,0.0
2178,1504000,Limoeiro do Ajuru,Pará,2011,25717,Limoeiro do Ajuru,487.0
2179,1504059,Mãe do Rio,Pará,2011,28809,Mãe do Rio,1.0
2180,1504109,Magalhães Barata,Pará,2011,8286,Magalhães Barata,155.0
2181,1504208,Marabá,Pará,2011,243589,Marabá,568.0
2182,1504307,Maracanã,Pará,2011,29016,Maracanã,313.0
2183,1504406,Marapanim,Pará,2011,27232,Marapanim,514.0
2184,1504422,Marituba,Pará,2011,110981,Marituba,53.0
2185,1504455,Medicilândia,Pará,2011,27988,Medicilândia,295.0
2186,1504505,Melgaço,Pará,2011,25344,Melgaço,683.0
2187,1504604,Mocajuba,Pará,2011,27414,Mocajuba,677.0
2188,1504703,Moju,Pará,2011,71975,Moju,1339.0
2189,1504752,Mojuí dos Campos,Pará,2011,15151,Mojuí dos Campos,0.0
2190,1504802,Monte Alegre,Pará,2011,56938,Monte Alegre,29.0
2191,1504901,Muaná,Pará,2011,35259,Muaná,480.0
2192,1504950,Nova Esperança do Piriá,Pará,2011,20620,Nova Esperança do Piriá,129.0
2193,1504976,Nova Ipixuna,Pará,2011,15037,Nova Ipixuna,94.0
2194,1505007,Nova Timboteua,Pará,2011,13889,Nova Timboteua,0.0
2195,1505031,Novo Progresso,Pará,2011,25806,Novo Progresso,1640.0
2196,1505064,Novo Repartimento,Pará,2011,64081,Novo Repartimento,634.0
2197,1505106,Óbidos,Pará,2011,50707,Óbidos,191.0
2198,1505205,Oeiras do Pará,Pará,2011,29516,Oeiras do Pará,13151.0
2199,1505304,Oriximiná,Pará,2011,64361,Oriximiná,68.0
2200,1505403,Ourém,Pará,2011,16693,Ourém,1.0
2201,1505437,Ourilândia do Norte,Pará,2011,28290,Ourilândia do Norte,5.0
2202,1505486,Pacajá,Pará,2011,41371,Pacajá,4567.0
2203,1505494,Palestina do Pará,Pará,2011,7662,Palestina do Pará,6.0
2204,1505502,Paragominas,Pará,2011,100791,Paragominas,571.0
2205,1505536,Parauapebas,Pará,2011,159814,Parauapebas,44.0
2206,1505601,Peixe-Boi,Pará,2011,8037,Peixe-Boi,0.0
2207,1505635,Piçarra,Pará,2011,13062,Piçarra,1.0
2208,1505650,Placas,Pará,2011,23872,Placas,129.0
2209,1505700,Ponta de Pedras,Pará,2011,26542,Ponta de Pedras,323.0
2210,1505809,Portel,Pará,2011,53634,Portel,2062.0
2211,1505908,Porto de Moz,Pará,2011,35182,Porto de Moz,1544.0
2212,1506005,Prainha,Pará,2011,30241,Prainha,694.0
2213,1506104,Primavera,Pará,2011,10452,Primavera,1.0
2214,1506112,Quatipuru,Pará,2011,12559,Quatipuru,0.0
2215,1506138,Redenção,Pará,2011,77996,Redenção,1.0
2216,1506161,Rio Maria,Pará,2011,18183,Rio Maria,1.0
2217,1506187,Rondon do Pará,Pará,2011,48933,Rondon do Pará,109.0
2218,1506195,Rurópolis,Pará,2011,40901,Rurópolis,9.0
2219,1506203,Salinópolis,Pará,2011,38551,Salinópolis,13.0
2220,1506302,Salvaterra,Pará,2011,20577,Salvaterra,2.0
2221,1506351,Santa Bárbara do Pará,Pará,2011,17536,Santa Bárbara do Pará,3.0
2222,1506401,Santa Cruz do Arari,Pará,2011,8226,Santa Cruz do Arari,513.0
2223,1506500,Santa Izabel do Pará,Pará,2011,61162,Santa Izabel do Pará,4.0
2224,1506559,Santa Luzia do Pará,Pará,2011,19881,Santa Luzia do Pará,0.0
2225,1506583,Santa Maria das Barreiras,Pará,2011,17515,Santa Maria das Barreiras,1.0
2226,1506609,Santa Maria do Pará,Pará,2011,23450,Santa Maria do Pará,3.0
2227,1506708,Santana do Araguaia,Pará,2011,54939,Santana do Araguaia,0.0
2228,1506807,Santarém,Pará,2011,288501,Santarém,224.0
2229,1506906,Santarém Novo,Pará,2011,6246,Santarém Novo,6.0
2230,1507003,Santo Antônio do Tauá,Pará,2011,27330,Santo Antônio do Tauá,4.0
2231,1507102,São Caetano de Odivelas,Pará,2011,17191,São Caetano de Odivelas,219.0
2232,1507151,São domingos do Araguaia,Pará,2011,23739,São Domingos do Araguaia,21.0
2233,1507201,São domingos do Capim,Pará,2011,30901,São Domingos do Capim,15.0
2234,1507300,São Félix do Xingu,Pará,2011,91785,São Félix do Xingu,144.0
2235,1507409,São Francisco do Pará,Pará,2011,15324,São Francisco do Pará,0.0
2236,1507458,São Geraldo do Araguaia,Pará,2011,26434,São Geraldo do Araguaia,2.0
2237,1507466,São João da Ponta,Pará,2011,5294,São João da Ponta,7.0
2238,1507474,São João de Pirabas,Pará,2011,21020,São João de Pirabas,13.0
2239,1507508,São João do Araguaia,Pará,2011,13569,São João do Araguaia,220.0
2240,1507607,São Miguel do Guamá,Pará,2011,52808,São Miguel do Guamá,5.0
2241,1507706,São Sebastião da Boa Vista,Pará,2011,23389,São Sebastião da Boa Vista,1144.0
2242,1507755,Sapucaia,Pará,2011,5171,Sapucaia,0.0
2243,1507805,Senador José Porfírio,Pará,2011,13478,Senador José Porfírio,1295.0
2244,1507904,Soure,Pará,2011,23460,Soure,1.0
2245,1507953,Tailândia,Pará,2011,80261,Tailândia,141.0
2246,1507961,Terra Alta,Pará,2011,10427,Terra Alta,1.0
2247,1507979,Terra Santa,Pará,2011,17258,Terra Santa,0.0
2248,1508001,Tomé-Açu,Pará,2011,58093,Tomé-Açu,182.0
2249,1508035,Tracuateua,Pará,2011,28278,Tracuateua,0.0
2250,1508050,Trairão,Pará,2011,17085,Trairão,138.0
2251,1508084,Tucumã,Pará,2011,34810,Tucumã,1.0
2252,1508100,Tucuruí,Pará,2011,100561,Tucuruí,922.0
2253,1508126,Ulianópolis,Pará,2011,43982,Ulianópolis,11.0
2254,1508159,Uruará,Pará,2011,46085,Uruará,244.0
2255,1508209,Vigia,Pará,2011,49084,Vigia,9.0
2256,1508308,Viseu,Pará,2011,58504,Viseu,492.0
2257,1508357,Vitória do Xingu,Pará,2011,13745,Vitória do Xingu,180.0
2258,1508407,Xinguara,Pará,2011,42040,Xinguara,2.0
2259,1600055,Serra do Navio,Amapá,2011,4507,Serra do Navio,899.0
2260,1600105,Amapá,Amapá,2011,8343,Amapá,33.0
2261,1600154,Pedra Branca do Amapari,Amapá,2011,11015,Pedra Branca do Amapari,1411.0
2262,1600204,Calçoene,Amapá,2011,9332,Calçoene,1158.0
2263,1600212,Cutias,Amapá,2011,4848,Cutias,57.0
2264,1600238,Ferreira Gomes,Amapá,2011,6024,Ferreira Gomes,267.0
2265,1600253,Itaubal,Amapá,2011,4394,Itaubal,16.0
2266,1600279,Laranjal do Jari,Amapá,2011,41830,Laranjal do Jari,486.0
2267,1600303,Macapá,Amapá,2011,417066,Macapá,1642.0
2268,1600402,Mazagão,Amapá,2011,17617,Mazagão,1964.0
2269,1600501,Oiapoque,Amapá,2011,21233,Oiapoque,4473.0
2270,1600535,Porto Grande,Amapá,2011,17420,Porto Grande,2523.0
2271,1600550,Pracuúba,Amapá,2011,3936,Pracuúba,56.0
2272,1600600,Santana,Amapá,2011,106330,Santana,1753.0
2273,1600709,Tartarugalzinho,Amapá,2011,13029,Tartarugalzinho,367.0
2274,1600808,Vitória do Jari,Amapá,2011,12846,Vitória do Jari,17.0
2275,1700251,Abreulândia,Tocantins,2011,2437,Abreulândia,0.0
2276,1700400,Almas,Tocantins,2011,7624,Almas,0.0
2277,1701002,Ananás,Tocantins,2011,10075,Ananás,0.0
2278,1701903,Araguacema,Tocantins,2011,6369,Araguacema,0.0
2279,1702109,Araguaína,Tocantins,2011,154479,Araguaína,0.0
2280,1702208,Araguatins,Tocantins,2011,32040,Araguatins,5.0
2281,1702554,Augustinópolis,Tocantins,2011,16265,Augustinópolis,0.0
2282,1702703,Aurora do Tocantins,Tocantins,2011,3503,Aurora do Tocantins,0.0
2283,1702901,Axixá do Tocantins,Tocantins,2011,9418,Axixá do Tocantins,0.0
2284,1703008,Babaçulândia,Tocantins,2011,10329,Babaçulândia,0.0
2285,1703800,Buriti do Tocantins,Tocantins,2011,9939,Buriti do Tocantins,0.0
2286,1703891,Carrasco Bonito,Tocantins,2011,3709,Carrasco Bonito,0.0
2287,1703909,Caseara,Tocantins,2011,4668,Caseara,0.0
2288,1705607,Conceição do Tocantins,Tocantins,2011,4206,Conceição do Tocantins,0.0
2289,1707405,Esperantina,Tocantins,2011,9458,Esperantina,0.0
2290,1710508,Itacajá,Tocantins,2011,7199,Itacajá,0.0
2291,1710706,Itaguatins,Tocantins,2011,6068,Itaguatins,0.0
2292,1711803,Juarina,Tocantins,2011,2251,Juarina,0.0
2293,1712504,Marianópolis do Tocantins,Tocantins,2011,4421,Marianópolis do Tocantins,0.0
2294,1712801,Maurilândia do Tocantins,Tocantins,2011,3185,Maurilândia do Tocantins,0.0
2295,1713304,Miranorte,Tocantins,2011,12842,Miranorte,0.0
2296,1714203,Natividade,Tocantins,2011,9138,Natividade,0.0
2297,1718204,Porto Nacional,Tocantins,2011,50616,Porto Nacional,0.0
2298,1718303,Praia Norte,Tocantins,2011,7890,Praia Norte,0.0
2299,1718550,Riachinho,Tocantins,2011,4250,Riachinho,0.0
2300,1718808,Sampaio,Tocantins,2011,3935,Sampaio,0.0
2301,1718840,Sandolândia,Tocantins,2011,3411,Sandolândia,0.0
2302,1718865,Santa Fé do Araguaia,Tocantins,2011,6719,Santa Fé do Araguaia,0.0
2303,1719004,Santa Tereza do Tocantins,Tocantins,2011,2549,Santa Tereza do Tocantins,0.0
2304,1720101,São Bento do Tocantins,Tocantins,2011,4745,São Bento do Tocantins,0.0
2305,1720150,São Félix do Tocantins,Tocantins,2011,1477,São Félix do Tocantins,0.0
2306,1720309,São Sebastião do Tocantins,Tocantins,2011,4340,São Sebastião do Tocantins,0.0
2307,1720804,Sítio Novo do Tocantins,Tocantins,2011,9387,Sítio Novo do Tocantins,0.0
2308,1720903,Taguatinga,Tocantins,2011,15215,Taguatinga,0.0
2309,1720937,Taipas do Tocantins,Tocantins,2011,1970,Taipas do Tocantins,0.0
2310,1721000,Palmas,Tocantins,2011,235831,Palmas,0.0
2311,1721208,Tocantinópolis,Tocantins,2011,23031,Tocantinópolis,0.0
2312,1722107,Xambioá,Tocantins,2011,11598,Xambioá,1.0
2313,2100055,Açailândia,Maranhão,2011,105655,Açailândia,3.0
2314,2100154,Água doce do Maranhão,Maranhão,2011,11695,Água Doce do Maranhão,0.0
2315,2100204,Alcântara,Maranhão,2011,21983,Alcântara,65.0
2316,2100303,Aldeias Altas,Maranhão,2011,24266,Aldeias Altas,0.0
2317,2100402,Altamira do Maranhão,Maranhão,2011,7505,Altamira do Maranhão,2.0
2318,2100436,Alto Alegre do Maranhão,Maranhão,2011,25617,Alto Alegre do Maranhão,0.0
2319,2100477,Alto Alegre do Pindaré,Maranhão,2011,31845,Alto Alegre do Pindaré,5.0
2320,2100550,Amapá do Maranhão,Maranhão,2011,6497,Amapá do Maranhão,62.0
2321,2100600,Amarante do Maranhão,Maranhão,2011,38556,Amarante do Maranhão,0.0
2322,2100808,Anapurus,Maranhão,2011,14112,Anapurus,1.0
2323,2100832,Apicum-Açu,Maranhão,2011,15382,Apicum-Açu,9.0
2324,2100873,Araguanã,Maranhão,2011,14245,Araguanã,18.0
2325,2100956,Arame,Maranhão,2011,32133,Arame,2.0
2326,2101004,Arari,Maranhão,2011,28894,Arari,0.0
2327,2101103,Axixá,Maranhão,2011,11574,Axixá,1.0
2328,2101202,Bacabal,Maranhão,2011,100979,Bacabal,23.0
2329,2101251,Bacabeira,Maranhão,2011,15025,Bacabeira,0.0
2330,2101301,Bacuri,Maranhão,2011,17740,Bacuri,0.0
2331,2101400,Balsas,Maranhão,2011,83954,Balsas,1.0
2332,2101608,Barra do Corda,Maranhão,2011,83708,Barra do Corda,2.0
2333,2101707,Barreirinhas,Maranhão,2011,55631,Barreirinhas,1.0
2334,2101731,Belágua,Maranhão,2011,6836,Belágua,0.0
2335,2101772,Bela Vista do Maranhão,Maranhão,2011,10445,Bela Vista do Maranhão,1.0
2336,2101806,Benedito Leite,Maranhão,2011,5512,Benedito Leite,13.0
2337,2101905,Bequimão,Maranhão,2011,21021,Bequimão,2.0
2338,2101939,Bernardo do Mearim,Maranhão,2011,5698,Bernardo do Mearim,0.0
2339,2101970,Boa Vista do Gurupi,Maranhão,2011,7177,Boa Vista do Gurupi,124.0
2340,2102002,Bom Jardim,Maranhão,2011,39975,Bom Jardim,9.0
2341,2102036,Bom Jesus das Selvas,Maranhão,2011,28799,Bom Jesus das Selvas,6.0
2342,2102101,Brejo,Maranhão,2011,33966,Brejo,0.0
2343,2102150,Brejo de Areia,Maranhão,2011,10821,Brejo de Areia,4.0
2344,2102200,Buriti,Maranhão,2011,27356,Buriti,0.0
2345,2102309,Buriti Bravo,Maranhão,2011,23233,Buriti Bravo,0.0
2346,2102325,Buriticupu,Maranhão,2011,66732,Buriticupu,1.0
2347,2102358,Buritirana,Maranhão,2011,15080,Buritirana,0.0
2348,2102374,Cachoeira Grande,Maranhão,2011,8535,Cachoeira Grande,4.0
2349,2102408,Cajapió,Maranhão,2011,10812,Cajapió,0.0
2350,2102507,Cajari,Maranhão,2011,18661,Cajari,0.0
2351,2102556,Campestre do Maranhão,Maranhão,2011,13547,Campestre do Maranhão,0.0
2352,2102606,Cândido Mendes,Maranhão,2011,19077,Cândido Mendes,116.0
2353,2102705,Cantanhede,Maranhão,2011,20541,Cantanhede,0.0
2354,2102754,Capinzal do Norte,Maranhão,2011,10844,Capinzal do Norte,0.0
2355,2102903,Carutapera,Maranhão,2011,22242,Carutapera,13.0
2356,2103000,Caxias,Maranhão,2011,158128,Caxias,5.0
2357,2103109,Cedral,Maranhão,2011,10444,Cedral,94.0
2358,2103125,Central do Maranhão,Maranhão,2011,7998,Central do Maranhão,2.0
2359,2103158,Centro do Guilherme,Maranhão,2011,11279,Centro do Guilherme,8.0
2360,2103174,Centro Novo do Maranhão,Maranhão,2011,19482,Centro Novo do Maranhão,138.0
2361,2103208,Chapadinha,Maranhão,2011,74304,Chapadinha,0.0
2362,2103257,Cidelândia,Maranhão,2011,13887,Cidelândia,0.0
2363,2103307,Codó,Maranhão,2011,120227,Codó,0.0
2364,2103505,Colinas,Maranhão,2011,39692,Colinas,0.0
2365,2103554,Conceição do Lago-Açu,Maranhão,2011,14651,Conceição do Lago-Açu,22.0
2366,2103604,Coroatá,Maranhão,2011,62703,Coroatá,4.0
2367,2103703,Cururupu,Maranhão,2011,33141,Cururupu,0.0
2368,2103752,davinópolis,Maranhão,2011,12681,Davinópolis,0.0
2369,2103802,dom Pedro,Maranhão,2011,22981,Dom Pedro,2.0
2370,2103901,Duque Bacelar,Maranhão,2011,10807,Duque Bacelar,0.0
2371,2104008,Esperantinópolis,Maranhão,2011,18414,Esperantinópolis,0.0
2372,2104057,Estreito,Maranhão,2011,36360,Estreito,1.0
2373,2104099,Formosa da Serra Negra,Maranhão,2011,17376,Formosa da Serra Negra,0.0
2374,2104206,Fortuna,Maranhão,2011,17438,Fortuna,11.0
2375,2104305,Godofredo Viana,Maranhão,2011,10353,Godofredo Viana,0.0
2376,2104404,Gonçalves Dias,Maranhão,2011,17708,Gonçalves Dias,19.0
2377,2104503,Governador Archer,Maranhão,2011,10322,Governador Archer,1.0
2378,2104552,Governador Edison Lobão,Maranhão,2011,15983,Governador Edison Lobão,0.0
2379,2104602,Governador Eugênio Barros,Maranhão,2011,14057,Governador Eugênio Barros,1.0
2380,2104628,Governador Luiz Rocha,Maranhão,2011,7433,Governador Luiz Rocha,1.0
2381,2104651,Governador Newton Bello,Maranhão,2011,10443,Governador Newton Bello,0.0
2382,2104677,Governador Nunes Freire,Maranhão,2011,25998,Governador Nunes Freire,114.0
2383,2104701,Graça Aranha,Maranhão,2011,6209,Graça Aranha,0.0
2384,2104800,Grajaú,Maranhão,2011,62686,Grajaú,4.0
2385,2104909,Guimarães,Maranhão,2011,12280,Guimarães,224.0
2386,2105005,Humberto de Campos,Maranhão,2011,26691,Humberto de Campos,1.0
2387,2105104,Icatu,Maranhão,2011,25586,Icatu,4.0
2388,2105153,Igarapé do Meio,Maranhão,2011,12690,Igarapé do Meio,0.0
2389,2105203,Igarapé Grande,Maranhão,2011,10625,Igarapé Grande,0.0
2390,2105302,Imperatriz,Maranhão,2011,250519,Imperatriz,2.0
2391,2105351,Itaipava do Grajaú,Maranhão,2011,14293,Itaipava do Grajaú,1.0
2392,2105401,Itapecuru Mirim,Maranhão,2011,63080,Itapecuru Mirim,0.0
2393,2105427,Itinga do Maranhão,Maranhão,2011,25261,Itinga do Maranhão,5.0
2394,2105450,Jatobá,Maranhão,2011,8617,Jatobá,1.0
2395,2105476,Jenipapo dos Vieiras,Maranhão,2011,15932,Jenipapo dos Vieiras,0.0
2396,2105500,João Lisboa,Maranhão,2011,24222,João Lisboa,0.0
2397,2105609,Joselândia,Maranhão,2011,15777,Joselândia,5.0
2398,2105658,Junco do Maranhão,Maranhão,2011,4974,Junco do Maranhão,10.0
2399,2105708,Lago da Pedra,Maranhão,2011,46752,Lago da Pedra,3.0
2400,2105906,Lago Verde,Maranhão,2011,15645,Lago Verde,0.0
2401,2105948,Lago dos Rodrigues,Maranhão,2011,8969,Lago dos Rodrigues,0.0
2402,2105963,Lagoa Grande do Maranhão,Maranhão,2011,10606,Lagoa Grande do Maranhão,2.0
2403,2105989,Lajeado Novo,Maranhão,2011,7000,Lajeado Novo,0.0
2404,2106003,Lima Campos,Maranhão,2011,11553,Lima Campos,0.0
2405,2106201,Luís domingues,Maranhão,2011,6579,Luís Domingues,0.0
2406,2106326,Maracaçumé,Maranhão,2011,19370,Maracaçumé,20.0
2407,2106359,Marajá do Sena,Maranhão,2011,7928,Marajá do Sena,0.0
2408,2106375,Maranhãozinho,Maranhão,2011,13720,Maranhãozinho,4.0
2409,2106409,Mata Roma,Maranhão,2011,15304,Mata Roma,1.0
2410,2106508,Matinha,Maranhão,2011,22203,Matinha,2.0
2411,2106607,Matões,Maranhão,2011,32157,Matões,0.0
2412,2106631,Matões do Norte,Maranhão,2011,13885,Matões do Norte,0.0
2413,2106672,Milagres do Maranhão,Maranhão,2011,8251,Milagres do Maranhão,0.0
2414,2106755,Miranda do Norte,Maranhão,2011,24771,Miranda do Norte,0.0
2415,2106805,Mirinzal,Maranhão,2011,14383,Mirinzal,4.0
2416,2106904,Monção,Maranhão,2011,31278,Monção,1.0
2417,2107001,Montes Altos,Maranhão,2011,9544,Montes Altos,0.0
2418,2107100,Morros,Maranhão,2011,18015,Morros,0.0
2419,2107357,Nova Olinda do Maranhão,Maranhão,2011,19482,Nova Olinda do Maranhão,6.0
2420,2107407,Olho D'água das Cunhãs,Maranhão,2011,18870,Olho d'Água das Cunhãs,1.0
2421,2107456,Olinda Nova do Maranhão,Maranhão,2011,13325,Olinda Nova do Maranhão,2.0
2422,2107506,Paço do Lumiar,Maranhão,2011,105793,Paço do Lumiar,1.0
2423,2107605,Palmeirândia,Maranhão,2011,18968,Palmeirândia,0.0
2424,2107704,Paraibano,Maranhão,2011,20342,Paraibano,3.0
2425,2107803,Parnarama,Maranhão,2011,33828,Parnarama,0.0
2426,2108009,Pastos Bons,Maranhão,2011,18267,Pastos Bons,1.0
2427,2108108,Paulo Ramos,Maranhão,2011,20680,Paulo Ramos,0.0
2428,2108207,Pedreiras,Maranhão,2011,39602,Pedreiras,0.0
2429,2108256,Pedro do Rosário,Maranhão,2011,23010,Pedro do Rosário,7.0
2430,2108306,Penalva,Maranhão,2011,35890,Penalva,0.0
2431,2108405,Peri Mirim,Maranhão,2011,14092,Peri Mirim,2.0
2432,2108454,Peritoró,Maranhão,2011,21498,Peritoró,2.0
2433,2108504,Pindaré-Mirim,Maranhão,2011,31693,Pindaré-Mirim,0.0
2434,2108603,Pinheiro,Maranhão,2011,78924,Pinheiro,39.0
2435,2108702,Pio Xii,Maranhão,2011,22441,Pio XII,1.0
2436,2108801,Pirapemas,Maranhão,2011,17687,Pirapemas,0.0
2437,2108900,Poção de Pedras,Maranhão,2011,20474,Poção de Pedras,0.0
2438,2109007,Porto Franco,Maranhão,2011,21641,Porto Franco,0.0
2439,2109056,Porto Rico do Maranhão,Maranhão,2011,6125,Porto Rico do Maranhão,0.0
2440,2109106,Presidente Dutra,Maranhão,2011,45256,Presidente Dutra,3.0
2441,2109205,Presidente Juscelino,Maranhão,2011,11683,Presidente Juscelino,3.0
2442,2109239,Presidente Médici,Maranhão,2011,6494,Presidente Médici,8.0
2443,2109270,Presidente Sarney,Maranhão,2011,17375,Presidente Sarney,219.0
2444,2109304,Presidente Vargas,Maranhão,2011,10882,Presidente Vargas,1.0
2445,2109403,Primeira Cruz,Maranhão,2011,14149,Primeira Cruz,0.0
2446,2109452,Raposa,Maranhão,2011,26483,Raposa,1.0
2447,2109551,Ribamar Fiquene,Maranhão,2011,7428,Ribamar Fiquene,0.0
2448,2109601,Rosário,Maranhão,2011,40229,Rosário,2.0
2449,2109759,Santa Filomena do Maranhão,Maranhão,2011,7224,Santa Filomena do Maranhão,0.0
2450,2109809,Santa Helena,Maranhão,2011,38630,Santa Helena,408.0
2451,2109908,Santa Inês,Maranhão,2011,84368,Santa Inês,16.0
2452,2110005,Santa Luzia,Maranhão,2011,70941,Santa Luzia,5.0
2453,2110039,Santa Luzia do Paruá,Maranhão,2011,23983,Santa Luzia do Paruá,38.0
2454,2110104,Santa Quitéria do Maranhão,Maranhão,2011,24364,Santa Quitéria do Maranhão,0.0
2455,2110203,Santa Rita,Maranhão,2011,33336,Santa Rita,0.0
2456,2110278,Santo Amaro do Maranhão,Maranhão,2011,13957,Santo Amaro do Maranhão,0.0
2457,2110302,Santo Antônio dos Lopes,Maranhão,2011,14480,Santo Antônio dos Lopes,1.0
2458,2110401,São Benedito do Rio Preto,Maranhão,2011,18103,São Benedito do Rio Preto,0.0
2459,2110500,São Bento,Maranhão,2011,41055,São Bento,0.0
2460,2110708,São domingos do Maranhão,Maranhão,2011,34110,São Domingos do Maranhão,1.0
2461,2110807,São Félix de Balsas,Maranhão,2011,4785,São Félix de Balsas,0.0
2462,2110906,São Francisco do Maranhão,Maranhão,2011,12006,São Francisco do Maranhão,0.0
2463,2111003,São João Batista,Maranhão,2011,20268,São João Batista,0.0
2464,2111029,São João do Carú,Maranhão,2011,16046,São João do Carú,0.0
2465,2111052,São João do Paraíso,Maranhão,2011,10981,São João do Paraíso,1.0
2466,2111078,São João do Soter,Maranhão,2011,17521,São João do Soter,0.0
2467,2111102,São João dos Patos,Maranhão,2011,25089,São João dos Patos,0.0
2468,2111201,São José de Ribamar,Maranhão,2011,162840,São José de Ribamar,3.0
2469,2111250,São José dos Basílios,Maranhão,2011,7587,São José dos Basílios,1.0
2470,2111300,São Luís,Maranhão,2011,1032128,São Luís,20.0
2471,2111409,São Luís Gonzaga do Maranhão,Maranhão,2011,20077,São Luís Gonzaga do Maranhão,1.0
2472,2111508,São Mateus do Maranhão,Maranhão,2011,39629,São Mateus do Maranhão,3.0
2473,2111532,São Pedro da Água Branca,Maranhão,2011,12164,São Pedro da Água Branca,3.0
2474,2111607,São Raimundo das Mangabeiras,Maranhão,2011,17647,São Raimundo das Mangabeiras,0.0
2475,2111631,São Raimundo do doca Bezerra,Maranhão,2011,6198,São Raimundo do Doca Bezerra,0.0
2476,2111672,São Roberto,Maranhão,2011,6072,São Roberto,0.0
2477,2111706,São Vicente Ferrer,Maranhão,2011,21143,São Vicente Ferrer,0.0
2478,2111722,Satubinha,Maranhão,2011,12216,Satubinha,4.0
2479,2111748,Senador Alexandre Costa,Maranhão,2011,10348,Senador Alexandre Costa,0.0
2480,2111763,Senador La Rocque,Maranhão,2011,14689,Senador La Rocque,2.0
2481,2111789,Serrano do Maranhão,Maranhão,2011,9736,Serrano do Maranhão,0.0
2482,2111904,Sucupira do Norte,Maranhão,2011,10572,Sucupira do Norte,2.0
2483,2112100,Timbiras,Maranhão,2011,28447,Timbiras,4.0
2484,2112209,Timon,Maranhão,2011,157089,Timon,0.0
2485,2112233,Trizidela do Vale,Maranhão,2011,20743,Trizidela do Vale,1.0
2486,2112274,Tufilândia,Maranhão,2011,5709,Tufilândia,4.0
2487,2112308,Tuntum,Maranhão,2011,39806,Tuntum,1.0
2488,2112407,Turiaçu,Maranhão,2011,34435,Turiaçu,116.0
2489,2112456,Turilândia,Maranhão,2011,22862,Turilândia,81.0
2490,2112506,Tutóia,Maranhão,2011,53407,Tutóia,2.0
2491,2112605,Urbano Santos,Maranhão,2011,29790,Urbano Santos,0.0
2492,2112704,Vargem Grande,Maranhão,2011,50327,Vargem Grande,0.0
2493,2112803,Viana,Maranhão,2011,50041,Viana,0.0
2494,2112852,Vila Nova dos Martírios,Maranhão,2011,11365,Vila Nova dos Martírios,0.0
2495,2112902,Vitória do Mearim,Maranhão,2011,31722,Vitória do Mearim,21.0
2496,2113009,Vitorino Freire,Maranhão,2011,31375,Vitorino Freire,1.0
2497,2114007,Zé doca,Maranhão,2011,49539,Zé Doca,65.0
2498,5100102,Acorizal,Mato Grosso,2011,5466,Acorizal,0.0
2499,5100201,Água Boa,Mato Grosso,2011,21624,Água Boa,26.0
2500,5100250,Alta Floresta,Mato Grosso,2011,51138,Alta Floresta,6.0
2501,5100300,Alto Araguaia,Mato Grosso,2011,15977,Alto Araguaia,0.0
2502,5100359,Alto Boa Vista,Mato Grosso,2011,5294,Alto Boa Vista,0.0
2503,5100607,Alto Taquari,Mato Grosso,2011,8348,Alto Taquari,0.0
2504,5100805,Apiacás,Mato Grosso,2011,8697,Apiacás,127.0
2505,5101001,Araguaiana,Mato Grosso,2011,3293,Araguaiana,0.0
2506,5101258,Araputanga,Mato Grosso,2011,15379,Araputanga,0.0
2507,5101308,Arenápolis,Mato Grosso,2011,10476,Arenápolis,1.0
2508,5101407,Aripuanã,Mato Grosso,2011,19438,Aripuanã,201.0
2509,5101704,Barra do Bugres,Mato Grosso,2011,31564,Barra do Bugres,1.0
2510,5101803,Barra do Garças,Mato Grosso,2011,58375,Barra do Garças,0.0
2511,5101852,Bom Jesus do Araguaia,Mato Grosso,2011,5505,Bom Jesus do Araguaia,0.0
2512,5101902,Brasnorte,Mato Grosso,2011,15587,Brasnorte,15.0
2513,5102504,Cáceres,Mato Grosso,2011,89914,Cáceres,2.0
2514,5102603,Campinápolis,Mato Grosso,2011,14542,Campinápolis,0.0
2515,5102637,Campo Novo do Parecis,Mato Grosso,2011,28980,Campo Novo do Parecis,1.0
2516,5102678,Campo Verde,Mato Grosso,2011,32747,Campo Verde,0.0
2517,5102686,Campos de Júlio,Mato Grosso,2011,5418,Campos de Júlio,0.0
2518,5102694,Canabrava do Norte,Mato Grosso,2011,4789,Canabrava do Norte,0.0
2519,5102702,Canarana,Mato Grosso,2011,19398,Canarana,0.0
2520,5102793,Carlinda,Mato Grosso,2011,11120,Carlinda,0.0
2521,5102850,Castanheira,Mato Grosso,2011,8306,Castanheira,2.0
2522,5103007,Chapada dos Guimarães,Mato Grosso,2011,18419,Chapada dos Guimarães,0.0
2523,5103056,Cláudia,Mato Grosso,2011,11051,Cláudia,0.0
2524,5103106,Cocalinho,Mato Grosso,2011,5628,Cocalinho,0.0
2525,5103205,Colíder,Mato Grosso,2011,31658,Colíder,4.0
2526,5103254,Colniza,Mato Grosso,2011,26835,Colniza,912.0
2527,5103304,Comodoro,Mato Grosso,2011,18325,Comodoro,6.0
2528,5103353,Confresa,Mato Grosso,2011,26173,Confresa,0.0
2529,5103361,Conquista D'oeste,Mato Grosso,2011,3436,Conquista D'Oeste,0.0
2530,5103379,Cotriguaçu,Mato Grosso,2011,14404,Cotriguaçu,1.0
2531,5103403,Cuiabá,Mato Grosso,2011,576533,Cuiabá,7.0
2532,5103502,Diamantino,Mato Grosso,2011,20728,Diamantino,0.0
2533,5103601,dom Aquino,Mato Grosso,2011,8215,Dom Aquino,0.0
2534,5103700,Feliz Natal,Mato Grosso,2011,11043,Feliz Natal,1.0
2535,5103858,Gaúcha do Norte,Mato Grosso,2011,6503,Gaúcha do Norte,0.0
2536,5103908,General Carneiro,Mato Grosso,2011,5404,General Carneiro,0.0
2537,5103957,Glória D'oeste,Mato Grosso,2011,3132,Glória D'Oeste,0.0
2538,5104104,Guarantã do Norte,Mato Grosso,2011,32886,Guarantã do Norte,5.0
2539,5104203,Guiratinga,Mato Grosso,2011,13618,Guiratinga,1.0
2540,5104526,Ipiranga do Norte,Mato Grosso,2011,5303,Ipiranga do Norte,0.0
2541,5104542,Itanhangá,Mato Grosso,2011,5501,Itanhangá,2.0
2542,5104559,Itaúba,Mato Grosso,2011,4696,Itaúba,0.0
2543,5104609,Itiquira,Mato Grosso,2011,11674,Itiquira,2.0
2544,5104807,Jaciara,Mato Grosso,2011,26629,Jaciara,0.0
2545,5105002,Jauru,Mato Grosso,2011,10266,Jauru,0.0
2546,5105101,Juara,Mato Grosso,2011,33864,Juara,4.0
2547,5105150,Juína,Mato Grosso,2011,40932,Juína,13.0
2548,5105176,Juruena,Mato Grosso,2011,11205,Juruena,6.0
2549,5105200,Juscimeira,Mato Grosso,2011,11617,Juscimeira,1.0
2550,5105234,Lambari D'oeste,Mato Grosso,2011,5375,Lambari D'Oeste,0.0
2551,5105259,Lucas do Rio Verde,Mato Grosso,2011,48226,Lucas do Rio Verde,4.0
2552,5105507,Vila Bela da Santíssima Trindade,Mato Grosso,2011,14899,Vila Bela da Santíssima Trindade,0.0
2553,5105580,Marcelândia,Mato Grosso,2011,12205,Marcelândia,1.0
2554,5105606,Matupá,Mato Grosso,2011,14758,Matupá,2.0
2555,5105622,Mirassol D'oeste,Mato Grosso,2011,25981,Mirassol d'Oeste,0.0
2556,5105903,Nobres,Mato Grosso,2011,15231,Nobres,0.0
2557,5106109,Nossa Senhora do Livramento,Mato Grosso,2011,11668,Nossa Senhora do Livramento,0.0
2558,5106158,Nova Bandeirantes,Mato Grosso,2011,11999,Nova Bandeirantes,99.0
2559,5106174,Nova Nazaré,Mato Grosso,2011,3128,Nova Nazaré,0.0
2560,5106182,Nova Lacerda,Mato Grosso,2011,5678,Nova Lacerda,5.0
2561,5106190,Nova Santa Helena,Mato Grosso,2011,3573,Nova Santa Helena,0.0
2562,5106208,Nova Brasilândia,Mato Grosso,2011,4567,Nova Brasilândia,0.0
2563,5106216,Nova Canaã do Norte,Mato Grosso,2011,12238,Nova Canaã do Norte,0.0
2564,5106224,Nova Mutum,Mato Grosso,2011,33343,Nova Mutum,2.0
2565,5106232,Nova Olímpia,Mato Grosso,2011,17563,Nova Olímpia,0.0
2566,5106240,Nova Ubiratã,Mato Grosso,2011,9445,Nova Ubiratã,1.0
2567,5106257,Nova Xavantina,Mato Grosso,2011,20289,Nova Xavantina,0.0
2568,5106265,Novo Mundo,Mato Grosso,2011,7297,Novo Mundo,3.0
2569,5106273,Novo Horizonte do Norte,Mato Grosso,2011,3779,Novo Horizonte do Norte,0.0
2570,5106299,Paranaíta,Mato Grosso,2011,10974,Paranaíta,2.0
2571,5106307,Paranatinga,Mato Grosso,2011,20034,Paranatinga,0.0
2572,5106372,Pedra Preta,Mato Grosso,2011,16033,Pedra Preta,0.0
2573,5106422,Peixoto de Azevedo,Mato Grosso,2011,31887,Peixoto de Azevedo,3.0
2574,5106505,Poconé,Mato Grosso,2011,32079,Poconé,5.0
2575,5106653,Pontal do Araguaia,Mato Grosso,2011,5567,Pontal do Araguaia,0.0
2576,5106752,Pontes E Lacerda,Mato Grosso,2011,43006,Pontes e Lacerda,1.0
2577,5106778,Porto Alegre do Norte,Mato Grosso,2011,10990,Porto Alegre do Norte,0.0
2578,5106802,Porto dos Gaúchos,Mato Grosso,2011,5542,Porto dos Gaúchos,0.0
2579,5106828,Porto Esperidião,Mato Grosso,2011,11018,Porto Esperidião,0.0
2580,5106851,Porto Estrela,Mato Grosso,2011,3635,Porto Estrela,0.0
2581,5107008,Poxoréu,Mato Grosso,2011,18345,Poxoréo,0.0
2582,5107040,Primavera do Leste,Mato Grosso,2011,54843,Primavera do Leste,0.0
2583,5107065,Querência,Mato Grosso,2011,13807,Querência,8.0
2584,5107156,Reserva do Cabaçal,Mato Grosso,2011,2516,Reserva do Cabaçal,0.0
2585,5107180,Ribeirão Cascalheira,Mato Grosso,2011,9095,Ribeirão Cascalheira,3.0
2586,5107198,Ribeirãozinho,Mato Grosso,2011,2259,Ribeirãozinho,1.0
2587,5107206,Rio Branco,Mato Grosso,2011,5018,Rio Branco,0.0
2588,5107248,Santa Carmem,Mato Grosso,2011,4257,Santa Carmem,0.0
2589,5107263,Santo Afonso,Mato Grosso,2011,2932,Santo Afonso,1.0
2590,5107297,São José do Povo,Mato Grosso,2011,3476,São José do Povo,0.0
2591,5107305,São José do Rio Claro,Mato Grosso,2011,16902,São José do Rio Claro,0.0
2592,5107354,São José do Xingu,Mato Grosso,2011,5340,São José do Xingu,1.0
2593,5107578,Rondolândia,Mato Grosso,2011,3658,Rondolândia,30.0
2594,5107602,Rondonópolis,Mato Grosso,2011,204005,Rondonópolis,8.0
2595,5107701,Rosário Oeste,Mato Grosso,2011,17461,Rosário Oeste,0.0
2596,5107743,Santa Cruz do Xingu,Mato Grosso,2011,1942,Santa Cruz do Xingu,0.0
2597,5107750,Salto do Céu,Mato Grosso,2011,3924,Salto do Céu,0.0
2598,5107776,Santa Terezinha,Mato Grosso,2011,7481,Santa Terezinha,0.0
2599,5107792,Santo Antônio do Leste,Mato Grosso,2011,3757,Santo Antônio do Leste,0.0
2600,5107800,Santo Antônio do Leverger,Mato Grosso,2011,16272,Santo Antônio do Leverger,0.0
2601,5107859,São Félix do Araguaia,Mato Grosso,2011,10992,São Félix do Araguaia,0.0
2602,5107875,Sapezal,Mato Grosso,2011,18801,Sapezal,3.0
2603,5107883,Serra Nova dourada,Mato Grosso,2011,1410,Serra Nova Dourada,0.0
2604,5107909,Sinop,Mato Grosso,2011,119910,Sinop,28.0
2605,5107925,Sorriso,Mato Grosso,2011,69692,Sorriso,3.0
2606,5107941,Tabaporã,Mato Grosso,2011,10097,Tabaporã,0.0
2607,5107958,Tangará da Serra,Mato Grosso,2011,87385,Tangará da Serra,0.0
2608,5108006,Tapurah,Mato Grosso,2011,10708,Tapurah,0.0
2609,5108055,Terra Nova do Norte,Mato Grosso,2011,11277,Terra Nova do Norte,4.0
2610,5108105,Tesouro,Mato Grosso,2011,3428,Tesouro,0.0
2611,5108204,Torixoréu,Mato Grosso,2011,4132,Torixoréu,1.0
2612,5108303,União do Sul,Mato Grosso,2011,3827,União do Sul,0.0
2613,5108352,Vale de São domingos,Mato Grosso,2011,3076,Vale de São Domingos,0.0
2614,5108402,Várzea Grande,Mato Grosso,2011,263180,Várzea Grande,4.0
2615,5108600,Vila Rica,Mato Grosso,2011,21368,Vila Rica,0.0
2616,5108808,Nova Guarita,Mato Grosso,2011,4969,Nova Guarita,24.0
2617,5108857,Nova Marilândia,Mato Grosso,2011,3032,Nova Marilândia,0.0
2618,5108907,Nova Maringá,Mato Grosso,2011,6481,Nova Maringá,0.0
2619,5108956,Nova Monte Verde,Mato Grosso,2011,8234,Nova Monte Verde,0.0
2620,1100015,Alta Floresta D'oeste,Rondônia,2012,24858,Alta Floresta D'Oeste,36.0
2621,1100023,Ariquemes,Rondônia,2012,94451,Ariquemes,209.0
2622,1100031,Cabixi,Rondônia,2012,6430,Cabixi,0.0
2623,1100049,Cacoal,Rondônia,2012,82220,Cacoal,14.0
2624,1100056,Cerejeiras,Rondônia,2012,17387,Cerejeiras,1.0
2625,1100064,Colorado do Oeste,Rondônia,2012,18886,Colorado do Oeste,1.0
2626,1100072,Corumbiara,Rondônia,2012,8899,Corumbiara,1.0
2627,1100080,Costa Marques,Rondônia,2012,14084,Costa Marques,196.0
2628,1100098,Espigão D'oeste,Rondônia,2012,29968,Espigão D'Oeste,16.0
2629,1100106,Guajará-Mirim,Rondônia,2012,43059,Guajará-Mirim,582.0
2630,1100114,Jaru,Rondônia,2012,53705,Jaru,20.0
2631,1100122,Ji-Paraná,Rondônia,2012,122034,Ji-Paraná,41.0
2632,1100130,Machadinho D'oeste,Rondônia,2012,32379,Machadinho D'Oeste,1373.0
2633,1100148,Nova Brasilândia D'oeste,Rondônia,2012,20001,Nova Brasilândia D'Oeste,2.0
2634,1100155,Ouro Preto do Oeste,Rondônia,2012,39144,Ouro Preto do Oeste,14.0
2635,1100189,Pimenta Bueno,Rondônia,2012,35218,Pimenta Bueno,13.0
2636,1100205,Porto Velho,Rondônia,2012,448664,Porto Velho,15567.0
2637,1100254,Presidente Médici,Rondônia,2012,22683,Presidente Médici,2.0
2638,1100262,Rio Crespo,Rondônia,2012,3424,Rio Crespo,88.0
2639,1100288,Rolim de Moura,Rondônia,2012,52911,Rolim de Moura,7.0
2640,1100296,Santa Luzia D'oeste,Rondônia,2012,8990,Santa Luzia D'Oeste,1.0
2641,1100304,Vilhena,Rondônia,2012,80701,Vilhena,13.0
2642,1100320,São Miguel do Guaporé,Rondônia,2012,21556,São Miguel do Guaporé,16.0
2643,1100338,Nova Mamoré,Rondônia,2012,23519,Nova Mamoré,449.0
2644,1100346,Alvorada D'oeste,Rondônia,2012,16957,Alvorada D'Oeste,31.0
2645,1100379,Alto Alegre dos Parecis,Rondônia,2012,13077,Alto Alegre dos Parecis,6.0
2646,1100403,Alto Paraíso,Rondônia,2012,17552,Alto Paraíso,133.0
2647,1100452,Buritis,Rondônia,2012,33261,Buritis,181.0
2648,1100502,Novo Horizonte do Oeste,Rondônia,2012,10250,Novo Horizonte do Oeste,0.0
2649,1100601,Cacaulândia,Rondônia,2012,5686,Cacaulândia,12.0
2650,1100700,Campo Novo de Rondônia,Rondônia,2012,12577,Campo Novo de Rondônia,256.0
2651,1100809,Candeias do Jamari,Rondônia,2012,20621,Candeias do Jamari,2925.0
2652,1100908,Castanheiras,Rondônia,2012,3640,Castanheiras,2.0
2653,1100924,Chupinguaia,Rondônia,2012,8652,Chupinguaia,1.0
2654,1100940,Cujubim,Rondônia,2012,16234,Cujubim,539.0
2655,1101005,Governador Jorge Teixeira,Rondônia,2012,10513,Governador Jorge Teixeira,7.0
2656,1101104,Itapuã do Oeste,Rondônia,2012,8822,Itapuã do Oeste,287.0
2657,1101203,Ministro Andreazza,Rondônia,2012,10134,Ministro Andreazza,0.0
2658,1101302,Mirante da Serra,Rondônia,2012,11948,Mirante da Serra,10.0
2659,1101401,Monte Negro,Rondônia,2012,14251,Monte Negro,108.0
2660,1101435,Nova União,Rondônia,2012,7595,Nova União,0.0
2661,1101450,Parecis,Rondônia,2012,4884,Parecis,0.0
2662,1101468,Pimenteiras do Oeste,Rondônia,2012,2364,Pimenteiras do Oeste,16.0
2663,1101476,Primavera de Rondônia,Rondônia,2012,3551,Primavera de Rondônia,1.0
2664,1101484,São Felipe D'oeste,Rondônia,2012,6132,São Felipe D'Oeste,0.0
2665,1101492,São Francisco do Guaporé,Rondônia,2012,16592,São Francisco do Guaporé,23.0
2666,1101500,Seringueiras,Rondônia,2012,12854,Seringueiras,13.0
2667,1101559,Teixeirópolis,Rondônia,2012,4953,Teixeirópolis,0.0
2668,1101609,Theobroma,Rondônia,2012,10663,Theobroma,8.0
2669,1101708,Urupá,Rondônia,2012,13139,Urupá,2.0
2670,1101757,Vale do Anari,Rondônia,2012,9511,Vale do Anari,168.0
2671,1101807,Vale do Paraíso,Rondônia,2012,8287,Vale do Paraíso,2.0
2672,1200013,Acrelândia,Acre,2012,13300,Acrelândia,61.0
2673,1200054,Assis Brasil,Acre,2012,6552,Assis Brasil,25.0
2674,1200104,Brasiléia,Acre,2012,22868,Brasiléia,3.0
2675,1200138,Bujari,Acre,2012,9231,Bujari,3.0
2676,1200179,Capixaba,Acre,2012,9398,Capixaba,10.0
2677,1200203,Cruzeiro do Sul,Acre,2012,85207,Cruzeiro do Sul,16054.0
2678,1200252,Epitaciolândia,Acre,2012,16163,Epitaciolândia,0.0
2679,1200302,Feijó,Acre,2012,35114,Feijó,16.0
2680,1200328,Jordão,Acre,2012,7165,Jordão,39.0
2681,1200336,Mâncio Lima,Acre,2012,16450,Mâncio Lima,5206.0
2682,1200344,Manoel Urbano,Acre,2012,8711,Manoel Urbano,2.0
2683,1200351,Marechal Thaumaturgo,Acre,2012,15402,Marechal Thaumaturgo,85.0
2684,1200385,Plácido de Castro,Acre,2012,18067,Plácido de Castro,48.0
2685,1200393,Porto Walter,Acre,2012,9912,Porto Walter,371.0
2686,1200401,Rio Branco,Acre,2012,363409,Rio Branco,162.0
2687,1200427,Rodrigues Alves,Acre,2012,15325,Rodrigues Alves,3701.0
2688,1200435,Santa Rosa do Purus,Acre,2012,5051,Santa Rosa do Purus,2.0
2689,1200450,Senador Guiomard,Acre,2012,21397,Senador Guiomard,99.0
2690,1200500,Sena Madureira,Acre,2012,41105,Sena Madureira,3.0
2691,1200609,Tarauacá,Acre,2012,38958,Tarauacá,973.0
2692,1200708,Xapuri,Acre,2012,17099,Xapuri,9.0
2693,1200807,Porto Acre,Acre,2012,15797,Porto Acre,151.0
2694,1300029,Alvarães,Amazonas,2012,14764,Alvarães,1980.0
2695,1300060,Amaturá,Amazonas,2012,9869,Amaturá,81.0
2696,1300086,Anamã,Amazonas,2012,10426,Anamã,2.0
2697,1300102,Anori,Amazonas,2012,16919,Anori,10.0
2698,1300144,Apuí,Amazonas,2012,18782,Apuí,190.0
2699,1300201,Atalaia do Norte,Amazonas,2012,15558,Atalaia do Norte,5723.0
2700,1300300,Autazes,Amazonas,2012,34253,Autazes,627.0
2701,1300409,Barcelos,Amazonas,2012,24914,Barcelos,2432.0
2702,1300508,Barreirinha,Amazonas,2012,28928,Barreirinha,1.0
2703,1300607,Benjamin Constant,Amazonas,2012,35240,Benjamin Constant,1797.0
2704,1300631,Beruri,Amazonas,2012,16473,Beruri,160.0
2705,1300680,Boa Vista do Ramos,Amazonas,2012,16157,Boa Vista do Ramos,2.0
2706,1300706,Boca do Acre,Amazonas,2012,32327,Boca do Acre,285.0
2707,1300805,Borba,Amazonas,2012,36042,Borba,775.0
2708,1300839,Caapiranga,Amazonas,2012,11596,Caapiranga,328.0
2709,1300904,Canutama,Amazonas,2012,14440,Canutama,893.0
2710,1301001,Carauari,Amazonas,2012,27157,Carauari,2323.0
2711,1301100,Careiro,Amazonas,2012,33596,Careiro,431.0
2712,1301159,Careiro da Várzea,Amazonas,2012,23815,Careiro da Várzea,200.0
2713,1301209,Coari,Amazonas,2012,77879,Coari,3027.0
2714,1301308,Codajás,Amazonas,2012,23767,Codajás,260.0
2715,1301407,Eirunepé,Amazonas,2012,32294,Eirunepé,9269.0
2716,1301506,Envira,Amazonas,2012,16927,Envira,263.0
2717,1301605,Fonte Boa,Amazonas,2012,23997,Fonte Boa,368.0
2718,1301654,Guajará,Amazonas,2012,14396,Guajará,1903.0
2719,1301704,Humaitá,Amazonas,2012,46990,Humaitá,665.0
2720,1301803,Ipixuna,Amazonas,2012,23220,Ipixuna,4067.0
2721,1301852,Iranduba,Amazonas,2012,44185,Iranduba,2449.0
2722,1301902,Itacoatiara,Amazonas,2012,92305,Itacoatiara,280.0
2723,1301951,Itamarati,Amazonas,2012,8549,Itamarati,838.0
2724,1302009,Itapiranga,Amazonas,2012,8650,Itapiranga,8.0
2725,1302108,Japurá,Amazonas,2012,7668,Japurá,523.0
2726,1302207,Juruá,Amazonas,2012,11146,Juruá,1089.0
2727,1302306,Jutaí,Amazonas,2012,19416,Jutaí,865.0
2728,1302405,Lábrea,Amazonas,2012,39828,Lábrea,4067.0
2729,1302504,Manacapuru,Amazonas,2012,90209,Manacapuru,390.0
2730,1302553,Manaquiri,Amazonas,2012,22379,Manaquiri,141.0
2731,1302603,Manaus,Amazonas,2012,1916275,Manaus,9769.0
2732,1302702,Manicoré,Amazonas,2012,49127,Manicoré,531.0
2733,1302801,Maraã,Amazonas,2012,17632,Maraã,403.0
2734,1302900,Maués,Amazonas,2012,55043,Maués,510.0
2735,1303007,Nhamundá,Amazonas,2012,18927,Nhamundá,1.0
2736,1303106,Nova Olinda do Norte,Amazonas,2012,31101,Nova Olinda do Norte,14.0
2737,1303205,Novo Airão,Amazonas,2012,15276,Novo Airão,407.0
2738,1303304,Novo Aripuanã,Amazonas,2012,22205,Novo Aripuanã,143.0
2739,1303403,Parintins,Amazonas,2012,105381,Parintins,17.0
2740,1303502,Pauini,Amazonas,2012,18876,Pauini,837.0
2741,1303536,Presidente Figueiredo,Amazonas,2012,28580,Presidente Figueiredo,651.0
2742,1303569,Rio Preto da Eva,Amazonas,2012,26335,Rio Preto da Eva,1073.0
2743,1303601,Santa Isabel do Rio Negro,Amazonas,2012,18033,Santa Isabel do Rio Negro,339.0
2744,1303700,Santo Antônio do Içá,Amazonas,2012,25578,Santo Antônio do Içá,1580.0
2745,1303809,São Gabriel da Cachoeira,Amazonas,2012,40335,São Gabriel da Cachoeira,4049.0
2746,1303908,São Paulo de Olivença,Amazonas,2012,32594,São Paulo de Olivença,4199.0
2747,1303957,São Sebastião do Uatumã,Amazonas,2012,11145,São Sebastião do Uatumã,8.0
2748,1304005,Silves,Amazonas,2012,9024,Silves,7.0
2749,1304062,Tabatinga,Amazonas,2012,55585,Tabatinga,4438.0
2750,1304104,Tapauá,Amazonas,2012,18801,Tapauá,1462.0
2751,1304203,Tefé,Amazonas,2012,64930,Tefé,2956.0
2752,1304237,Tonantins,Amazonas,2012,17775,Tonantins,21.0
2753,1304260,Uarini,Amazonas,2012,12587,Uarini,918.0
2754,1304302,Urucará,Amazonas,2012,17830,Urucará,5.0
2755,1304401,Urucurituba,Amazonas,2012,19113,Urucurituba,0.0
2756,1400027,Amajari,Roraima,2012,10210,Amajari,497.0
2757,1400050,Alto Alegre,Roraima,2012,17519,Alto Alegre,202.0
2758,1400100,Boa Vista,Roraima,2012,315442,Boa Vista,169.0
2759,1400159,Bonfim,Roraima,2012,11721,Bonfim,431.0
2760,1400175,Cantá,Roraima,2012,14958,Cantá,1418.0
2761,1400209,Caracaraí,Roraima,2012,19250,Caracaraí,554.0
2762,1400233,Caroebe,Roraima,2012,8721,Caroebe,109.0
2763,1400282,Iracema,Roraima,2012,9121,Iracema,197.0
2764,1400308,Mucajaí,Roraima,2012,15655,Mucajaí,494.0
2765,1400407,Normandia,Roraima,2012,9870,Normandia,165.0
2766,1400456,Pacaraima,Roraima,2012,11744,Pacaraima,192.0
2767,1400472,Rorainópolis,Roraima,2012,26139,Rorainópolis,601.0
2768,1400506,São João da Baliza,Roraima,2012,7270,São João da Baliza,626.0
2769,1400605,São Luiz,Roraima,2012,6971,São Luiz,59.0
2770,1400704,Uiramutã,Roraima,2012,9285,Uiramutã,219.0
2771,1500107,Abaetetuba,Pará,2012,147226,Abaetetuba,5.0
2772,1500131,Abel Figueiredo,Pará,2012,6912,Abel Figueiredo,1.0
2773,1500206,Acará,Pará,2012,55842,Acará,12.0
2774,1500305,Afuá,Pará,2012,36425,Afuá,1639.0
2775,1500347,Água Azul do Norte,Pará,2012,24714,Água Azul do Norte,4.0
2776,1500404,Alenquer,Pará,2012,55596,Alenquer,652.0
2777,1500503,Almeirim,Pará,2012,34790,Almeirim,432.0
2778,1500602,Altamira,Pará,2012,104738,Altamira,1850.0
2779,1500701,Anajás,Pará,2012,25784,Anajás,19324.0
2780,1500800,Ananindeua,Pará,2012,487388,Ananindeua,13.0
2781,1500859,Anapu,Pará,2012,21991,Anapu,1509.0
2782,1500909,Augusto Corrêa,Pará,2012,42463,Augusto Corrêa,3.0
2783,1500958,Aurora do Pará,Pará,2012,26934,Aurora do Pará,16.0
2784,1501006,Aveiro,Pará,2012,16402,Aveiro,8.0
2785,1501105,Bagre,Pará,2012,25117,Bagre,2367.0
2786,1501204,Baião,Pará,2012,39858,Baião,237.0
2787,1501253,Bannach,Pará,2012,3594,Bannach,1.0
2788,1501303,Barcarena,Pará,2012,105578,Barcarena,3.0
2789,1501402,Belém,Pará,2012,1434467,Belém,83.0
2790,1501451,Belterra,Pará,2012,16872,Belterra,24.0
2791,1501501,Benevides,Pará,2012,54202,Benevides,2.0
2792,1501576,Bom Jesus do Tocantins,Pará,2012,16088,Bom Jesus do Tocantins,15.0
2793,1501600,Bonito,Pará,2012,13884,Bonito,0.0
2794,1501709,Bragança,Pará,2012,118238,Bragança,1.0
2795,1501725,Brasil Novo,Pará,2012,16772,Brasil Novo,93.0
2796,1501758,Brejo Grande do Araguaia,Pará,2012,7509,Brejo Grande do Araguaia,1.0
2797,1501782,Breu Branco,Pará,2012,53935,Breu Branco,267.0
2798,1501808,Breves,Pará,2012,97003,Breves,2582.0
2799,1501907,Bujaru,Pará,2012,26250,Bujaru,1.0
2800,1501956,Cachoeira do Piriá,Pará,2012,26252,Cachoeira do Piriá,122.0
2801,1502004,Cachoeira do Arari,Pará,2012,21255,Cachoeira do Arari,14.0
2802,1502103,Cametá,Pará,2012,126476,Cametá,2420.0
2803,1502152,Canaã dos Carajás,Pará,2012,30259,Canaã dos Carajás,7.0
2804,1502202,Capanema,Pará,2012,66166,Capanema,0.0
2805,1502301,Capitão Poço,Pará,2012,53879,Capitão Poço,4.0
2806,1502400,Castanhal,Pará,2012,181247,Castanhal,3.0
2807,1502509,Chaves,Pará,2012,21416,Chaves,1429.0
2808,1502608,Colares,Pará,2012,11847,Colares,73.0
2809,1502707,Conceição do Araguaia,Pará,2012,47076,Conceição do Araguaia,0.0
2810,1502756,Concórdia do Pará,Pará,2012,29010,Concórdia do Pará,10.0
2811,1502764,Cumaru do Norte,Pará,2012,11016,Cumaru do Norte,25.0
2812,1502772,Curionópolis,Pará,2012,19037,Curionópolis,7.0
2813,1502806,Curralinho,Pará,2012,30147,Curralinho,1914.0
2814,1502855,Curuá,Pará,2012,12777,Curuá,4.0
2815,1502905,Curuçá,Pará,2012,36171,Curuçá,63.0
2816,1502939,dom Eliseu,Pará,2012,53770,Dom Eliseu,1.0
2817,1502954,Eldorado do Carajás,Pará,2012,32778,Eldorado do Carajás,2.0
2818,1503002,Faro,Pará,2012,8462,Faro,0.0
2819,1503044,Floresta do Araguaia,Pará,2012,18363,Floresta do Araguaia,0.0
2820,1503077,Garrafão do Norte,Pará,2012,25787,Garrafão do Norte,2.0
2821,1503093,Goianésia do Pará,Pará,2012,34263,Goianésia do Pará,1650.0
2822,1503101,Gurupá,Pará,2012,30311,Gurupá,24.0
2823,1503200,Igarapé-Açu,Pará,2012,36951,Igarapé-Açu,5.0
2824,1503309,Igarapé-Miri,Pará,2012,60763,Igarapé-Miri,5.0
2825,1503408,Inhangapi,Pará,2012,10280,Inhangapi,1.0
2826,1503457,Ipixuna do Pará,Pará,2012,45742,Ipixuna do Pará,1035.0
2827,1503507,Irituia,Pará,2012,32383,Irituia,2.0
2828,1503606,Itaituba,Pará,2012,102615,Itaituba,14179.0
2829,1503705,Itupiranga,Pará,2012,53506,Itupiranga,73.0
2830,1503754,Jacareacanga,Pará,2012,14713,Jacareacanga,4912.0
2831,1503804,Jacundá,Pará,2012,51297,Jacundá,160.0
2832,1503903,Juruti,Pará,2012,49077,Juruti,3.0
2833,1504000,Limoeiro do Ajuru,Pará,2012,26256,Limoeiro do Ajuru,685.0
2834,1504059,Mãe do Rio,Pará,2012,29444,Mãe do Rio,0.0
2835,1504109,Magalhães Barata,Pará,2012,8315,Magalhães Barata,91.0
2836,1504208,Marabá,Pará,2012,248895,Marabá,151.0
2837,1504307,Maracanã,Pará,2012,28968,Maracanã,170.0
2838,1504406,Marapanim,Pará,2012,27367,Marapanim,276.0
2839,1504422,Marituba,Pará,2012,112087,Marituba,5.0
2840,1504455,Medicilândia,Pará,2012,28140,Medicilândia,196.0
2841,1504505,Melgaço,Pará,2012,25713,Melgaço,32.0
2842,1504604,Mocajuba,Pará,2012,27687,Mocajuba,94.0
2843,1504703,Moju,Pará,2012,73635,Moju,905.0
2844,1504752,Mojuí dos Campos,Pará,2012,15718,Mojuí dos Campos,0.0
2845,1504802,Monte Alegre,Pará,2012,57438,Monte Alegre,4.0
2846,1504901,Muaná,Pará,2012,36300,Muaná,406.0
2847,1504950,Nova Esperança do Piriá,Pará,2012,20761,Nova Esperança do Piriá,10.0
2848,1504976,Nova Ipixuna,Pará,2012,15093,Nova Ipixuna,44.0
2849,1505007,Nova Timboteua,Pará,2012,13899,Nova Timboteua,1.0
2850,1505031,Novo Progresso,Pará,2012,26501,Novo Progresso,1662.0
2851,1505064,Novo Repartimento,Pará,2012,64692,Novo Repartimento,395.0
2852,1505106,Óbidos,Pará,2012,51192,Óbidos,75.0
2853,1505205,Oeiras do Pará,Pará,2012,30165,Oeiras do Pará,5716.0
2854,1505304,Oriximiná,Pará,2012,65181,Oriximiná,6.0
2855,1505403,Ourém,Pará,2012,16891,Ourém,0.0
2856,1505437,Ourilândia do Norte,Pará,2012,28896,Ourilândia do Norte,70.0
2857,1505486,Pacajá,Pará,2012,41883,Pacajá,2399.0
2858,1505494,Palestina do Pará,Pará,2012,7649,Palestina do Pará,1.0
2859,1505502,Paragominas,Pará,2012,102171,Paragominas,553.0
2860,1505536,Parauapebas,Pará,2012,169534,Parauapebas,19.0
2861,1505601,Peixe-Boi,Pará,2012,8090,Peixe-Boi,0.0
2862,1505635,Piçarra,Pará,2012,13132,Piçarra,0.0
2863,1505650,Placas,Pará,2012,23703,Placas,58.0
2864,1505700,Ponta de Pedras,Pará,2012,26647,Ponta de Pedras,648.0
2865,1505809,Portel,Pará,2012,54928,Portel,1440.0
2866,1505908,Porto de Moz,Pará,2012,36129,Porto de Moz,352.0
2867,1506005,Prainha,Pará,2012,30837,Prainha,373.0
2868,1506104,Primavera,Pará,2012,10519,Primavera,0.0
2869,1506112,Quatipuru,Pará,2012,12531,Quatipuru,0.0
2870,1506138,Redenção,Pará,2012,79286,Redenção,16.0
2871,1506161,Rio Maria,Pará,2012,18299,Rio Maria,1.0
2872,1506187,Rondon do Pará,Pará,2012,49863,Rondon do Pará,70.0
2873,1506195,Rurópolis,Pará,2012,40879,Rurópolis,12.0
2874,1506203,Salinópolis,Pará,2012,39282,Salinópolis,9.0
2875,1506302,Salvaterra,Pará,2012,20971,Salvaterra,4.0
2876,1506351,Santa Bárbara do Pará,Pará,2012,17911,Santa Bárbara do Pará,4.0
2877,1506401,Santa Cruz do Arari,Pará,2012,8249,Santa Cruz do Arari,167.0
2878,1506500,Santa Izabel do Pará,Pará,2012,62440,Santa Izabel do Pará,4.0
2879,1506559,Santa Luzia do Pará,Pará,2012,20020,Santa Luzia do Pará,1.0
2880,1506583,Santa Maria das Barreiras,Pará,2012,17599,Santa Maria das Barreiras,9.0
2881,1506609,Santa Maria do Pará,Pará,2012,23637,Santa Maria do Pará,0.0
2882,1506708,Santana do Araguaia,Pará,2012,53301,Santana do Araguaia,0.0
2883,1506807,Santarém,Pará,2012,293939,Santarém,135.0
2884,1506906,Santarém Novo,Pará,2012,6273,Santarém Novo,10.0
2885,1507003,Santo Antônio do Tauá,Pará,2012,27566,Santo Antônio do Tauá,2.0
2886,1507102,São Caetano de Odivelas,Pará,2012,17244,São Caetano de Odivelas,425.0
2887,1507151,São domingos do Araguaia,Pará,2012,23732,São Domingos do Araguaia,4.0
2888,1507201,São domingos do Capim,Pará,2012,31199,São Domingos do Capim,14.0
2889,1507300,São Félix do Xingu,Pará,2012,90530,São Félix do Xingu,492.0
2890,1507409,São Francisco do Pará,Pará,2012,15360,São Francisco do Pará,1.0
2891,1507458,São Geraldo do Araguaia,Pará,2012,26397,São Geraldo do Araguaia,2.0
2892,1507466,São João da Ponta,Pará,2012,5266,São João da Ponta,6.0
2893,1507474,São João de Pirabas,Pará,2012,21108,São João de Pirabas,8.0
2894,1507508,São João do Araguaia,Pará,2012,13689,São João do Araguaia,12.0
2895,1507607,São Miguel do Guamá,Pará,2012,53263,São Miguel do Guamá,6.0
2896,1507706,São Sebastião da Boa Vista,Pará,2012,23794,São Sebastião da Boa Vista,289.0
2897,1507755,Sapucaia,Pará,2012,5251,Sapucaia,0.0
2898,1507805,Senador José Porfírio,Pará,2012,14104,Senador José Porfírio,732.0
2899,1507904,Soure,Pará,2012,23653,Soure,6.0
2900,1507953,Tailândia,Pará,2012,80669,Tailândia,72.0
2901,1507961,Terra Alta,Pará,2012,10474,Terra Alta,1.0
2902,1507979,Terra Santa,Pará,2012,17460,Terra Santa,1.0
2903,1508001,Tomé-Açu,Pará,2012,59263,Tomé-Açu,167.0
2904,1508035,Tracuateua,Pará,2012,28570,Tracuateua,1.0
2905,1508050,Trairão,Pará,2012,17047,Trairão,166.0
2906,1508084,Tucumã,Pará,2012,35542,Tucumã,2.0
2907,1508100,Tucuruí,Pará,2012,101035,Tucuruí,1135.0
2908,1508126,Ulianópolis,Pará,2012,44192,Ulianópolis,6.0
2909,1508159,Uruará,Pará,2012,46191,Uruará,108.0
2910,1508209,Vigia,Pará,2012,49581,Vigia,14.0
2911,1508308,Viseu,Pará,2012,59063,Viseu,61.0
2912,1508357,Vitória do Xingu,Pará,2012,13953,Vitória do Xingu,144.0
2913,1508407,Xinguara,Pará,2012,43162,Xinguara,3.0
2914,1600055,Serra do Navio,Amapá,2012,4581,Serra do Navio,507.0
2915,1600105,Amapá,Amapá,2012,8383,Amapá,23.0
2916,1600154,Pedra Branca do Amapari,Amapá,2012,11327,Pedra Branca do Amapari,1088.0
2917,1600204,Calçoene,Amapá,2012,9541,Calçoene,1332.0
2918,1600212,Cutias,Amapá,2012,4883,Cutias,60.0
2919,1600238,Ferreira Gomes,Amapá,2012,6154,Ferreira Gomes,444.0
2920,1600253,Itaubal,Amapá,2012,4513,Itaubal,9.0
2921,1600279,Laranjal do Jari,Amapá,2012,41882,Laranjal do Jari,314.0
2922,1600303,Macapá,Amapá,2012,424824,Macapá,1484.0
2923,1600402,Mazagão,Amapá,2012,18141,Mazagão,2343.0
2924,1600501,Oiapoque,Amapá,2012,21976,Oiapoque,2522.0
2925,1600535,Porto Grande,Amapá,2012,17678,Porto Grande,1655.0
2926,1600550,Pracuúba,Amapá,2012,3987,Pracuúba,29.0
2927,1600600,Santana,Amapá,2012,107856,Santana,691.0
2928,1600709,Tartarugalzinho,Amapá,2012,13209,Tartarugalzinho,548.0
2929,1600808,Vitória do Jari,Amapá,2012,12893,Vitória do Jari,40.0
2930,1700251,Abreulândia,Tocantins,2012,2451,Abreulândia,0.0
2931,1700400,Almas,Tocantins,2012,7552,Almas,0.0
2932,1701002,Ananás,Tocantins,2012,10128,Ananás,0.0
2933,1701903,Araguacema,Tocantins,2012,6360,Araguacema,0.0
2934,1702109,Araguaína,Tocantins,2012,156890,Araguaína,0.0
2935,1702208,Araguatins,Tocantins,2012,32272,Araguatins,1.0
2936,1702554,Augustinópolis,Tocantins,2012,16475,Augustinópolis,0.0
2937,1702703,Aurora do Tocantins,Tocantins,2012,3501,Aurora do Tocantins,1.0
2938,1702901,Axixá do Tocantins,Tocantins,2012,9502,Axixá do Tocantins,0.0
2939,1703008,Babaçulândia,Tocantins,2012,10160,Babaçulândia,0.0
2940,1703800,Buriti do Tocantins,Tocantins,2012,10002,Buriti do Tocantins,0.0
2941,1703891,Carrasco Bonito,Tocantins,2012,3699,Carrasco Bonito,0.0
2942,1703909,Caseara,Tocantins,2012,4706,Caseara,0.0
2943,1705607,Conceição do Tocantins,Tocantins,2012,4198,Conceição do Tocantins,0.0
2944,1707405,Esperantina,Tocantins,2012,9372,Esperantina,0.0
2945,1710508,Itacajá,Tocantins,2012,7202,Itacajá,0.0
2946,1710706,Itaguatins,Tocantins,2012,6020,Itaguatins,0.0
2947,1711803,Juarina,Tocantins,2012,2255,Juarina,0.0
2948,1712504,Marianópolis do Tocantins,Tocantins,2012,4476,Marianópolis do Tocantins,0.0
2949,1712801,Maurilândia do Tocantins,Tocantins,2012,3190,Maurilândia do Tocantins,0.0
2950,1713304,Miranorte,Tocantins,2012,12893,Miranorte,0.0
2951,1714203,Natividade,Tocantins,2012,9150,Natividade,1.0
2952,1718204,Porto Nacional,Tocantins,2012,51823,Porto Nacional,0.0
2953,1718303,Praia Norte,Tocantins,2012,8033,Praia Norte,0.0
2954,1718550,Riachinho,Tocantins,2012,4247,Riachinho,0.0
2955,1718808,Sampaio,Tocantins,2012,3985,Sampaio,0.0
2956,1718840,Sandolândia,Tocantins,2012,3439,Sandolândia,0.0
2957,1718865,Santa Fé do Araguaia,Tocantins,2012,6782,Santa Fé do Araguaia,0.0
2958,1719004,Santa Tereza do Tocantins,Tocantins,2012,2576,Santa Tereza do Tocantins,0.0
2959,1720101,São Bento do Tocantins,Tocantins,2012,4840,São Bento do Tocantins,0.0
2960,1720150,São Félix do Tocantins,Tocantins,2012,1509,São Félix do Tocantins,0.0
2961,1720309,São Sebastião do Tocantins,Tocantins,2012,4346,São Sebastião do Tocantins,0.0
2962,1720804,Sítio Novo do Tocantins,Tocantins,2012,9530,Sítio Novo do Tocantins,0.0
2963,1720903,Taguatinga,Tocantins,2012,15181,Taguatinga,0.0
2964,1720937,Taipas do Tocantins,Tocantins,2012,1970,Taipas do Tocantins,0.0
2965,1721000,Palmas,Tocantins,2012,242994,Palmas,1.0
2966,1721208,Tocantinópolis,Tocantins,2012,23082,Tocantinópolis,2.0
2967,1722107,Xambioá,Tocantins,2012,11550,Xambioá,0.0
2968,2100055,Açailândia,Maranhão,2012,106372,Açailândia,1.0
2969,2100154,Água doce do Maranhão,Maranhão,2012,11809,Água Doce do Maranhão,1.0
2970,2100204,Alcântara,Maranhão,2012,21808,Alcântara,34.0
2971,2100303,Aldeias Altas,Maranhão,2012,24390,Aldeias Altas,0.0
2972,2100402,Altamira do Maranhão,Maranhão,2012,7457,Altamira do Maranhão,1.0
2973,2100436,Alto Alegre do Maranhão,Maranhão,2012,25664,Alto Alegre do Maranhão,0.0
2974,2100477,Alto Alegre do Pindaré,Maranhão,2012,31510,Alto Alegre do Pindaré,1.0
2975,2100550,Amapá do Maranhão,Maranhão,2012,6587,Amapá do Maranhão,10.0
2976,2100600,Amarante do Maranhão,Maranhão,2012,38725,Amarante do Maranhão,0.0
2977,2100808,Anapurus,Maranhão,2012,14210,Anapurus,0.0
2978,2100832,Apicum-Açu,Maranhão,2012,15627,Apicum-Açu,10.0
2979,2100873,Araguanã,Maranhão,2012,14115,Araguanã,2.0
2980,2100956,Arame,Maranhão,2012,31826,Arame,2.0
2981,2101004,Arari,Maranhão,2012,29088,Arari,0.0
2982,2101103,Axixá,Maranhão,2012,11660,Axixá,0.0
2983,2101202,Bacabal,Maranhão,2012,101733,Bacabal,2.0
2984,2101251,Bacabeira,Maranhão,2012,15268,Bacabeira,0.0
2985,2101301,Bacuri,Maranhão,2012,17683,Bacuri,0.0
2986,2101400,Balsas,Maranhão,2012,85855,Balsas,0.0
2987,2101608,Barra do Corda,Maranhão,2012,84215,Barra do Corda,1.0
2988,2101707,Barreirinhas,Maranhão,2012,56959,Barreirinhas,0.0
2989,2101731,Belágua,Maranhão,2012,7013,Belágua,0.0
2990,2101772,Bela Vista do Maranhão,Maranhão,2012,10587,Bela Vista do Maranhão,0.0
2991,2101806,Benedito Leite,Maranhão,2012,5510,Benedito Leite,0.0
2992,2101905,Bequimão,Maranhão,2012,21013,Bequimão,0.0
2993,2101939,Bernardo do Mearim,Maranhão,2012,5726,Bernardo do Mearim,0.0
2994,2101970,Boa Vista do Gurupi,Maranhão,2012,7265,Boa Vista do Gurupi,25.0
2995,2102002,Bom Jardim,Maranhão,2012,39661,Bom Jardim,3.0
2996,2102036,Bom Jesus das Selvas,Maranhão,2012,29058,Bom Jesus das Selvas,1.0
2997,2102101,Brejo,Maranhão,2012,34286,Brejo,1.0
2998,2102150,Brejo de Areia,Maranhão,2012,10712,Brejo de Areia,34.0
2999,2102200,Buriti,Maranhão,2012,27717,Buriti,0.0
3000,2102309,Buriti Bravo,Maranhão,2012,23273,Buriti Bravo,0.0
3001,2102325,Buriticupu,Maranhão,2012,66356,Buriticupu,5.0
3002,2102358,Buritirana,Maranhão,2012,14960,Buritirana,0.0
3003,2102374,Cachoeira Grande,Maranhão,2012,8682,Cachoeira Grande,0.0
3004,2102408,Cajapió,Maranhão,2012,10846,Cajapió,0.0
3005,2102507,Cajari,Maranhão,2012,18582,Cajari,0.0
3006,2102556,Campestre do Maranhão,Maranhão,2012,13513,Campestre do Maranhão,0.0
3007,2102606,Cândido Mendes,Maranhão,2012,19227,Cândido Mendes,55.0
3008,2102705,Cantanhede,Maranhão,2012,20898,Cantanhede,0.0
3009,2102754,Capinzal do Norte,Maranhão,2012,10914,Capinzal do Norte,0.0
3010,2102903,Carutapera,Maranhão,2012,22516,Carutapera,1.0
3011,2103000,Caxias,Maranhão,2012,158997,Caxias,0.0
3012,2103109,Cedral,Maranhão,2012,10473,Cedral,36.0
3013,2103125,Central do Maranhão,Maranhão,2012,7980,Central do Maranhão,0.0
3014,2103158,Centro do Guilherme,Maranhão,2012,11446,Centro do Guilherme,10.0
3015,2103174,Centro Novo do Maranhão,Maranhão,2012,19355,Centro Novo do Maranhão,23.0
3016,2103208,Chapadinha,Maranhão,2012,75394,Chapadinha,0.0
3017,2103257,Cidelândia,Maranhão,2012,13888,Cidelândia,0.0
3018,2103307,Codó,Maranhão,2012,120497,Codó,2.0
3019,2103505,Colinas,Maranhão,2012,39934,Colinas,1.0
3020,2103554,Conceição do Lago-Açu,Maranhão,2012,14805,Conceição do Lago-Açu,4.0
3021,2103604,Coroatá,Maranhão,2012,62805,Coroatá,0.0
3022,2103703,Cururupu,Maranhão,2012,33115,Cururupu,0.0
3023,2103752,davinópolis,Maranhão,2012,12846,Davinópolis,0.0
3024,2103802,dom Pedro,Maranhão,2012,23050,Dom Pedro,0.0
3025,2103901,Duque Bacelar,Maranhão,2012,10832,Duque Bacelar,0.0
3026,2104008,Esperantinópolis,Maranhão,2012,18456,Esperantinópolis,0.0
3027,2104057,Estreito,Maranhão,2012,36485,Estreito,0.0
3028,2104099,Formosa da Serra Negra,Maranhão,2012,17494,Formosa da Serra Negra,0.0
3029,2104206,Fortuna,Maranhão,2012,17461,Fortuna,8.0
3030,2104305,Godofredo Viana,Maranhão,2012,10409,Godofredo Viana,8.0
3031,2104404,Gonçalves Dias,Maranhão,2012,17723,Gonçalves Dias,1.0
3032,2104503,Governador Archer,Maranhão,2012,10372,Governador Archer,0.0
3033,2104552,Governador Edison Lobão,Maranhão,2012,16267,Governador Edison Lobão,0.0
3034,2104602,Governador Eugênio Barros,Maranhão,2012,14110,Governador Eugênio Barros,0.0
3035,2104628,Governador Luiz Rocha,Maranhão,2012,7427,Governador Luiz Rocha,3.0
3036,2104651,Governador Newton Bello,Maranhão,2012,10533,Governador Newton Bello,0.0
3037,2104677,Governador Nunes Freire,Maranhão,2012,25903,Governador Nunes Freire,30.0
3038,2104701,Graça Aranha,Maranhão,2012,6208,Graça Aranha,0.0
3039,2104800,Grajaú,Maranhão,2012,63919,Grajaú,1.0
3040,2104909,Guimarães,Maranhão,2012,12147,Guimarães,20.0
3041,2105005,Humberto de Campos,Maranhão,2012,26883,Humberto de Campos,0.0
3042,2105104,Icatu,Maranhão,2012,25717,Icatu,2.0
3043,2105153,Igarapé do Meio,Maranhão,2012,12887,Igarapé do Meio,0.0
3044,2105203,Igarapé Grande,Maranhão,2012,10645,Igarapé Grande,0.0
3045,2105302,Imperatriz,Maranhão,2012,253314,Imperatriz,1.0
3046,2105351,Itaipava do Grajaú,Maranhão,2012,14341,Itaipava do Grajaú,0.0
3047,2105401,Itapecuru Mirim,Maranhão,2012,63358,Itapecuru Mirim,0.0
3048,2105427,Itinga do Maranhão,Maranhão,2012,25168,Itinga do Maranhão,1.0
3049,2105450,Jatobá,Maranhão,2012,8632,Jatobá,0.0
3050,2105476,Jenipapo dos Vieiras,Maranhão,2012,16067,Jenipapo dos Vieiras,0.0
3051,2105500,João Lisboa,Maranhão,2012,24333,João Lisboa,0.0
3052,2105609,Joselândia,Maranhão,2012,15766,Joselândia,2.0
3053,2105658,Junco do Maranhão,Maranhão,2012,4974,Junco do Maranhão,1.0
3054,2105708,Lago da Pedra,Maranhão,2012,46834,Lago da Pedra,4.0
3055,2105906,Lago Verde,Maranhão,2012,15664,Lago Verde,0.0
3056,2105948,Lago dos Rodrigues,Maranhão,2012,8976,Lago dos Rodrigues,0.0
3057,2105963,Lagoa Grande do Maranhão,Maranhão,2012,10724,Lagoa Grande do Maranhão,0.0
3058,2105989,Lajeado Novo,Maranhão,2012,7030,Lajeado Novo,0.0
3059,2106003,Lima Campos,Maranhão,2012,11568,Lima Campos,0.0
3060,2106201,Luís domingues,Maranhão,2012,6656,Luís Domingues,0.0
3061,2106326,Maracaçumé,Maranhão,2012,19622,Maracaçumé,9.0
3062,2106359,Marajá do Sena,Maranhão,2012,7908,Marajá do Sena,0.0
3063,2106375,Maranhãozinho,Maranhão,2012,13769,Maranhãozinho,2.0
3064,2106409,Mata Roma,Maranhão,2012,15543,Mata Roma,0.0
3065,2106508,Matinha,Maranhão,2012,22295,Matinha,0.0
3066,2106607,Matões,Maranhão,2012,32360,Matões,0.0
3067,2106631,Matões do Norte,Maranhão,2012,14290,Matões do Norte,0.0
3068,2106672,Milagres do Maranhão,Maranhão,2012,8355,Milagres do Maranhão,0.0
3069,2106755,Miranda do Norte,Maranhão,2012,24916,Miranda do Norte,0.0
3070,2106805,Mirinzal,Maranhão,2012,14415,Mirinzal,0.0
3071,2106904,Monção,Maranhão,2012,31212,Monção,0.0
3072,2107001,Montes Altos,Maranhão,2012,9529,Montes Altos,0.0
3073,2107100,Morros,Maranhão,2012,18171,Morros,0.0
3074,2107357,Nova Olinda do Maranhão,Maranhão,2012,19149,Nova Olinda do Maranhão,3.0
3075,2107407,Olho D'água das Cunhãs,Maranhão,2012,18862,Olho d'Água das Cunhãs,5.0
3076,2107456,Olinda Nova do Maranhão,Maranhão,2012,13438,Olinda Nova do Maranhão,0.0
3077,2107506,Paço do Lumiar,Maranhão,2012,108937,Paço do Lumiar,0.0
3078,2107605,Palmeirândia,Maranhão,2012,19207,Palmeirândia,1.0
3079,2107704,Paraibano,Maranhão,2012,20250,Paraibano,0.0
3080,2107803,Parnarama,Maranhão,2012,33798,Parnarama,0.0
3081,2108009,Pastos Bons,Maranhão,2012,18413,Pastos Bons,3.0
3082,2108108,Paulo Ramos,Maranhão,2012,20756,Paulo Ramos,2.0
3083,2108207,Pedreiras,Maranhão,2012,39616,Pedreiras,0.0
3084,2108256,Pedro do Rosário,Maranhão,2012,23306,Pedro do Rosário,3.0
3085,2108306,Penalva,Maranhão,2012,35804,Penalva,0.0
3086,2108405,Peri Mirim,Maranhão,2012,13915,Peri Mirim,0.0
3087,2108454,Peritoró,Maranhão,2012,21584,Peritoró,1.0
3088,2108504,Pindaré-Mirim,Maranhão,2012,31878,Pindaré-Mirim,1.0
3089,2108603,Pinheiro,Maranhão,2012,79762,Pinheiro,10.0
3090,2108702,Pio Xii,Maranhão,2012,22498,Pio XII,0.0
3091,2108801,Pirapemas,Maranhão,2012,17879,Pirapemas,0.0
3092,2108900,Poção de Pedras,Maranhão,2012,20242,Poção de Pedras,1.0
3093,2109007,Porto Franco,Maranhão,2012,21906,Porto Franco,1.0
3094,2109056,Porto Rico do Maranhão,Maranhão,2012,6135,Porto Rico do Maranhão,0.0
3095,2109106,Presidente Dutra,Maranhão,2012,45448,Presidente Dutra,0.0
3096,2109205,Presidente Juscelino,Maranhão,2012,11741,Presidente Juscelino,1.0
3097,2109239,Presidente Médici,Maranhão,2012,6394,Presidente Médici,0.0
3098,2109270,Presidente Sarney,Maranhão,2012,17489,Presidente Sarney,32.0
3099,2109304,Presidente Vargas,Maranhão,2012,10956,Presidente Vargas,0.0
3100,2109403,Primeira Cruz,Maranhão,2012,14210,Primeira Cruz,0.0
3101,2109452,Raposa,Maranhão,2012,27008,Raposa,0.0
3102,2109551,Ribamar Fiquene,Maranhão,2012,7452,Ribamar Fiquene,0.0
3103,2109601,Rosário,Maranhão,2012,40362,Rosário,2.0
3104,2109759,Santa Filomena do Maranhão,Maranhão,2012,7233,Santa Filomena do Maranhão,0.0
3105,2109809,Santa Helena,Maranhão,2012,39168,Santa Helena,167.0
3106,2109908,Santa Inês,Maranhão,2012,84930,Santa Inês,3.0
3107,2110005,Santa Luzia,Maranhão,2012,70287,Santa Luzia,9.0
3108,2110039,Santa Luzia do Paruá,Maranhão,2012,24161,Santa Luzia do Paruá,1.0
3109,2110104,Santa Quitéria do Maranhão,Maranhão,2012,24478,Santa Quitéria do Maranhão,0.0
3110,2110203,Santa Rita,Maranhão,2012,33850,Santa Rita,0.0
3111,2110278,Santo Amaro do Maranhão,Maranhão,2012,14082,Santo Amaro do Maranhão,0.0
3112,2110302,Santo Antônio dos Lopes,Maranhão,2012,14502,Santo Antônio dos Lopes,0.0
3113,2110401,São Benedito do Rio Preto,Maranhão,2012,18272,São Benedito do Rio Preto,0.0
3114,2110500,São Bento,Maranhão,2012,41578,São Bento,0.0
3115,2110708,São domingos do Maranhão,Maranhão,2012,34220,São Domingos do Maranhão,0.0
3116,2110807,São Félix de Balsas,Maranhão,2012,4762,São Félix de Balsas,0.0
3117,2110906,São Francisco do Maranhão,Maranhão,2012,12036,São Francisco do Maranhão,0.0
3118,2111003,São João Batista,Maranhão,2012,20249,São João Batista,1.0
3119,2111029,São João do Carú,Maranhão,2012,15807,São João do Carú,3.0
3120,2111052,São João do Paraíso,Maranhão,2012,10953,São João do Paraíso,0.0
3121,2111078,São João do Soter,Maranhão,2012,17600,São João do Soter,0.0
3122,2111102,São João dos Patos,Maranhão,2012,25182,São João dos Patos,0.0
3123,2111201,São José de Ribamar,Maranhão,2012,168344,São José de Ribamar,6.0
3124,2111250,São José dos Basílios,Maranhão,2012,7573,São José dos Basílios,0.0
3125,2111300,São Luís,Maranhão,2012,1038711,São Luís,13.0
3126,2111409,São Luís Gonzaga do Maranhão,Maranhão,2012,19982,São Luís Gonzaga do Maranhão,1.0
3127,2111508,São Mateus do Maranhão,Maranhão,2012,39802,São Mateus do Maranhão,0.0
3128,2111532,São Pedro da Água Branca,Maranhão,2012,12373,São Pedro da Água Branca,0.0
3129,2111607,São Raimundo das Mangabeiras,Maranhão,2012,17809,São Raimundo das Mangabeiras,0.0
3130,2111631,São Raimundo do doca Bezerra,Maranhão,2012,6168,São Raimundo do Doca Bezerra,1.0
3131,2111672,São Roberto,Maranhão,2012,6001,São Roberto,0.0
3132,2111706,São Vicente Ferrer,Maranhão,2012,21123,São Vicente Ferrer,0.0
3133,2111722,Satubinha,Maranhão,2012,12057,Satubinha,1.0
3134,2111748,Senador Alexandre Costa,Maranhão,2012,10388,Senador Alexandre Costa,0.0
3135,2111763,Senador La Rocque,Maranhão,2012,14737,Senador La Rocque,0.0
3136,2111789,Serrano do Maranhão,Maranhão,2012,9819,Serrano do Maranhão,0.0
3137,2111904,Sucupira do Norte,Maranhão,2012,10584,Sucupira do Norte,0.0
3138,2112100,Timbiras,Maranhão,2012,28449,Timbiras,0.0
3139,2112209,Timon,Maranhão,2012,158967,Timon,0.0
3140,2112233,Trizidela do Vale,Maranhão,2012,20962,Trizidela do Vale,1.0
3141,2112274,Tufilândia,Maranhão,2012,5725,Tufilândia,2.0
3142,2112308,Tuntum,Maranhão,2012,39765,Tuntum,1.0
3143,2112407,Turiaçu,Maranhão,2012,34950,Turiaçu,259.0
3144,2112456,Turilândia,Maranhão,2012,23678,Turilândia,70.0
3145,2112506,Tutóia,Maranhão,2012,53796,Tutóia,0.0
3146,2112605,Urbano Santos,Maranhão,2012,30318,Urbano Santos,0.0
3147,2112704,Vargem Grande,Maranhão,2012,50144,Vargem Grande,0.0
3148,2112803,Viana,Maranhão,2012,50376,Viana,1.0
3149,2112852,Vila Nova dos Martírios,Maranhão,2012,11381,Vila Nova dos Martírios,0.0
3150,2112902,Vitória do Mearim,Maranhão,2012,31832,Vitória do Mearim,1.0
3151,2113009,Vitorino Freire,Maranhão,2012,31453,Vitorino Freire,2.0
3152,2114007,Zé doca,Maranhão,2012,49097,Zé Doca,9.0
3153,5100102,Acorizal,Mato Grosso,2012,5418,Acorizal,0.0
3154,5100201,Água Boa,Mato Grosso,2012,22258,Água Boa,0.0
3155,5100250,Alta Floresta,Mato Grosso,2012,51797,Alta Floresta,8.0
3156,5100300,Alto Araguaia,Mato Grosso,2012,16124,Alto Araguaia,0.0
3157,5100359,Alto Boa Vista,Mato Grosso,2012,5347,Alto Boa Vista,0.0
3158,5100607,Alto Taquari,Mato Grosso,2012,8572,Alto Taquari,0.0
3159,5100805,Apiacás,Mato Grosso,2012,8715,Apiacás,29.0
3160,5101001,Araguaiana,Mato Grosso,2012,3323,Araguaiana,0.0
3161,5101258,Araputanga,Mato Grosso,2012,15324,Araputanga,0.0
3162,5101308,Arenápolis,Mato Grosso,2012,10459,Arenápolis,0.0
3163,5101407,Aripuanã,Mato Grosso,2012,19919,Aripuanã,100.0
3164,5101704,Barra do Bugres,Mato Grosso,2012,31428,Barra do Bugres,0.0
3165,5101803,Barra do Garças,Mato Grosso,2012,59258,Barra do Garças,0.0
3166,5101852,Bom Jesus do Araguaia,Mato Grosso,2012,5650,Bom Jesus do Araguaia,0.0
3167,5101902,Brasnorte,Mato Grosso,2012,15751,Brasnorte,7.0
3168,5102504,Cáceres,Mato Grosso,2012,89998,Cáceres,2.0
3169,5102603,Campinápolis,Mato Grosso,2012,14687,Campinápolis,0.0
3170,5102637,Campo Novo do Parecis,Mato Grosso,2012,30212,Campo Novo do Parecis,1.0
3171,5102678,Campo Verde,Mato Grosso,2012,33768,Campo Verde,0.0
3172,5102686,Campos de Júlio,Mato Grosso,2012,5638,Campos de Júlio,2.0
3173,5102694,Canabrava do Norte,Mato Grosso,2012,4758,Canabrava do Norte,0.0
3174,5102702,Canarana,Mato Grosso,2012,19919,Canarana,0.0
3175,5102793,Carlinda,Mato Grosso,2012,11033,Carlinda,0.0
3176,5102850,Castanheira,Mato Grosso,2012,8242,Castanheira,1.0
3177,5103007,Chapada dos Guimarães,Mato Grosso,2012,18464,Chapada dos Guimarães,2.0
3178,5103056,Cláudia,Mato Grosso,2012,10917,Cláudia,1.0
3179,5103106,Cocalinho,Mato Grosso,2012,5676,Cocalinho,0.0
3180,5103205,Colíder,Mato Grosso,2012,31666,Colíder,8.0
3181,5103254,Colniza,Mato Grosso,2012,27048,Colniza,614.0
3182,5103304,Comodoro,Mato Grosso,2012,18346,Comodoro,2.0
3183,5103353,Confresa,Mato Grosso,2012,26945,Confresa,1.0
3184,5103361,Conquista D'oeste,Mato Grosso,2012,3460,Conquista D'Oeste,0.0
3185,5103379,Cotriguaçu,Mato Grosso,2012,14233,Cotriguaçu,0.0
3186,5103403,Cuiabá,Mato Grosso,2012,583297,Cuiabá,11.0
3187,5103502,Diamantino,Mato Grosso,2012,20818,Diamantino,0.0
3188,5103601,dom Aquino,Mato Grosso,2012,8174,Dom Aquino,0.0
3189,5103700,Feliz Natal,Mato Grosso,2012,11052,Feliz Natal,0.0
3190,5103858,Gaúcha do Norte,Mato Grosso,2012,6678,Gaúcha do Norte,0.0
3191,5103908,General Carneiro,Mato Grosso,2012,5458,General Carneiro,0.0
3192,5103957,Glória D'oeste,Mato Grosso,2012,3111,Glória D'Oeste,0.0
3193,5104104,Guarantã do Norte,Mato Grosso,2012,32787,Guarantã do Norte,5.0
3194,5104203,Guiratinga,Mato Grosso,2012,13370,Guiratinga,0.0
3195,5104526,Ipiranga do Norte,Mato Grosso,2012,5531,Ipiranga do Norte,0.0
3196,5104542,Itanhangá,Mato Grosso,2012,5676,Itanhangá,0.0
3197,5104559,Itaúba,Mato Grosso,2012,4714,Itaúba,2.0
3198,5104609,Itiquira,Mato Grosso,2012,11734,Itiquira,0.0
3199,5104807,Jaciara,Mato Grosso,2012,26799,Jaciara,0.0
3200,5105002,Jauru,Mato Grosso,2012,10082,Jauru,0.0
3201,5105101,Juara,Mato Grosso,2012,33999,Juara,5.0
3202,5105150,Juína,Mato Grosso,2012,41379,Juína,3.0
3203,5105176,Juruena,Mato Grosso,2012,11210,Juruena,0.0
3204,5105200,Juscimeira,Mato Grosso,2012,11584,Juscimeira,0.0
3205,5105234,Lambari D'oeste,Mato Grosso,2012,5335,Lambari D'Oeste,0.0
3206,5105259,Lucas do Rio Verde,Mato Grosso,2012,50902,Lucas do Rio Verde,0.0
3207,5105507,Vila Bela da Santíssima Trindade,Mato Grosso,2012,15076,Vila Bela da Santíssima Trindade,0.0
3208,5105580,Marcelândia,Mato Grosso,2012,12121,Marcelândia,2.0
3209,5105606,Matupá,Mato Grosso,2012,15171,Matupá,1.0
3210,5105622,Mirassol D'oeste,Mato Grosso,2012,26071,Mirassol d'Oeste,0.0
3211,5105903,Nobres,Mato Grosso,2012,15242,Nobres,1.0
3212,5106109,Nossa Senhora do Livramento,Mato Grosso,2012,11609,Nossa Senhora do Livramento,0.0
3213,5106158,Nova Bandeirantes,Mato Grosso,2012,12181,Nova Bandeirantes,16.0
3214,5106174,Nova Nazaré,Mato Grosso,2012,3208,Nova Nazaré,0.0
3215,5106182,Nova Lacerda,Mato Grosso,2012,5768,Nova Lacerda,4.0
3216,5106190,Nova Santa Helena,Mato Grosso,2012,3619,Nova Santa Helena,0.0
3217,5106208,Nova Brasilândia,Mato Grosso,2012,4499,Nova Brasilândia,0.0
3218,5106216,Nova Canaã do Norte,Mato Grosso,2012,12192,Nova Canaã do Norte,0.0
3219,5106224,Nova Mutum,Mato Grosso,2012,35112,Nova Mutum,3.0
3220,5106232,Nova Olímpia,Mato Grosso,2012,17464,Nova Olímpia,3.0
3221,5106240,Nova Ubiratã,Mato Grosso,2012,9651,Nova Ubiratã,1.0
3222,5106257,Nova Xavantina,Mato Grosso,2012,20623,Nova Xavantina,0.0
3223,5106265,Novo Mundo,Mato Grosso,2012,7246,Novo Mundo,2.0
3224,5106273,Novo Horizonte do Norte,Mato Grosso,2012,3740,Novo Horizonte do Norte,0.0
3225,5106299,Paranaíta,Mato Grosso,2012,11037,Paranaíta,1.0
3226,5106307,Paranatinga,Mato Grosso,2012,20546,Paranatinga,0.0
3227,5106372,Pedra Preta,Mato Grosso,2012,16208,Pedra Preta,1.0
3228,5106422,Peixoto de Azevedo,Mato Grosso,2012,32028,Peixoto de Azevedo,16.0
3229,5106505,Poconé,Mato Grosso,2012,31982,Poconé,2.0
3230,5106653,Pontal do Araguaia,Mato Grosso,2012,5680,Pontal do Araguaia,0.0
3231,5106752,Pontes E Lacerda,Mato Grosso,2012,43771,Pontes e Lacerda,0.0
3232,5106778,Porto Alegre do Norte,Mato Grosso,2012,11102,Porto Alegre do Norte,0.0
3233,5106802,Porto dos Gaúchos,Mato Grosso,2012,5549,Porto dos Gaúchos,0.0
3234,5106828,Porto Esperidião,Mato Grosso,2012,10946,Porto Esperidião,0.0
3235,5106851,Porto Estrela,Mato Grosso,2012,3589,Porto Estrela,0.0
3236,5107008,Poxoréu,Mato Grosso,2012,18641,Poxoréo,0.0
3237,5107040,Primavera do Leste,Mato Grosso,2012,56867,Primavera do Leste,0.0
3238,5107065,Querência,Mato Grosso,2012,14543,Querência,0.0
3239,5107156,Reserva do Cabaçal,Mato Grosso,2012,2472,Reserva do Cabaçal,0.0
3240,5107180,Ribeirão Cascalheira,Mato Grosso,2012,9200,Ribeirão Cascalheira,0.0
3241,5107198,Ribeirãozinho,Mato Grosso,2012,2284,Ribeirãozinho,0.0
3242,5107206,Rio Branco,Mato Grosso,2012,4965,Rio Branco,0.0
3243,5107248,Santa Carmem,Mato Grosso,2012,4346,Santa Carmem,0.0
3244,5107263,Santo Afonso,Mato Grosso,2012,2898,Santo Afonso,0.0
3245,5107297,São José do Povo,Mato Grosso,2012,3429,São José do Povo,0.0
3246,5107305,São José do Rio Claro,Mato Grosso,2012,16742,São José do Rio Claro,0.0
3247,5107354,São José do Xingu,Mato Grosso,2012,5396,São José do Xingu,0.0
3248,5107578,Rondolândia,Mato Grosso,2012,3659,Rondolândia,34.0
3249,5107602,Rondonópolis,Mato Grosso,2012,207766,Rondonópolis,1.0
3250,5107701,Rosário Oeste,Mato Grosso,2012,17243,Rosário Oeste,0.0
3251,5107743,Santa Cruz do Xingu,Mato Grosso,2012,2008,Santa Cruz do Xingu,0.0
3252,5107750,Salto do Céu,Mato Grosso,2012,3887,Salto do Céu,0.0
3253,5107776,Santa Terezinha,Mato Grosso,2012,7497,Santa Terezinha,0.0
3254,5107792,Santo Antônio do Leste,Mato Grosso,2012,3795,Santo Antônio do Leste,1.0
3255,5107800,Santo Antônio do Leverger,Mato Grosso,2012,16296,Santo Antônio do Leverger,0.0
3256,5107859,São Félix do Araguaia,Mato Grosso,2012,11208,São Félix do Araguaia,0.0
3257,5107875,Sapezal,Mato Grosso,2012,19660,Sapezal,3.0
3258,5107883,Serra Nova dourada,Mato Grosso,2012,1443,Serra Nova Dourada,0.0
3259,5107909,Sinop,Mato Grosso,2012,125568,Sinop,173.0
3260,5107925,Sorriso,Mato Grosso,2012,72896,Sorriso,0.0
3261,5107941,Tabaporã,Mato Grosso,2012,10055,Tabaporã,0.0
3262,5107958,Tangará da Serra,Mato Grosso,2012,89101,Tangará da Serra,1.0
3263,5108006,Tapurah,Mato Grosso,2012,11005,Tapurah,0.0
3264,5108055,Terra Nova do Norte,Mato Grosso,2012,11186,Terra Nova do Norte,1.0
3265,5108105,Tesouro,Mato Grosso,2012,3390,Tesouro,0.0
3266,5108204,Torixoréu,Mato Grosso,2012,4130,Torixoréu,0.0
3267,5108303,União do Sul,Mato Grosso,2012,3819,União do Sul,0.0
3268,5108352,Vale de São domingos,Mato Grosso,2012,3053,Vale de São Domingos,0.0
3269,5108402,Várzea Grande,Mato Grosso,2012,266454,Várzea Grande,0.0
3270,5108600,Vila Rica,Mato Grosso,2012,21315,Vila Rica,0.0
3271,5108808,Nova Guarita,Mato Grosso,2012,4928,Nova Guarita,4.0
3272,5108857,Nova Marilândia,Mato Grosso,2012,3070,Nova Marilândia,0.0
3273,5108907,Nova Maringá,Mato Grosso,2012,6467,Nova Maringá,0.0
3274,5108956,Nova Monte Verde,Mato Grosso,2012,8267,Nova Monte Verde,0.0
3275,1100015,Alta Floresta D'oeste,Rondônia,2013,24765,Alta Floresta D'Oeste,73.0
3276,1100023,Ariquemes,Rondônia,2013,95982,Ariquemes,176.0
3277,1100031,Cabixi,Rondônia,2013,6386,Cabixi,1.0
3278,1100049,Cacoal,Rondônia,2013,83818,Cacoal,5.0
3279,1100056,Cerejeiras,Rondônia,2013,17403,Cerejeiras,0.0
3280,1100064,Colorado do Oeste,Rondônia,2013,18740,Colorado do Oeste,1.0
3281,1100072,Corumbiara,Rondônia,2013,8843,Corumbiara,0.0
3282,1100080,Costa Marques,Rondônia,2013,14115,Costa Marques,110.0
3283,1100098,Espigão D'oeste,Rondônia,2013,30330,Espigão D'Oeste,2.0
3284,1100106,Guajará-Mirim,Rondônia,2013,43232,Guajará-Mirim,483.0
3285,1100114,Jaru,Rondônia,2013,54058,Jaru,15.0
3286,1100122,Ji-Paraná,Rondônia,2013,123982,Ji-Paraná,27.0
3287,1100130,Machadinho D'oeste,Rondônia,2013,32669,Machadinho D'Oeste,752.0
3288,1100148,Nova Brasilândia D'oeste,Rondônia,2013,19737,Nova Brasilândia D'Oeste,5.0
3289,1100155,Ouro Preto do Oeste,Rondônia,2013,39246,Ouro Preto do Oeste,9.0
3290,1100189,Pimenta Bueno,Rondônia,2013,35670,Pimenta Bueno,4.0
3291,1100205,Porto Velho,Rondônia,2013,455993,Porto Velho,8837.0
3292,1100254,Presidente Médici,Rondônia,2013,22545,Presidente Médici,2.0
3293,1100262,Rio Crespo,Rondônia,2013,3463,Rio Crespo,77.0
3294,1100288,Rolim de Moura,Rondônia,2013,53894,Rolim de Moura,8.0
3295,1100296,Santa Luzia D'oeste,Rondônia,2013,8916,Santa Luzia D'Oeste,1.0
3296,1100304,Vilhena,Rondônia,2013,83076,Vilhena,11.0
3297,1100320,São Miguel do Guaporé,Rondônia,2013,21720,São Miguel do Guaporé,8.0
3298,1100338,Nova Mamoré,Rondônia,2013,24013,Nova Mamoré,199.0
3299,1100346,Alvorada D'oeste,Rondônia,2013,16725,Alvorada D'Oeste,16.0
3300,1100379,Alto Alegre dos Parecis,Rondônia,2013,13051,Alto Alegre dos Parecis,7.0
3301,1100403,Alto Paraíso,Rondônia,2013,17616,Alto Paraíso,45.0
3302,1100452,Buritis,Rondônia,2013,33184,Buritis,160.0
3303,1100502,Novo Horizonte do Oeste,Rondônia,2013,10078,Novo Horizonte do Oeste,0.0
3304,1100601,Cacaulândia,Rondônia,2013,5584,Cacaulândia,5.0
3305,1100700,Campo Novo de Rondônia,Rondônia,2013,12310,Campo Novo de Rondônia,82.0
3306,1100809,Candeias do Jamari,Rondônia,2013,21001,Candeias do Jamari,1716.0
3307,1100908,Castanheiras,Rondônia,2013,3625,Castanheiras,2.0
3308,1100924,Chupinguaia,Rondônia,2013,8815,Chupinguaia,4.0
3309,1100940,Cujubim,Rondônia,2013,16270,Cujubim,519.0
3310,1101005,Governador Jorge Teixeira,Rondônia,2013,10349,Governador Jorge Teixeira,9.0
3311,1101104,Itapuã do Oeste,Rondônia,2013,8883,Itapuã do Oeste,152.0
3312,1101203,Ministro Andreazza,Rondônia,2013,9855,Ministro Andreazza,1.0
3313,1101302,Mirante da Serra,Rondônia,2013,11776,Mirante da Serra,3.0
3314,1101401,Monte Negro,Rondônia,2013,14125,Monte Negro,77.0
3315,1101435,Nova União,Rondônia,2013,7527,Nova União,1.0
3316,1101450,Parecis,Rondônia,2013,4869,Parecis,0.0
3317,1101468,Pimenteiras do Oeste,Rondônia,2013,2371,Pimenteiras do Oeste,10.0
3318,1101476,Primavera de Rondônia,Rondônia,2013,3532,Primavera de Rondônia,1.0
3319,1101484,São Felipe D'oeste,Rondônia,2013,6105,São Felipe D'Oeste,2.0
3320,1101492,São Francisco do Guaporé,Rondônia,2013,16751,São Francisco do Guaporé,39.0
3321,1101500,Seringueiras,Rondônia,2013,12915,Seringueiras,7.0
3322,1101559,Teixeirópolis,Rondônia,2013,4936,Teixeirópolis,3.0
3323,1101609,Theobroma,Rondônia,2013,10494,Theobroma,13.0
3324,1101708,Urupá,Rondônia,2013,13024,Urupá,5.0
3325,1101757,Vale do Anari,Rondônia,2013,9430,Vale do Anari,263.0
3326,1101807,Vale do Paraíso,Rondônia,2013,8177,Vale do Paraíso,0.0
3327,1200013,Acrelândia,Acre,2013,13474,Acrelândia,544.0
3328,1200054,Assis Brasil,Acre,2013,6736,Assis Brasil,15.0
3329,1200104,Brasiléia,Acre,2013,23366,Brasiléia,2.0
3330,1200138,Bujari,Acre,2013,9603,Bujari,3.0
3331,1200179,Capixaba,Acre,2013,9573,Capixaba,3.0
3332,1200203,Cruzeiro do Sul,Acre,2013,86894,Cruzeiro do Sul,19734.0
3333,1200252,Epitaciolândia,Acre,2013,16525,Epitaciolândia,1.0
3334,1200302,Feijó,Acre,2013,35578,Feijó,6.0
3335,1200328,Jordão,Acre,2013,7424,Jordão,36.0
3336,1200336,Mâncio Lima,Acre,2013,16872,Mâncio Lima,7416.0
3337,1200344,Manoel Urbano,Acre,2013,9070,Manoel Urbano,5.0
3338,1200351,Marechal Thaumaturgo,Acre,2013,15766,Marechal Thaumaturgo,80.0
3339,1200385,Plácido de Castro,Acre,2013,18089,Plácido de Castro,125.0
3340,1200393,Porto Walter,Acre,2013,10126,Porto Walter,289.0
3341,1200401,Rio Branco,Acre,2013,367601,Rio Branco,98.0
3342,1200427,Rodrigues Alves,Acre,2013,15478,Rodrigues Alves,3636.0
3343,1200435,Santa Rosa do Purus,Acre,2013,5223,Santa Rosa do Purus,0.0
3344,1200450,Senador Guiomard,Acre,2013,21605,Senador Guiomard,82.0
3345,1200500,Sena Madureira,Acre,2013,41597,Sena Madureira,5.0
3346,1200609,Tarauacá,Acre,2013,39869,Tarauacá,1974.0
3347,1200708,Xapuri,Acre,2013,17353,Xapuri,3.0
3348,1200807,Porto Acre,Acre,2013,16016,Porto Acre,55.0
3349,1300029,Alvarães,Amazonas,2013,15037,Alvarães,2941.0
3350,1300060,Amaturá,Amazonas,2013,10016,Amaturá,195.0
3351,1300086,Anamã,Amazonas,2013,10455,Anamã,5.0
3352,1300102,Anori,Amazonas,2013,17091,Anori,3.0
3353,1300144,Apuí,Amazonas,2013,19081,Apuí,189.0
3354,1300201,Atalaia do Norte,Amazonas,2013,15638,Atalaia do Norte,3931.0
3355,1300300,Autazes,Amazonas,2013,35254,Autazes,226.0
3356,1300409,Barcelos,Amazonas,2013,24261,Barcelos,2456.0
3357,1300508,Barreirinha,Amazonas,2013,29494,Barreirinha,0.0
3358,1300607,Benjamin Constant,Amazonas,2013,35873,Benjamin Constant,1743.0
3359,1300631,Beruri,Amazonas,2013,16996,Beruri,120.0
3360,1300680,Boa Vista do Ramos,Amazonas,2013,16913,Boa Vista do Ramos,1.0
3361,1300706,Boca do Acre,Amazonas,2013,32962,Boca do Acre,228.0
3362,1300805,Borba,Amazonas,2013,36106,Borba,160.0
3363,1300839,Caapiranga,Amazonas,2013,11888,Caapiranga,138.0
3364,1300904,Canutama,Amazonas,2013,14777,Canutama,594.0
3365,1301001,Carauari,Amazonas,2013,27617,Carauari,1035.0
3366,1301100,Careiro,Amazonas,2013,33572,Careiro,445.0
3367,1301159,Careiro da Várzea,Amazonas,2013,23503,Careiro da Várzea,175.0
3368,1301209,Coari,Amazonas,2013,77817,Coari,2592.0
3369,1301308,Codajás,Amazonas,2013,23891,Codajás,5.0
3370,1301407,Eirunepé,Amazonas,2013,32765,Eirunepé,8533.0
3371,1301506,Envira,Amazonas,2013,17101,Envira,422.0
3372,1301605,Fonte Boa,Amazonas,2013,24484,Fonte Boa,133.0
3373,1301654,Guajará,Amazonas,2013,14484,Guajará,2656.0
3374,1301704,Humaitá,Amazonas,2013,48309,Humaitá,952.0
3375,1301803,Ipixuna,Amazonas,2013,23586,Ipixuna,5576.0
3376,1301852,Iranduba,Amazonas,2013,45983,Iranduba,1948.0
3377,1301902,Itacoatiara,Amazonas,2013,94395,Itacoatiara,194.0
3378,1301951,Itamarati,Amazonas,2013,8825,Itamarati,1805.0
3379,1302009,Itapiranga,Amazonas,2013,8859,Itapiranga,14.0
3380,1302108,Japurá,Amazonas,2013,7821,Japurá,330.0
3381,1302207,Juruá,Amazonas,2013,11221,Juruá,701.0
3382,1302306,Jutaí,Amazonas,2013,20173,Jutaí,1210.0
3383,1302405,Lábrea,Amazonas,2013,40729,Lábrea,4663.0
3384,1302504,Manacapuru,Amazonas,2013,92224,Manacapuru,188.0
3385,1302553,Manaquiri,Amazonas,2013,21922,Manaquiri,197.0
3386,1302603,Manaus,Amazonas,2013,1952201,Manaus,5340.0
3387,1302702,Manicoré,Amazonas,2013,49971,Manicoré,337.0
3388,1302801,Maraã,Amazonas,2013,17532,Maraã,821.0
3389,1302900,Maués,Amazonas,2013,56123,Maués,209.0
3390,1303007,Nhamundá,Amazonas,2013,19171,Nhamundá,0.0
3391,1303106,Nova Olinda do Norte,Amazonas,2013,30894,Nova Olinda do Norte,1.0
3392,1303205,Novo Airão,Amazonas,2013,15435,Novo Airão,138.0
3393,1303304,Novo Aripuanã,Amazonas,2013,22512,Novo Aripuanã,83.0
3394,1303403,Parintins,Amazonas,2013,105673,Parintins,6.0
3395,1303502,Pauini,Amazonas,2013,19107,Pauini,1309.0
3396,1303536,Presidente Figueiredo,Amazonas,2013,29046,Presidente Figueiredo,614.0
3397,1303569,Rio Preto da Eva,Amazonas,2013,26312,Rio Preto da Eva,848.0
3398,1303601,Santa Isabel do Rio Negro,Amazonas,2013,17755,Santa Isabel do Rio Negro,207.0
3399,1303700,Santo Antônio do Içá,Amazonas,2013,26042,Santo Antônio do Içá,1279.0
3400,1303809,São Gabriel da Cachoeira,Amazonas,2013,41605,São Gabriel da Cachoeira,5599.0
3401,1303908,São Paulo de Olivença,Amazonas,2013,32844,São Paulo de Olivença,4110.0
3402,1303957,São Sebastião do Uatumã,Amazonas,2013,11288,São Sebastião do Uatumã,49.0
3403,1304005,Silves,Amazonas,2013,9324,Silves,6.0
3404,1304062,Tabatinga,Amazonas,2013,57105,Tabatinga,3524.0
3405,1304104,Tapauá,Amazonas,2013,19032,Tapauá,1059.0
3406,1304203,Tefé,Amazonas,2013,66374,Tefé,2368.0
3407,1304237,Tonantins,Amazonas,2013,18039,Tonantins,17.0
3408,1304260,Uarini,Amazonas,2013,12897,Uarini,1491.0
3409,1304302,Urucará,Amazonas,2013,18091,Urucará,13.0
3410,1304401,Urucurituba,Amazonas,2013,19793,Urucurituba,2.0
3411,1400027,Amajari,Roraima,2013,10545,Amajari,1233.0
3412,1400050,Alto Alegre,Roraima,2013,17820,Alto Alegre,106.0
3413,1400100,Boa Vista,Roraima,2013,324703,Boa Vista,218.0
3414,1400159,Bonfim,Roraima,2013,11942,Bonfim,108.0
3415,1400175,Cantá,Roraima,2013,15275,Cantá,521.0
3416,1400209,Caracaraí,Roraima,2013,19382,Caracaraí,472.0
3417,1400233,Caroebe,Roraima,2013,8899,Caroebe,154.0
3418,1400282,Iracema,Roraima,2013,9191,Iracema,145.0
3419,1400308,Mucajaí,Roraima,2013,15879,Mucajaí,245.0
3420,1400407,Normandia,Roraima,2013,10237,Normandia,45.0
3421,1400456,Pacaraima,Roraima,2013,12350,Pacaraima,223.0
3422,1400472,Rorainópolis,Roraima,2013,26744,Rorainópolis,460.0
3423,1400506,São João da Baliza,Roraima,2013,7416,São João da Baliza,643.0
3424,1400605,São Luiz,Roraima,2013,6984,São Luiz,131.0
3425,1400704,Uiramutã,Roraima,2013,9655,Uiramutã,142.0
3426,1500107,Abaetetuba,Pará,2013,149541,Abaetetuba,5.0
3427,1500131,Abel Figueiredo,Pará,2013,6889,Abel Figueiredo,0.0
3428,1500206,Acará,Pará,2013,56652,Acará,2.0
3429,1500305,Afuá,Pará,2013,36880,Afuá,695.0
3430,1500347,Água Azul do Norte,Pará,2013,24076,Água Azul do Norte,2.0
3431,1500404,Alenquer,Pará,2013,57252,Alenquer,307.0
3432,1500503,Almeirim,Pará,2013,35017,Almeirim,494.0
3433,1500602,Altamira,Pará,2013,107524,Altamira,309.0
3434,1500701,Anajás,Pará,2013,26258,Anajás,3073.0
3435,1500800,Ananindeua,Pará,2013,490309,Ananindeua,142.0
3436,1500859,Anapu,Pará,2013,23007,Anapu,236.0
3437,1500909,Augusto Corrêa,Pará,2013,43129,Augusto Corrêa,2.0
3438,1500958,Aurora do Pará,Pará,2013,26770,Aurora do Pará,7.0
3439,1501006,Aveiro,Pará,2013,16679,Aveiro,4.0
3440,1501105,Bagre,Pará,2013,25889,Bagre,41.0
3441,1501204,Baião,Pará,2013,41425,Baião,63.0
3442,1501253,Bannach,Pará,2013,3665,Bannach,0.0
3443,1501303,Barcarena,Pará,2013,108327,Barcarena,8.0
3444,1501402,Belém,Pará,2013,1434201,Belém,59.0
3445,1501451,Belterra,Pará,2013,17098,Belterra,4.0
3446,1501501,Benevides,Pará,2013,55412,Benevides,1.0
3447,1501576,Bom Jesus do Tocantins,Pará,2013,16405,Bom Jesus do Tocantins,4.0
3448,1501600,Bonito,Pará,2013,13873,Bonito,0.0
3449,1501709,Bragança,Pará,2013,119838,Bragança,4.0
3450,1501725,Brasil Novo,Pará,2013,17524,Brasil Novo,6.0
3451,1501758,Brejo Grande do Araguaia,Pará,2013,7512,Brejo Grande do Araguaia,1.0
3452,1501782,Breu Branco,Pará,2013,53720,Breu Branco,26.0
3453,1501808,Breves,Pará,2013,98731,Breves,912.0
3454,1501907,Bujaru,Pará,2013,26239,Bujaru,1.0
3455,1501956,Cachoeira do Piriá,Pará,2013,25708,Cachoeira do Piriá,5.0
3456,1502004,Cachoeira do Arari,Pará,2013,21653,Cachoeira do Arari,2.0
3457,1502103,Cametá,Pará,2013,128472,Cametá,189.0
3458,1502152,Canaã dos Carajás,Pará,2013,33301,Canaã dos Carajás,2.0
3459,1502202,Capanema,Pará,2013,67082,Capanema,0.0
3460,1502301,Capitão Poço,Pará,2013,54571,Capitão Poço,3.0
3461,1502400,Castanhal,Pará,2013,183994,Castanhal,0.0
3462,1502509,Chaves,Pará,2013,21491,Chaves,241.0
3463,1502608,Colares,Pará,2013,12032,Colares,8.0
3464,1502707,Conceição do Araguaia,Pará,2013,47263,Conceição do Araguaia,0.0
3465,1502756,Concórdia do Pará,Pará,2013,29065,Concórdia do Pará,3.0
3466,1502764,Cumaru do Norte,Pará,2013,11343,Cumaru do Norte,33.0
3467,1502772,Curionópolis,Pará,2013,19286,Curionópolis,1.0
3468,1502806,Curralinho,Pará,2013,30847,Curralinho,182.0
3469,1502855,Curuá,Pará,2013,13004,Curuá,0.0
3470,1502905,Curuçá,Pará,2013,36989,Curuçá,22.0
3471,1502939,dom Eliseu,Pará,2013,54694,Dom Eliseu,2.0
3472,1502954,Eldorado do Carajás,Pará,2013,32689,Eldorado do Carajás,0.0
3473,1503002,Faro,Pará,2013,8560,Faro,5.0
3474,1503044,Floresta do Araguaia,Pará,2013,18471,Floresta do Araguaia,0.0
3475,1503077,Garrafão do Norte,Pará,2013,25882,Garrafão do Norte,0.0
3476,1503093,Goianésia do Pará,Pará,2013,33766,Goianésia do Pará,250.0
3477,1503101,Gurupá,Pará,2013,30758,Gurupá,8.0
3478,1503200,Igarapé-Açu,Pará,2013,37151,Igarapé-Açu,4.0
3479,1503309,Igarapé-Miri,Pará,2013,61738,Igarapé-Miri,0.0
3480,1503408,Inhangapi,Pará,2013,10339,Inhangapi,1.0
3481,1503457,Ipixuna do Pará,Pará,2013,44309,Ipixuna do Pará,17.0
3482,1503507,Irituia,Pará,2013,32531,Irituia,0.0
3483,1503606,Itaituba,Pará,2013,105228,Itaituba,10904.0
3484,1503705,Itupiranga,Pará,2013,53843,Itupiranga,12.0
3485,1503754,Jacareacanga,Pará,2013,15383,Jacareacanga,2487.0
3486,1503804,Jacundá,Pará,2013,50315,Jacundá,4.0
3487,1503903,Juruti,Pará,2013,49736,Juruti,6.0
3488,1504000,Limoeiro do Ajuru,Pará,2013,26807,Limoeiro do Ajuru,100.0
3489,1504059,Mãe do Rio,Pará,2013,30163,Mãe do Rio,0.0
3490,1504109,Magalhães Barata,Pará,2013,8353,Magalhães Barata,18.0
3491,1504208,Marabá,Pará,2013,254002,Marabá,25.0
3492,1504307,Maracanã,Pará,2013,28926,Maracanã,114.0
3493,1504406,Marapanim,Pará,2013,27506,Marapanim,61.0
3494,1504422,Marituba,Pará,2013,112971,Marituba,1.0
3495,1504455,Medicilândia,Pará,2013,28253,Medicilândia,28.0
3496,1504505,Melgaço,Pará,2013,26124,Melgaço,15.0
3497,1504604,Mocajuba,Pará,2013,27922,Mocajuba,6.0
3498,1504703,Moju,Pará,2013,75324,Moju,84.0
3499,1504752,Mojuí dos Campos,Pará,2013,16408,Mojuí dos Campos,0.0
3500,1504802,Monte Alegre,Pará,2013,58113,Monte Alegre,3.0
3501,1504901,Muaná,Pará,2013,37421,Muaná,25.0
3502,1504950,Nova Esperança do Piriá,Pará,2013,20916,Nova Esperança do Piriá,9.0
3503,1504976,Nova Ipixuna,Pará,2013,15127,Nova Ipixuna,5.0
3504,1505007,Nova Timboteua,Pará,2013,13890,Nova Timboteua,0.0
3505,1505031,Novo Progresso,Pará,2013,27301,Novo Progresso,1132.0
3506,1505064,Novo Repartimento,Pará,2013,65104,Novo Repartimento,44.0
3507,1505106,Óbidos,Pará,2013,51730,Óbidos,28.0
3508,1505205,Oeiras do Pará,Pará,2013,30836,Oeiras do Pará,102.0
3509,1505304,Oriximiná,Pará,2013,65973,Oriximiná,24.0
3510,1505403,Ourém,Pará,2013,17097,Ourém,0.0
3511,1505437,Ourilândia do Norte,Pará,2013,29492,Ourilândia do Norte,54.0
3512,1505486,Pacajá,Pará,2013,42321,Pacajá,841.0
3513,1505494,Palestina do Pará,Pará,2013,7645,Palestina do Pará,1.0
3514,1505502,Paragominas,Pará,2013,103509,Paragominas,65.0
3515,1505536,Parauapebas,Pará,2013,179438,Parauapebas,14.0
3516,1505601,Peixe-Boi,Pará,2013,8157,Peixe-Boi,0.0
3517,1505635,Piçarra,Pará,2013,13238,Piçarra,1.0
3518,1505650,Placas,Pará,2013,23341,Placas,27.0
3519,1505700,Ponta de Pedras,Pará,2013,26670,Ponta de Pedras,74.0
3520,1505809,Portel,Pará,2013,56192,Portel,811.0
3521,1505908,Porto de Moz,Pará,2013,37050,Porto de Moz,19.0
3522,1506005,Prainha,Pará,2013,31550,Prainha,15.0
3523,1506104,Primavera,Pará,2013,10598,Primavera,0.0
3524,1506112,Quatipuru,Pará,2013,12484,Quatipuru,0.0
3525,1506138,Redenção,Pará,2013,80655,Redenção,15.0
3526,1506161,Rio Maria,Pará,2013,18450,Rio Maria,0.0
3527,1506187,Rondon do Pará,Pará,2013,50830,Rondon do Pará,1.0
3528,1506195,Rurópolis,Pará,2013,40708,Rurópolis,11.0
3529,1506203,Salinópolis,Pará,2013,40120,Salinópolis,1.0
3530,1506302,Salvaterra,Pará,2013,21380,Salvaterra,0.0
3531,1506351,Santa Bárbara do Pará,Pará,2013,18290,Santa Bárbara do Pará,0.0
3532,1506401,Santa Cruz do Arari,Pará,2013,8222,Santa Cruz do Arari,6.0
3533,1506500,Santa Izabel do Pará,Pará,2013,63771,Santa Izabel do Pará,1.0
3534,1506559,Santa Luzia do Pará,Pará,2013,20184,Santa Luzia do Pará,3.0
3535,1506583,Santa Maria das Barreiras,Pará,2013,17615,Santa Maria das Barreiras,3.0
3536,1506609,Santa Maria do Pará,Pará,2013,23853,Santa Maria do Pará,1.0
3537,1506708,Santana do Araguaia,Pará,2013,51164,Santana do Araguaia,1.0
3538,1506807,Santarém,Pará,2013,300006,Santarém,31.0
3539,1506906,Santarém Novo,Pará,2013,6306,Santarém Novo,0.0
3540,1507003,Santo Antônio do Tauá,Pará,2013,27766,Santo Antônio do Tauá,0.0
3541,1507102,São Caetano de Odivelas,Pará,2013,17288,São Caetano de Odivelas,179.0
3542,1507151,São domingos do Araguaia,Pará,2013,23703,São Domingos do Araguaia,3.0
3543,1507201,São domingos do Capim,Pará,2013,31515,São Domingos do Capim,2.0
3544,1507300,São Félix do Xingu,Pará,2013,88327,São Félix do Xingu,34.0
3545,1507409,São Francisco do Pará,Pará,2013,15384,São Francisco do Pará,2.0
3546,1507458,São Geraldo do Araguaia,Pará,2013,26405,São Geraldo do Araguaia,0.0
3547,1507466,São João da Ponta,Pará,2013,5206,São João da Ponta,14.0
3548,1507474,São João de Pirabas,Pará,2013,21208,São João de Pirabas,0.0
3549,1507508,São João do Araguaia,Pará,2013,13818,São João do Araguaia,2.0
3550,1507607,São Miguel do Guamá,Pará,2013,53696,São Miguel do Guamá,0.0
3551,1507706,São Sebastião da Boa Vista,Pará,2013,24195,São Sebastião da Boa Vista,29.0
3552,1507755,Sapucaia,Pará,2013,5348,Sapucaia,0.0
3553,1507805,Senador José Porfírio,Pará,2013,14860,Senador José Porfírio,195.0
3554,1507904,Soure,Pará,2013,23856,Soure,5.0
3555,1507953,Tailândia,Pará,2013,80464,Tailândia,11.0
3556,1507961,Terra Alta,Pará,2013,10526,Terra Alta,0.0
3557,1507979,Terra Santa,Pará,2013,17683,Terra Santa,0.0
3558,1508001,Tomé-Açu,Pará,2013,60503,Tomé-Açu,24.0
3559,1508035,Tracuateua,Pará,2013,28854,Tracuateua,0.0
3560,1508050,Trairão,Pará,2013,16972,Trairão,192.0
3561,1508084,Tucumã,Pará,2013,36265,Tucumã,1.0
3562,1508100,Tucuruí,Pará,2013,101295,Tucuruí,189.0
3563,1508126,Ulianópolis,Pará,2013,44024,Ulianópolis,1.0
3564,1508159,Uruará,Pará,2013,46342,Uruará,16.0
3565,1508209,Vigia,Pará,2013,50090,Vigia,11.0
3566,1508308,Viseu,Pará,2013,59656,Viseu,1.0
3567,1508357,Vitória do Xingu,Pará,2013,14188,Vitória do Xingu,43.0
3568,1508407,Xinguara,Pará,2013,44427,Xinguara,3.0
3569,1600055,Serra do Navio,Amapá,2013,4646,Serra do Navio,434.0
3570,1600105,Amapá,Amapá,2013,8419,Amapá,45.0
3571,1600154,Pedra Branca do Amapari,Amapá,2013,11574,Pedra Branca do Amapari,778.0
3572,1600204,Calçoene,Amapá,2013,9749,Calçoene,2346.0
3573,1600212,Cutias,Amapá,2013,4906,Cutias,25.0
3574,1600238,Ferreira Gomes,Amapá,2013,6269,Ferreira Gomes,257.0
3575,1600253,Itaubal,Amapá,2013,4650,Itaubal,8.0
3576,1600279,Laranjal do Jari,Amapá,2013,41824,Laranjal do Jari,295.0
3577,1600303,Macapá,Amapá,2013,432709,Macapá,2599.0
3578,1600402,Mazagão,Amapá,2013,18694,Mazagão,2807.0
3579,1600501,Oiapoque,Amapá,2013,22772,Oiapoque,1329.0
3580,1600535,Porto Grande,Amapá,2013,17907,Porto Grande,585.0
3581,1600550,Pracuúba,Amapá,2013,4028,Pracuúba,26.0
3582,1600600,Santana,Amapá,2013,109455,Santana,1125.0
3583,1600709,Tartarugalzinho,Amapá,2013,13345,Tartarugalzinho,841.0
3584,1600808,Vitória do Jari,Amapá,2013,12884,Vitória do Jari,25.0
3585,1700251,Abreulândia,Tocantins,2013,2475,Abreulândia,0.0
3586,1700400,Almas,Tocantins,2013,7475,Almas,0.0
3587,1701002,Ananás,Tocantins,2013,10210,Ananás,0.0
3588,1701903,Araguacema,Tocantins,2013,6331,Araguacema,0.0
3589,1702109,Araguaína,Tocantins,2013,159279,Araguaína,0.0
3590,1702208,Araguatins,Tocantins,2013,32470,Araguatins,6.0
3591,1702554,Augustinópolis,Tocantins,2013,16672,Augustinópolis,0.0
3592,1702703,Aurora do Tocantins,Tocantins,2013,3508,Aurora do Tocantins,0.0
3593,1702901,Axixá do Tocantins,Tocantins,2013,9601,Axixá do Tocantins,0.0
3594,1703008,Babaçulândia,Tocantins,2013,9945,Babaçulândia,0.0
3595,1703800,Buriti do Tocantins,Tocantins,2013,10079,Buriti do Tocantins,0.0
3596,1703891,Carrasco Bonito,Tocantins,2013,3687,Carrasco Bonito,0.0
3597,1703909,Caseara,Tocantins,2013,4740,Caseara,0.0
3598,1705607,Conceição do Tocantins,Tocantins,2013,4181,Conceição do Tocantins,0.0
3599,1707405,Esperantina,Tocantins,2013,9247,Esperantina,0.0
3600,1710508,Itacajá,Tocantins,2013,7197,Itacajá,0.0
3601,1710706,Itaguatins,Tocantins,2013,5953,Itaguatins,8.0
3602,1711803,Juarina,Tocantins,2013,2259,Juarina,0.0
3603,1712504,Marianópolis do Tocantins,Tocantins,2013,4508,Marianópolis do Tocantins,0.0
3604,1712801,Maurilândia do Tocantins,Tocantins,2013,3194,Maurilândia do Tocantins,0.0
3605,1713304,Miranorte,Tocantins,2013,12927,Miranorte,0.0
3606,1714203,Natividade,Tocantins,2013,9164,Natividade,0.0
3607,1718204,Porto Nacional,Tocantins,2013,53230,Porto Nacional,0.0
3608,1718303,Praia Norte,Tocantins,2013,8185,Praia Norte,0.0
3609,1718550,Riachinho,Tocantins,2013,4237,Riachinho,0.0
3610,1718808,Sampaio,Tocantins,2013,4024,Sampaio,0.0
3611,1718840,Sandolândia,Tocantins,2013,3480,Sandolândia,0.0
3612,1718865,Santa Fé do Araguaia,Tocantins,2013,6857,Santa Fé do Araguaia,0.0
3613,1719004,Santa Tereza do Tocantins,Tocantins,2013,2607,Santa Tereza do Tocantins,0.0
3614,1720101,São Bento do Tocantins,Tocantins,2013,4952,São Bento do Tocantins,0.0
3615,1720150,São Félix do Tocantins,Tocantins,2013,1546,São Félix do Tocantins,0.0
3616,1720309,São Sebastião do Tocantins,Tocantins,2013,4345,São Sebastião do Tocantins,0.0
3617,1720804,Sítio Novo do Tocantins,Tocantins,2013,9708,Sítio Novo do Tocantins,0.0
3618,1720903,Taguatinga,Tocantins,2013,15146,Taguatinga,0.0
3619,1720937,Taipas do Tocantins,Tocantins,2013,1981,Taipas do Tocantins,0.0
3620,1721000,Palmas,Tocantins,2013,249889,Palmas,3.0
3621,1721208,Tocantinópolis,Tocantins,2013,23160,Tocantinópolis,0.0
3622,1722107,Xambioá,Tocantins,2013,11498,Xambioá,2.0
3623,2100055,Açailândia,Maranhão,2013,107039,Açailândia,0.0
3624,2100154,Água doce do Maranhão,Maranhão,2013,11891,Água Doce do Maranhão,0.0
3625,2100204,Alcântara,Maranhão,2013,21609,Alcântara,4.0
3626,2100303,Aldeias Altas,Maranhão,2013,24437,Aldeias Altas,1.0
3627,2100402,Altamira do Maranhão,Maranhão,2013,7383,Altamira do Maranhão,0.0
3628,2100436,Alto Alegre do Maranhão,Maranhão,2013,25662,Alto Alegre do Maranhão,5.0
3629,2100477,Alto Alegre do Pindaré,Maranhão,2013,31141,Alto Alegre do Pindaré,0.0
3630,2100550,Amapá do Maranhão,Maranhão,2013,6678,Amapá do Maranhão,13.0
3631,2100600,Amarante do Maranhão,Maranhão,2013,38816,Amarante do Maranhão,0.0
3632,2100808,Anapurus,Maranhão,2013,14262,Anapurus,0.0
3633,2100832,Apicum-Açu,Maranhão,2013,15874,Apicum-Açu,0.0
3634,2100873,Araguanã,Maranhão,2013,13913,Araguanã,0.0
3635,2100956,Arame,Maranhão,2013,31446,Arame,1.0
3636,2101004,Arari,Maranhão,2013,29284,Arari,0.0
3637,2101103,Axixá,Maranhão,2013,11744,Axixá,0.0
3638,2101202,Bacabal,Maranhão,2013,102526,Bacabal,3.0
3639,2101251,Bacabeira,Maranhão,2013,15508,Bacabeira,0.0
3640,2101301,Bacuri,Maranhão,2013,17616,Bacuri,0.0
3641,2101400,Balsas,Maranhão,2013,87748,Balsas,0.0
3642,2101608,Barra do Corda,Maranhão,2013,84728,Barra do Corda,0.0
3643,2101707,Barreirinhas,Maranhão,2013,58211,Barreirinhas,1.0
3644,2101731,Belágua,Maranhão,2013,7200,Belágua,0.0
3645,2101772,Bela Vista do Maranhão,Maranhão,2013,10739,Bela Vista do Maranhão,0.0
3646,2101806,Benedito Leite,Maranhão,2013,5514,Benedito Leite,0.0
3647,2101905,Bequimão,Maranhão,2013,20998,Bequimão,0.0
3648,2101939,Bernardo do Mearim,Maranhão,2013,5757,Bernardo do Mearim,0.0
3649,2101970,Boa Vista do Gurupi,Maranhão,2013,7337,Boa Vista do Gurupi,2.0
3650,2102002,Bom Jardim,Maranhão,2013,39277,Bom Jardim,3.0
3651,2102036,Bom Jesus das Selvas,Maranhão,2013,29182,Bom Jesus das Selvas,1.0
3652,2102101,Brejo,Maranhão,2013,34546,Brejo,0.0
3653,2102150,Brejo de Areia,Maranhão,2013,10621,Brejo de Areia,4.0
3654,2102200,Buriti,Maranhão,2013,28086,Buriti,0.0
3655,2102309,Buriti Bravo,Maranhão,2013,23301,Buriti Bravo,0.0
3656,2102325,Buriticupu,Maranhão,2013,65754,Buriticupu,0.0
3657,2102358,Buritirana,Maranhão,2013,14846,Buritirana,0.0
3658,2102374,Cachoeira Grande,Maranhão,2013,8818,Cachoeira Grande,0.0
3659,2102408,Cajapió,Maranhão,2013,10864,Cajapió,0.0
3660,2102507,Cajari,Maranhão,2013,18464,Cajari,0.0
3661,2102556,Campestre do Maranhão,Maranhão,2013,13459,Campestre do Maranhão,0.0
3662,2102606,Cândido Mendes,Maranhão,2013,19383,Cândido Mendes,59.0
3663,2102705,Cantanhede,Maranhão,2013,21286,Cantanhede,0.0
3664,2102754,Capinzal do Norte,Maranhão,2013,11003,Capinzal do Norte,0.0
3665,2102903,Carutapera,Maranhão,2013,22788,Carutapera,3.0
3666,2103000,Caxias,Maranhão,2013,159811,Caxias,1.0
3667,2103109,Cedral,Maranhão,2013,10495,Cedral,1.0
3668,2103125,Central do Maranhão,Maranhão,2013,7945,Central do Maranhão,0.0
3669,2103158,Centro do Guilherme,Maranhão,2013,11559,Centro do Guilherme,0.0
3670,2103174,Centro Novo do Maranhão,Maranhão,2013,19150,Centro Novo do Maranhão,6.0
3671,2103208,Chapadinha,Maranhão,2013,76465,Chapadinha,0.0
3672,2103257,Cidelândia,Maranhão,2013,13855,Cidelândia,0.0
3673,2103307,Codó,Maranhão,2013,120727,Codó,37.0
3674,2103505,Colinas,Maranhão,2013,40197,Colinas,0.0
3675,2103554,Conceição do Lago-Açu,Maranhão,2013,14924,Conceição do Lago-Açu,5.0
3676,2103604,Coroatá,Maranhão,2013,62857,Coroatá,1.0
3677,2103703,Cururupu,Maranhão,2013,33110,Cururupu,0.0
3678,2103752,davinópolis,Maranhão,2013,13046,Davinópolis,0.0
3679,2103802,dom Pedro,Maranhão,2013,23154,Dom Pedro,0.0
3680,2103901,Duque Bacelar,Maranhão,2013,10845,Duque Bacelar,0.0
3681,2104008,Esperantinópolis,Maranhão,2013,18522,Esperantinópolis,0.0
3682,2104057,Estreito,Maranhão,2013,36420,Estreito,3.0
3683,2104099,Formosa da Serra Negra,Maranhão,2013,17589,Formosa da Serra Negra,1.0
3684,2104206,Fortuna,Maranhão,2013,17487,Fortuna,1.0
3685,2104305,Godofredo Viana,Maranhão,2013,10426,Godofredo Viana,2.0
3686,2104404,Gonçalves Dias,Maranhão,2013,17736,Gonçalves Dias,0.0
3687,2104503,Governador Archer,Maranhão,2013,10416,Governador Archer,0.0
3688,2104552,Governador Edison Lobão,Maranhão,2013,16518,Governador Edison Lobão,0.0
3689,2104602,Governador Eugênio Barros,Maranhão,2013,14146,Governador Eugênio Barros,1.0
3690,2104628,Governador Luiz Rocha,Maranhão,2013,7418,Governador Luiz Rocha,0.0
3691,2104651,Governador Newton Bello,Maranhão,2013,10635,Governador Newton Bello,0.0
3692,2104677,Governador Nunes Freire,Maranhão,2013,25810,Governador Nunes Freire,5.0
3693,2104701,Graça Aranha,Maranhão,2013,6225,Graça Aranha,0.0
3694,2104800,Grajaú,Maranhão,2013,65150,Grajaú,0.0
3695,2104909,Guimarães,Maranhão,2013,12026,Guimarães,0.0
3696,2105005,Humberto de Campos,Maranhão,2013,27008,Humberto de Campos,0.0
3697,2105104,Icatu,Maranhão,2013,25819,Icatu,0.0
3698,2105153,Igarapé do Meio,Maranhão,2013,13066,Igarapé do Meio,0.0
3699,2105203,Igarapé Grande,Maranhão,2013,10658,Igarapé Grande,0.0
3700,2105302,Imperatriz,Maranhão,2013,256457,Imperatriz,2.0
3701,2105351,Itaipava do Grajaú,Maranhão,2013,14359,Itaipava do Grajaú,3.0
3702,2105401,Itapecuru Mirim,Maranhão,2013,63495,Itapecuru Mirim,0.0
3703,2105427,Itinga do Maranhão,Maranhão,2013,25044,Itinga do Maranhão,0.0
3704,2105450,Jatobá,Maranhão,2013,8577,Jatobá,0.0
3705,2105476,Jenipapo dos Vieiras,Maranhão,2013,16186,Jenipapo dos Vieiras,0.0
3706,2105500,João Lisboa,Maranhão,2013,24481,João Lisboa,0.0
3707,2105609,Joselândia,Maranhão,2013,15746,Joselândia,1.0
3708,2105658,Junco do Maranhão,Maranhão,2013,4999,Junco do Maranhão,1.0
3709,2105708,Lago da Pedra,Maranhão,2013,46860,Lago da Pedra,1.0
3710,2105906,Lago Verde,Maranhão,2013,15666,Lago Verde,0.0
3711,2105948,Lago dos Rodrigues,Maranhão,2013,8992,Lago dos Rodrigues,0.0
3712,2105963,Lagoa Grande do Maranhão,Maranhão,2013,10832,Lagoa Grande do Maranhão,2.0
3713,2105989,Lajeado Novo,Maranhão,2013,7060,Lajeado Novo,1.0
3714,2106003,Lima Campos,Maranhão,2013,11594,Lima Campos,0.0
3715,2106201,Luís domingues,Maranhão,2013,6731,Luís Domingues,0.0
3716,2106326,Maracaçumé,Maranhão,2013,19851,Maracaçumé,9.0
3717,2106359,Marajá do Sena,Maranhão,2013,7884,Marajá do Sena,1.0
3718,2106375,Maranhãozinho,Maranhão,2013,13772,Maranhãozinho,2.0
3719,2106409,Mata Roma,Maranhão,2013,15789,Mata Roma,0.0
3720,2106508,Matinha,Maranhão,2013,22388,Matinha,0.0
3721,2106607,Matões,Maranhão,2013,32552,Matões,1.0
3722,2106631,Matões do Norte,Maranhão,2013,14661,Matões do Norte,0.0
3723,2106672,Milagres do Maranhão,Maranhão,2013,8456,Milagres do Maranhão,0.0
3724,2106755,Miranda do Norte,Maranhão,2013,24980,Miranda do Norte,0.0
3725,2106805,Mirinzal,Maranhão,2013,14436,Mirinzal,0.0
3726,2106904,Monção,Maranhão,2013,31081,Monção,1.0
3727,2107001,Montes Altos,Maranhão,2013,9522,Montes Altos,0.0
3728,2107100,Morros,Maranhão,2013,18320,Morros,0.0
3729,2107357,Nova Olinda do Maranhão,Maranhão,2013,18736,Nova Olinda do Maranhão,2.0
3730,2107407,Olho D'água das Cunhãs,Maranhão,2013,18854,Olho d'Água das Cunhãs,1.0
3731,2107456,Olinda Nova do Maranhão,Maranhão,2013,13521,Olinda Nova do Maranhão,0.0
3732,2107506,Paço do Lumiar,Maranhão,2013,112258,Paço do Lumiar,1.0
3733,2107605,Palmeirândia,Maranhão,2013,19459,Palmeirândia,1.0
3734,2107704,Paraibano,Maranhão,2013,20125,Paraibano,0.0
3735,2107803,Parnarama,Maranhão,2013,33736,Parnarama,0.0
3736,2108009,Pastos Bons,Maranhão,2013,18543,Pastos Bons,0.0
3737,2108108,Paulo Ramos,Maranhão,2013,20823,Paulo Ramos,0.0
3738,2108207,Pedreiras,Maranhão,2013,39647,Pedreiras,1.0
3739,2108256,Pedro do Rosário,Maranhão,2013,23571,Pedro do Rosário,7.0
3740,2108306,Penalva,Maranhão,2013,35666,Penalva,0.0
3741,2108405,Peri Mirim,Maranhão,2013,13727,Peri Mirim,0.0
3742,2108454,Peritoró,Maranhão,2013,21616,Peritoró,0.0
3743,2108504,Pindaré-Mirim,Maranhão,2013,32056,Pindaré-Mirim,0.0
3744,2108603,Pinheiro,Maranhão,2013,80638,Pinheiro,1.0
3745,2108702,Pio Xii,Maranhão,2013,22580,Pio XII,0.0
3746,2108801,Pirapemas,Maranhão,2013,18031,Pirapemas,1.0
3747,2108900,Poção de Pedras,Maranhão,2013,20027,Poção de Pedras,0.0
3748,2109007,Porto Franco,Maranhão,2013,22158,Porto Franco,6.0
3749,2109056,Porto Rico do Maranhão,Maranhão,2013,6142,Porto Rico do Maranhão,0.0
3750,2109106,Presidente Dutra,Maranhão,2013,45612,Presidente Dutra,0.0
3751,2109205,Presidente Juscelino,Maranhão,2013,11769,Presidente Juscelino,0.0
3752,2109239,Presidente Médici,Maranhão,2013,6259,Presidente Médici,3.0
3753,2109270,Presidente Sarney,Maranhão,2013,17581,Presidente Sarney,116.0
3754,2109304,Presidente Vargas,Maranhão,2013,11011,Presidente Vargas,8.0
3755,2109403,Primeira Cruz,Maranhão,2013,14250,Primeira Cruz,0.0
3756,2109452,Raposa,Maranhão,2013,27480,Raposa,0.0
3757,2109551,Ribamar Fiquene,Maranhão,2013,7481,Ribamar Fiquene,1.0
3758,2109601,Rosário,Maranhão,2013,40455,Rosário,0.0
3759,2109759,Santa Filomena do Maranhão,Maranhão,2013,7229,Santa Filomena do Maranhão,0.0
3760,2109809,Santa Helena,Maranhão,2013,39681,Santa Helena,40.0
3761,2109908,Santa Inês,Maranhão,2013,85464,Santa Inês,1.0
3762,2110005,Santa Luzia,Maranhão,2013,69521,Santa Luzia,1.0
3763,2110039,Santa Luzia do Paruá,Maranhão,2013,24319,Santa Luzia do Paruá,5.0
3764,2110104,Santa Quitéria do Maranhão,Maranhão,2013,24581,Santa Quitéria do Maranhão,0.0
3765,2110203,Santa Rita,Maranhão,2013,34321,Santa Rita,0.0
3766,2110278,Santo Amaro do Maranhão,Maranhão,2013,14168,Santo Amaro do Maranhão,0.0
3767,2110302,Santo Antônio dos Lopes,Maranhão,2013,14545,Santo Antônio dos Lopes,0.0
3768,2110401,São Benedito do Rio Preto,Maranhão,2013,18437,São Benedito do Rio Preto,0.0
3769,2110500,São Bento,Maranhão,2013,42124,São Bento,0.0
3770,2110708,São domingos do Maranhão,Maranhão,2013,34363,São Domingos do Maranhão,0.0
3771,2110807,São Félix de Balsas,Maranhão,2013,4750,São Félix de Balsas,0.0
3772,2110906,São Francisco do Maranhão,Maranhão,2013,12077,São Francisco do Maranhão,0.0
3773,2111003,São João Batista,Maranhão,2013,20200,São João Batista,0.0
3774,2111029,São João do Carú,Maranhão,2013,15546,São João do Carú,0.0
3775,2111052,São João do Paraíso,Maranhão,2013,10905,São João do Paraíso,0.0
3776,2111078,São João do Soter,Maranhão,2013,17641,São João do Soter,0.0
3777,2111102,São João dos Patos,Maranhão,2013,25296,São João dos Patos,1.0
3778,2111201,São José de Ribamar,Maranhão,2013,174731,São José de Ribamar,1.0
3779,2111250,São José dos Basílios,Maranhão,2013,7538,São José dos Basílios,0.0
3780,2111300,São Luís,Maranhão,2013,1045181,São Luís,2.0
3781,2111409,São Luís Gonzaga do Maranhão,Maranhão,2013,19900,São Luís Gonzaga do Maranhão,4.0
3782,2111508,São Mateus do Maranhão,Maranhão,2013,39959,São Mateus do Maranhão,10.0
3783,2111532,São Pedro da Água Branca,Maranhão,2013,12606,São Pedro da Água Branca,0.0
3784,2111607,São Raimundo das Mangabeiras,Maranhão,2013,17965,São Raimundo das Mangabeiras,0.0
3785,2111631,São Raimundo do doca Bezerra,Maranhão,2013,6145,São Raimundo do Doca Bezerra,0.0
3786,2111672,São Roberto,Maranhão,2013,5895,São Roberto,0.0
3787,2111706,São Vicente Ferrer,Maranhão,2013,21062,São Vicente Ferrer,0.0
3788,2111722,Satubinha,Maranhão,2013,11811,Satubinha,0.0
3789,2111748,Senador Alexandre Costa,Maranhão,2013,10408,Senador Alexandre Costa,0.0
3790,2111763,Senador La Rocque,Maranhão,2013,14805,Senador La Rocque,0.0
3791,2111789,Serrano do Maranhão,Maranhão,2013,9901,Serrano do Maranhão,0.0
3792,2111904,Sucupira do Norte,Maranhão,2013,10611,Sucupira do Norte,0.0
3793,2112100,Timbiras,Maranhão,2013,28430,Timbiras,0.0
3794,2112209,Timon,Maranhão,2013,160984,Timon,0.0
3795,2112233,Trizidela do Vale,Maranhão,2013,21183,Trizidela do Vale,0.0
3796,2112274,Tufilândia,Maranhão,2013,5751,Tufilândia,0.0
3797,2112308,Tuntum,Maranhão,2013,39660,Tuntum,0.0
3798,2112407,Turiaçu,Maranhão,2013,35501,Turiaçu,68.0
3799,2112456,Turilândia,Maranhão,2013,24529,Turilândia,86.0
3800,2112506,Tutóia,Maranhão,2013,54057,Tutóia,0.0
3801,2112605,Urbano Santos,Maranhão,2013,30812,Urbano Santos,0.0
3802,2112704,Vargem Grande,Maranhão,2013,49782,Vargem Grande,0.0
3803,2112803,Viana,Maranhão,2013,50698,Viana,0.0
3804,2112852,Vila Nova dos Martírios,Maranhão,2013,11342,Vila Nova dos Martírios,0.0
3805,2112902,Vitória do Mearim,Maranhão,2013,31923,Vitória do Mearim,0.0
3806,2113009,Vitorino Freire,Maranhão,2013,31556,Vitorino Freire,0.0
3807,2114007,Zé doca,Maranhão,2013,48578,Zé Doca,1.0
3808,5100102,Acorizal,Mato Grosso,2013,5371,Acorizal,0.0
3809,5100201,Água Boa,Mato Grosso,2013,22915,Água Boa,1.0
3810,5100250,Alta Floresta,Mato Grosso,2013,52587,Alta Floresta,8.0
3811,5100300,Alto Araguaia,Mato Grosso,2013,16246,Alto Araguaia,0.0
3812,5100359,Alto Boa Vista,Mato Grosso,2013,5393,Alto Boa Vista,0.0
3813,5100607,Alto Taquari,Mato Grosso,2013,8789,Alto Taquari,0.0
3814,5100805,Apiacás,Mato Grosso,2013,8720,Apiacás,20.0
3815,5101001,Araguaiana,Mato Grosso,2013,3371,Araguaiana,1.0
3816,5101258,Araputanga,Mato Grosso,2013,15259,Araputanga,0.0
3817,5101308,Arenápolis,Mato Grosso,2013,10470,Arenápolis,0.0
3818,5101407,Aripuanã,Mato Grosso,2013,20425,Aripuanã,41.0
3819,5101704,Barra do Bugres,Mato Grosso,2013,31264,Barra do Bugres,1.0
3820,5101803,Barra do Garças,Mato Grosso,2013,60267,Barra do Garças,0.0
3821,5101852,Bom Jesus do Araguaia,Mato Grosso,2013,5807,Bom Jesus do Araguaia,0.0
3822,5101902,Brasnorte,Mato Grosso,2013,15879,Brasnorte,5.0
3823,5102504,Cáceres,Mato Grosso,2013,90110,Cáceres,0.0
3824,5102603,Campinápolis,Mato Grosso,2013,14785,Campinápolis,0.0
3825,5102637,Campo Novo do Parecis,Mato Grosso,2013,31542,Campo Novo do Parecis,2.0
3826,5102678,Campo Verde,Mato Grosso,2013,34787,Campo Verde,0.0
3827,5102686,Campos de Júlio,Mato Grosso,2013,5886,Campos de Júlio,0.0
3828,5102694,Canabrava do Norte,Mato Grosso,2013,4727,Canabrava do Norte,0.0
3829,5102702,Canarana,Mato Grosso,2013,20474,Canarana,0.0
3830,5102793,Carlinda,Mato Grosso,2013,10974,Carlinda,0.0
3831,5102850,Castanheira,Mato Grosso,2013,8187,Castanheira,0.0
3832,5103007,Chapada dos Guimarães,Mato Grosso,2013,18512,Chapada dos Guimarães,1.0
3833,5103056,Cláudia,Mato Grosso,2013,10791,Cláudia,0.0
3834,5103106,Cocalinho,Mato Grosso,2013,5745,Cocalinho,0.0
3835,5103205,Colíder,Mato Grosso,2013,31720,Colíder,2.0
3836,5103254,Colniza,Mato Grosso,2013,27041,Colniza,689.0
3837,5103304,Comodoro,Mato Grosso,2013,18356,Comodoro,1.0
3838,5103353,Confresa,Mato Grosso,2013,27747,Confresa,0.0
3839,5103361,Conquista D'oeste,Mato Grosso,2013,3485,Conquista D'Oeste,0.0
3840,5103379,Cotriguaçu,Mato Grosso,2013,13922,Cotriguaçu,2.0
3841,5103403,Cuiabá,Mato Grosso,2013,590950,Cuiabá,4.0
3842,5103502,Diamantino,Mato Grosso,2013,20928,Diamantino,0.0
3843,5103601,dom Aquino,Mato Grosso,2013,8151,Dom Aquino,0.0
3844,5103700,Feliz Natal,Mato Grosso,2013,11013,Feliz Natal,0.0
3845,5103858,Gaúcha do Norte,Mato Grosso,2013,6871,Gaúcha do Norte,0.0
3846,5103908,General Carneiro,Mato Grosso,2013,5517,General Carneiro,0.0
3847,5103957,Glória D'oeste,Mato Grosso,2013,3081,Glória D'Oeste,0.0
3848,5104104,Guarantã do Norte,Mato Grosso,2013,32683,Guarantã do Norte,3.0
3849,5104203,Guiratinga,Mato Grosso,2013,13101,Guiratinga,0.0
3850,5104526,Ipiranga do Norte,Mato Grosso,2013,5736,Ipiranga do Norte,0.0
3851,5104542,Itanhangá,Mato Grosso,2013,5853,Itanhangá,0.0
3852,5104559,Itaúba,Mato Grosso,2013,4757,Itaúba,0.0
3853,5104609,Itiquira,Mato Grosso,2013,11789,Itiquira,0.0
3854,5104807,Jaciara,Mato Grosso,2013,26996,Jaciara,0.0
3855,5105002,Jauru,Mato Grosso,2013,9895,Jauru,0.0
3856,5105101,Juara,Mato Grosso,2013,34183,Juara,0.0
3857,5105150,Juína,Mato Grosso,2013,41930,Juína,0.0
3858,5105176,Juruena,Mato Grosso,2013,11134,Juruena,0.0
3859,5105200,Juscimeira,Mato Grosso,2013,11554,Juscimeira,0.0
3860,5105234,Lambari D'oeste,Mato Grosso,2013,5266,Lambari D'Oeste,0.0
3861,5105259,Lucas do Rio Verde,Mato Grosso,2013,53663,Lucas do Rio Verde,1.0
3862,5105507,Vila Bela da Santíssima Trindade,Mato Grosso,2013,15263,Vila Bela da Santíssima Trindade,0.0
3863,5105580,Marcelândia,Mato Grosso,2013,12075,Marcelândia,0.0
3864,5105606,Matupá,Mato Grosso,2013,15623,Matupá,4.0
3865,5105622,Mirassol D'oeste,Mato Grosso,2013,26178,Mirassol d'Oeste,0.0
3866,5105903,Nobres,Mato Grosso,2013,15268,Nobres,1.0
3867,5106109,Nossa Senhora do Livramento,Mato Grosso,2013,11588,Nossa Senhora do Livramento,0.0
3868,5106158,Nova Bandeirantes,Mato Grosso,2013,12334,Nova Bandeirantes,158.0
3869,5106174,Nova Nazaré,Mato Grosso,2013,3305,Nova Nazaré,0.0
3870,5106182,Nova Lacerda,Mato Grosso,2013,5856,Nova Lacerda,0.0
3871,5106190,Nova Santa Helena,Mato Grosso,2013,3672,Nova Santa Helena,0.0
3872,5106208,Nova Brasilândia,Mato Grosso,2013,4436,Nova Brasilândia,0.0
3873,5106216,Nova Canaã do Norte,Mato Grosso,2013,12164,Nova Canaã do Norte,0.0
3874,5106224,Nova Mutum,Mato Grosso,2013,36895,Nova Mutum,0.0
3875,5106232,Nova Olímpia,Mato Grosso,2013,17330,Nova Olímpia,0.0
3876,5106240,Nova Ubiratã,Mato Grosso,2013,9848,Nova Ubiratã,0.0
3877,5106257,Nova Xavantina,Mato Grosso,2013,20992,Nova Xavantina,0.0
3878,5106265,Novo Mundo,Mato Grosso,2013,7161,Novo Mundo,18.0
3879,5106273,Novo Horizonte do Norte,Mato Grosso,2013,3694,Novo Horizonte do Norte,1.0
3880,5106299,Paranaíta,Mato Grosso,2013,11118,Paranaíta,5.0
3881,5106307,Paranatinga,Mato Grosso,2013,21107,Paranatinga,0.0
3882,5106372,Pedra Preta,Mato Grosso,2013,16395,Pedra Preta,0.0
3883,5106422,Peixoto de Azevedo,Mato Grosso,2013,32179,Peixoto de Azevedo,20.0
3884,5106505,Poconé,Mato Grosso,2013,31893,Poconé,2.0
3885,5106653,Pontal do Araguaia,Mato Grosso,2013,5800,Pontal do Araguaia,0.0
3886,5106752,Pontes E Lacerda,Mato Grosso,2013,44617,Pontes e Lacerda,0.0
3887,5106778,Porto Alegre do Norte,Mato Grosso,2013,11207,Porto Alegre do Norte,0.0
3888,5106802,Porto dos Gaúchos,Mato Grosso,2013,5573,Porto dos Gaúchos,0.0
3889,5106828,Porto Esperidião,Mato Grosso,2013,10864,Porto Esperidião,0.0
3890,5106851,Porto Estrela,Mato Grosso,2013,3542,Porto Estrela,0.0
3891,5107008,Poxoréu,Mato Grosso,2013,19054,Poxoréo,0.0
3892,5107040,Primavera do Leste,Mato Grosso,2013,59222,Primavera do Leste,0.0
3893,5107065,Querência,Mato Grosso,2013,15421,Querência,2.0
3894,5107156,Reserva do Cabaçal,Mato Grosso,2013,2433,Reserva do Cabaçal,0.0
3895,5107180,Ribeirão Cascalheira,Mato Grosso,2013,9294,Ribeirão Cascalheira,0.0
3896,5107198,Ribeirãozinho,Mato Grosso,2013,2310,Ribeirãozinho,0.0
3897,5107206,Rio Branco,Mato Grosso,2013,4908,Rio Branco,0.0
3898,5107248,Santa Carmem,Mato Grosso,2013,4454,Santa Carmem,0.0
3899,5107263,Santo Afonso,Mato Grosso,2013,2853,Santo Afonso,0.0
3900,5107297,São José do Povo,Mato Grosso,2013,3352,São José do Povo,0.0
3901,5107305,São José do Rio Claro,Mato Grosso,2013,16526,São José do Rio Claro,0.0
3902,5107354,São José do Xingu,Mato Grosso,2013,5460,São José do Xingu,5.0
3903,5107578,Rondolândia,Mato Grosso,2013,3665,Rondolândia,92.0
3904,5107602,Rondonópolis,Mato Grosso,2013,211686,Rondonópolis,0.0
3905,5107701,Rosário Oeste,Mato Grosso,2013,17033,Rosário Oeste,1.0
3906,5107743,Santa Cruz do Xingu,Mato Grosso,2013,2066,Santa Cruz do Xingu,0.0
3907,5107750,Salto do Céu,Mato Grosso,2013,3854,Salto do Céu,0.0
3908,5107776,Santa Terezinha,Mato Grosso,2013,7496,Santa Terezinha,0.0
3909,5107792,Santo Antônio do Leste,Mato Grosso,2013,3803,Santo Antônio do Leste,0.0
3910,5107800,Santo Antônio do Leverger,Mato Grosso,2013,16321,Santo Antônio do Leverger,1.0
3911,5107859,São Félix do Araguaia,Mato Grosso,2013,11432,São Félix do Araguaia,0.0
3912,5107875,Sapezal,Mato Grosso,2013,20486,Sapezal,1.0
3913,5107883,Serra Nova dourada,Mato Grosso,2013,1475,Serra Nova Dourada,0.0
3914,5107909,Sinop,Mato Grosso,2013,131794,Sinop,35.0
3915,5107925,Sorriso,Mato Grosso,2013,76209,Sorriso,1.0
3916,5107941,Tabaporã,Mato Grosso,2013,10032,Tabaporã,0.0
3917,5107958,Tangará da Serra,Mato Grosso,2013,90839,Tangará da Serra,0.0
3918,5108006,Tapurah,Mato Grosso,2013,11298,Tapurah,0.0
3919,5108055,Terra Nova do Norte,Mato Grosso,2013,11118,Terra Nova do Norte,3.0
3920,5108105,Tesouro,Mato Grosso,2013,3353,Tesouro,0.0
3921,5108204,Torixoréu,Mato Grosso,2013,4125,Torixoréu,0.0
3922,5108303,União do Sul,Mato Grosso,2013,3815,União do Sul,0.0
3923,5108352,Vale de São domingos,Mato Grosso,2013,3034,Vale de São Domingos,0.0
3924,5108402,Várzea Grande,Mato Grosso,2013,270080,Várzea Grande,0.0
3925,5108600,Vila Rica,Mato Grosso,2013,21190,Vila Rica,0.0
3926,5108808,Nova Guarita,Mato Grosso,2013,4891,Nova Guarita,4.0
3927,5108857,Nova Marilândia,Mato Grosso,2013,3114,Nova Marilândia,0.0
3928,5108907,Nova Maringá,Mato Grosso,2013,6398,Nova Maringá,1.0
3929,5108956,Nova Monte Verde,Mato Grosso,2013,8283,Nova Monte Verde,0.0
3930,1100015,Alta Floresta D'oeste,Rondônia,2014,24664,Alta Floresta D'Oeste,79.0
3931,1100023,Ariquemes,Rondônia,2014,97496,Ariquemes,81.0
3932,1100031,Cabixi,Rondônia,2014,6335,Cabixi,0.0
3933,1100049,Cacoal,Rondônia,2014,85393,Cacoal,2.0
3934,1100056,Cerejeiras,Rondônia,2014,17411,Cerejeiras,0.0
3935,1100064,Colorado do Oeste,Rondônia,2014,18595,Colorado do Oeste,0.0
3936,1100072,Corumbiara,Rondônia,2014,8776,Corumbiara,0.0
3937,1100080,Costa Marques,Rondônia,2014,14134,Costa Marques,42.0
3938,1100098,Espigão D'oeste,Rondônia,2014,30689,Espigão D'Oeste,2.0
3939,1100106,Guajará-Mirim,Rondônia,2014,43403,Guajará-Mirim,331.0
3940,1100114,Jaru,Rondônia,2014,54392,Jaru,3.0
3941,1100122,Ji-Paraná,Rondônia,2014,125885,Ji-Paraná,6.0
3942,1100130,Machadinho D'oeste,Rondônia,2014,32949,Machadinho D'Oeste,323.0
3943,1100148,Nova Brasilândia D'oeste,Rondônia,2014,19474,Nova Brasilândia D'Oeste,5.0
3944,1100155,Ouro Preto do Oeste,Rondônia,2014,39336,Ouro Preto do Oeste,4.0
3945,1100189,Pimenta Bueno,Rondônia,2014,36120,Pimenta Bueno,8.0
3946,1100205,Porto Velho,Rondônia,2014,463288,Porto Velho,6220.0
3947,1100254,Presidente Médici,Rondônia,2014,22418,Presidente Médici,3.0
3948,1100262,Rio Crespo,Rondônia,2014,3510,Rio Crespo,90.0
3949,1100288,Rolim de Moura,Rondônia,2014,54872,Rolim de Moura,6.0
3950,1100296,Santa Luzia D'oeste,Rondônia,2014,8838,Santa Luzia D'Oeste,1.0
3951,1100304,Vilhena,Rondônia,2014,85581,Vilhena,4.0
3952,1100320,São Miguel do Guaporé,Rondônia,2014,21854,São Miguel do Guaporé,5.0
3953,1100338,Nova Mamoré,Rondônia,2014,24515,Nova Mamoré,201.0
3954,1100346,Alvorada D'oeste,Rondônia,2014,16477,Alvorada D'Oeste,37.0
3955,1100379,Alto Alegre dos Parecis,Rondônia,2014,13025,Alto Alegre dos Parecis,0.0
3956,1100403,Alto Paraíso,Rondônia,2014,17660,Alto Paraíso,30.0
3957,1100452,Buritis,Rondônia,2014,33087,Buritis,46.0
3958,1100502,Novo Horizonte do Oeste,Rondônia,2014,9899,Novo Horizonte do Oeste,0.0
3959,1100601,Cacaulândia,Rondônia,2014,5470,Cacaulândia,6.0
3960,1100700,Campo Novo de Rondônia,Rondônia,2014,12018,Campo Novo de Rondônia,39.0
3961,1100809,Candeias do Jamari,Rondônia,2014,21388,Candeias do Jamari,1493.0
3962,1100908,Castanheiras,Rondônia,2014,3615,Castanheiras,0.0
3963,1100924,Chupinguaia,Rondônia,2014,8988,Chupinguaia,5.0
3964,1100940,Cujubim,Rondônia,2014,16304,Cujubim,321.0
3965,1101005,Governador Jorge Teixeira,Rondônia,2014,10181,Governador Jorge Teixeira,3.0
3966,1101104,Itapuã do Oeste,Rondônia,2014,8965,Itapuã do Oeste,92.0
3967,1101203,Ministro Andreazza,Rondônia,2014,9547,Ministro Andreazza,0.0
3968,1101302,Mirante da Serra,Rondônia,2014,11614,Mirante da Serra,1.0
3969,1101401,Monte Negro,Rondônia,2014,13994,Monte Negro,41.0
3970,1101435,Nova União,Rondônia,2014,7463,Nova União,0.0
3971,1101450,Parecis,Rondônia,2014,4846,Parecis,1.0
3972,1101468,Pimenteiras do Oeste,Rondônia,2014,2373,Pimenteiras do Oeste,2.0
3973,1101476,Primavera de Rondônia,Rondônia,2014,3516,Primavera de Rondônia,0.0
3974,1101484,São Felipe D'oeste,Rondônia,2014,6075,São Felipe D'Oeste,0.0
3975,1101492,São Francisco do Guaporé,Rondônia,2014,16905,São Francisco do Guaporé,23.0
3976,1101500,Seringueiras,Rondônia,2014,12974,Seringueiras,3.0
3977,1101559,Teixeirópolis,Rondônia,2014,4912,Teixeirópolis,1.0
3978,1101609,Theobroma,Rondônia,2014,10317,Theobroma,1.0
3979,1101708,Urupá,Rondônia,2014,12911,Urupá,3.0
3980,1101757,Vale do Anari,Rondônia,2014,9349,Vale do Anari,52.0
3981,1101807,Vale do Paraíso,Rondônia,2014,8072,Vale do Paraíso,0.0
3982,1200013,Acrelândia,Acre,2014,13637,Acrelândia,120.0
3983,1200054,Assis Brasil,Acre,2014,6932,Assis Brasil,2.0
3984,1200104,Brasiléia,Acre,2014,23863,Brasiléia,0.0
3985,1200138,Bujari,Acre,2014,10001,Bujari,202.0
3986,1200179,Capixaba,Acre,2014,9743,Capixaba,4.0
3987,1200203,Cruzeiro do Sul,Acre,2014,88522,Cruzeiro do Sul,17200.0
3988,1200252,Epitaciolândia,Acre,2014,16885,Epitaciolândia,1.0
3989,1200302,Feijó,Acre,2014,35999,Feijó,41.0
3990,1200328,Jordão,Acre,2014,7689,Jordão,46.0
3991,1200336,Mâncio Lima,Acre,2014,17317,Mâncio Lima,6076.0
3992,1200344,Manoel Urbano,Acre,2014,9441,Manoel Urbano,5.0
3993,1200351,Marechal Thaumaturgo,Acre,2014,16112,Marechal Thaumaturgo,98.0
3994,1200385,Plácido de Castro,Acre,2014,18085,Plácido de Castro,51.0
3995,1200393,Porto Walter,Acre,2014,10325,Porto Walter,347.0
3996,1200401,Rio Branco,Acre,2014,371566,Rio Branco,79.0
3997,1200427,Rodrigues Alves,Acre,2014,15597,Rodrigues Alves,5206.0
3998,1200435,Santa Rosa do Purus,Acre,2014,5408,Santa Rosa do Purus,3.0
3999,1200450,Senador Guiomard,Acre,2014,21777,Senador Guiomard,70.0
4000,1200500,Sena Madureira,Acre,2014,42059,Sena Madureira,5.0
4001,1200609,Tarauacá,Acre,2014,40757,Tarauacá,1457.0
4002,1200708,Xapuri,Acre,2014,17593,Xapuri,1.0
4003,1200807,Porto Acre,Acre,2014,16218,Porto Acre,30.0
4004,1300029,Alvarães,Amazonas,2014,15283,Alvarães,1589.0
4005,1300060,Amaturá,Amazonas,2014,10175,Amaturá,97.0
4006,1300086,Anamã,Amazonas,2014,10476,Anamã,8.0
4007,1300102,Anori,Amazonas,2014,17255,Anori,2.0
4008,1300144,Apuí,Amazonas,2014,19397,Apuí,65.0
4009,1300201,Atalaia do Norte,Amazonas,2014,15715,Atalaia do Norte,3073.0
4010,1300300,Autazes,Amazonas,2014,36264,Autazes,398.0
4011,1300409,Barcelos,Amazonas,2014,23624,Barcelos,3931.0
4012,1300508,Barreirinha,Amazonas,2014,30047,Barreirinha,0.0
4013,1300607,Benjamin Constant,Amazonas,2014,36505,Benjamin Constant,475.0
4014,1300631,Beruri,Amazonas,2014,17546,Beruri,54.0
4015,1300680,Boa Vista do Ramos,Amazonas,2014,17707,Boa Vista do Ramos,0.0
4016,1300706,Boca do Acre,Amazonas,2014,33597,Boca do Acre,245.0
4017,1300805,Borba,Amazonas,2014,36158,Borba,72.0
4018,1300839,Caapiranga,Amazonas,2014,12175,Caapiranga,28.0
4019,1300904,Canutama,Amazonas,2014,15127,Canutama,657.0
4020,1301001,Carauari,Amazonas,2014,28081,Carauari,805.0
4021,1301100,Careiro,Amazonas,2014,33564,Careiro,709.0
4022,1301159,Careiro da Várzea,Amazonas,2014,23183,Careiro da Várzea,282.0
4023,1301209,Coari,Amazonas,2014,77760,Coari,2263.0
4024,1301308,Codajás,Amazonas,2014,24006,Codajás,3.0
4025,1301407,Eirunepé,Amazonas,2014,33233,Eirunepé,5314.0
4026,1301506,Envira,Amazonas,2014,17268,Envira,355.0
4027,1301605,Fonte Boa,Amazonas,2014,24950,Fonte Boa,66.0
4028,1301654,Guajará,Amazonas,2014,14558,Guajará,1982.0
4029,1301704,Humaitá,Amazonas,2014,49666,Humaitá,1586.0
4030,1301803,Ipixuna,Amazonas,2014,23920,Ipixuna,2971.0
4031,1301852,Iranduba,Amazonas,2014,47906,Iranduba,2077.0
4032,1301902,Itacoatiara,Amazonas,2014,96488,Itacoatiara,146.0
4033,1301951,Itamarati,Amazonas,2014,9113,Itamarati,1367.0
4034,1302009,Itapiranga,Amazonas,2014,9074,Itapiranga,15.0
4035,1302108,Japurá,Amazonas,2014,7975,Japurá,140.0
4036,1302207,Juruá,Amazonas,2014,11295,Juruá,171.0
4037,1302306,Jutaí,Amazonas,2014,20965,Jutaí,1472.0
4038,1302405,Lábrea,Amazonas,2014,41616,Lábrea,7384.0
4039,1302504,Manacapuru,Amazonas,2014,94252,Manacapuru,124.0
4040,1302553,Manaquiri,Amazonas,2014,21483,Manaquiri,38.0
4041,1302603,Manaus,Amazonas,2014,1988507,Manaus,5541.0
4042,1302702,Manicoré,Amazonas,2014,50807,Manicoré,573.0
4043,1302801,Maraã,Amazonas,2014,17419,Maraã,441.0
4044,1302900,Maués,Amazonas,2014,57226,Maués,1460.0
4045,1303007,Nhamundá,Amazonas,2014,19417,Nhamundá,0.0
4046,1303106,Nova Olinda do Norte,Amazonas,2014,30697,Nova Olinda do Norte,36.0
4047,1303205,Novo Airão,Amazonas,2014,15602,Novo Airão,60.0
4048,1303304,Novo Aripuanã,Amazonas,2014,22810,Novo Aripuanã,54.0
4049,1303403,Parintins,Amazonas,2014,105880,Parintins,10.0
4050,1303502,Pauini,Amazonas,2014,19322,Pauini,1947.0
4051,1303536,Presidente Figueiredo,Amazonas,2014,29518,Presidente Figueiredo,566.0
4052,1303569,Rio Preto da Eva,Amazonas,2014,26304,Rio Preto da Eva,167.0
4053,1303601,Santa Isabel do Rio Negro,Amazonas,2014,17476,Santa Isabel do Rio Negro,365.0
4054,1303700,Santo Antônio do Içá,Amazonas,2014,26515,Santo Antônio do Içá,2345.0
4055,1303809,São Gabriel da Cachoeira,Amazonas,2014,42927,São Gabriel da Cachoeira,4615.0
4056,1303908,São Paulo de Olivença,Amazonas,2014,33137,São Paulo de Olivença,1530.0
4057,1303957,São Sebastião do Uatumã,Amazonas,2014,11437,São Sebastião do Uatumã,8.0
4058,1304005,Silves,Amazonas,2014,9650,Silves,19.0
4059,1304062,Tabatinga,Amazonas,2014,58669,Tabatinga,1532.0
4060,1304104,Tapauá,Amazonas,2014,19259,Tapauá,2048.0
4061,1304203,Tefé,Amazonas,2014,67795,Tefé,2366.0
4062,1304237,Tonantins,Amazonas,2014,18296,Tonantins,12.0
4063,1304260,Uarini,Amazonas,2014,13199,Uarini,1332.0
4064,1304302,Urucará,Amazonas,2014,18330,Urucará,7.0
4065,1304401,Urucurituba,Amazonas,2014,20457,Urucurituba,1.0
4066,1400027,Amajari,Roraima,2014,10875,Amajari,1324.0
4067,1400050,Alto Alegre,Roraima,2014,18118,Alto Alegre,613.0
4068,1400100,Boa Vista,Roraima,2014,334280,Boa Vista,117.0
4069,1400159,Bonfim,Roraima,2014,12143,Bonfim,56.0
4070,1400175,Cantá,Roraima,2014,15605,Cantá,504.0
4071,1400209,Caracaraí,Roraima,2014,19525,Caracaraí,761.0
4072,1400233,Caroebe,Roraima,2014,9083,Caroebe,66.0
4073,1400282,Iracema,Roraima,2014,9263,Iracema,109.0
4074,1400308,Mucajaí,Roraima,2014,16089,Mucajaí,237.0
4075,1400407,Normandia,Roraima,2014,10602,Normandia,12.0
4076,1400456,Pacaraima,Roraima,2014,12992,Pacaraima,268.0
4077,1400472,Rorainópolis,Roraima,2014,27377,Rorainópolis,616.0
4078,1400506,São João da Baliza,Roraima,2014,7564,São João da Baliza,825.0
4079,1400605,São Luiz,Roraima,2014,7013,São Luiz,161.0
4080,1400704,Uiramutã,Roraima,2014,10040,Uiramutã,61.0
4081,1500107,Abaetetuba,Pará,2014,151877,Abaetetuba,1.0
4082,1500131,Abel Figueiredo,Pará,2014,6868,Abel Figueiredo,0.0
4083,1500206,Acará,Pará,2014,57437,Acará,2.0
4084,1500305,Afuá,Pará,2014,37328,Afuá,507.0
4085,1500347,Água Azul do Norte,Pará,2014,23465,Água Azul do Norte,0.0
4086,1500404,Alenquer,Pará,2014,58961,Alenquer,108.0
4087,1500503,Almeirim,Pará,2014,35245,Almeirim,311.0
4088,1500602,Altamira,Pará,2014,110341,Altamira,130.0
4089,1500701,Anajás,Pará,2014,26728,Anajás,1924.0
4090,1500800,Ananindeua,Pará,2014,493225,Ananindeua,4.0
4091,1500859,Anapu,Pará,2014,24049,Anapu,200.0
4092,1500909,Augusto Corrêa,Pará,2014,43794,Augusto Corrêa,0.0
4093,1500958,Aurora do Pará,Pará,2014,26614,Aurora do Pará,3.0
4094,1501006,Aveiro,Pará,2014,16942,Aveiro,2.0
4095,1501105,Bagre,Pará,2014,26708,Bagre,11.0
4096,1501204,Baião,Pará,2014,42988,Baião,8.0
4097,1501253,Bannach,Pará,2014,3733,Bannach,1.0
4098,1501303,Barcarena,Pará,2014,111155,Barcarena,0.0
4099,1501402,Belém,Pará,2014,1434042,Belém,10.0
4100,1501451,Belterra,Pará,2014,17329,Belterra,1.0
4101,1501501,Benevides,Pará,2014,56657,Benevides,0.0
4102,1501576,Bom Jesus do Tocantins,Pará,2014,16712,Bom Jesus do Tocantins,4.0
4103,1501600,Bonito,Pará,2014,13852,Bonito,0.0
4104,1501709,Bragança,Pará,2014,121430,Bragança,0.0
4105,1501725,Brasil Novo,Pará,2014,18305,Brasil Novo,0.0
4106,1501758,Brejo Grande do Araguaia,Pará,2014,7497,Brejo Grande do Araguaia,1.0
4107,1501782,Breu Branco,Pará,2014,53463,Breu Branco,4.0
4108,1501808,Breves,Pará,2014,100477,Breves,423.0
4109,1501907,Bujaru,Pará,2014,26221,Bujaru,23.0
4110,1501956,Cachoeira do Piriá,Pará,2014,25169,Cachoeira do Piriá,0.0
4111,1502004,Cachoeira do Arari,Pará,2014,22061,Cachoeira do Arari,1.0
4112,1502103,Cametá,Pará,2014,130441,Cametá,10.0
4113,1502152,Canaã dos Carajás,Pará,2014,36762,Canaã dos Carajás,3.0
4114,1502202,Capanema,Pará,2014,68004,Capanema,0.0
4115,1502301,Capitão Poço,Pará,2014,55249,Capitão Poço,1.0
4116,1502400,Castanhal,Pará,2014,186730,Castanhal,1.0
4117,1502509,Chaves,Pará,2014,21555,Chaves,48.0
4118,1502608,Colares,Pará,2014,12218,Colares,0.0
4119,1502707,Conceição do Araguaia,Pará,2014,47432,Conceição do Araguaia,0.0
4120,1502756,Concórdia do Pará,Pará,2014,29115,Concórdia do Pará,7.0
4121,1502764,Cumaru do Norte,Pará,2014,11676,Cumaru do Norte,90.0
4122,1502772,Curionópolis,Pará,2014,19532,Curionópolis,0.0
4123,1502806,Curralinho,Pará,2014,31545,Curralinho,41.0
4124,1502855,Curuá,Pará,2014,13241,Curuá,1.0
4125,1502905,Curuçá,Pará,2014,37830,Curuçá,5.0
4126,1502939,dom Eliseu,Pará,2014,55642,Dom Eliseu,0.0
4127,1502954,Eldorado do Carajás,Pará,2014,32574,Eldorado do Carajás,2.0
4128,1503002,Faro,Pará,2014,8670,Faro,2.0
4129,1503044,Floresta do Araguaia,Pará,2014,18582,Floresta do Araguaia,0.0
4130,1503077,Garrafão do Norte,Pará,2014,25975,Garrafão do Norte,1.0
4131,1503093,Goianésia do Pará,Pará,2014,33264,Goianésia do Pará,14.0
4132,1503101,Gurupá,Pará,2014,31187,Gurupá,12.0
4133,1503200,Igarapé-Açu,Pará,2014,37341,Igarapé-Açu,1.0
4134,1503309,Igarapé-Miri,Pará,2014,62696,Igarapé-Miri,0.0
4135,1503408,Inhangapi,Pará,2014,10405,Inhangapi,0.0
4136,1503457,Ipixuna do Pará,Pará,2014,42786,Ipixuna do Pará,1.0
4137,1503507,Irituia,Pará,2014,32686,Irituia,0.0
4138,1503606,Itaituba,Pará,2014,107887,Itaituba,4948.0
4139,1503705,Itupiranga,Pará,2014,54107,Itupiranga,24.0
4140,1503754,Jacareacanga,Pará,2014,16115,Jacareacanga,720.0
4141,1503804,Jacundá,Pará,2014,49309,Jacundá,3.0
4142,1503903,Juruti,Pará,2014,50378,Juruti,1.0
4143,1504000,Limoeiro do Ajuru,Pará,2014,27360,Limoeiro do Ajuru,0.0
4144,1504059,Mãe do Rio,Pará,2014,30887,Mãe do Rio,0.0
4145,1504109,Magalhães Barata,Pará,2014,8390,Magalhães Barata,2.0
4146,1504208,Marabá,Pará,2014,258869,Marabá,15.0
4147,1504307,Maracanã,Pará,2014,28875,Maracanã,14.0
4148,1504406,Marapanim,Pará,2014,27648,Marapanim,9.0
4149,1504422,Marituba,Pará,2014,113844,Marituba,3.0
4150,1504455,Medicilândia,Pará,2014,28364,Medicilândia,8.0
4151,1504505,Melgaço,Pará,2014,26533,Melgaço,5.0
4152,1504604,Mocajuba,Pará,2014,28146,Mocajuba,1.0
4153,1504703,Moju,Pará,2014,77013,Moju,22.0
4154,1504752,Mojuí dos Campos,Pará,2014,17145,Mojuí dos Campos,2.0
4155,1504802,Monte Alegre,Pará,2014,58787,Monte Alegre,2.0
4156,1504901,Muaná,Pará,2014,38568,Muaná,1.0
4157,1504950,Nova Esperança do Piriá,Pará,2014,21037,Nova Esperança do Piriá,0.0
4158,1504976,Nova Ipixuna,Pará,2014,15145,Nova Ipixuna,2.0
4159,1505007,Nova Timboteua,Pará,2014,13882,Nova Timboteua,0.0
4160,1505031,Novo Progresso,Pará,2014,28109,Novo Progresso,386.0
4161,1505064,Novo Repartimento,Pará,2014,65444,Novo Repartimento,21.0
4162,1505106,Óbidos,Pará,2014,52258,Óbidos,2.0
4163,1505205,Oeiras do Pará,Pará,2014,31499,Oeiras do Pará,2.0
4164,1505304,Oriximiná,Pará,2014,66754,Oriximiná,26.0
4165,1505403,Ourém,Pará,2014,17320,Ourém,0.0
4166,1505437,Ourilândia do Norte,Pará,2014,30083,Ourilândia do Norte,135.0
4167,1505486,Pacajá,Pará,2014,42719,Pacajá,505.0
4168,1505494,Palestina do Pará,Pará,2014,7631,Palestina do Pará,0.0
4169,1505502,Paragominas,Pará,2014,104809,Paragominas,2.0
4170,1505536,Parauapebas,Pará,2014,189624,Parauapebas,5.0
4171,1505601,Peixe-Boi,Pará,2014,8235,Peixe-Boi,0.0
4172,1505635,Piçarra,Pará,2014,13312,Piçarra,0.0
4173,1505650,Placas,Pará,2014,22941,Placas,10.0
4174,1505700,Ponta de Pedras,Pará,2014,26681,Ponta de Pedras,16.0
4175,1505809,Portel,Pará,2014,57438,Portel,299.0
4176,1505908,Porto de Moz,Pará,2014,37932,Porto de Moz,0.0
4177,1506005,Prainha,Pará,2014,32258,Prainha,0.0
4178,1506104,Primavera,Pará,2014,10692,Primavera,0.0
4179,1506112,Quatipuru,Pará,2014,12447,Quatipuru,0.0
4180,1506138,Redenção,Pará,2014,81983,Redenção,7.0
4181,1506161,Rio Maria,Pará,2014,18579,Rio Maria,1.0
4182,1506187,Rondon do Pará,Pará,2014,51737,Rondon do Pará,1.0
4183,1506195,Rurópolis,Pará,2014,40545,Rurópolis,6.0
4184,1506203,Salinópolis,Pará,2014,40956,Salinópolis,0.0
4185,1506302,Salvaterra,Pará,2014,21803,Salvaterra,1.0
4186,1506351,Santa Bárbara do Pará,Pará,2014,18692,Santa Bárbara do Pará,2.0
4187,1506401,Santa Cruz do Arari,Pará,2014,8184,Santa Cruz do Arari,0.0
4188,1506500,Santa Izabel do Pará,Pará,2014,65183,Santa Izabel do Pará,0.0
4189,1506559,Santa Luzia do Pará,Pará,2014,20365,Santa Luzia do Pará,1.0
4190,1506583,Santa Maria das Barreiras,Pará,2014,17632,Santa Maria das Barreiras,1.0
4191,1506609,Santa Maria do Pará,Pará,2014,24063,Santa Maria do Pará,0.0
4192,1506708,Santana do Araguaia,Pará,2014,49040,Santana do Araguaia,1.0
4193,1506807,Santarém,Pará,2014,306114,Santarém,18.0
4194,1506906,Santarém Novo,Pará,2014,6331,Santarém Novo,0.0
4195,1507003,Santo Antônio do Tauá,Pará,2014,27974,Santo Antônio do Tauá,0.0
4196,1507102,São Caetano de Odivelas,Pará,2014,17345,São Caetano de Odivelas,1.0
4197,1507151,São domingos do Araguaia,Pará,2014,23652,São Domingos do Araguaia,0.0
4198,1507201,São domingos do Capim,Pará,2014,31809,São Domingos do Capim,2.0
4199,1507300,São Félix do Xingu,Pará,2014,86201,São Félix do Xingu,152.0
4200,1507409,São Francisco do Pará,Pará,2014,15441,São Francisco do Pará,0.0
4201,1507458,São Geraldo do Araguaia,Pará,2014,26399,São Geraldo do Araguaia,0.0
4202,1507466,São João da Ponta,Pará,2014,5154,São João da Ponta,1.0
4203,1507474,São João de Pirabas,Pará,2014,21288,São João de Pirabas,0.0
4204,1507508,São João do Araguaia,Pará,2014,13939,São João do Araguaia,57.0
4205,1507607,São Miguel do Guamá,Pará,2014,54099,São Miguel do Guamá,0.0
4206,1507706,São Sebastião da Boa Vista,Pará,2014,24600,São Sebastião da Boa Vista,1.0
4207,1507755,Sapucaia,Pará,2014,5446,Sapucaia,0.0
4208,1507805,Senador José Porfírio,Pará,2014,15652,Senador José Porfírio,60.0
4209,1507904,Soure,Pará,2014,24068,Soure,1.0
4210,1507953,Tailândia,Pará,2014,80213,Tailândia,4.0
4211,1507961,Terra Alta,Pará,2014,10587,Terra Alta,0.0
4212,1507979,Terra Santa,Pará,2014,17915,Terra Santa,0.0
4213,1508001,Tomé-Açu,Pará,2014,61754,Tomé-Açu,2.0
4214,1508035,Tracuateua,Pará,2014,29129,Tracuateua,0.0
4215,1508050,Trairão,Pará,2014,16894,Trairão,26.0
4216,1508084,Tucumã,Pará,2014,36983,Tucumã,10.0
4217,1508100,Tucuruí,Pará,2014,101486,Tucuruí,28.0
4218,1508126,Ulianópolis,Pará,2014,43818,Ulianópolis,1.0
4219,1508159,Uruará,Pará,2014,46468,Uruará,1.0
4220,1508209,Vigia,Pará,2014,50587,Vigia,2.0
4221,1508308,Viseu,Pará,2014,60237,Viseu,0.0
4222,1508357,Vitória do Xingu,Pará,2014,14416,Vitória do Xingu,14.0
4223,1508407,Xinguara,Pará,2014,45677,Xinguara,3.0
4224,1600055,Serra do Navio,Amapá,2014,4706,Serra do Navio,1029.0
4225,1600105,Amapá,Amapá,2014,8457,Amapá,24.0
4226,1600154,Pedra Branca do Amapari,Amapá,2014,11832,Pedra Branca do Amapari,1251.0
4227,1600204,Calçoene,Amapá,2014,9969,Calçoene,1403.0
4228,1600212,Cutias,Amapá,2014,4918,Cutias,40.0
4229,1600238,Ferreira Gomes,Amapá,2014,6392,Ferreira Gomes,275.0
4230,1600253,Itaubal,Amapá,2014,4801,Itaubal,6.0
4231,1600279,Laranjal do Jari,Amapá,2014,41736,Laranjal do Jari,221.0
4232,1600303,Macapá,Amapá,2014,440605,Macapá,1808.0
4233,1600402,Mazagão,Amapá,2014,19271,Mazagão,2220.0
4234,1600501,Oiapoque,Amapá,2014,23601,Oiapoque,706.0
4235,1600535,Porto Grande,Amapá,2014,18119,Porto Grande,1211.0
4236,1600550,Pracuúba,Amapá,2014,4066,Pracuúba,22.0
4237,1600600,Santana,Amapá,2014,111062,Santana,2095.0
4238,1600709,Tartarugalzinho,Amapá,2014,13480,Tartarugalzinho,547.0
4239,1600808,Vitória do Jari,Amapá,2014,12868,Vitória do Jari,19.0
4240,1700251,Abreulândia,Tocantins,2014,2506,Abreulândia,0.0
4241,1700400,Almas,Tocantins,2014,7398,Almas,0.0
4242,1701002,Ananás,Tocantins,2014,10281,Ananás,0.0
4243,1701903,Araguacema,Tocantins,2014,6320,Araguacema,0.0
4244,1702109,Araguaína,Tocantins,2014,161671,Araguaína,0.0
4245,1702208,Araguatins,Tocantins,2014,32650,Araguatins,0.0
4246,1702554,Augustinópolis,Tocantins,2014,16867,Augustinópolis,0.0
4247,1702703,Aurora do Tocantins,Tocantins,2014,3506,Aurora do Tocantins,0.0
4248,1702901,Axixá do Tocantins,Tocantins,2014,9687,Axixá do Tocantins,0.0
4249,1703008,Babaçulândia,Tocantins,2014,9736,Babaçulândia,0.0
4250,1703800,Buriti do Tocantins,Tocantins,2014,10151,Buriti do Tocantins,0.0
4251,1703891,Carrasco Bonito,Tocantins,2014,3671,Carrasco Bonito,0.0
4252,1703909,Caseara,Tocantins,2014,4771,Caseara,0.0
4253,1705607,Conceição do Tocantins,Tocantins,2014,4167,Conceição do Tocantins,0.0
4254,1707405,Esperantina,Tocantins,2014,9101,Esperantina,0.0
4255,1710508,Itacajá,Tocantins,2014,7195,Itacajá,0.0
4256,1710706,Itaguatins,Tocantins,2014,5891,Itaguatins,2.0
4257,1711803,Juarina,Tocantins,2014,2266,Juarina,0.0
4258,1712504,Marianópolis do Tocantins,Tocantins,2014,4552,Marianópolis do Tocantins,0.0
4259,1712801,Maurilândia do Tocantins,Tocantins,2014,3210,Maurilândia do Tocantins,0.0
4260,1713304,Miranorte,Tocantins,2014,12969,Miranorte,0.0
4261,1714203,Natividade,Tocantins,2014,9158,Natividade,0.0
4262,1718204,Porto Nacional,Tocantins,2014,54655,Porto Nacional,0.0
4263,1718303,Praia Norte,Tocantins,2014,8345,Praia Norte,0.0
4264,1718550,Riachinho,Tocantins,2014,4236,Riachinho,0.0
4265,1718808,Sampaio,Tocantins,2014,4069,Sampaio,0.0
4266,1718840,Sandolândia,Tocantins,2014,3531,Sandolândia,0.0
4267,1718865,Santa Fé do Araguaia,Tocantins,2014,6927,Santa Fé do Araguaia,0.0
4268,1719004,Santa Tereza do Tocantins,Tocantins,2014,2639,Santa Tereza do Tocantins,0.0
4269,1720101,São Bento do Tocantins,Tocantins,2014,5062,São Bento do Tocantins,0.0
4270,1720150,São Félix do Tocantins,Tocantins,2014,1577,São Félix do Tocantins,0.0
4271,1720309,São Sebastião do Tocantins,Tocantins,2014,4340,São Sebastião do Tocantins,0.0
4272,1720804,Sítio Novo do Tocantins,Tocantins,2014,9893,Sítio Novo do Tocantins,0.0
4273,1720903,Taguatinga,Tocantins,2014,15098,Taguatinga,1.0
4274,1720937,Taipas do Tocantins,Tocantins,2014,1990,Taipas do Tocantins,0.0
4275,1721000,Palmas,Tocantins,2014,256993,Palmas,1.0
4276,1721208,Tocantinópolis,Tocantins,2014,23224,Tocantinópolis,0.0
4277,1722107,Xambioá,Tocantins,2014,11421,Xambioá,0.0
4278,2100055,Açailândia,Maranhão,2014,107647,Açailândia,0.0
4279,2100154,Água doce do Maranhão,Maranhão,2014,11985,Água Doce do Maranhão,0.0
4280,2100204,Alcântara,Maranhão,2014,21401,Alcântara,4.0
4281,2100303,Aldeias Altas,Maranhão,2014,24468,Aldeias Altas,0.0
4282,2100402,Altamira do Maranhão,Maranhão,2014,7306,Altamira do Maranhão,0.0
4283,2100436,Alto Alegre do Maranhão,Maranhão,2014,25647,Alto Alegre do Maranhão,0.0
4284,2100477,Alto Alegre do Pindaré,Maranhão,2014,30766,Alto Alegre do Pindaré,0.0
4285,2100550,Amapá do Maranhão,Maranhão,2014,6762,Amapá do Maranhão,153.0
4286,2100600,Amarante do Maranhão,Maranhão,2014,38879,Amarante do Maranhão,0.0
4287,2100808,Anapurus,Maranhão,2014,14308,Anapurus,0.0
4288,2100832,Apicum-Açu,Maranhão,2014,16095,Apicum-Açu,0.0
4289,2100873,Araguanã,Maranhão,2014,13687,Araguanã,1.0
4290,2100956,Arame,Maranhão,2014,31014,Arame,4.0
4291,2101004,Arari,Maranhão,2014,29480,Arari,0.0
4292,2101103,Axixá,Maranhão,2014,11826,Axixá,0.0
4293,2101202,Bacabal,Maranhão,2014,103269,Bacabal,0.0
4294,2101251,Bacabeira,Maranhão,2014,15727,Bacabeira,0.0
4295,2101301,Bacuri,Maranhão,2014,17540,Bacuri,0.0
4296,2101400,Balsas,Maranhão,2014,89629,Balsas,0.0
4297,2101608,Barra do Corda,Maranhão,2014,85217,Barra do Corda,0.0
4298,2101707,Barreirinhas,Maranhão,2014,59419,Barreirinhas,0.0
4299,2101731,Belágua,Maranhão,2014,7378,Belágua,0.0
4300,2101772,Bela Vista do Maranhão,Maranhão,2014,10895,Bela Vista do Maranhão,0.0
4301,2101806,Benedito Leite,Maranhão,2014,5525,Benedito Leite,0.0
4302,2101905,Bequimão,Maranhão,2014,20961,Bequimão,0.0
4303,2101939,Bernardo do Mearim,Maranhão,2014,5781,Bernardo do Mearim,0.0
4304,2101970,Boa Vista do Gurupi,Maranhão,2014,7400,Boa Vista do Gurupi,2.0
4305,2102002,Bom Jardim,Maranhão,2014,38881,Bom Jardim,2.0
4306,2102036,Bom Jesus das Selvas,Maranhão,2014,29297,Bom Jesus das Selvas,0.0
4307,2102101,Brejo,Maranhão,2014,34775,Brejo,0.0
4308,2102150,Brejo de Areia,Maranhão,2014,10533,Brejo de Areia,3.0
4309,2102200,Buriti,Maranhão,2014,28440,Buriti,0.0
4310,2102309,Buriti Bravo,Maranhão,2014,23337,Buriti Bravo,0.0
4311,2102325,Buriticupu,Maranhão,2014,65122,Buriticupu,14.0
4312,2102358,Buritirana,Maranhão,2014,14710,Buritirana,0.0
4313,2102374,Cachoeira Grande,Maranhão,2014,8982,Cachoeira Grande,0.0
4314,2102408,Cajapió,Maranhão,2014,10880,Cajapió,0.0
4315,2102507,Cajari,Maranhão,2014,18353,Cajari,0.0
4316,2102556,Campestre do Maranhão,Maranhão,2014,13387,Campestre do Maranhão,0.0
4317,2102606,Cândido Mendes,Maranhão,2014,19526,Cândido Mendes,110.0
4318,2102705,Cantanhede,Maranhão,2014,21671,Cantanhede,0.0
4319,2102754,Capinzal do Norte,Maranhão,2014,11096,Capinzal do Norte,0.0
4320,2102903,Carutapera,Maranhão,2014,23054,Carutapera,0.0
4321,2103000,Caxias,Maranhão,2014,160605,Caxias,12.0
4322,2103109,Cedral,Maranhão,2014,10528,Cedral,0.0
4323,2103125,Central do Maranhão,Maranhão,2014,7899,Central do Maranhão,0.0
4324,2103158,Centro do Guilherme,Maranhão,2014,11676,Centro do Guilherme,0.0
4325,2103174,Centro Novo do Maranhão,Maranhão,2014,18919,Centro Novo do Maranhão,3.0
4326,2103208,Chapadinha,Maranhão,2014,77490,Chapadinha,0.0
4327,2103257,Cidelândia,Maranhão,2014,13824,Cidelândia,0.0
4328,2103307,Codó,Maranhão,2014,120911,Codó,60.0
4329,2103505,Colinas,Maranhão,2014,40455,Colinas,0.0
4330,2103554,Conceição do Lago-Açu,Maranhão,2014,15040,Conceição do Lago-Açu,1.0
4331,2103604,Coroatá,Maranhão,2014,62898,Coroatá,0.0
4332,2103703,Cururupu,Maranhão,2014,33109,Cururupu,0.0
4333,2103752,davinópolis,Maranhão,2014,13238,Davinópolis,0.0
4334,2103802,dom Pedro,Maranhão,2014,23242,Dom Pedro,0.0
4335,2103901,Duque Bacelar,Maranhão,2014,10849,Duque Bacelar,0.0
4336,2104008,Esperantinópolis,Maranhão,2014,18599,Esperantinópolis,0.0
4337,2104057,Estreito,Maranhão,2014,36338,Estreito,0.0
4338,2104099,Formosa da Serra Negra,Maranhão,2014,17700,Formosa da Serra Negra,0.0
4339,2104206,Fortuna,Maranhão,2014,17517,Fortuna,0.0
4340,2104305,Godofredo Viana,Maranhão,2014,10448,Godofredo Viana,2.0
4341,2104404,Gonçalves Dias,Maranhão,2014,17764,Gonçalves Dias,0.0
4342,2104503,Governador Archer,Maranhão,2014,10453,Governador Archer,0.0
4343,2104552,Governador Edison Lobão,Maranhão,2014,16781,Governador Edison Lobão,0.0
4344,2104602,Governador Eugênio Barros,Maranhão,2014,14187,Governador Eugênio Barros,0.0
4345,2104628,Governador Luiz Rocha,Maranhão,2014,7412,Governador Luiz Rocha,0.0
4346,2104651,Governador Newton Bello,Maranhão,2014,10741,Governador Newton Bello,0.0
4347,2104677,Governador Nunes Freire,Maranhão,2014,25688,Governador Nunes Freire,38.0
4348,2104701,Graça Aranha,Maranhão,2014,6221,Graça Aranha,0.0
4349,2104800,Grajaú,Maranhão,2014,66381,Grajaú,0.0
4350,2104909,Guimarães,Maranhão,2014,11874,Guimarães,0.0
4351,2105005,Humberto de Campos,Maranhão,2014,27108,Humberto de Campos,0.0
4352,2105104,Icatu,Maranhão,2014,25897,Icatu,1.0
4353,2105153,Igarapé do Meio,Maranhão,2014,13241,Igarapé do Meio,0.0
4354,2105203,Igarapé Grande,Maranhão,2014,10661,Igarapé Grande,1.0
4355,2105302,Imperatriz,Maranhão,2014,259570,Imperatriz,0.0
4356,2105351,Itaipava do Grajaú,Maranhão,2014,14386,Itaipava do Grajaú,0.0
4357,2105401,Itapecuru Mirim,Maranhão,2014,63618,Itapecuru Mirim,0.0
4358,2105427,Itinga do Maranhão,Maranhão,2014,24901,Itinga do Maranhão,0.0
4359,2105450,Jatobá,Maranhão,2014,8514,Jatobá,0.0
4360,2105476,Jenipapo dos Vieiras,Maranhão,2014,16326,Jenipapo dos Vieiras,0.0
4361,2105500,João Lisboa,Maranhão,2014,24632,João Lisboa,0.0
4362,2105609,Joselândia,Maranhão,2014,15724,Joselândia,3.0
4363,2105658,Junco do Maranhão,Maranhão,2014,5043,Junco do Maranhão,0.0
4364,2105708,Lago da Pedra,Maranhão,2014,46879,Lago da Pedra,4.0
4365,2105906,Lago Verde,Maranhão,2014,15665,Lago Verde,0.0
4366,2105948,Lago dos Rodrigues,Maranhão,2014,9020,Lago dos Rodrigues,0.0
4367,2105963,Lagoa Grande do Maranhão,Maranhão,2014,10948,Lagoa Grande do Maranhão,0.0
4368,2105989,Lajeado Novo,Maranhão,2014,7093,Lajeado Novo,0.0
4369,2106003,Lima Campos,Maranhão,2014,11621,Lima Campos,1.0
4370,2106201,Luís domingues,Maranhão,2014,6811,Luís Domingues,0.0
4371,2106326,Maracaçumé,Maranhão,2014,20075,Maracaçumé,9.0
4372,2106359,Marajá do Sena,Maranhão,2014,7834,Marajá do Sena,1.0
4373,2106375,Maranhãozinho,Maranhão,2014,13794,Maranhãozinho,0.0
4374,2106409,Mata Roma,Maranhão,2014,16020,Mata Roma,1.0
4375,2106508,Matinha,Maranhão,2014,22459,Matinha,0.0
4376,2106607,Matões,Maranhão,2014,32739,Matões,0.0
4377,2106631,Matões do Norte,Maranhão,2014,15043,Matões do Norte,0.0
4378,2106672,Milagres do Maranhão,Maranhão,2014,8564,Milagres do Maranhão,0.0
4379,2106755,Miranda do Norte,Maranhão,2014,25040,Miranda do Norte,0.0
4380,2106805,Mirinzal,Maranhão,2014,14454,Mirinzal,1.0
4381,2106904,Monção,Maranhão,2014,30933,Monção,0.0
4382,2107001,Montes Altos,Maranhão,2014,9520,Montes Altos,0.0
4383,2107100,Morros,Maranhão,2014,18453,Morros,0.0
4384,2107357,Nova Olinda do Maranhão,Maranhão,2014,18327,Nova Olinda do Maranhão,19.0
4385,2107407,Olho D'água das Cunhãs,Maranhão,2014,18851,Olho d'Água das Cunhãs,1.0
4386,2107456,Olinda Nova do Maranhão,Maranhão,2014,13600,Olinda Nova do Maranhão,0.0
4387,2107506,Paço do Lumiar,Maranhão,2014,115733,Paço do Lumiar,0.0
4388,2107605,Palmeirândia,Maranhão,2014,19719,Palmeirândia,0.0
4389,2107704,Paraibano,Maranhão,2014,19996,Paraibano,0.0
4390,2107803,Parnarama,Maranhão,2014,33661,Parnarama,0.0
4391,2108009,Pastos Bons,Maranhão,2014,18671,Pastos Bons,0.0
4392,2108108,Paulo Ramos,Maranhão,2014,20877,Paulo Ramos,1.0
4393,2108207,Pedreiras,Maranhão,2014,39644,Pedreiras,0.0
4394,2108256,Pedro do Rosário,Maranhão,2014,23806,Pedro do Rosário,6.0
4395,2108306,Penalva,Maranhão,2014,35520,Penalva,0.0
4396,2108405,Peri Mirim,Maranhão,2014,13525,Peri Mirim,0.0
4397,2108454,Peritoró,Maranhão,2014,21629,Peritoró,1.0
4398,2108504,Pindaré-Mirim,Maranhão,2014,32221,Pindaré-Mirim,0.0
4399,2108603,Pinheiro,Maranhão,2014,81476,Pinheiro,1.0
4400,2108702,Pio Xii,Maranhão,2014,22654,Pio XII,0.0
4401,2108801,Pirapemas,Maranhão,2014,18161,Pirapemas,0.0
4402,2108900,Poção de Pedras,Maranhão,2014,19813,Poção de Pedras,0.0
4403,2109007,Porto Franco,Maranhão,2014,22415,Porto Franco,0.0
4404,2109056,Porto Rico do Maranhão,Maranhão,2014,6153,Porto Rico do Maranhão,0.0
4405,2109106,Presidente Dutra,Maranhão,2014,45777,Presidente Dutra,0.0
4406,2109205,Presidente Juscelino,Maranhão,2014,11797,Presidente Juscelino,0.0
4407,2109239,Presidente Médici,Maranhão,2014,6117,Presidente Médici,0.0
4408,2109270,Presidente Sarney,Maranhão,2014,17669,Presidente Sarney,19.0
4409,2109304,Presidente Vargas,Maranhão,2014,11042,Presidente Vargas,1.0
4410,2109403,Primeira Cruz,Maranhão,2014,14269,Primeira Cruz,0.0
4411,2109452,Raposa,Maranhão,2014,27945,Raposa,0.0
4412,2109551,Ribamar Fiquene,Maranhão,2014,7521,Ribamar Fiquene,0.0
4413,2109601,Rosário,Maranhão,2014,40519,Rosário,0.0
4414,2109759,Santa Filomena do Maranhão,Maranhão,2014,7208,Santa Filomena do Maranhão,0.0
4415,2109809,Santa Helena,Maranhão,2014,40188,Santa Helena,43.0
4416,2109908,Santa Inês,Maranhão,2014,85952,Santa Inês,0.0
4417,2110005,Santa Luzia,Maranhão,2014,68715,Santa Luzia,25.0
4418,2110039,Santa Luzia do Paruá,Maranhão,2014,24464,Santa Luzia do Paruá,0.0
4419,2110104,Santa Quitéria do Maranhão,Maranhão,2014,24667,Santa Quitéria do Maranhão,0.0
4420,2110203,Santa Rita,Maranhão,2014,34791,Santa Rita,0.0
4421,2110278,Santo Amaro do Maranhão,Maranhão,2014,14229,Santo Amaro do Maranhão,0.0
4422,2110302,Santo Antônio dos Lopes,Maranhão,2014,14592,Santo Antônio dos Lopes,0.0
4423,2110401,São Benedito do Rio Preto,Maranhão,2014,18569,São Benedito do Rio Preto,0.0
4424,2110500,São Bento,Maranhão,2014,42717,São Bento,0.0
4425,2110708,São domingos do Maranhão,Maranhão,2014,34512,São Domingos do Maranhão,0.0
4426,2110807,São Félix de Balsas,Maranhão,2014,4736,São Félix de Balsas,0.0
4427,2110906,São Francisco do Maranhão,Maranhão,2014,12123,São Francisco do Maranhão,0.0
4428,2111003,São João Batista,Maranhão,2014,20145,São João Batista,1.0
4429,2111029,São João do Carú,Maranhão,2014,15264,São João do Carú,0.0
4430,2111052,São João do Paraíso,Maranhão,2014,10867,São João do Paraíso,0.0
4431,2111078,São João do Soter,Maranhão,2014,17683,São João do Soter,7.0
4432,2111102,São João dos Patos,Maranhão,2014,25402,São João dos Patos,0.0
4433,2111201,São José de Ribamar,Maranhão,2014,181767,São José de Ribamar,0.0
4434,2111250,São José dos Basílios,Maranhão,2014,7511,São José dos Basílios,0.0
4435,2111300,São Luís,Maranhão,2014,1051425,São Luís,5.0
4436,2111409,São Luís Gonzaga do Maranhão,Maranhão,2014,19803,São Luís Gonzaga do Maranhão,0.0
4437,2111508,São Mateus do Maranhão,Maranhão,2014,40103,São Mateus do Maranhão,1.0
4438,2111532,São Pedro da Água Branca,Maranhão,2014,12842,São Pedro da Água Branca,1.0
4439,2111607,São Raimundo das Mangabeiras,Maranhão,2014,18126,São Raimundo das Mangabeiras,0.0
4440,2111631,São Raimundo do doca Bezerra,Maranhão,2014,6122,São Raimundo do Doca Bezerra,0.0
4441,2111672,São Roberto,Maranhão,2014,5783,São Roberto,0.0
4442,2111706,São Vicente Ferrer,Maranhão,2014,21000,São Vicente Ferrer,1.0
4443,2111722,Satubinha,Maranhão,2014,11551,Satubinha,0.0
4444,2111748,Senador Alexandre Costa,Maranhão,2014,10430,Senador Alexandre Costa,0.0
4445,2111763,Senador La Rocque,Maranhão,2014,14867,Senador La Rocque,0.0
4446,2111789,Serrano do Maranhão,Maranhão,2014,9986,Serrano do Maranhão,0.0
4447,2111904,Sucupira do Norte,Maranhão,2014,10626,Sucupira do Norte,0.0
4448,2112100,Timbiras,Maranhão,2014,28402,Timbiras,0.0
4449,2112209,Timon,Maranhão,2014,163075,Timon,0.0
4450,2112233,Trizidela do Vale,Maranhão,2014,21405,Trizidela do Vale,1.0
4451,2112274,Tufilândia,Maranhão,2014,5773,Tufilândia,0.0
4452,2112308,Tuntum,Maranhão,2014,39560,Tuntum,0.0
4453,2112407,Turiaçu,Maranhão,2014,36015,Turiaçu,2.0
4454,2112456,Turilândia,Maranhão,2014,25384,Turilândia,30.0
4455,2112506,Tutóia,Maranhão,2014,54302,Tutóia,0.0
4456,2112605,Urbano Santos,Maranhão,2014,31271,Urbano Santos,0.0
4457,2112704,Vargem Grande,Maranhão,2014,49409,Vargem Grande,1.0
4458,2112803,Viana,Maranhão,2014,51007,Viana,0.0
4459,2112852,Vila Nova dos Martírios,Maranhão,2014,11288,Vila Nova dos Martírios,0.0
4460,2112902,Vitória do Mearim,Maranhão,2014,32007,Vitória do Mearim,0.0
4461,2113009,Vitorino Freire,Maranhão,2014,31647,Vitorino Freire,1.0
4462,2114007,Zé doca,Maranhão,2014,48036,Zé Doca,4.0
4463,5100102,Acorizal,Mato Grosso,2014,5329,Acorizal,0.0
4464,5100201,Água Boa,Mato Grosso,2014,23608,Água Boa,2.0
4465,5100250,Alta Floresta,Mato Grosso,2014,53417,Alta Floresta,3.0
4466,5100300,Alto Araguaia,Mato Grosso,2014,16397,Alto Araguaia,0.0
4467,5100359,Alto Boa Vista,Mato Grosso,2014,5438,Alto Boa Vista,0.0
4468,5100607,Alto Taquari,Mato Grosso,2014,9041,Alto Taquari,1.0
4469,5100805,Apiacás,Mato Grosso,2014,8731,Apiacás,4.0
4470,5101001,Araguaiana,Mato Grosso,2014,3423,Araguaiana,0.0
4471,5101258,Araputanga,Mato Grosso,2014,15207,Araputanga,0.0
4472,5101308,Arenápolis,Mato Grosso,2014,10490,Arenápolis,0.0
4473,5101407,Aripuanã,Mato Grosso,2014,20952,Aripuanã,28.0
4474,5101704,Barra do Bugres,Mato Grosso,2014,31123,Barra do Bugres,0.0
4475,5101803,Barra do Garças,Mato Grosso,2014,61330,Barra do Garças,0.0
4476,5101852,Bom Jesus do Araguaia,Mato Grosso,2014,5974,Bom Jesus do Araguaia,0.0
4477,5101902,Brasnorte,Mato Grosso,2014,16008,Brasnorte,1.0
4478,5102504,Cáceres,Mato Grosso,2014,90277,Cáceres,1.0
4479,5102603,Campinápolis,Mato Grosso,2014,14893,Campinápolis,0.0
4480,5102637,Campo Novo do Parecis,Mato Grosso,2014,32971,Campo Novo do Parecis,1.0
4481,5102678,Campo Verde,Mato Grosso,2014,35869,Campo Verde,2.0
4482,5102686,Campos de Júlio,Mato Grosso,2014,6165,Campos de Júlio,0.0
4483,5102694,Canabrava do Norte,Mato Grosso,2014,4710,Canabrava do Norte,0.0
4484,5102702,Canarana,Mato Grosso,2014,21060,Canarana,0.0
4485,5102793,Carlinda,Mato Grosso,2014,10927,Carlinda,0.0
4486,5102850,Castanheira,Mato Grosso,2014,8139,Castanheira,0.0
4487,5103007,Chapada dos Guimarães,Mato Grosso,2014,18591,Chapada dos Guimarães,0.0
4488,5103056,Cláudia,Mato Grosso,2014,10668,Cláudia,0.0
4489,5103106,Cocalinho,Mato Grosso,2014,5797,Cocalinho,0.0
4490,5103205,Colíder,Mato Grosso,2014,31769,Colíder,0.0
4491,5103254,Colniza,Mato Grosso,2014,27029,Colniza,829.0
4492,5103304,Comodoro,Mato Grosso,2014,18374,Comodoro,1.0
4493,5103353,Confresa,Mato Grosso,2014,28580,Confresa,0.0
4494,5103361,Conquista D'oeste,Mato Grosso,2014,3512,Conquista D'Oeste,0.0
4495,5103379,Cotriguaçu,Mato Grosso,2014,13589,Cotriguaçu,1.0
4496,5103403,Cuiabá,Mato Grosso,2014,599192,Cuiabá,8.0
4497,5103502,Diamantino,Mato Grosso,2014,21061,Diamantino,1.0
4498,5103601,dom Aquino,Mato Grosso,2014,8124,Dom Aquino,0.0
4499,5103700,Feliz Natal,Mato Grosso,2014,10972,Feliz Natal,0.0
4500,5103858,Gaúcha do Norte,Mato Grosso,2014,7072,Gaúcha do Norte,0.0
4501,5103908,General Carneiro,Mato Grosso,2014,5581,General Carneiro,0.0
4502,5103957,Glória D'oeste,Mato Grosso,2014,3067,Glória D'Oeste,0.0
4503,5104104,Guarantã do Norte,Mato Grosso,2014,32598,Guarantã do Norte,1.0
4504,5104203,Guiratinga,Mato Grosso,2014,12830,Guiratinga,3.0
4505,5104526,Ipiranga do Norte,Mato Grosso,2014,5955,Ipiranga do Norte,0.0
4506,5104542,Itanhangá,Mato Grosso,2014,6039,Itanhangá,0.0
4507,5104559,Itaúba,Mato Grosso,2014,4794,Itaúba,3.0
4508,5104609,Itiquira,Mato Grosso,2014,11854,Itiquira,0.0
4509,5104807,Jaciara,Mato Grosso,2014,27210,Jaciara,0.0
4510,5105002,Jauru,Mato Grosso,2014,9700,Jauru,0.0
4511,5105101,Juara,Mato Grosso,2014,34383,Juara,0.0
4512,5105150,Juína,Mato Grosso,2014,42502,Juína,4.0
4513,5105176,Juruena,Mato Grosso,2014,11063,Juruena,0.0
4514,5105200,Juscimeira,Mato Grosso,2014,11549,Juscimeira,0.0
4515,5105234,Lambari D'oeste,Mato Grosso,2014,5203,Lambari D'Oeste,0.0
4516,5105259,Lucas do Rio Verde,Mato Grosso,2014,56621,Lucas do Rio Verde,0.0
4517,5105507,Vila Bela da Santíssima Trindade,Mato Grosso,2014,15456,Vila Bela da Santíssima Trindade,0.0
4518,5105580,Marcelândia,Mato Grosso,2014,12027,Marcelândia,0.0
4519,5105606,Matupá,Mato Grosso,2014,16095,Matupá,0.0
4520,5105622,Mirassol D'oeste,Mato Grosso,2014,26299,Mirassol d'Oeste,0.0
4521,5105903,Nobres,Mato Grosso,2014,15307,Nobres,0.0
4522,5106109,Nossa Senhora do Livramento,Mato Grosso,2014,11592,Nossa Senhora do Livramento,0.0
4523,5106158,Nova Bandeirantes,Mato Grosso,2014,12499,Nova Bandeirantes,54.0
4524,5106174,Nova Nazaré,Mato Grosso,2014,3391,Nova Nazaré,0.0
4525,5106182,Nova Lacerda,Mato Grosso,2014,5969,Nova Lacerda,0.0
4526,5106190,Nova Santa Helena,Mato Grosso,2014,3744,Nova Santa Helena,0.0
4527,5106208,Nova Brasilândia,Mato Grosso,2014,4370,Nova Brasilândia,0.0
4528,5106216,Nova Canaã do Norte,Mato Grosso,2014,12125,Nova Canaã do Norte,0.0
4529,5106224,Nova Mutum,Mato Grosso,2014,38780,Nova Mutum,0.0
4530,5106232,Nova Olímpia,Mato Grosso,2014,17232,Nova Olímpia,0.0
4531,5106240,Nova Ubiratã,Mato Grosso,2014,10041,Nova Ubiratã,0.0
4532,5106257,Nova Xavantina,Mato Grosso,2014,21387,Nova Xavantina,1.0
4533,5106265,Novo Mundo,Mato Grosso,2014,7088,Novo Mundo,5.0
4534,5106273,Novo Horizonte do Norte,Mato Grosso,2014,3653,Novo Horizonte do Norte,0.0
4535,5106299,Paranaíta,Mato Grosso,2014,11204,Paranaíta,1.0
4536,5106307,Paranatinga,Mato Grosso,2014,21683,Paranatinga,0.0
4537,5106372,Pedra Preta,Mato Grosso,2014,16606,Pedra Preta,0.0
4538,5106422,Peixoto de Azevedo,Mato Grosso,2014,32354,Peixoto de Azevedo,5.0
4539,5106505,Poconé,Mato Grosso,2014,31830,Poconé,0.0
4540,5106653,Pontal do Araguaia,Mato Grosso,2014,5934,Pontal do Araguaia,0.0
4541,5106752,Pontes E Lacerda,Mato Grosso,2014,45496,Pontes e Lacerda,0.0
4542,5106778,Porto Alegre do Norte,Mato Grosso,2014,11321,Porto Alegre do Norte,0.0
4543,5106802,Porto dos Gaúchos,Mato Grosso,2014,5596,Porto dos Gaúchos,0.0
4544,5106828,Porto Esperidião,Mato Grosso,2014,10783,Porto Esperidião,0.0
4545,5106851,Porto Estrela,Mato Grosso,2014,3503,Porto Estrela,0.0
4546,5107008,Poxoréu,Mato Grosso,2014,19497,Poxoréo,0.0
4547,5107040,Primavera do Leste,Mato Grosso,2014,61767,Primavera do Leste,0.0
4548,5107065,Querência,Mato Grosso,2014,16427,Querência,3.0
4549,5107156,Reserva do Cabaçal,Mato Grosso,2014,2388,Reserva do Cabaçal,0.0
4550,5107180,Ribeirão Cascalheira,Mato Grosso,2014,9395,Ribeirão Cascalheira,0.0
4551,5107198,Ribeirãozinho,Mato Grosso,2014,2340,Ribeirãozinho,2.0
4552,5107206,Rio Branco,Mato Grosso,2014,4852,Rio Branco,0.0
4553,5107248,Santa Carmem,Mato Grosso,2014,4563,Santa Carmem,0.0
4554,5107263,Santo Afonso,Mato Grosso,2014,2815,Santo Afonso,0.0
4555,5107297,São José do Povo,Mato Grosso,2014,3294,São José do Povo,0.0
4556,5107305,São José do Rio Claro,Mato Grosso,2014,16322,São José do Rio Claro,0.0
4557,5107354,São José do Xingu,Mato Grosso,2014,5525,São José do Xingu,0.0
4558,5107578,Rondolândia,Mato Grosso,2014,3658,Rondolândia,17.0
4559,5107602,Rondonópolis,Mato Grosso,2014,215836,Rondonópolis,0.0
4560,5107701,Rosário Oeste,Mato Grosso,2014,16842,Rosário Oeste,0.0
4561,5107743,Santa Cruz do Xingu,Mato Grosso,2014,2133,Santa Cruz do Xingu,0.0
4562,5107750,Salto do Céu,Mato Grosso,2014,3837,Salto do Céu,0.0
4563,5107776,Santa Terezinha,Mato Grosso,2014,7506,Santa Terezinha,0.0
4564,5107792,Santo Antônio do Leste,Mato Grosso,2014,3829,Santo Antônio do Leste,0.0
4565,5107800,Santo Antônio do Leverger,Mato Grosso,2014,16367,Santo Antônio do Leverger,0.0
4566,5107859,São Félix do Araguaia,Mato Grosso,2014,11675,São Félix do Araguaia,1.0
4567,5107875,Sapezal,Mato Grosso,2014,21374,Sapezal,0.0
4568,5107883,Serra Nova dourada,Mato Grosso,2014,1509,Serra Nova Dourada,0.0
4569,5107909,Sinop,Mato Grosso,2014,138349,Sinop,0.0
4570,5107925,Sorriso,Mato Grosso,2014,79697,Sorriso,0.0
4571,5107941,Tabaporã,Mato Grosso,2014,10014,Tabaporã,0.0
4572,5107958,Tangará da Serra,Mato Grosso,2014,92679,Tangará da Serra,1.0
4573,5108006,Tapurah,Mato Grosso,2014,11620,Tapurah,0.0
4574,5108055,Terra Nova do Norte,Mato Grosso,2014,11077,Terra Nova do Norte,0.0
4575,5108105,Tesouro,Mato Grosso,2014,3316,Tesouro,0.0
4576,5108204,Torixoréu,Mato Grosso,2014,4139,Torixoréu,0.0
4577,5108303,União do Sul,Mato Grosso,2014,3822,União do Sul,1.0
4578,5108352,Vale de São domingos,Mato Grosso,2014,3025,Vale de São Domingos,0.0
4579,5108402,Várzea Grande,Mato Grosso,2014,274026,Várzea Grande,0.0
4580,5108600,Vila Rica,Mato Grosso,2014,21060,Vila Rica,0.0
4581,5108808,Nova Guarita,Mato Grosso,2014,4860,Nova Guarita,3.0
4582,5108857,Nova Marilândia,Mato Grosso,2014,3167,Nova Marilândia,0.0
4583,5108907,Nova Maringá,Mato Grosso,2014,6334,Nova Maringá,0.0
4584,5108956,Nova Monte Verde,Mato Grosso,2014,8308,Nova Monte Verde,0.0
4585,1100015,Alta Floresta D'oeste,Rondônia,2015,24540,Alta Floresta D'Oeste,30.0
4586,1100023,Ariquemes,Rondônia,2015,98956,Ariquemes,55.0
4587,1100031,Cabixi,Rondônia,2015,6293,Cabixi,0.0
4588,1100049,Cacoal,Rondônia,2015,86910,Cacoal,5.0
4589,1100056,Cerejeiras,Rondônia,2015,17404,Cerejeiras,0.0
4590,1100064,Colorado do Oeste,Rondônia,2015,18436,Colorado do Oeste,1.0
4591,1100072,Corumbiara,Rondônia,2015,8716,Corumbiara,0.0
4592,1100080,Costa Marques,Rondônia,2015,14157,Costa Marques,55.0
4593,1100098,Espigão D'oeste,Rondônia,2015,31015,Espigão D'Oeste,4.0
4594,1100106,Guajará-Mirim,Rondônia,2015,43547,Guajará-Mirim,504.0
4595,1100114,Jaru,Rondônia,2015,54686,Jaru,3.0
4596,1100122,Ji-Paraná,Rondônia,2015,127703,Ji-Paraná,5.0
4597,1100130,Machadinho D'oeste,Rondônia,2015,33217,Machadinho D'Oeste,641.0
4598,1100148,Nova Brasilândia D'oeste,Rondônia,2015,19192,Nova Brasilândia D'Oeste,1.0
4599,1100155,Ouro Preto do Oeste,Rondônia,2015,39409,Ouro Preto do Oeste,2.0
4600,1100189,Pimenta Bueno,Rondônia,2015,36536,Pimenta Bueno,1.0
4601,1100205,Porto Velho,Rondônia,2015,470408,Porto Velho,3392.0
4602,1100254,Presidente Médici,Rondônia,2015,22284,Presidente Médici,0.0
4603,1100262,Rio Crespo,Rondônia,2015,3552,Rio Crespo,15.0
4604,1100288,Rolim de Moura,Rondônia,2015,55815,Rolim de Moura,1.0
4605,1100296,Santa Luzia D'oeste,Rondônia,2015,8760,Santa Luzia D'Oeste,0.0
4606,1100304,Vilhena,Rondônia,2015,88151,Vilhena,4.0
4607,1100320,São Miguel do Guaporé,Rondônia,2015,21968,São Miguel do Guaporé,3.0
4608,1100338,Nova Mamoré,Rondônia,2015,25003,Nova Mamoré,199.0
4609,1100346,Alvorada D'oeste,Rondônia,2015,16223,Alvorada D'Oeste,26.0
4610,1100379,Alto Alegre dos Parecis,Rondônia,2015,12983,Alto Alegre dos Parecis,0.0
4611,1100403,Alto Paraíso,Rondônia,2015,17696,Alto Paraíso,329.0
4612,1100452,Buritis,Rondônia,2015,32969,Buritis,117.0
4613,1100502,Novo Horizonte do Oeste,Rondônia,2015,9713,Novo Horizonte do Oeste,0.0
4614,1100601,Cacaulândia,Rondônia,2015,5347,Cacaulândia,1.0
4615,1100700,Campo Novo de Rondônia,Rondônia,2015,11709,Campo Novo de Rondônia,14.0
4616,1100809,Candeias do Jamari,Rondônia,2015,21769,Candeias do Jamari,1111.0
4617,1100908,Castanheiras,Rondônia,2015,3611,Castanheiras,0.0
4618,1100924,Chupinguaia,Rondônia,2015,9139,Chupinguaia,1.0
4619,1100940,Cujubim,Rondônia,2015,16317,Cujubim,130.0
4620,1101005,Governador Jorge Teixeira,Rondônia,2015,10004,Governador Jorge Teixeira,1.0
4621,1101104,Itapuã do Oeste,Rondônia,2015,9021,Itapuã do Oeste,49.0
4622,1101203,Ministro Andreazza,Rondônia,2015,9242,Ministro Andreazza,1.0
4623,1101302,Mirante da Serra,Rondônia,2015,11430,Mirante da Serra,0.0
4624,1101401,Monte Negro,Rondônia,2015,13846,Monte Negro,48.0
4625,1101435,Nova União,Rondônia,2015,7394,Nova União,0.0
4626,1101450,Parecis,Rondônia,2015,4816,Parecis,0.0
4627,1101468,Pimenteiras do Oeste,Rondônia,2015,2373,Pimenteiras do Oeste,1.0
4628,1101476,Primavera de Rondônia,Rondônia,2015,3491,Primavera de Rondônia,0.0
4629,1101484,São Felipe D'oeste,Rondônia,2015,6047,São Felipe D'Oeste,0.0
4630,1101492,São Francisco do Guaporé,Rondônia,2015,17047,São Francisco do Guaporé,14.0
4631,1101500,Seringueiras,Rondônia,2015,13025,Seringueiras,3.0
4632,1101559,Teixeirópolis,Rondônia,2015,4889,Teixeirópolis,0.0
4633,1101609,Theobroma,Rondônia,2015,10149,Theobroma,2.0
4634,1101708,Urupá,Rondônia,2015,12782,Urupá,2.0
4635,1101757,Vale do Anari,Rondônia,2015,9263,Vale do Anari,14.0
4636,1101807,Vale do Paraíso,Rondônia,2015,7953,Vale do Paraíso,1.0
4637,1200013,Acrelândia,Acre,2015,13786,Acrelândia,32.0
4638,1200054,Assis Brasil,Acre,2015,7124,Assis Brasil,2.0
4639,1200104,Brasiléia,Acre,2015,24352,Brasiléia,3.0
4640,1200138,Bujari,Acre,2015,10415,Bujari,17.0
4641,1200179,Capixaba,Acre,2015,9913,Capixaba,9.0
4642,1200203,Cruzeiro do Sul,Acre,2015,90107,Cruzeiro do Sul,13950.0
4643,1200252,Epitaciolândia,Acre,2015,17245,Epitaciolândia,2.0
4644,1200302,Feijó,Acre,2015,36415,Feijó,9.0
4645,1200328,Jordão,Acre,2015,7953,Jordão,15.0
4646,1200336,Mâncio Lima,Acre,2015,17755,Mâncio Lima,5383.0
4647,1200344,Manoel Urbano,Acre,2015,9824,Manoel Urbano,1.0
4648,1200351,Marechal Thaumaturgo,Acre,2015,16451,Marechal Thaumaturgo,63.0
4649,1200385,Plácido de Castro,Acre,2015,18055,Plácido de Castro,48.0
4650,1200393,Porto Walter,Acre,2015,10511,Porto Walter,522.0
4651,1200401,Rio Branco,Acre,2015,375181,Rio Branco,105.0
4652,1200427,Rodrigues Alves,Acre,2015,15698,Rodrigues Alves,5383.0
4653,1200435,Santa Rosa do Purus,Acre,2015,5599,Santa Rosa do Purus,1.0
4654,1200450,Senador Guiomard,Acre,2015,21942,Senador Guiomard,153.0
4655,1200500,Sena Madureira,Acre,2015,42482,Sena Madureira,5.0
4656,1200609,Tarauacá,Acre,2015,41629,Tarauacá,952.0
4657,1200708,Xapuri,Acre,2015,17822,Xapuri,6.0
4658,1200807,Porto Acre,Acre,2015,16418,Porto Acre,38.0
4659,1300029,Alvarães,Amazonas,2015,15530,Alvarães,1935.0
4660,1300060,Amaturá,Amazonas,2015,10325,Amaturá,17.0
4661,1300086,Anamã,Amazonas,2015,10501,Anamã,3.0
4662,1300102,Anori,Amazonas,2015,17415,Anori,3.0
4663,1300144,Apuí,Amazonas,2015,19707,Apuí,39.0
4664,1300201,Atalaia do Norte,Amazonas,2015,15775,Atalaia do Norte,3135.0
4665,1300300,Autazes,Amazonas,2015,37282,Autazes,99.0
4666,1300409,Barcelos,Amazonas,2015,22992,Barcelos,4361.0
4667,1300508,Barreirinha,Amazonas,2015,30576,Barreirinha,1.0
4668,1300607,Benjamin Constant,Amazonas,2015,37106,Benjamin Constant,1207.0
4669,1300631,Beruri,Amazonas,2015,18081,Beruri,5.0
4670,1300680,Boa Vista do Ramos,Amazonas,2015,18532,Boa Vista do Ramos,3.0
4671,1300706,Boca do Acre,Amazonas,2015,34227,Boca do Acre,278.0
4672,1300805,Borba,Amazonas,2015,36180,Borba,47.0
4673,1300839,Caapiranga,Amazonas,2015,12452,Caapiranga,6.0
4674,1300904,Canutama,Amazonas,2015,15480,Canutama,490.0
4675,1301001,Carauari,Amazonas,2015,28520,Carauari,1316.0
4676,1301100,Careiro,Amazonas,2015,33559,Careiro,410.0
4677,1301159,Careiro da Várzea,Amazonas,2015,22860,Careiro da Várzea,305.0
4678,1301209,Coari,Amazonas,2015,77650,Coari,2192.0
4679,1301308,Codajás,Amazonas,2015,24109,Codajás,2.0
4680,1301407,Eirunepé,Amazonas,2015,33678,Eirunepé,6263.0
4681,1301506,Envira,Amazonas,2015,17419,Envira,433.0
4682,1301605,Fonte Boa,Amazonas,2015,25391,Fonte Boa,43.0
4683,1301654,Guajará,Amazonas,2015,14626,Guajará,1860.0
4684,1301704,Humaitá,Amazonas,2015,51037,Humaitá,610.0
4685,1301803,Ipixuna,Amazonas,2015,24226,Ipixuna,6749.0
4686,1301852,Iranduba,Amazonas,2015,49888,Iranduba,813.0
4687,1301902,Itacoatiara,Amazonas,2015,98536,Itacoatiara,55.0
4688,1301951,Itamarati,Amazonas,2015,9409,Itamarati,1558.0
4689,1302009,Itapiranga,Amazonas,2015,9280,Itapiranga,14.0
4690,1302108,Japurá,Amazonas,2015,8136,Japurá,267.0
4691,1302207,Juruá,Amazonas,2015,11347,Juruá,501.0
4692,1302306,Jutaí,Amazonas,2015,21754,Jutaí,1430.0
4693,1302405,Lábrea,Amazonas,2015,42486,Lábrea,5289.0
4694,1302504,Manacapuru,Amazonas,2015,96242,Manacapuru,352.0
4695,1302553,Manaquiri,Amazonas,2015,21027,Manaquiri,10.0
4696,1302603,Manaus,Amazonas,2015,2023817,Manaus,8527.0
4697,1302702,Manicoré,Amazonas,2015,51606,Manicoré,296.0
4698,1302801,Maraã,Amazonas,2015,17289,Maraã,1129.0
4699,1302900,Maués,Amazonas,2015,58298,Maués,676.0
4700,1303007,Nhamundá,Amazonas,2015,19665,Nhamundá,1.0
4701,1303106,Nova Olinda do Norte,Amazonas,2015,30489,Nova Olinda do Norte,5.0
4702,1303205,Novo Airão,Amazonas,2015,15754,Novo Airão,81.0
4703,1303304,Novo Aripuanã,Amazonas,2015,23103,Novo Aripuanã,50.0
4704,1303403,Parintins,Amazonas,2015,105987,Parintins,7.0
4705,1303502,Pauini,Amazonas,2015,19536,Pauini,1138.0
4706,1303536,Presidente Figueiredo,Amazonas,2015,29973,Presidente Figueiredo,431.0
4707,1303569,Rio Preto da Eva,Amazonas,2015,26288,Rio Preto da Eva,199.0
4708,1303601,Santa Isabel do Rio Negro,Amazonas,2015,17173,Santa Isabel do Rio Negro,1526.0
4709,1303700,Santo Antônio do Içá,Amazonas,2015,26984,Santo Antônio do Içá,2386.0
4710,1303809,São Gabriel da Cachoeira,Amazonas,2015,44256,São Gabriel da Cachoeira,5203.0
4711,1303908,São Paulo de Olivença,Amazonas,2015,33413,São Paulo de Olivença,2843.0
4712,1303957,São Sebastião do Uatumã,Amazonas,2015,11578,São Sebastião do Uatumã,117.0
4713,1304005,Silves,Amazonas,2015,9964,Silves,2.0
4714,1304062,Tabatinga,Amazonas,2015,60217,Tabatinga,1809.0
4715,1304104,Tapauá,Amazonas,2015,19473,Tapauá,1418.0
4716,1304203,Tefé,Amazonas,2015,69175,Tefé,2364.0
4717,1304237,Tonantins,Amazonas,2015,18549,Tonantins,77.0
4718,1304260,Uarini,Amazonas,2015,13488,Uarini,1843.0
4719,1304302,Urucará,Amazonas,2015,18550,Urucará,197.0
4720,1304401,Urucurituba,Amazonas,2015,21144,Urucurituba,1.0
4721,1400027,Amajari,Roraima,2015,11211,Amajari,785.0
4722,1400050,Alto Alegre,Roraima,2015,18421,Alto Alegre,1352.0
4723,1400100,Boa Vista,Roraima,2015,344005,Boa Vista,61.0
4724,1400159,Bonfim,Roraima,2015,12355,Bonfim,58.0
4725,1400175,Cantá,Roraima,2015,15955,Cantá,191.0
4726,1400209,Caracaraí,Roraima,2015,19661,Caracaraí,610.0
4727,1400233,Caroebe,Roraima,2015,9271,Caroebe,140.0
4728,1400282,Iracema,Roraima,2015,9345,Iracema,421.0
4729,1400308,Mucajaí,Roraima,2015,16312,Mucajaí,384.0
4730,1400407,Normandia,Roraima,2015,10991,Normandia,12.0
4731,1400456,Pacaraima,Roraima,2015,13664,Pacaraima,187.0
4732,1400472,Rorainópolis,Roraima,2015,28023,Rorainópolis,1137.0
4733,1400506,São João da Baliza,Roraima,2015,7707,São João da Baliza,616.0
4734,1400605,São Luiz,Roraima,2015,7021,São Luiz,132.0
4735,1400704,Uiramutã,Roraima,2015,10438,Uiramutã,99.0
4736,1500107,Abaetetuba,Pará,2015,154175,Abaetetuba,0.0
4737,1500131,Abel Figueiredo,Pará,2015,6841,Abel Figueiredo,0.0
4738,1500206,Acará,Pará,2015,58215,Acará,0.0
4739,1500305,Afuá,Pará,2015,37768,Afuá,463.0
4740,1500347,Água Azul do Norte,Pará,2015,22848,Água Azul do Norte,0.0
4741,1500404,Alenquer,Pará,2015,60665,Alenquer,65.0
4742,1500503,Almeirim,Pará,2015,35465,Almeirim,486.0
4743,1500602,Altamira,Pará,2015,113186,Altamira,42.0
4744,1500701,Anajás,Pará,2015,27189,Anajás,2839.0
4745,1500800,Ananindeua,Pará,2015,495943,Ananindeua,1.0
4746,1500859,Anapu,Pará,2015,25137,Anapu,31.0
4747,1500909,Augusto Corrêa,Pará,2015,44446,Augusto Corrêa,0.0
4748,1500958,Aurora do Pará,Pará,2015,26449,Aurora do Pará,2.0
4749,1501006,Aveiro,Pará,2015,17209,Aveiro,1.0
4750,1501105,Bagre,Pará,2015,27553,Bagre,3.0
4751,1501204,Baião,Pará,2015,44559,Baião,18.0
4752,1501253,Bannach,Pará,2015,3804,Bannach,16.0
4753,1501303,Barcarena,Pará,2015,113995,Barcarena,0.0
4754,1501402,Belém,Pará,2015,1433321,Belém,15.0
4755,1501451,Belterra,Pará,2015,17553,Belterra,0.0
4756,1501501,Benevides,Pará,2015,57918,Benevides,0.0
4757,1501576,Bom Jesus do Tocantins,Pará,2015,17018,Bom Jesus do Tocantins,2.0
4758,1501600,Bonito,Pará,2015,13822,Bonito,0.0
4759,1501709,Bragança,Pará,2015,122972,Bragança,0.0
4760,1501725,Brasil Novo,Pará,2015,19119,Brasil Novo,0.0
4761,1501758,Brejo Grande do Araguaia,Pará,2015,7493,Brejo Grande do Araguaia,5.0
4762,1501782,Breu Branco,Pará,2015,53157,Breu Branco,0.0
4763,1501808,Breves,Pará,2015,102215,Breves,538.0
4764,1501907,Bujaru,Pará,2015,26185,Bujaru,0.0
4765,1501956,Cachoeira do Piriá,Pará,2015,24632,Cachoeira do Piriá,0.0
4766,1502004,Cachoeira do Arari,Pará,2015,22456,Cachoeira do Arari,0.0
4767,1502103,Cametá,Pará,2015,132363,Cametá,1.0
4768,1502152,Canaã dos Carajás,Pará,2015,40613,Canaã dos Carajás,3.0
4769,1502202,Capanema,Pará,2015,68899,Capanema,0.0
4770,1502301,Capitão Poço,Pará,2015,55904,Capitão Poço,0.0
4771,1502400,Castanhal,Pará,2015,189401,Castanhal,0.0
4772,1502509,Chaves,Pará,2015,21595,Chaves,164.0
4773,1502608,Colares,Pará,2015,12413,Colares,0.0
4774,1502707,Conceição do Araguaia,Pará,2015,47562,Conceição do Araguaia,0.0
4775,1502756,Concórdia do Pará,Pará,2015,29142,Concórdia do Pará,2.0
4776,1502764,Cumaru do Norte,Pará,2015,12014,Cumaru do Norte,53.0
4777,1502772,Curionópolis,Pará,2015,19753,Curionópolis,1.0
4778,1502806,Curralinho,Pará,2015,32226,Curralinho,90.0
4779,1502855,Curuá,Pará,2015,13468,Curuá,1.0
4780,1502905,Curuçá,Pará,2015,38684,Curuçá,1.0
4781,1502939,dom Eliseu,Pará,2015,56583,Dom Eliseu,0.0
4782,1502954,Eldorado do Carajás,Pará,2015,32434,Eldorado do Carajás,1.0
4783,1503002,Faro,Pará,2015,8749,Faro,0.0
4784,1503044,Floresta do Araguaia,Pará,2015,18654,Floresta do Araguaia,0.0
4785,1503077,Garrafão do Norte,Pará,2015,26050,Garrafão do Norte,0.0
4786,1503093,Goianésia do Pará,Pará,2015,32733,Goianésia do Pará,2.0
4787,1503101,Gurupá,Pará,2015,31605,Gurupá,7.0
4788,1503200,Igarapé-Açu,Pará,2015,37510,Igarapé-Açu,1.0
4789,1503309,Igarapé-Miri,Pará,2015,63644,Igarapé-Miri,0.0
4790,1503408,Inhangapi,Pará,2015,10470,Inhangapi,0.0
4791,1503457,Ipixuna do Pará,Pará,2015,41264,Ipixuna do Pará,0.0
4792,1503507,Irituia,Pará,2015,32829,Irituia,1.0
4793,1503606,Itaituba,Pará,2015,110548,Itaituba,2522.0
4794,1503705,Itupiranga,Pará,2015,54316,Itupiranga,2.0
4795,1503754,Jacareacanga,Pará,2015,16884,Jacareacanga,514.0
4796,1503804,Jacundá,Pará,2015,48285,Jacundá,2.0
4797,1503903,Juruti,Pará,2015,50998,Juruti,0.0
4798,1504000,Limoeiro do Ajuru,Pará,2015,27912,Limoeiro do Ajuru,0.0
4799,1504059,Mãe do Rio,Pará,2015,31633,Mãe do Rio,0.0
4800,1504109,Magalhães Barata,Pará,2015,8431,Magalhães Barata,0.0
4801,1504208,Marabá,Pará,2015,263472,Marabá,4.0
4802,1504307,Maracanã,Pará,2015,28813,Maracanã,3.0
4803,1504406,Marapanim,Pará,2015,27785,Marapanim,1.0
4804,1504422,Marituba,Pará,2015,114675,Marituba,3.0
4805,1504455,Medicilândia,Pará,2015,28450,Medicilândia,0.0
4806,1504505,Melgaço,Pará,2015,26951,Melgaço,4.0
4807,1504604,Mocajuba,Pará,2015,28345,Mocajuba,2.0
4808,1504703,Moju,Pará,2015,78697,Moju,9.0
4809,1504752,Mojuí dos Campos,Pará,2015,17911,Mojuí dos Campos,0.0
4810,1504802,Monte Alegre,Pará,2015,59444,Monte Alegre,1.0
4811,1504901,Muaná,Pará,2015,39735,Muaná,2.0
4812,1504950,Nova Esperança do Piriá,Pará,2015,21153,Nova Esperança do Piriá,0.0
4813,1504976,Nova Ipixuna,Pará,2015,15156,Nova Ipixuna,1.0
4814,1505007,Nova Timboteua,Pará,2015,13844,Nova Timboteua,0.0
4815,1505031,Novo Progresso,Pará,2015,28929,Novo Progresso,168.0
4816,1505064,Novo Repartimento,Pará,2015,65699,Novo Repartimento,15.0
4817,1505106,Óbidos,Pará,2015,52762,Óbidos,159.0
4818,1505205,Oeiras do Pará,Pará,2015,32173,Oeiras do Pará,0.0
4819,1505304,Oriximiná,Pará,2015,67515,Oriximiná,13.0
4820,1505403,Ourém,Pará,2015,17538,Ourém,0.0
4821,1505437,Ourilândia do Norte,Pará,2015,30672,Ourilândia do Norte,217.0
4822,1505486,Pacajá,Pará,2015,43058,Pacajá,346.0
4823,1505494,Palestina do Pará,Pará,2015,7617,Palestina do Pará,1.0
4824,1505502,Paragominas,Pará,2015,106060,Paragominas,2.0
4825,1505536,Parauapebas,Pará,2015,200094,Parauapebas,26.0
4826,1505601,Peixe-Boi,Pará,2015,8307,Peixe-Boi,0.0
4827,1505635,Piçarra,Pará,2015,13371,Piçarra,0.0
4828,1505650,Placas,Pará,2015,22534,Placas,10.0
4829,1505700,Ponta de Pedras,Pará,2015,26692,Ponta de Pedras,5.0
4830,1505809,Portel,Pará,2015,58681,Portel,269.0
4831,1505908,Porto de Moz,Pará,2015,38797,Porto de Moz,0.0
4832,1506005,Prainha,Pará,2015,32979,Prainha,1.0
4833,1506104,Primavera,Pará,2015,10780,Primavera,0.0
4834,1506112,Quatipuru,Pará,2015,12417,Quatipuru,0.0
4835,1506138,Redenção,Pará,2015,83253,Redenção,9.0
4836,1506161,Rio Maria,Pará,2015,18691,Rio Maria,2.0
4837,1506187,Rondon do Pará,Pará,2015,52606,Rondon do Pará,1.0
4838,1506195,Rurópolis,Pará,2015,40391,Rurópolis,1.0
4839,1506203,Salinópolis,Pará,2015,41780,Salinópolis,0.0
4840,1506302,Salvaterra,Pará,2015,22226,Salvaterra,0.0
4841,1506351,Santa Bárbara do Pará,Pará,2015,19099,Santa Bárbara do Pará,1.0
4842,1506401,Santa Cruz do Arari,Pará,2015,8144,Santa Cruz do Arari,0.0
4843,1506500,Santa Izabel do Pará,Pará,2015,66604,Santa Izabel do Pará,0.0
4844,1506559,Santa Luzia do Pará,Pará,2015,20527,Santa Luzia do Pará,0.0
4845,1506583,Santa Maria das Barreiras,Pará,2015,17643,Santa Maria das Barreiras,4.0
4846,1506609,Santa Maria do Pará,Pará,2015,24268,Santa Maria do Pará,0.0
4847,1506708,Santana do Araguaia,Pará,2015,46948,Santana do Araguaia,2.0
4848,1506807,Santarém,Pará,2015,312139,Santarém,8.0
4849,1506906,Santarém Novo,Pará,2015,6359,Santarém Novo,0.0
4850,1507003,Santo Antônio do Tauá,Pará,2015,28167,Santo Antônio do Tauá,0.0
4851,1507102,São Caetano de Odivelas,Pará,2015,17378,São Caetano de Odivelas,0.0
4852,1507151,São domingos do Araguaia,Pará,2015,23575,São Domingos do Araguaia,1.0
4853,1507201,São domingos do Capim,Pará,2015,32109,São Domingos do Capim,1.0
4854,1507300,São Félix do Xingu,Pará,2015,84103,São Félix do Xingu,112.0
4855,1507409,São Francisco do Pará,Pará,2015,15470,São Francisco do Pará,0.0
4856,1507458,São Geraldo do Araguaia,Pará,2015,26371,São Geraldo do Araguaia,0.0
4857,1507466,São João da Ponta,Pará,2015,5091,São João da Ponta,0.0
4858,1507474,São João de Pirabas,Pará,2015,21376,São João de Pirabas,0.0
4859,1507508,São João do Araguaia,Pará,2015,14053,São João do Araguaia,59.0
4860,1507607,São Miguel do Guamá,Pará,2015,54477,São Miguel do Guamá,0.0
4861,1507706,São Sebastião da Boa Vista,Pará,2015,24982,São Sebastião da Boa Vista,1.0
4862,1507755,Sapucaia,Pará,2015,5542,Sapucaia,0.0
4863,1507805,Senador José Porfírio,Pará,2015,16485,Senador José Porfírio,6.0
4864,1507904,Soure,Pará,2015,24269,Soure,0.0
4865,1507953,Tailândia,Pará,2015,79906,Tailândia,1.0
4866,1507961,Terra Alta,Pará,2015,10639,Terra Alta,0.0
4867,1507979,Terra Santa,Pará,2015,18135,Terra Santa,0.0
4868,1508001,Tomé-Açu,Pará,2015,63001,Tomé-Açu,0.0
4869,1508035,Tracuateua,Pará,2015,29407,Tracuateua,1.0
4870,1508050,Trairão,Pará,2015,16794,Trairão,15.0
4871,1508084,Tucumã,Pará,2015,37666,Tucumã,198.0
4872,1508100,Tucuruí,Pará,2015,101583,Tucuruí,18.0
4873,1508126,Ulianópolis,Pará,2015,43605,Ulianópolis,0.0
4874,1508159,Uruará,Pará,2015,46567,Uruará,2.0
4875,1508209,Vigia,Pará,2015,51061,Vigia,3.0
4876,1508308,Viseu,Pará,2015,60793,Viseu,1.0
4877,1508357,Vitória do Xingu,Pará,2015,14655,Vitória do Xingu,1.0
4878,1508407,Xinguara,Pará,2015,46911,Xinguara,1.0
4879,1600055,Serra do Navio,Amapá,2015,4759,Serra do Navio,1772.0
4880,1600105,Amapá,Amapá,2015,8486,Amapá,23.0
4881,1600154,Pedra Branca do Amapari,Amapá,2015,12066,Pedra Branca do Amapari,2254.0
4882,1600204,Calçoene,Amapá,2015,10177,Calçoene,1661.0
4883,1600212,Cutias,Amapá,2015,4927,Cutias,22.0
4884,1600238,Ferreira Gomes,Amapá,2015,6516,Ferreira Gomes,176.0
4885,1600253,Itaubal,Amapá,2015,4942,Itaubal,5.0
4886,1600279,Laranjal do Jari,Amapá,2015,41598,Laranjal do Jari,172.0
4887,1600303,Macapá,Amapá,2015,447949,Macapá,1154.0
4888,1600402,Mazagão,Amapá,2015,19843,Mazagão,1913.0
4889,1600501,Oiapoque,Amapá,2015,24421,Oiapoque,1094.0
4890,1600535,Porto Grande,Amapá,2015,18326,Porto Grande,851.0
4891,1600550,Pracuúba,Amapá,2015,4095,Pracuúba,35.0
4892,1600600,Santana,Amapá,2015,112511,Santana,1420.0
4893,1600709,Tartarugalzinho,Amapá,2015,13602,Tartarugalzinho,526.0
4894,1600808,Vitória do Jari,Amapá,2015,12832,Vitória do Jari,8.0
4895,1700251,Abreulândia,Tocantins,2015,2536,Abreulândia,0.0
4896,1700400,Almas,Tocantins,2015,7316,Almas,0.0
4897,1701002,Ananás,Tocantins,2015,10360,Ananás,0.0
4898,1701903,Araguacema,Tocantins,2015,6294,Araguacema,0.0
4899,1702109,Araguaína,Tocantins,2015,164017,Araguaína,0.0
4900,1702208,Araguatins,Tocantins,2015,32827,Araguatins,0.0
4901,1702554,Augustinópolis,Tocantins,2015,17053,Augustinópolis,0.0
4902,1702703,Aurora do Tocantins,Tocantins,2015,3503,Aurora do Tocantins,0.0
4903,1702901,Axixá do Tocantins,Tocantins,2015,9786,Axixá do Tocantins,0.0
4904,1703008,Babaçulândia,Tocantins,2015,9513,Babaçulândia,0.0
4905,1703800,Buriti do Tocantins,Tocantins,2015,10223,Buriti do Tocantins,0.0
4906,1703891,Carrasco Bonito,Tocantins,2015,3644,Carrasco Bonito,0.0
4907,1703909,Caseara,Tocantins,2015,4812,Caseara,0.0
4908,1705607,Conceição do Tocantins,Tocantins,2015,4155,Conceição do Tocantins,0.0
4909,1707405,Esperantina,Tocantins,2015,8959,Esperantina,0.0
4910,1710508,Itacajá,Tocantins,2015,7190,Itacajá,0.0
4911,1710706,Itaguatins,Tocantins,2015,5829,Itaguatins,0.0
4912,1711803,Juarina,Tocantins,2015,2279,Juarina,0.0
4913,1712504,Marianópolis do Tocantins,Tocantins,2015,4591,Marianópolis do Tocantins,0.0
4914,1712801,Maurilândia do Tocantins,Tocantins,2015,3216,Maurilândia do Tocantins,0.0
4915,1713304,Miranorte,Tocantins,2015,13014,Miranorte,0.0
4916,1714203,Natividade,Tocantins,2015,9161,Natividade,0.0
4917,1718204,Porto Nacional,Tocantins,2015,56119,Porto Nacional,0.0
4918,1718303,Praia Norte,Tocantins,2015,8513,Praia Norte,0.0
4919,1718550,Riachinho,Tocantins,2015,4232,Riachinho,0.0
4920,1718808,Sampaio,Tocantins,2015,4120,Sampaio,0.0
4921,1718840,Sandolândia,Tocantins,2015,3576,Sandolândia,0.0
4922,1718865,Santa Fé do Araguaia,Tocantins,2015,7011,Santa Fé do Araguaia,0.0
4923,1719004,Santa Tereza do Tocantins,Tocantins,2015,2663,Santa Tereza do Tocantins,0.0
4924,1720101,São Bento do Tocantins,Tocantins,2015,5172,São Bento do Tocantins,0.0
4925,1720150,São Félix do Tocantins,Tocantins,2015,1613,São Félix do Tocantins,0.0
4926,1720309,São Sebastião do Tocantins,Tocantins,2015,4344,São Sebastião do Tocantins,0.0
4927,1720804,Sítio Novo do Tocantins,Tocantins,2015,10069,Sítio Novo do Tocantins,0.0
4928,1720903,Taguatinga,Tocantins,2015,15064,Taguatinga,0.0
4929,1720937,Taipas do Tocantins,Tocantins,2015,2002,Taipas do Tocantins,0.0
4930,1721000,Palmas,Tocantins,2015,264290,Palmas,0.0
4931,1721208,Tocantinópolis,Tocantins,2015,23288,Tocantinópolis,0.0
4932,1722107,Xambioá,Tocantins,2015,11360,Xambioá,0.0
4933,2100055,Açailândia,Maranhão,2015,108236,Açailândia,0.0
4934,2100154,Água doce do Maranhão,Maranhão,2015,12064,Água Doce do Maranhão,0.0
4935,2100204,Alcântara,Maranhão,2015,21182,Alcântara,1.0
4936,2100303,Aldeias Altas,Maranhão,2015,24487,Aldeias Altas,0.0
4937,2100402,Altamira do Maranhão,Maranhão,2015,7230,Altamira do Maranhão,1.0
4938,2100436,Alto Alegre do Maranhão,Maranhão,2015,25612,Alto Alegre do Maranhão,2.0
4939,2100477,Alto Alegre do Pindaré,Maranhão,2015,30380,Alto Alegre do Pindaré,0.0
4940,2100550,Amapá do Maranhão,Maranhão,2015,6855,Amapá do Maranhão,6.0
4941,2100600,Amarante do Maranhão,Maranhão,2015,38948,Amarante do Maranhão,0.0
4942,2100808,Anapurus,Maranhão,2015,14332,Anapurus,0.0
4943,2100832,Apicum-Açu,Maranhão,2015,16334,Apicum-Açu,0.0
4944,2100873,Araguanã,Maranhão,2015,13474,Araguanã,0.0
4945,2100956,Arame,Maranhão,2015,30572,Arame,1.0
4946,2101004,Arari,Maranhão,2015,29662,Arari,0.0
4947,2101103,Axixá,Maranhão,2015,11911,Axixá,0.0
4948,2101202,Bacabal,Maranhão,2015,103970,Bacabal,1.0
4949,2101251,Bacabeira,Maranhão,2015,15952,Bacabeira,0.0
4950,2101301,Bacuri,Maranhão,2015,17454,Bacuri,0.0
4951,2101400,Balsas,Maranhão,2015,91518,Balsas,0.0
4952,2101608,Barra do Corda,Maranhão,2015,85688,Barra do Corda,0.0
4953,2101707,Barreirinhas,Maranhão,2015,60620,Barreirinhas,0.0
4954,2101731,Belágua,Maranhão,2015,7569,Belágua,0.0
4955,2101772,Bela Vista do Maranhão,Maranhão,2015,11053,Bela Vista do Maranhão,0.0
4956,2101806,Benedito Leite,Maranhão,2015,5539,Benedito Leite,0.0
4957,2101905,Bequimão,Maranhão,2015,20933,Bequimão,0.0
4958,2101939,Bernardo do Mearim,Maranhão,2015,5806,Bernardo do Mearim,0.0
4959,2101970,Boa Vista do Gurupi,Maranhão,2015,7477,Boa Vista do Gurupi,0.0
4960,2102002,Bom Jardim,Maranhão,2015,38472,Bom Jardim,0.0
4961,2102036,Bom Jesus das Selvas,Maranhão,2015,29418,Bom Jesus das Selvas,0.0
4962,2102101,Brejo,Maranhão,2015,34995,Brejo,0.0
4963,2102150,Brejo de Areia,Maranhão,2015,10435,Brejo de Areia,1.0
4964,2102200,Buriti,Maranhão,2015,28786,Buriti,1.0
4965,2102309,Buriti Bravo,Maranhão,2015,23373,Buriti Bravo,0.0
4966,2102325,Buriticupu,Maranhão,2015,64487,Buriticupu,0.0
4967,2102358,Buritirana,Maranhão,2015,14577,Buritirana,0.0
4968,2102374,Cachoeira Grande,Maranhão,2015,9132,Cachoeira Grande,0.0
4969,2102408,Cajapió,Maranhão,2015,10886,Cajapió,0.0
4970,2102507,Cajari,Maranhão,2015,18232,Cajari,0.0
4971,2102556,Campestre do Maranhão,Maranhão,2015,13319,Campestre do Maranhão,0.0
4972,2102606,Cândido Mendes,Maranhão,2015,19671,Cândido Mendes,22.0
4973,2102705,Cantanhede,Maranhão,2015,22065,Cantanhede,0.0
4974,2102754,Capinzal do Norte,Maranhão,2015,11197,Capinzal do Norte,0.0
4975,2102903,Carutapera,Maranhão,2015,23322,Carutapera,1.0
4976,2103000,Caxias,Maranhão,2015,161322,Caxias,0.0
4977,2103109,Cedral,Maranhão,2015,10560,Cedral,0.0
4978,2103125,Central do Maranhão,Maranhão,2015,7846,Central do Maranhão,0.0
4979,2103158,Centro do Guilherme,Maranhão,2015,11798,Centro do Guilherme,2.0
4980,2103174,Centro Novo do Maranhão,Maranhão,2015,18696,Centro Novo do Maranhão,2.0
4981,2103208,Chapadinha,Maranhão,2015,78480,Chapadinha,0.0
4982,2103257,Cidelândia,Maranhão,2015,13782,Cidelândia,0.0
4983,2103307,Codó,Maranhão,2015,121037,Codó,0.0
4984,2103505,Colinas,Maranhão,2015,40717,Colinas,0.0
4985,2103554,Conceição do Lago-Açu,Maranhão,2015,15138,Conceição do Lago-Açu,2.0
4986,2103604,Coroatá,Maranhão,2015,62909,Coroatá,0.0
4987,2103703,Cururupu,Maranhão,2015,33107,Cururupu,0.0
4988,2103752,davinópolis,Maranhão,2015,13429,Davinópolis,0.0
4989,2103802,dom Pedro,Maranhão,2015,23331,Dom Pedro,0.0
4990,2103901,Duque Bacelar,Maranhão,2015,10837,Duque Bacelar,0.0
4991,2104008,Esperantinópolis,Maranhão,2015,18664,Esperantinópolis,0.0
4992,2104057,Estreito,Maranhão,2015,36235,Estreito,0.0
4993,2104099,Formosa da Serra Negra,Maranhão,2015,17811,Formosa da Serra Negra,0.0
4994,2104206,Fortuna,Maranhão,2015,17540,Fortuna,0.0
4995,2104305,Godofredo Viana,Maranhão,2015,10451,Godofredo Viana,0.0
4996,2104404,Gonçalves Dias,Maranhão,2015,17777,Gonçalves Dias,0.0
4997,2104503,Governador Archer,Maranhão,2015,10495,Governador Archer,0.0
4998,2104552,Governador Edison Lobão,Maranhão,2015,17046,Governador Edison Lobão,0.0
4999,2104602,Governador Eugênio Barros,Maranhão,2015,14229,Governador Eugênio Barros,0.0
5000,2104628,Governador Luiz Rocha,Maranhão,2015,7408,Governador Luiz Rocha,0.0
5001,2104651,Governador Newton Bello,Maranhão,2015,10830,Governador Newton Bello,0.0
5002,2104677,Governador Nunes Freire,Maranhão,2015,25560,Governador Nunes Freire,46.0
5003,2104701,Graça Aranha,Maranhão,2015,6222,Graça Aranha,0.0
5004,2104800,Grajaú,Maranhão,2015,67614,Grajaú,2.0
5005,2104909,Guimarães,Maranhão,2015,11744,Guimarães,1.0
5006,2105005,Humberto de Campos,Maranhão,2015,27194,Humberto de Campos,0.0
5007,2105104,Icatu,Maranhão,2015,25954,Icatu,0.0
5008,2105153,Igarapé do Meio,Maranhão,2015,13415,Igarapé do Meio,0.0
5009,2105203,Igarapé Grande,Maranhão,2015,10671,Igarapé Grande,0.0
5010,2105302,Imperatriz,Maranhão,2015,262565,Imperatriz,0.0
5011,2105351,Itaipava do Grajaú,Maranhão,2015,14397,Itaipava do Grajaú,0.0
5012,2105401,Itapecuru Mirim,Maranhão,2015,63694,Itapecuru Mirim,0.0
5013,2105427,Itinga do Maranhão,Maranhão,2015,24741,Itinga do Maranhão,2.0
5014,2105450,Jatobá,Maranhão,2015,8431,Jatobá,0.0
5015,2105476,Jenipapo dos Vieiras,Maranhão,2015,16453,Jenipapo dos Vieiras,1.0
5016,2105500,João Lisboa,Maranhão,2015,24774,João Lisboa,0.0
5017,2105609,Joselândia,Maranhão,2015,15702,Joselândia,1.0
5018,2105658,Junco do Maranhão,Maranhão,2015,5087,Junco do Maranhão,0.0
5019,2105708,Lago da Pedra,Maranhão,2015,46881,Lago da Pedra,0.0
5020,2105906,Lago Verde,Maranhão,2015,15661,Lago Verde,0.0
5021,2105948,Lago dos Rodrigues,Maranhão,2015,9039,Lago dos Rodrigues,0.0
5022,2105963,Lagoa Grande do Maranhão,Maranhão,2015,11055,Lagoa Grande do Maranhão,0.0
5023,2105989,Lajeado Novo,Maranhão,2015,7120,Lajeado Novo,0.0
5024,2106003,Lima Campos,Maranhão,2015,11636,Lima Campos,0.0
5025,2106201,Luís domingues,Maranhão,2015,6887,Luís Domingues,1.0
5026,2106326,Maracaçumé,Maranhão,2015,20291,Maracaçumé,24.0
5027,2106359,Marajá do Sena,Maranhão,2015,7795,Marajá do Sena,0.0
5028,2106375,Maranhãozinho,Maranhão,2015,13803,Maranhãozinho,0.0
5029,2106409,Mata Roma,Maranhão,2015,16243,Mata Roma,0.0
5030,2106508,Matinha,Maranhão,2015,22541,Matinha,0.0
5031,2106607,Matões,Maranhão,2015,32913,Matões,0.0
5032,2106631,Matões do Norte,Maranhão,2015,15444,Matões do Norte,0.0
5033,2106672,Milagres do Maranhão,Maranhão,2015,8663,Milagres do Maranhão,0.0
5034,2106755,Miranda do Norte,Maranhão,2015,25083,Miranda do Norte,0.0
5035,2106805,Mirinzal,Maranhão,2015,14461,Mirinzal,0.0
5036,2106904,Monção,Maranhão,2015,30785,Monção,0.0
5037,2107001,Montes Altos,Maranhão,2015,9520,Montes Altos,0.0
5038,2107100,Morros,Maranhão,2015,18587,Morros,0.0
5039,2107357,Nova Olinda do Maranhão,Maranhão,2015,17905,Nova Olinda do Maranhão,3.0
5040,2107407,Olho D'água das Cunhãs,Maranhão,2015,18835,Olho d'Água das Cunhãs,0.0
5041,2107456,Olinda Nova do Maranhão,Maranhão,2015,13670,Olinda Nova do Maranhão,0.0
5042,2107506,Paço do Lumiar,Maranhão,2015,119299,Paço do Lumiar,0.0
5043,2107605,Palmeirândia,Maranhão,2015,19971,Palmeirândia,0.0
5044,2107704,Paraibano,Maranhão,2015,19855,Paraibano,1.0
5045,2107803,Parnarama,Maranhão,2015,33583,Parnarama,1.0
5046,2108009,Pastos Bons,Maranhão,2015,18791,Pastos Bons,0.0
5047,2108108,Paulo Ramos,Maranhão,2015,20943,Paulo Ramos,0.0
5048,2108207,Pedreiras,Maranhão,2015,39638,Pedreiras,0.0
5049,2108256,Pedro do Rosário,Maranhão,2015,24035,Pedro do Rosário,22.0
5050,2108306,Penalva,Maranhão,2015,35364,Penalva,0.0
5051,2108405,Peri Mirim,Maranhão,2015,13313,Peri Mirim,0.0
5052,2108454,Peritoró,Maranhão,2015,21628,Peritoró,1.0
5053,2108504,Pindaré-Mirim,Maranhão,2015,32370,Pindaré-Mirim,0.0
5054,2108603,Pinheiro,Maranhão,2015,82298,Pinheiro,0.0
5055,2108702,Pio Xii,Maranhão,2015,22718,Pio XII,0.0
5056,2108801,Pirapemas,Maranhão,2015,18280,Pirapemas,0.0
5057,2108900,Poção de Pedras,Maranhão,2015,19593,Poção de Pedras,1.0
5058,2109007,Porto Franco,Maranhão,2015,22663,Porto Franco,0.0
5059,2109056,Porto Rico do Maranhão,Maranhão,2015,6172,Porto Rico do Maranhão,0.0
5060,2109106,Presidente Dutra,Maranhão,2015,45919,Presidente Dutra,0.0
5061,2109205,Presidente Juscelino,Maranhão,2015,11813,Presidente Juscelino,0.0
5062,2109239,Presidente Médici,Maranhão,2015,5984,Presidente Médici,0.0
5063,2109270,Presidente Sarney,Maranhão,2015,17760,Presidente Sarney,0.0
5064,2109304,Presidente Vargas,Maranhão,2015,11072,Presidente Vargas,0.0
5065,2109403,Primeira Cruz,Maranhão,2015,14295,Primeira Cruz,0.0
5066,2109452,Raposa,Maranhão,2015,28399,Raposa,0.0
5067,2109551,Ribamar Fiquene,Maranhão,2015,7545,Ribamar Fiquene,0.0
5068,2109601,Rosário,Maranhão,2015,40567,Rosário,0.0
5069,2109759,Santa Filomena do Maranhão,Maranhão,2015,7196,Santa Filomena do Maranhão,0.0
5070,2109809,Santa Helena,Maranhão,2015,40667,Santa Helena,3.0
5071,2109908,Santa Inês,Maranhão,2015,86417,Santa Inês,0.0
5072,2110005,Santa Luzia,Maranhão,2015,67894,Santa Luzia,0.0
5073,2110039,Santa Luzia do Paruá,Maranhão,2015,24616,Santa Luzia do Paruá,1.0
5074,2110104,Santa Quitéria do Maranhão,Maranhão,2015,24736,Santa Quitéria do Maranhão,1.0
5075,2110203,Santa Rita,Maranhão,2015,35251,Santa Rita,0.0
5076,2110278,Santo Amaro do Maranhão,Maranhão,2015,14302,Santo Amaro do Maranhão,0.0
5077,2110302,Santo Antônio dos Lopes,Maranhão,2015,14631,Santo Antônio dos Lopes,0.0
5078,2110401,São Benedito do Rio Preto,Maranhão,2015,18691,São Benedito do Rio Preto,0.0
5079,2110500,São Bento,Maranhão,2015,43294,São Bento,0.0
5080,2110708,São domingos do Maranhão,Maranhão,2015,34645,São Domingos do Maranhão,0.0
5081,2110807,São Félix de Balsas,Maranhão,2015,4722,São Félix de Balsas,0.0
5082,2110906,São Francisco do Maranhão,Maranhão,2015,12167,São Francisco do Maranhão,0.0
5083,2111003,São João Batista,Maranhão,2015,20080,São João Batista,0.0
5084,2111029,São João do Carú,Maranhão,2015,14999,São João do Carú,0.0
5085,2111052,São João do Paraíso,Maranhão,2015,10802,São João do Paraíso,0.0
5086,2111078,São João do Soter,Maranhão,2015,17717,São João do Soter,1.0
5087,2111102,São João dos Patos,Maranhão,2015,25511,São João dos Patos,0.0
5088,2111201,São José de Ribamar,Maranhão,2015,189207,São José de Ribamar,0.0
5089,2111250,São José dos Basílios,Maranhão,2015,7473,São José dos Basílios,0.0
5090,2111300,São Luís,Maranhão,2015,1057111,São Luís,0.0
5091,2111409,São Luís Gonzaga do Maranhão,Maranhão,2015,19700,São Luís Gonzaga do Maranhão,0.0
5092,2111508,São Mateus do Maranhão,Maranhão,2015,40240,São Mateus do Maranhão,0.0
5093,2111532,São Pedro da Água Branca,Maranhão,2015,13096,São Pedro da Água Branca,0.0
5094,2111607,São Raimundo das Mangabeiras,Maranhão,2015,18288,São Raimundo das Mangabeiras,0.0
5095,2111631,São Raimundo do doca Bezerra,Maranhão,2015,6101,São Raimundo do Doca Bezerra,0.0
5096,2111672,São Roberto,Maranhão,2015,5663,São Roberto,2.0
5097,2111706,São Vicente Ferrer,Maranhão,2015,20922,São Vicente Ferrer,0.0
5098,2111722,Satubinha,Maranhão,2015,11275,Satubinha,0.0
5099,2111748,Senador Alexandre Costa,Maranhão,2015,10445,Senador Alexandre Costa,0.0
5100,2111763,Senador La Rocque,Maranhão,2015,14923,Senador La Rocque,0.0
5101,2111789,Serrano do Maranhão,Maranhão,2015,10066,Serrano do Maranhão,0.0
5102,2111904,Sucupira do Norte,Maranhão,2015,10640,Sucupira do Norte,0.0
5103,2112100,Timbiras,Maranhão,2015,28357,Timbiras,0.0
5104,2112209,Timon,Maranhão,2015,165175,Timon,0.0
5105,2112233,Trizidela do Vale,Maranhão,2015,21623,Trizidela do Vale,0.0
5106,2112274,Tufilândia,Maranhão,2015,5794,Tufilândia,0.0
5107,2112308,Tuntum,Maranhão,2015,39446,Tuntum,0.0
5108,2112407,Turiaçu,Maranhão,2015,36509,Turiaçu,7.0
5109,2112456,Turilândia,Maranhão,2015,26253,Turilândia,9.0
5110,2112506,Tutóia,Maranhão,2015,54532,Tutóia,0.0
5111,2112605,Urbano Santos,Maranhão,2015,31726,Urbano Santos,0.0
5112,2112704,Vargem Grande,Maranhão,2015,49027,Vargem Grande,0.0
5113,2112803,Viana,Maranhão,2015,51296,Viana,0.0
5114,2112852,Vila Nova dos Martírios,Maranhão,2015,11232,Vila Nova dos Martírios,0.0
5115,2112902,Vitória do Mearim,Maranhão,2015,32082,Vitória do Mearim,0.0
5116,2113009,Vitorino Freire,Maranhão,2015,31735,Vitorino Freire,0.0
5117,2114007,Zé doca,Maranhão,2015,47496,Zé Doca,0.0
5118,5100102,Acorizal,Mato Grosso,2015,5287,Acorizal,0.0
5119,5100201,Água Boa,Mato Grosso,2015,24327,Água Boa,0.0
5120,5100250,Alta Floresta,Mato Grosso,2015,54253,Alta Floresta,4.0
5121,5100300,Alto Araguaia,Mato Grosso,2015,16537,Alto Araguaia,0.0
5122,5100359,Alto Boa Vista,Mato Grosso,2015,5493,Alto Boa Vista,0.0
5123,5100607,Alto Taquari,Mato Grosso,2015,9285,Alto Taquari,1.0
5124,5100805,Apiacás,Mato Grosso,2015,8736,Apiacás,1.0
5125,5101001,Araguaiana,Mato Grosso,2015,3469,Araguaiana,0.0
5126,5101258,Araputanga,Mato Grosso,2015,15168,Araputanga,0.0
5127,5101308,Arenápolis,Mato Grosso,2015,10510,Arenápolis,0.0
5128,5101407,Aripuanã,Mato Grosso,2015,21491,Aripuanã,8.0
5129,5101704,Barra do Bugres,Mato Grosso,2015,31003,Barra do Bugres,0.0
5130,5101803,Barra do Garças,Mato Grosso,2015,62441,Barra do Garças,0.0
5131,5101852,Bom Jesus do Araguaia,Mato Grosso,2015,6144,Bom Jesus do Araguaia,0.0
5132,5101902,Brasnorte,Mato Grosso,2015,16137,Brasnorte,0.0
5133,5102504,Cáceres,Mato Grosso,2015,90469,Cáceres,0.0
5134,5102603,Campinápolis,Mato Grosso,2015,15007,Campinápolis,0.0
5135,5102637,Campo Novo do Parecis,Mato Grosso,2015,34481,Campo Novo do Parecis,0.0
5136,5102678,Campo Verde,Mato Grosso,2015,37007,Campo Verde,0.0
5137,5102686,Campos de Júlio,Mato Grosso,2015,6467,Campos de Júlio,0.0
5138,5102694,Canabrava do Norte,Mato Grosso,2015,4673,Canabrava do Norte,0.0
5139,5102702,Canarana,Mato Grosso,2015,21656,Canarana,0.0
5140,5102793,Carlinda,Mato Grosso,2015,10873,Carlinda,0.0
5141,5102850,Castanheira,Mato Grosso,2015,8090,Castanheira,0.0
5142,5103007,Chapada dos Guimarães,Mato Grosso,2015,18690,Chapada dos Guimarães,0.0
5143,5103056,Cláudia,Mato Grosso,2015,10545,Cláudia,0.0
5144,5103106,Cocalinho,Mato Grosso,2015,5879,Cocalinho,2.0
5145,5103205,Colíder,Mato Grosso,2015,31830,Colíder,0.0
5146,5103254,Colniza,Mato Grosso,2015,27022,Colniza,1042.0
5147,5103304,Comodoro,Mato Grosso,2015,18390,Comodoro,0.0
5148,5103353,Confresa,Mato Grosso,2015,29452,Confresa,0.0
5149,5103361,Conquista D'oeste,Mato Grosso,2015,3537,Conquista D'Oeste,0.0
5150,5103379,Cotriguaçu,Mato Grosso,2015,13236,Cotriguaçu,0.0
5151,5103403,Cuiabá,Mato Grosso,2015,607924,Cuiabá,4.0
5152,5103502,Diamantino,Mato Grosso,2015,21204,Diamantino,0.0
5153,5103601,dom Aquino,Mato Grosso,2015,8102,Dom Aquino,1.0
5154,5103700,Feliz Natal,Mato Grosso,2015,10944,Feliz Natal,0.0
5155,5103858,Gaúcha do Norte,Mato Grosso,2015,7275,Gaúcha do Norte,1.0
5156,5103908,General Carneiro,Mato Grosso,2015,5648,General Carneiro,0.0
5157,5103957,Glória D'oeste,Mato Grosso,2015,3050,Glória D'Oeste,0.0
5158,5104104,Guarantã do Norte,Mato Grosso,2015,32521,Guarantã do Norte,5.0
5159,5104203,Guiratinga,Mato Grosso,2015,12579,Guiratinga,1.0
5160,5104526,Ipiranga do Norte,Mato Grosso,2015,6182,Ipiranga do Norte,0.0
5161,5104542,Itanhangá,Mato Grosso,2015,6239,Itanhangá,0.0
5162,5104559,Itaúba,Mato Grosso,2015,4840,Itaúba,2.0
5163,5104609,Itiquira,Mato Grosso,2015,11918,Itiquira,0.0
5164,5104807,Jaciara,Mato Grosso,2015,27434,Jaciara,0.0
5165,5105002,Jauru,Mato Grosso,2015,9518,Jauru,0.0
5166,5105101,Juara,Mato Grosso,2015,34594,Juara,0.0
5167,5105150,Juína,Mato Grosso,2015,43082,Juína,4.0
5168,5105176,Juruena,Mato Grosso,2015,10984,Juruena,2.0
5169,5105200,Juscimeira,Mato Grosso,2015,11560,Juscimeira,0.0
5170,5105234,Lambari D'oeste,Mato Grosso,2015,5131,Lambari D'Oeste,0.0
5171,5105259,Lucas do Rio Verde,Mato Grosso,2015,59756,Lucas do Rio Verde,0.0
5172,5105507,Vila Bela da Santíssima Trindade,Mato Grosso,2015,15669,Vila Bela da Santíssima Trindade,0.0
5173,5105580,Marcelândia,Mato Grosso,2015,11987,Marcelândia,0.0
5174,5105606,Matupá,Mato Grosso,2015,16597,Matupá,2.0
5175,5105622,Mirassol D'oeste,Mato Grosso,2015,26423,Mirassol d'Oeste,1.0
5176,5105903,Nobres,Mato Grosso,2015,15348,Nobres,0.0
5177,5106109,Nossa Senhora do Livramento,Mato Grosso,2015,11612,Nossa Senhora do Livramento,0.0
5178,5106158,Nova Bandeirantes,Mato Grosso,2015,12672,Nova Bandeirantes,94.0
5179,5106174,Nova Nazaré,Mato Grosso,2015,3501,Nova Nazaré,0.0
5180,5106182,Nova Lacerda,Mato Grosso,2015,6069,Nova Lacerda,0.0
5181,5106190,Nova Santa Helena,Mato Grosso,2015,3806,Nova Santa Helena,0.0
5182,5106208,Nova Brasilândia,Mato Grosso,2015,4315,Nova Brasilândia,0.0
5183,5106216,Nova Canaã do Norte,Mato Grosso,2015,12099,Nova Canaã do Norte,0.0
5184,5106224,Nova Mutum,Mato Grosso,2015,40766,Nova Mutum,0.0
5185,5106232,Nova Olímpia,Mato Grosso,2015,17143,Nova Olímpia,0.0
5186,5106240,Nova Ubiratã,Mato Grosso,2015,10234,Nova Ubiratã,0.0
5187,5106257,Nova Xavantina,Mato Grosso,2015,21795,Nova Xavantina,0.0
5188,5106265,Novo Mundo,Mato Grosso,2015,7018,Novo Mundo,2.0
5189,5106273,Novo Horizonte do Norte,Mato Grosso,2015,3623,Novo Horizonte do Norte,0.0
5190,5106299,Paranaíta,Mato Grosso,2015,11298,Paranaíta,1.0
5191,5106307,Paranatinga,Mato Grosso,2015,22295,Paranatinga,0.0
5192,5106372,Pedra Preta,Mato Grosso,2015,16830,Pedra Preta,0.0
5193,5106422,Peixoto de Azevedo,Mato Grosso,2015,32536,Peixoto de Azevedo,1.0
5194,5106505,Poconé,Mato Grosso,2015,31801,Poconé,1.0
5195,5106653,Pontal do Araguaia,Mato Grosso,2015,6060,Pontal do Araguaia,0.0
5196,5106752,Pontes E Lacerda,Mato Grosso,2015,46394,Pontes e Lacerda,1.0
5197,5106778,Porto Alegre do Norte,Mato Grosso,2015,11444,Porto Alegre do Norte,0.0
5198,5106802,Porto dos Gaúchos,Mato Grosso,2015,5613,Porto dos Gaúchos,0.0
5199,5106828,Porto Esperidião,Mato Grosso,2015,10710,Porto Esperidião,0.0
5200,5106851,Porto Estrela,Mato Grosso,2015,3463,Porto Estrela,0.0
5201,5107008,Poxoréu,Mato Grosso,2015,19979,Poxoréo,0.0
5202,5107040,Primavera do Leste,Mato Grosso,2015,64466,Primavera do Leste,0.0
5203,5107065,Querência,Mato Grosso,2015,17537,Querência,0.0
5204,5107156,Reserva do Cabaçal,Mato Grosso,2015,2341,Reserva do Cabaçal,0.0
5205,5107180,Ribeirão Cascalheira,Mato Grosso,2015,9504,Ribeirão Cascalheira,0.0
5206,5107198,Ribeirãozinho,Mato Grosso,2015,2373,Ribeirãozinho,0.0
5207,5107206,Rio Branco,Mato Grosso,2015,4803,Rio Branco,0.0
5208,5107248,Santa Carmem,Mato Grosso,2015,4670,Santa Carmem,0.0
5209,5107263,Santo Afonso,Mato Grosso,2015,2772,Santo Afonso,0.0
5210,5107297,São José do Povo,Mato Grosso,2015,3236,São José do Povo,0.0
5211,5107305,São José do Rio Claro,Mato Grosso,2015,16110,São José do Rio Claro,1.0
5212,5107354,São José do Xingu,Mato Grosso,2015,5581,São José do Xingu,1.0
5213,5107578,Rondolândia,Mato Grosso,2015,3653,Rondolândia,8.0
5214,5107602,Rondonópolis,Mato Grosso,2015,220097,Rondonópolis,0.0
5215,5107701,Rosário Oeste,Mato Grosso,2015,16665,Rosário Oeste,0.0
5216,5107743,Santa Cruz do Xingu,Mato Grosso,2015,2194,Santa Cruz do Xingu,0.0
5217,5107750,Salto do Céu,Mato Grosso,2015,3817,Salto do Céu,0.0
5218,5107776,Santa Terezinha,Mato Grosso,2015,7531,Santa Terezinha,0.0
5219,5107792,Santo Antônio do Leste,Mato Grosso,2015,3851,Santo Antônio do Leste,0.0
5220,5107800,Santo Antônio do Leverger,Mato Grosso,2015,16421,Santo Antônio do Leverger,0.0
5221,5107859,São Félix do Araguaia,Mato Grosso,2015,11935,São Félix do Araguaia,1.0
5222,5107875,Sapezal,Mato Grosso,2015,22296,Sapezal,1.0
5223,5107883,Serra Nova dourada,Mato Grosso,2015,1550,Serra Nova Dourada,0.0
5224,5107909,Sinop,Mato Grosso,2015,145232,Sinop,2.0
5225,5107925,Sorriso,Mato Grosso,2015,83328,Sorriso,0.0
5226,5107941,Tabaporã,Mato Grosso,2015,10006,Tabaporã,0.0
5227,5107958,Tangará da Serra,Mato Grosso,2015,94594,Tangará da Serra,0.0
5228,5108006,Tapurah,Mato Grosso,2015,11951,Tapurah,0.0
5229,5108055,Terra Nova do Norte,Mato Grosso,2015,11027,Terra Nova do Norte,1.0
5230,5108105,Tesouro,Mato Grosso,2015,3278,Tesouro,0.0
5231,5108204,Torixoréu,Mato Grosso,2015,4145,Torixoréu,0.0
5232,5108303,União do Sul,Mato Grosso,2015,3834,União do Sul,0.0
5233,5108352,Vale de São domingos,Mato Grosso,2015,3008,Vale de São Domingos,0.0
5234,5108402,Várzea Grande,Mato Grosso,2015,278157,Várzea Grande,0.0
5235,5108600,Vila Rica,Mato Grosso,2015,20936,Vila Rica,0.0
5236,5108808,Nova Guarita,Mato Grosso,2015,4833,Nova Guarita,3.0
5237,5108857,Nova Marilândia,Mato Grosso,2015,3218,Nova Marilândia,0.0
5238,5108907,Nova Maringá,Mato Grosso,2015,6260,Nova Maringá,0.0
5239,5108956,Nova Monte Verde,Mato Grosso,2015,8334,Nova Monte Verde,0.0
5240,1100015,Alta Floresta D'oeste,Rondônia,2016,24396,Alta Floresta D'Oeste,6.0
5241,1100023,Ariquemes,Rondônia,2016,100316,Ariquemes,98.0
5242,1100031,Cabixi,Rondônia,2016,6235,Cabixi,3.0
5243,1100049,Cacoal,Rondônia,2016,88323,Cacoal,1.0
5244,1100056,Cerejeiras,Rondônia,2016,17374,Cerejeiras,1.0
5245,1100064,Colorado do Oeste,Rondônia,2016,18270,Colorado do Oeste,0.0
5246,1100072,Corumbiara,Rondônia,2016,8635,Corumbiara,0.0
5247,1100080,Costa Marques,Rondônia,2016,14136,Costa Marques,94.0
5248,1100098,Espigão D'oeste,Rondônia,2016,31303,Espigão D'Oeste,0.0
5249,1100106,Guajará-Mirim,Rondônia,2016,43644,Guajará-Mirim,285.0
5250,1100114,Jaru,Rondônia,2016,54918,Jaru,6.0
5251,1100122,Ji-Paraná,Rondônia,2016,129346,Ji-Paraná,4.0
5252,1100130,Machadinho D'oeste,Rondônia,2016,33431,Machadinho D'Oeste,1214.0
5253,1100148,Nova Brasilândia D'oeste,Rondônia,2016,18899,Nova Brasilândia D'Oeste,3.0
5254,1100155,Ouro Preto do Oeste,Rondônia,2016,39431,Ouro Preto do Oeste,15.0
5255,1100189,Pimenta Bueno,Rondônia,2016,36905,Pimenta Bueno,3.0
5256,1100205,Porto Velho,Rondônia,2016,477040,Porto Velho,2887.0
5257,1100254,Presidente Médici,Rondônia,2016,22121,Presidente Médici,0.0
5258,1100262,Rio Crespo,Rondônia,2016,3591,Rio Crespo,70.0
5259,1100288,Rolim de Moura,Rondônia,2016,56691,Rolim de Moura,4.0
5260,1100296,Santa Luzia D'oeste,Rondônia,2016,8664,Santa Luzia D'Oeste,0.0
5261,1100304,Vilhena,Rondônia,2016,90649,Vilhena,0.0
5262,1100320,São Miguel do Guaporé,Rondônia,2016,22057,São Miguel do Guaporé,2.0
5263,1100338,Nova Mamoré,Rondônia,2016,25468,Nova Mamoré,145.0
5264,1100346,Alvorada D'oeste,Rondônia,2016,15964,Alvorada D'Oeste,23.0
5265,1100379,Alto Alegre dos Parecis,Rondônia,2016,12927,Alto Alegre dos Parecis,1.0
5266,1100403,Alto Paraíso,Rondônia,2016,17712,Alto Paraíso,213.0
5267,1100452,Buritis,Rondônia,2016,32810,Buritis,82.0
5268,1100502,Novo Horizonte do Oeste,Rondônia,2016,9519,Novo Horizonte do Oeste,0.0
5269,1100601,Cacaulândia,Rondônia,2016,5218,Cacaulândia,10.0
5270,1100700,Campo Novo de Rondônia,Rondônia,2016,11412,Campo Novo de Rondônia,6.0
5271,1100809,Candeias do Jamari,Rondônia,2016,22121,Candeias do Jamari,991.0
5272,1100908,Castanheiras,Rondônia,2016,3594,Castanheiras,0.0
5273,1100924,Chupinguaia,Rondônia,2016,9278,Chupinguaia,0.0
5274,1100940,Cujubim,Rondônia,2016,16312,Cujubim,299.0
5275,1101005,Governador Jorge Teixeira,Rondônia,2016,9816,Governador Jorge Teixeira,2.0
5276,1101104,Itapuã do Oeste,Rondônia,2016,9073,Itapuã do Oeste,225.0
5277,1101203,Ministro Andreazza,Rondônia,2016,8923,Ministro Andreazza,0.0
5278,1101302,Mirante da Serra,Rondônia,2016,11246,Mirante da Serra,2.0
5279,1101401,Monte Negro,Rondônia,2016,13695,Monte Negro,67.0
5280,1101435,Nova União,Rondônia,2016,7303,Nova União,0.0
5281,1101450,Parecis,Rondônia,2016,4779,Parecis,0.0
5282,1101468,Pimenteiras do Oeste,Rondônia,2016,2364,Pimenteiras do Oeste,0.0
5283,1101476,Primavera de Rondônia,Rondônia,2016,3472,Primavera de Rondônia,0.0
5284,1101484,São Felipe D'oeste,Rondônia,2016,6014,São Felipe D'Oeste,0.0
5285,1101492,São Francisco do Guaporé,Rondônia,2016,17162,São Francisco do Guaporé,10.0
5286,1101500,Seringueiras,Rondônia,2016,13055,Seringueiras,2.0
5287,1101559,Teixeirópolis,Rondônia,2016,4848,Teixeirópolis,1.0
5288,1101609,Theobroma,Rondônia,2016,9961,Theobroma,2.0
5289,1101708,Urupá,Rondônia,2016,12643,Urupá,2.0
5290,1101757,Vale do Anari,Rondônia,2016,9178,Vale do Anari,36.0
5291,1101807,Vale do Paraíso,Rondônia,2016,7842,Vale do Paraíso,1.0
5292,1200013,Acrelândia,Acre,2016,13916,Acrelândia,27.0
5293,1200054,Assis Brasil,Acre,2016,7307,Assis Brasil,2.0
5294,1200104,Brasiléia,Acre,2016,24801,Brasiléia,0.0
5295,1200138,Bujari,Acre,2016,10816,Bujari,48.0
5296,1200179,Capixaba,Acre,2016,10064,Capixaba,7.0
5297,1200203,Cruzeiro do Sul,Acre,2016,91507,Cruzeiro do Sul,19031.0
5298,1200252,Epitaciolândia,Acre,2016,17571,Epitaciolândia,0.0
5299,1200302,Feijó,Acre,2016,36730,Feijó,4.0
5300,1200328,Jordão,Acre,2016,8202,Jordão,9.0
5301,1200336,Mâncio Lima,Acre,2016,18160,Mâncio Lima,7685.0
5302,1200344,Manoel Urbano,Acre,2016,10190,Manoel Urbano,0.0
5303,1200351,Marechal Thaumaturgo,Acre,2016,16743,Marechal Thaumaturgo,64.0
5304,1200385,Plácido de Castro,Acre,2016,18001,Plácido de Castro,27.0
5305,1200393,Porto Walter,Acre,2016,10671,Porto Walter,315.0
5306,1200401,Rio Branco,Acre,2016,378129,Rio Branco,130.0
5307,1200427,Rodrigues Alves,Acre,2016,15774,Rodrigues Alves,5995.0
5308,1200435,Santa Rosa do Purus,Acre,2016,5774,Santa Rosa do Purus,1.0
5309,1200450,Senador Guiomard,Acre,2016,22081,Senador Guiomard,205.0
5310,1200500,Sena Madureira,Acre,2016,42840,Sena Madureira,2.0
5311,1200609,Tarauacá,Acre,2016,42419,Tarauacá,819.0
5312,1200708,Xapuri,Acre,2016,18013,Xapuri,0.0
5313,1200807,Porto Acre,Acre,2016,16585,Porto Acre,17.0
5314,1300029,Alvarães,Amazonas,2016,15727,Alvarães,522.0
5315,1300060,Amaturá,Amazonas,2016,10453,Amaturá,0.0
5316,1300086,Anamã,Amazonas,2016,10490,Anamã,7.0
5317,1300102,Anori,Amazonas,2016,17539,Anori,2.0
5318,1300144,Apuí,Amazonas,2016,19982,Apuí,37.0
5319,1300201,Atalaia do Norte,Amazonas,2016,15825,Atalaia do Norte,2294.0
5320,1300300,Autazes,Amazonas,2016,38239,Autazes,63.0
5321,1300409,Barcelos,Amazonas,2016,22353,Barcelos,3952.0
5322,1300508,Barreirinha,Amazonas,2016,31047,Barreirinha,1.0
5323,1300607,Benjamin Constant,Amazonas,2016,37620,Benjamin Constant,298.0
5324,1300631,Beruri,Amazonas,2016,18601,Beruri,9.0
5325,1300680,Boa Vista do Ramos,Amazonas,2016,19350,Boa Vista do Ramos,3.0
5326,1300706,Boca do Acre,Amazonas,2016,34803,Boca do Acre,124.0
5327,1300805,Borba,Amazonas,2016,36122,Borba,59.0
5328,1300839,Caapiranga,Amazonas,2016,12708,Caapiranga,4.0
5329,1300904,Canutama,Amazonas,2016,15812,Canutama,575.0
5330,1301001,Carauari,Amazonas,2016,28899,Carauari,536.0
5331,1301100,Careiro,Amazonas,2016,33505,Careiro,287.0
5332,1301159,Careiro da Várzea,Amazonas,2016,22510,Careiro da Várzea,154.0
5333,1301209,Coari,Amazonas,2016,77405,Coari,1511.0
5334,1301308,Codajás,Amazonas,2016,24177,Codajás,2.0
5335,1301407,Eirunepé,Amazonas,2016,34042,Eirunepé,567.0
5336,1301506,Envira,Amazonas,2016,17529,Envira,66.0
5337,1301605,Fonte Boa,Amazonas,2016,25775,Fonte Boa,175.0
5338,1301654,Guajará,Amazonas,2016,14655,Guajará,2064.0
5339,1301704,Humaitá,Amazonas,2016,52364,Humaitá,1174.0
5340,1301803,Ipixuna,Amazonas,2016,24465,Ipixuna,1277.0
5341,1301852,Iranduba,Amazonas,2016,51847,Iranduba,350.0
5342,1301902,Itacoatiara,Amazonas,2016,100419,Itacoatiara,257.0
5343,1301951,Itamarati,Amazonas,2016,9692,Itamarati,582.0
5344,1302009,Itapiranga,Amazonas,2016,9481,Itapiranga,3.0
5345,1302108,Japurá,Amazonas,2016,8269,Japurá,757.0
5346,1302207,Juruá,Amazonas,2016,11365,Juruá,38.0
5347,1302306,Jutaí,Amazonas,2016,22519,Jutaí,583.0
5348,1302405,Lábrea,Amazonas,2016,43286,Lábrea,1697.0
5349,1302504,Manacapuru,Amazonas,2016,98089,Manacapuru,184.0
5350,1302553,Manaquiri,Amazonas,2016,20556,Manaquiri,5.0
5351,1302603,Manaus,Amazonas,2016,2056565,Manaus,8495.0
5352,1302702,Manicoré,Amazonas,2016,52339,Manicoré,393.0
5353,1302801,Maraã,Amazonas,2016,17124,Maraã,472.0
5354,1302900,Maués,Amazonas,2016,59269,Maués,400.0
5355,1303007,Nhamundá,Amazonas,2016,19865,Nhamundá,0.0
5356,1303106,Nova Olinda do Norte,Amazonas,2016,30245,Nova Olinda do Norte,5.0
5357,1303205,Novo Airão,Amazonas,2016,15886,Novo Airão,34.0
5358,1303304,Novo Aripuanã,Amazonas,2016,23360,Novo Aripuanã,46.0
5359,1303403,Parintins,Amazonas,2016,105881,Parintins,2.0
5360,1303502,Pauini,Amazonas,2016,19694,Pauini,276.0
5361,1303536,Presidente Figueiredo,Amazonas,2016,30396,Presidente Figueiredo,1668.0
5362,1303569,Rio Preto da Eva,Amazonas,2016,26249,Rio Preto da Eva,648.0
5363,1303601,Santa Isabel do Rio Negro,Amazonas,2016,16828,Santa Isabel do Rio Negro,3254.0
5364,1303700,Santo Antônio do Içá,Amazonas,2016,27404,Santo Antônio do Içá,481.0
5365,1303809,São Gabriel da Cachoeira,Amazonas,2016,45546,São Gabriel da Cachoeira,10579.0
5366,1303908,São Paulo de Olivença,Amazonas,2016,33626,São Paulo de Olivença,438.0
5367,1303957,São Sebastião do Uatumã,Amazonas,2016,11705,São Sebastião do Uatumã,7.0
5368,1304005,Silves,Amazonas,2016,10271,Silves,1.0
5369,1304062,Tabatinga,Amazonas,2016,61680,Tabatinga,620.0
5370,1304104,Tapauá,Amazonas,2016,19642,Tapauá,494.0
5371,1304203,Tefé,Amazonas,2016,70442,Tefé,990.0
5372,1304237,Tonantins,Amazonas,2016,18754,Tonantins,22.0
5373,1304260,Uarini,Amazonas,2016,13752,Uarini,416.0
5374,1304302,Urucará,Amazonas,2016,18745,Urucará,19.0
5375,1304401,Urucurituba,Amazonas,2016,21778,Urucurituba,0.0
5376,1400027,Amajari,Roraima,2016,11557,Amajari,1069.0
5377,1400050,Alto Alegre,Roraima,2016,18719,Alto Alegre,1246.0
5378,1400100,Boa Vista,Roraima,2016,353808,Boa Vista,50.0
5379,1400159,Bonfim,Roraima,2016,12563,Bonfim,39.0
5380,1400175,Cantá,Roraima,2016,16280,Cantá,214.0
5381,1400209,Caracaraí,Roraima,2016,19799,Caracaraí,398.0
5382,1400233,Caroebe,Roraima,2016,9444,Caroebe,261.0
5383,1400282,Iracema,Roraima,2016,9416,Iracema,204.0
5384,1400308,Mucajaí,Roraima,2016,16517,Mucajaí,650.0
5385,1400407,Normandia,Roraima,2016,11379,Normandia,5.0
5386,1400456,Pacaraima,Roraima,2016,14349,Pacaraima,184.0
5387,1400472,Rorainópolis,Roraima,2016,28674,Rorainópolis,790.0
5388,1400506,São João da Baliza,Roraima,2016,7856,São João da Baliza,482.0
5389,1400605,São Luiz,Roraima,2016,7031,São Luiz,66.0
5390,1400704,Uiramutã,Roraima,2016,10841,Uiramutã,71.0
5391,1500107,Abaetetuba,Pará,2016,156320,Abaetetuba,1.0
5392,1500131,Abel Figueiredo,Pará,2016,6789,Abel Figueiredo,1.0
5393,1500206,Acará,Pará,2016,58914,Acará,2.0
5394,1500305,Afuá,Pará,2016,38170,Afuá,512.0
5395,1500347,Água Azul do Norte,Pará,2016,22238,Água Azul do Norte,0.0
5396,1500404,Alenquer,Pará,2016,62334,Alenquer,99.0
5397,1500503,Almeirim,Pará,2016,35645,Almeirim,713.0
5398,1500602,Altamira,Pará,2016,115934,Altamira,21.0
5399,1500701,Anajás,Pará,2016,27599,Anajás,2112.0
5400,1500800,Ananindeua,Pará,2016,498229,Ananindeua,2.0
5401,1500859,Anapu,Pará,2016,26205,Anapu,54.0
5402,1500909,Augusto Corrêa,Pará,2016,45026,Augusto Corrêa,0.0
5403,1500958,Aurora do Pará,Pará,2016,26276,Aurora do Pará,0.0
5404,1501006,Aveiro,Pará,2016,17460,Aveiro,0.0
5405,1501105,Bagre,Pará,2016,28372,Bagre,127.0
5406,1501204,Baião,Pará,2016,46057,Baião,50.0
5407,1501253,Bannach,Pará,2016,3861,Bannach,39.0
5408,1501303,Barcarena,Pará,2016,116749,Barcarena,0.0
5409,1501402,Belém,Pará,2016,1431575,Belém,3.0
5410,1501451,Belterra,Pará,2016,17764,Belterra,0.0
5411,1501501,Benevides,Pará,2016,59141,Benevides,0.0
5412,1501576,Bom Jesus do Tocantins,Pará,2016,17295,Bom Jesus do Tocantins,2.0
5413,1501600,Bonito,Pará,2016,13774,Bonito,0.0
5414,1501709,Bragança,Pará,2016,124349,Bragança,0.0
5415,1501725,Brasil Novo,Pará,2016,19922,Brasil Novo,0.0
5416,1501758,Brejo Grande do Araguaia,Pará,2016,7463,Brejo Grande do Araguaia,0.0
5417,1501782,Breu Branco,Pará,2016,52752,Breu Branco,6.0
5418,1501808,Breves,Pará,2016,103838,Breves,1731.0
5419,1501907,Bujaru,Pará,2016,26119,Bujaru,0.0
5420,1501956,Cachoeira do Piriá,Pará,2016,24078,Cachoeira do Piriá,3.0
5421,1502004,Cachoeira do Arari,Pará,2016,22830,Cachoeira do Arari,0.0
5422,1502103,Cametá,Pará,2016,134122,Cametá,2.0
5423,1502152,Canaã dos Carajás,Pará,2016,44729,Canaã dos Carajás,1.0
5424,1502202,Capanema,Pará,2016,69723,Capanema,0.0
5425,1502301,Capitão Poço,Pará,2016,56509,Capitão Poço,0.0
5426,1502400,Castanhal,Pará,2016,191872,Castanhal,0.0
5427,1502509,Chaves,Pará,2016,21625,Chaves,402.0
5428,1502608,Colares,Pará,2016,12586,Colares,0.0
5429,1502707,Conceição do Araguaia,Pará,2016,47638,Conceição do Araguaia,0.0
5430,1502756,Concórdia do Pará,Pará,2016,29131,Concórdia do Pará,2.0
5431,1502764,Cumaru do Norte,Pará,2016,12347,Cumaru do Norte,28.0
5432,1502772,Curionópolis,Pará,2016,19950,Curionópolis,1.0
5433,1502806,Curralinho,Pará,2016,32857,Curralinho,977.0
5434,1502855,Curuá,Pará,2016,13679,Curuá,0.0
5435,1502905,Curuçá,Pará,2016,39500,Curuçá,0.0
5436,1502939,dom Eliseu,Pará,2016,57441,Dom Eliseu,0.0
5437,1502954,Eldorado do Carajás,Pará,2016,32233,Eldorado do Carajás,0.0
5438,1503002,Faro,Pará,2016,8824,Faro,0.0
5439,1503044,Floresta do Araguaia,Pará,2016,18717,Floresta do Araguaia,0.0
5440,1503077,Garrafão do Norte,Pará,2016,26096,Garrafão do Norte,0.0
5441,1503093,Goianésia do Pará,Pará,2016,32166,Goianésia do Pará,0.0
5442,1503101,Gurupá,Pará,2016,31982,Gurupá,6.0
5443,1503200,Igarapé-Açu,Pará,2016,37651,Igarapé-Açu,1.0
5444,1503309,Igarapé-Miri,Pará,2016,64487,Igarapé-Miri,2.0
5445,1503408,Inhangapi,Pará,2016,10522,Inhangapi,0.0
5446,1503457,Ipixuna do Pará,Pará,2016,39774,Ipixuna do Pará,2.0
5447,1503507,Irituia,Pará,2016,32922,Irituia,0.0
5448,1503606,Itaituba,Pará,2016,113138,Itaituba,1932.0
5449,1503705,Itupiranga,Pará,2016,54404,Itupiranga,6.0
5450,1503754,Jacareacanga,Pará,2016,17690,Jacareacanga,383.0
5451,1503804,Jacundá,Pará,2016,47229,Jacundá,0.0
5452,1503903,Juruti,Pará,2016,51542,Juruti,3.0
5453,1504000,Limoeiro do Ajuru,Pará,2016,28425,Limoeiro do Ajuru,6.0
5454,1504059,Mãe do Rio,Pará,2016,32327,Mãe do Rio,0.0
5455,1504109,Magalhães Barata,Pará,2016,8465,Magalhães Barata,0.0
5456,1504208,Marabá,Pará,2016,267627,Marabá,10.0
5457,1504307,Maracanã,Pará,2016,28719,Maracanã,0.0
5458,1504406,Marapanim,Pará,2016,27891,Marapanim,0.0
5459,1504422,Marituba,Pará,2016,115398,Marituba,2.0
5460,1504455,Medicilândia,Pará,2016,28519,Medicilândia,0.0
5461,1504505,Melgaço,Pará,2016,27342,Melgaço,34.0
5462,1504604,Mocajuba,Pará,2016,28519,Mocajuba,2.0
5463,1504703,Moju,Pará,2016,80297,Moju,0.0
5464,1504752,Mojuí dos Campos,Pará,2016,18695,Mojuí dos Campos,0.0
5465,1504802,Monte Alegre,Pará,2016,60048,Monte Alegre,30.0
5466,1504901,Muaná,Pará,2016,40871,Muaná,38.0
5467,1504950,Nova Esperança do Piriá,Pará,2016,21243,Nova Esperança do Piriá,0.0
5468,1504976,Nova Ipixuna,Pará,2016,15137,Nova Ipixuna,0.0
5469,1505007,Nova Timboteua,Pará,2016,13816,Nova Timboteua,0.0
5470,1505031,Novo Progresso,Pará,2016,29738,Novo Progresso,237.0
5471,1505064,Novo Repartimento,Pará,2016,65830,Novo Repartimento,16.0
5472,1505106,Óbidos,Pará,2016,53189,Óbidos,237.0
5473,1505205,Oeiras do Pará,Pará,2016,32791,Oeiras do Pará,88.0
5474,1505304,Oriximiná,Pará,2016,68199,Oriximiná,27.0
5475,1505403,Ourém,Pará,2016,17727,Ourém,0.0
5476,1505437,Ourilândia do Norte,Pará,2016,31221,Ourilândia do Norte,967.0
5477,1505486,Pacajá,Pará,2016,43320,Pacajá,465.0
5478,1505494,Palestina do Pará,Pará,2016,7583,Palestina do Pará,0.0
5479,1505502,Paragominas,Pará,2016,107179,Paragominas,1.0
5480,1505536,Parauapebas,Pará,2016,210621,Parauapebas,22.0
5481,1505601,Peixe-Boi,Pará,2016,8372,Peixe-Boi,0.0
5482,1505635,Piçarra,Pará,2016,13424,Piçarra,0.0
5483,1505650,Placas,Pará,2016,22112,Placas,0.0
5484,1505700,Ponta de Pedras,Pará,2016,26662,Ponta de Pedras,14.0
5485,1505809,Portel,Pará,2016,59836,Portel,1219.0
5486,1505908,Porto de Moz,Pará,2016,39590,Porto de Moz,2.0
5487,1506005,Prainha,Pará,2016,33658,Prainha,1.0
5488,1506104,Primavera,Pará,2016,10860,Primavera,0.0
5489,1506112,Quatipuru,Pará,2016,12376,Quatipuru,0.0
5490,1506138,Redenção,Pará,2016,84414,Redenção,7.0
5491,1506161,Rio Maria,Pará,2016,18790,Rio Maria,2.0
5492,1506187,Rondon do Pará,Pará,2016,53376,Rondon do Pará,1.0
5493,1506195,Rurópolis,Pará,2016,40190,Rurópolis,8.0
5494,1506203,Salinópolis,Pará,2016,42580,Salinópolis,0.0
5495,1506302,Salvaterra,Pará,2016,22624,Salvaterra,0.0
5496,1506351,Santa Bárbara do Pará,Pará,2016,19504,Santa Bárbara do Pará,0.0
5497,1506401,Santa Cruz do Arari,Pará,2016,8093,Santa Cruz do Arari,1.0
5498,1506500,Santa Izabel do Pará,Pará,2016,67995,Santa Izabel do Pará,1.0
5499,1506559,Santa Luzia do Pará,Pará,2016,20672,Santa Luzia do Pará,0.0
5500,1506583,Santa Maria das Barreiras,Pará,2016,17609,Santa Maria das Barreiras,2.0
5501,1506609,Santa Maria do Pará,Pará,2016,24455,Santa Maria do Pará,1.0
5502,1506708,Santana do Araguaia,Pará,2016,44935,Santana do Araguaia,0.0
5503,1506807,Santarém,Pará,2016,317838,Santarém,6.0
5504,1506906,Santarém Novo,Pará,2016,6371,Santarém Novo,0.0
5505,1507003,Santo Antônio do Tauá,Pará,2016,28339,Santo Antônio do Tauá,0.0
5506,1507102,São Caetano de Odivelas,Pará,2016,17405,São Caetano de Odivelas,0.0
5507,1507151,São domingos do Araguaia,Pará,2016,23454,São Domingos do Araguaia,0.0
5508,1507201,São domingos do Capim,Pará,2016,32334,São Domingos do Capim,1.0
5509,1507300,São Félix do Xingu,Pará,2016,81979,São Félix do Xingu,336.0
5510,1507409,São Francisco do Pará,Pará,2016,15496,São Francisco do Pará,0.0
5511,1507458,São Geraldo do Araguaia,Pará,2016,26291,São Geraldo do Araguaia,2.0
5512,1507466,São João da Ponta,Pará,2016,5038,São João da Ponta,0.0
5513,1507474,São João de Pirabas,Pará,2016,21439,São João de Pirabas,0.0
5514,1507508,São João do Araguaia,Pará,2016,14132,São João do Araguaia,3.0
5515,1507607,São Miguel do Guamá,Pará,2016,54778,São Miguel do Guamá,1.0
5516,1507706,São Sebastião da Boa Vista,Pará,2016,25341,São Sebastião da Boa Vista,1453.0
5517,1507755,Sapucaia,Pará,2016,5623,Sapucaia,0.0
5518,1507805,Senador José Porfírio,Pará,2016,17328,Senador José Porfírio,3.0
5519,1507904,Soure,Pará,2016,24436,Soure,0.0
5520,1507953,Tailândia,Pará,2016,79523,Tailândia,0.0
5521,1507961,Terra Alta,Pará,2016,10676,Terra Alta,0.0
5522,1507979,Terra Santa,Pará,2016,18333,Terra Santa,0.0
5523,1508001,Tomé-Açu,Pará,2016,64178,Tomé-Açu,0.0
5524,1508035,Tracuateua,Pará,2016,29646,Tracuateua,0.0
5525,1508050,Trairão,Pará,2016,16681,Trairão,9.0
5526,1508084,Tucumã,Pará,2016,38295,Tucumã,264.0
5527,1508100,Tucuruí,Pará,2016,101501,Tucuruí,57.0
5528,1508126,Ulianópolis,Pará,2016,43315,Ulianópolis,2.0
5529,1508159,Uruará,Pará,2016,46616,Uruará,1.0
5530,1508209,Vigia,Pará,2016,51491,Vigia,1.0
5531,1508308,Viseu,Pará,2016,61250,Viseu,0.0
5532,1508357,Vitória do Xingu,Pará,2016,14894,Vitória do Xingu,0.0
5533,1508407,Xinguara,Pará,2016,48109,Xinguara,1.0
5534,1600055,Serra do Navio,Amapá,2016,4796,Serra do Navio,895.0
5535,1600105,Amapá,Amapá,2016,8503,Amapá,32.0
5536,1600154,Pedra Branca do Amapari,Amapá,2016,12282,Pedra Branca do Amapari,1607.0
5537,1600204,Calçoene,Amapá,2016,10357,Calçoene,1366.0
5538,1600212,Cutias,Amapá,2016,4915,Cutias,7.0
5539,1600238,Ferreira Gomes,Amapá,2016,6627,Ferreira Gomes,197.0
5540,1600253,Itaubal,Amapá,2016,5074,Itaubal,17.0
5541,1600279,Laranjal do Jari,Amapá,2016,41378,Laranjal do Jari,150.0
5542,1600303,Macapá,Amapá,2016,454591,Macapá,1138.0
5543,1600402,Mazagão,Amapá,2016,20386,Mazagão,2312.0
5544,1600501,Oiapoque,Amapá,2016,25205,Oiapoque,789.0
5545,1600535,Porto Grande,Amapá,2016,18495,Porto Grande,758.0
5546,1600550,Pracuúba,Amapá,2016,4119,Pracuúba,18.0
5547,1600600,Santana,Amapá,2016,113763,Santana,1506.0
5548,1600709,Tartarugalzinho,Amapá,2016,13692,Tartarugalzinho,735.0
5549,1600808,Vitória do Jari,Amapá,2016,12765,Vitória do Jari,96.0
5550,1700251,Abreulândia,Tocantins,2016,2560,Abreulândia,0.0
5551,1700400,Almas,Tocantins,2016,7236,Almas,0.0
5552,1701002,Ananás,Tocantins,2016,10420,Ananás,0.0
5553,1701903,Araguacema,Tocantins,2016,6261,Araguacema,0.0
5554,1702109,Araguaína,Tocantins,2016,166234,Araguaína,0.0
5555,1702208,Araguatins,Tocantins,2016,32957,Araguatins,1.0
5556,1702554,Augustinópolis,Tocantins,2016,17227,Augustinópolis,0.0
5557,1702703,Aurora do Tocantins,Tocantins,2016,3504,Aurora do Tocantins,0.0
5558,1702901,Axixá do Tocantins,Tocantins,2016,9884,Axixá do Tocantins,0.0
5559,1703008,Babaçulândia,Tocantins,2016,9301,Babaçulândia,0.0
5560,1703800,Buriti do Tocantins,Tocantins,2016,10295,Buriti do Tocantins,0.0
5561,1703891,Carrasco Bonito,Tocantins,2016,3622,Carrasco Bonito,0.0
5562,1703909,Caseara,Tocantins,2016,4842,Caseara,0.0
5563,1705607,Conceição do Tocantins,Tocantins,2016,4133,Conceição do Tocantins,0.0
5564,1707405,Esperantina,Tocantins,2016,8799,Esperantina,0.0
5565,1710508,Itacajá,Tocantins,2016,7174,Itacajá,0.0
5566,1710706,Itaguatins,Tocantins,2016,5761,Itaguatins,0.0
5567,1711803,Juarina,Tocantins,2016,2284,Juarina,0.0
5568,1712504,Marianópolis do Tocantins,Tocantins,2016,4620,Marianópolis do Tocantins,1.0
5569,1712801,Maurilândia do Tocantins,Tocantins,2016,3220,Maurilândia do Tocantins,1.0
5570,1713304,Miranorte,Tocantins,2016,13044,Miranorte,0.0
5571,1714203,Natividade,Tocantins,2016,9153,Natividade,0.0
5572,1718204,Porto Nacional,Tocantins,2016,57552,Porto Nacional,0.0
5573,1718303,Praia Norte,Tocantins,2016,8658,Praia Norte,0.0
5574,1718550,Riachinho,Tocantins,2016,4230,Riachinho,0.0
5575,1718808,Sampaio,Tocantins,2016,4161,Sampaio,0.0
5576,1718840,Sandolândia,Tocantins,2016,3621,Sandolândia,1.0
5577,1718865,Santa Fé do Araguaia,Tocantins,2016,7066,Santa Fé do Araguaia,0.0
5578,1719004,Santa Tereza do Tocantins,Tocantins,2016,2687,Santa Tereza do Tocantins,0.0
5579,1720101,São Bento do Tocantins,Tocantins,2016,5283,São Bento do Tocantins,0.0
5580,1720150,São Félix do Tocantins,Tocantins,2016,1651,São Félix do Tocantins,0.0
5581,1720309,São Sebastião do Tocantins,Tocantins,2016,4334,São Sebastião do Tocantins,0.0
5582,1720804,Sítio Novo do Tocantins,Tocantins,2016,10250,Sítio Novo do Tocantins,0.0
5583,1720903,Taguatinga,Tocantins,2016,15011,Taguatinga,0.0
5584,1720937,Taipas do Tocantins,Tocantins,2016,2014,Taipas do Tocantins,0.0
5585,1721000,Palmas,Tocantins,2016,271426,Palmas,0.0
5586,1721208,Tocantinópolis,Tocantins,2016,23323,Tocantinópolis,0.0
5587,1722107,Xambioá,Tocantins,2016,11297,Xambioá,1.0
5588,2100055,Açailândia,Maranhão,2016,108725,Açailândia,0.0
5589,2100154,Água doce do Maranhão,Maranhão,2016,12130,Água Doce do Maranhão,0.0
5590,2100204,Alcântara,Maranhão,2016,20950,Alcântara,0.0
5591,2100303,Aldeias Altas,Maranhão,2016,24472,Aldeias Altas,0.0
5592,2100402,Altamira do Maranhão,Maranhão,2016,7155,Altamira do Maranhão,0.0
5593,2100436,Alto Alegre do Maranhão,Maranhão,2016,25552,Alto Alegre do Maranhão,2.0
5594,2100477,Alto Alegre do Pindaré,Maranhão,2016,29976,Alto Alegre do Pindaré,0.0
5595,2100550,Amapá do Maranhão,Maranhão,2016,6936,Amapá do Maranhão,5.0
5596,2100600,Amarante do Maranhão,Maranhão,2016,38964,Amarante do Maranhão,0.0
5597,2100808,Anapurus,Maranhão,2016,14350,Anapurus,0.0
5598,2100832,Apicum-Açu,Maranhão,2016,16548,Apicum-Açu,0.0
5599,2100873,Araguanã,Maranhão,2016,13246,Araguanã,0.0
5600,2100956,Arame,Maranhão,2016,30105,Arame,0.0
5601,2101004,Arari,Maranhão,2016,29815,Arari,0.0
5602,2101103,Axixá,Maranhão,2016,11977,Axixá,0.0
5603,2101202,Bacabal,Maranhão,2016,104558,Bacabal,4.0
5604,2101251,Bacabeira,Maranhão,2016,16158,Bacabeira,0.0
5605,2101301,Bacuri,Maranhão,2016,17357,Bacuri,0.0
5606,2101400,Balsas,Maranhão,2016,93317,Balsas,1.0
5607,2101608,Barra do Corda,Maranhão,2016,86072,Barra do Corda,0.0
5608,2101707,Barreirinhas,Maranhão,2016,61721,Barreirinhas,0.0
5609,2101731,Belágua,Maranhão,2016,7734,Belágua,0.0
5610,2101772,Bela Vista do Maranhão,Maranhão,2016,11194,Bela Vista do Maranhão,0.0
5611,2101806,Benedito Leite,Maranhão,2016,5548,Benedito Leite,0.0
5612,2101905,Bequimão,Maranhão,2016,20882,Bequimão,0.0
5613,2101939,Bernardo do Mearim,Maranhão,2016,5823,Bernardo do Mearim,0.0
5614,2101970,Boa Vista do Gurupi,Maranhão,2016,7538,Boa Vista do Gurupi,0.0
5615,2102002,Bom Jardim,Maranhão,2016,38040,Bom Jardim,1.0
5616,2102036,Bom Jesus das Selvas,Maranhão,2016,29510,Bom Jesus das Selvas,0.0
5617,2102101,Brejo,Maranhão,2016,35168,Brejo,0.0
5618,2102150,Brejo de Areia,Maranhão,2016,10330,Brejo de Areia,1.0
5619,2102200,Buriti,Maranhão,2016,29093,Buriti,0.0
5620,2102309,Buriti Bravo,Maranhão,2016,23382,Buriti Bravo,0.0
5621,2102325,Buriticupu,Maranhão,2016,63780,Buriticupu,0.0
5622,2102358,Buritirana,Maranhão,2016,14440,Buritirana,0.0
5623,2102374,Cachoeira Grande,Maranhão,2016,9268,Cachoeira Grande,0.0
5624,2102408,Cajapió,Maranhão,2016,10868,Cajapió,0.0
5625,2102507,Cajari,Maranhão,2016,18094,Cajari,0.0
5626,2102556,Campestre do Maranhão,Maranhão,2016,13233,Campestre do Maranhão,0.0
5627,2102606,Cândido Mendes,Maranhão,2016,19801,Cândido Mendes,20.0
5628,2102705,Cantanhede,Maranhão,2016,22439,Cantanhede,0.0
5629,2102754,Capinzal do Norte,Maranhão,2016,11286,Capinzal do Norte,0.0
5630,2102903,Carutapera,Maranhão,2016,23566,Carutapera,0.0
5631,2103000,Caxias,Maranhão,2016,161883,Caxias,0.0
5632,2103109,Cedral,Maranhão,2016,10569,Cedral,0.0
5633,2103125,Central do Maranhão,Maranhão,2016,7788,Central do Maranhão,0.0
5634,2103158,Centro do Guilherme,Maranhão,2016,11910,Centro do Guilherme,0.0
5635,2103174,Centro Novo do Maranhão,Maranhão,2016,18455,Centro Novo do Maranhão,18.0
5636,2103208,Chapadinha,Maranhão,2016,79365,Chapadinha,0.0
5637,2103257,Cidelândia,Maranhão,2016,13734,Cidelândia,0.0
5638,2103307,Codó,Maranhão,2016,121033,Codó,0.0
5639,2103505,Colinas,Maranhão,2016,40927,Colinas,0.0
5640,2103554,Conceição do Lago-Açu,Maranhão,2016,15223,Conceição do Lago-Açu,0.0
5641,2103604,Coroatá,Maranhão,2016,62862,Coroatá,0.0
5642,2103703,Cururupu,Maranhão,2016,33074,Cururupu,0.0
5643,2103752,davinópolis,Maranhão,2016,13614,Davinópolis,0.0
5644,2103802,dom Pedro,Maranhão,2016,23402,Dom Pedro,0.0
5645,2103901,Duque Bacelar,Maranhão,2016,10837,Duque Bacelar,0.0
5646,2104008,Esperantinópolis,Maranhão,2016,18708,Esperantinópolis,11.0
5647,2104057,Estreito,Maranhão,2016,36096,Estreito,0.0
5648,2104099,Formosa da Serra Negra,Maranhão,2016,17902,Formosa da Serra Negra,0.0
5649,2104206,Fortuna,Maranhão,2016,17546,Fortuna,0.0
5650,2104305,Godofredo Viana,Maranhão,2016,10459,Godofredo Viana,0.0
5651,2104404,Gonçalves Dias,Maranhão,2016,17781,Gonçalves Dias,0.0
5652,2104503,Governador Archer,Maranhão,2016,10525,Governador Archer,0.0
5653,2104552,Governador Edison Lobão,Maranhão,2016,17289,Governador Edison Lobão,0.0
5654,2104602,Governador Eugênio Barros,Maranhão,2016,14249,Governador Eugênio Barros,0.0
5655,2104628,Governador Luiz Rocha,Maranhão,2016,7400,Governador Luiz Rocha,0.0
5656,2104651,Governador Newton Bello,Maranhão,2016,10907,Governador Newton Bello,0.0
5657,2104677,Governador Nunes Freire,Maranhão,2016,25403,Governador Nunes Freire,18.0
5658,2104701,Graça Aranha,Maranhão,2016,6216,Graça Aranha,0.0
5659,2104800,Grajaú,Maranhão,2016,68771,Grajaú,1.0
5660,2104909,Guimarães,Maranhão,2016,11602,Guimarães,0.0
5661,2105005,Humberto de Campos,Maranhão,2016,27232,Humberto de Campos,0.0
5662,2105104,Icatu,Maranhão,2016,25980,Icatu,0.0
5663,2105153,Igarapé do Meio,Maranhão,2016,13573,Igarapé do Meio,0.0
5664,2105203,Igarapé Grande,Maranhão,2016,10666,Igarapé Grande,0.0
5665,2105302,Imperatriz,Maranhão,2016,265359,Imperatriz,1.0
5666,2105351,Itaipava do Grajaú,Maranhão,2016,14393,Itaipava do Grajaú,1.0
5667,2105401,Itapecuru Mirim,Maranhão,2016,63692,Itapecuru Mirim,0.0
5668,2105427,Itinga do Maranhão,Maranhão,2016,24566,Itinga do Maranhão,1.0
5669,2105450,Jatobá,Maranhão,2016,8356,Jatobá,0.0
5670,2105476,Jenipapo dos Vieiras,Maranhão,2016,16570,Jenipapo dos Vieiras,0.0
5671,2105500,João Lisboa,Maranhão,2016,24891,João Lisboa,0.0
5672,2105609,Joselândia,Maranhão,2016,15662,Joselândia,0.0
5673,2105658,Junco do Maranhão,Maranhão,2016,5119,Junco do Maranhão,0.0
5674,2105708,Lago da Pedra,Maranhão,2016,46840,Lago da Pedra,2.0
5675,2105906,Lago Verde,Maranhão,2016,15636,Lago Verde,0.0
5676,2105948,Lago dos Rodrigues,Maranhão,2016,9050,Lago dos Rodrigues,0.0
5677,2105963,Lagoa Grande do Maranhão,Maranhão,2016,11159,Lagoa Grande do Maranhão,0.0
5678,2105989,Lajeado Novo,Maranhão,2016,7144,Lajeado Novo,0.0
5679,2106003,Lima Campos,Maranhão,2016,11645,Lima Campos,0.0
5680,2106201,Luís domingues,Maranhão,2016,6953,Luís Domingues,0.0
5681,2106326,Maracaçumé,Maranhão,2016,20468,Maracaçumé,12.0
5682,2106359,Marajá do Sena,Maranhão,2016,7738,Marajá do Sena,3.0
5683,2106375,Maranhãozinho,Maranhão,2016,13829,Maranhãozinho,1.0
5684,2106409,Mata Roma,Maranhão,2016,16439,Mata Roma,0.0
5685,2106508,Matinha,Maranhão,2016,22591,Matinha,0.0
5686,2106607,Matões,Maranhão,2016,33050,Matões,0.0
5687,2106631,Matões do Norte,Maranhão,2016,15817,Matões do Norte,0.0
5688,2106672,Milagres do Maranhão,Maranhão,2016,8744,Milagres do Maranhão,0.0
5689,2106755,Miranda do Norte,Maranhão,2016,25093,Miranda do Norte,0.0
5690,2106805,Mirinzal,Maranhão,2016,14477,Mirinzal,0.0
5691,2106904,Monção,Maranhão,2016,30594,Monção,0.0
5692,2107001,Montes Altos,Maranhão,2016,9504,Montes Altos,0.0
5693,2107100,Morros,Maranhão,2016,18688,Morros,0.0
5694,2107357,Nova Olinda do Maranhão,Maranhão,2016,17488,Nova Olinda do Maranhão,1.0
5695,2107407,Olho D'água das Cunhãs,Maranhão,2016,18811,Olho d'Água das Cunhãs,0.0
5696,2107456,Olinda Nova do Maranhão,Maranhão,2016,13744,Olinda Nova do Maranhão,0.0
5697,2107506,Paço do Lumiar,Maranhão,2016,122842,Paço do Lumiar,1.0
5698,2107605,Palmeirândia,Maranhão,2016,20203,Palmeirândia,0.0
5699,2107704,Paraibano,Maranhão,2016,19733,Paraibano,0.0
5700,2107803,Parnarama,Maranhão,2016,33472,Parnarama,0.0
5701,2108009,Pastos Bons,Maranhão,2016,18885,Pastos Bons,0.0
5702,2108108,Paulo Ramos,Maranhão,2016,20981,Paulo Ramos,0.0
5703,2108207,Pedreiras,Maranhão,2016,39583,Pedreiras,1.0
5704,2108256,Pedro do Rosário,Maranhão,2016,24231,Pedro do Rosário,0.0
5705,2108306,Penalva,Maranhão,2016,35185,Penalva,0.0
5706,2108405,Peri Mirim,Maranhão,2016,13096,Peri Mirim,0.0
5707,2108454,Peritoró,Maranhão,2016,21612,Peritoró,3.0
5708,2108504,Pindaré-Mirim,Maranhão,2016,32501,Pindaré-Mirim,0.0
5709,2108603,Pinheiro,Maranhão,2016,83041,Pinheiro,0.0
5710,2108702,Pio Xii,Maranhão,2016,22752,Pio XII,0.0
5711,2108801,Pirapemas,Maranhão,2016,18359,Pirapemas,0.0
5712,2108900,Poção de Pedras,Maranhão,2016,19365,Poção de Pedras,1.0
5713,2109007,Porto Franco,Maranhão,2016,22884,Porto Franco,0.0
5714,2109056,Porto Rico do Maranhão,Maranhão,2016,6175,Porto Rico do Maranhão,0.0
5715,2109106,Presidente Dutra,Maranhão,2016,46029,Presidente Dutra,0.0
5716,2109205,Presidente Juscelino,Maranhão,2016,11815,Presidente Juscelino,0.0
5717,2109239,Presidente Médici,Maranhão,2016,5829,Presidente Médici,2.0
5718,2109270,Presidente Sarney,Maranhão,2016,17833,Presidente Sarney,0.0
5719,2109304,Presidente Vargas,Maranhão,2016,11085,Presidente Vargas,0.0
5720,2109403,Primeira Cruz,Maranhão,2016,14279,Primeira Cruz,0.0
5721,2109452,Raposa,Maranhão,2016,28836,Raposa,0.0
5722,2109551,Ribamar Fiquene,Maranhão,2016,7572,Ribamar Fiquene,0.0
5723,2109601,Rosário,Maranhão,2016,40572,Rosário,0.0
5724,2109759,Santa Filomena do Maranhão,Maranhão,2016,7163,Santa Filomena do Maranhão,0.0
5725,2109809,Santa Helena,Maranhão,2016,41112,Santa Helena,1.0
5726,2109908,Santa Inês,Maranhão,2016,86774,Santa Inês,0.0
5727,2110005,Santa Luzia,Maranhão,2016,67028,Santa Luzia,0.0
5728,2110039,Santa Luzia do Paruá,Maranhão,2016,24727,Santa Luzia do Paruá,3.0
5729,2110104,Santa Quitéria do Maranhão,Maranhão,2016,24781,Santa Quitéria do Maranhão,0.0
5730,2110203,Santa Rita,Maranhão,2016,35681,Santa Rita,1.0
5731,2110278,Santo Amaro do Maranhão,Maranhão,2016,14337,Santo Amaro do Maranhão,0.0
5732,2110302,Santo Antônio dos Lopes,Maranhão,2016,14650,Santo Antônio dos Lopes,1.0
5733,2110401,São Benedito do Rio Preto,Maranhão,2016,18791,São Benedito do Rio Preto,0.0
5734,2110500,São Bento,Maranhão,2016,43862,São Bento,0.0
5735,2110708,São domingos do Maranhão,Maranhão,2016,34758,São Domingos do Maranhão,0.0
5736,2110807,São Félix de Balsas,Maranhão,2016,4697,São Félix de Balsas,0.0
5737,2110906,São Francisco do Maranhão,Maranhão,2016,12202,São Francisco do Maranhão,0.0
5738,2111003,São João Batista,Maranhão,2016,19999,São João Batista,0.0
5739,2111029,São João do Carú,Maranhão,2016,14703,São João do Carú,0.0
5740,2111052,São João do Paraíso,Maranhão,2016,10735,São João do Paraíso,0.0
5741,2111078,São João do Soter,Maranhão,2016,17735,São João do Soter,0.0
5742,2111102,São João dos Patos,Maranhão,2016,25598,São João dos Patos,0.0
5743,2111201,São José de Ribamar,Maranhão,2016,196718,São José de Ribamar,0.0
5744,2111250,São José dos Basílios,Maranhão,2016,7426,São José dos Basílios,0.0
5745,2111300,São Luís,Maranhão,2016,1062044,São Luís,0.0
5746,2111409,São Luís Gonzaga do Maranhão,Maranhão,2016,19586,São Luís Gonzaga do Maranhão,0.0
5747,2111508,São Mateus do Maranhão,Maranhão,2016,40322,São Mateus do Maranhão,0.0
5748,2111532,São Pedro da Água Branca,Maranhão,2016,13325,São Pedro da Água Branca,0.0
5749,2111607,São Raimundo das Mangabeiras,Maranhão,2016,18429,São Raimundo das Mangabeiras,0.0
5750,2111631,São Raimundo do doca Bezerra,Maranhão,2016,6064,São Raimundo do Doca Bezerra,0.0
5751,2111672,São Roberto,Maranhão,2016,5543,São Roberto,1.0
5752,2111706,São Vicente Ferrer,Maranhão,2016,20830,São Vicente Ferrer,0.0
5753,2111722,Satubinha,Maranhão,2016,11003,Satubinha,0.0
5754,2111748,Senador Alexandre Costa,Maranhão,2016,10447,Senador Alexandre Costa,0.0
5755,2111763,Senador La Rocque,Maranhão,2016,14966,Senador La Rocque,0.0
5756,2111789,Serrano do Maranhão,Maranhão,2016,10127,Serrano do Maranhão,0.0
5757,2111904,Sucupira do Norte,Maranhão,2016,10638,Sucupira do Norte,0.0
5758,2112100,Timbiras,Maranhão,2016,28292,Timbiras,0.0
5759,2112209,Timon,Maranhão,2016,167153,Timon,0.0
5760,2112233,Trizidela do Vale,Maranhão,2016,21826,Trizidela do Vale,0.0
5761,2112274,Tufilândia,Maranhão,2016,5802,Tufilândia,0.0
5762,2112308,Tuntum,Maranhão,2016,39283,Tuntum,0.0
5763,2112407,Turiaçu,Maranhão,2016,36939,Turiaçu,7.0
5764,2112456,Turilândia,Maranhão,2016,27094,Turilândia,9.0
5765,2112506,Tutóia,Maranhão,2016,54690,Tutóia,0.0
5766,2112605,Urbano Santos,Maranhão,2016,32126,Urbano Santos,0.0
5767,2112704,Vargem Grande,Maranhão,2016,48598,Vargem Grande,0.0
5768,2112803,Viana,Maranhão,2016,51548,Viana,0.0
5769,2112852,Vila Nova dos Martírios,Maranhão,2016,11189,Vila Nova dos Martírios,0.0
5770,2112902,Vitória do Mearim,Maranhão,2016,32119,Vitória do Mearim,0.0
5771,2113009,Vitorino Freire,Maranhão,2016,31803,Vitorino Freire,0.0
5772,2114007,Zé doca,Maranhão,2016,46915,Zé Doca,0.0
5773,5100102,Acorizal,Mato Grosso,2016,5247,Acorizal,0.0
5774,5100201,Água Boa,Mato Grosso,2016,25047,Água Boa,0.0
5775,5100250,Alta Floresta,Mato Grosso,2016,55045,Alta Floresta,0.0
5776,5100300,Alto Araguaia,Mato Grosso,2016,16680,Alto Araguaia,0.0
5777,5100359,Alto Boa Vista,Mato Grosso,2016,5532,Alto Boa Vista,0.0
5778,5100607,Alto Taquari,Mato Grosso,2016,9533,Alto Taquari,0.0
5779,5100805,Apiacás,Mato Grosso,2016,8733,Apiacás,0.0
5780,5101001,Araguaiana,Mato Grosso,2016,3523,Araguaiana,0.0
5781,5101258,Araputanga,Mato Grosso,2016,15112,Araputanga,0.0
5782,5101308,Arenápolis,Mato Grosso,2016,10531,Arenápolis,0.0
5783,5101407,Aripuanã,Mato Grosso,2016,22014,Aripuanã,23.0
5784,5101704,Barra do Bugres,Mato Grosso,2016,30861,Barra do Bugres,0.0
5785,5101803,Barra do Garças,Mato Grosso,2016,63515,Barra do Garças,0.0
5786,5101852,Bom Jesus do Araguaia,Mato Grosso,2016,6307,Bom Jesus do Araguaia,0.0
5787,5101902,Brasnorte,Mato Grosso,2016,16270,Brasnorte,1.0
5788,5102504,Cáceres,Mato Grosso,2016,90604,Cáceres,0.0
5789,5102603,Campinápolis,Mato Grosso,2016,15100,Campinápolis,0.0
5790,5102637,Campo Novo do Parecis,Mato Grosso,2016,36010,Campo Novo do Parecis,0.0
5791,5102678,Campo Verde,Mato Grosso,2016,38137,Campo Verde,0.0
5792,5102686,Campos de Júlio,Mato Grosso,2016,6777,Campos de Júlio,0.0
5793,5102694,Canabrava do Norte,Mato Grosso,2016,4635,Canabrava do Norte,0.0
5794,5102702,Canarana,Mato Grosso,2016,22264,Canarana,0.0
5795,5102793,Carlinda,Mato Grosso,2016,10814,Carlinda,0.0
5796,5102850,Castanheira,Mato Grosso,2016,8039,Castanheira,0.0
5797,5103007,Chapada dos Guimarães,Mato Grosso,2016,18786,Chapada dos Guimarães,0.0
5798,5103056,Cláudia,Mato Grosso,2016,10424,Cláudia,0.0
5799,5103106,Cocalinho,Mato Grosso,2016,5933,Cocalinho,2.0
5800,5103205,Colíder,Mato Grosso,2016,31877,Colíder,1.0
5801,5103254,Colniza,Mato Grosso,2016,26978,Colniza,455.0
5802,5103304,Comodoro,Mato Grosso,2016,18392,Comodoro,0.0
5803,5103353,Confresa,Mato Grosso,2016,30293,Confresa,0.0
5804,5103361,Conquista D'oeste,Mato Grosso,2016,3568,Conquista D'Oeste,0.0
5805,5103379,Cotriguaçu,Mato Grosso,2016,12902,Cotriguaçu,0.0
5806,5103403,Cuiabá,Mato Grosso,2016,616451,Cuiabá,0.0
5807,5103502,Diamantino,Mato Grosso,2016,21332,Diamantino,0.0
5808,5103601,dom Aquino,Mato Grosso,2016,8080,Dom Aquino,0.0
5809,5103700,Feliz Natal,Mato Grosso,2016,10904,Feliz Natal,0.0
5810,5103858,Gaúcha do Norte,Mato Grosso,2016,7479,Gaúcha do Norte,0.0
5811,5103908,General Carneiro,Mato Grosso,2016,5723,General Carneiro,0.0
5812,5103957,Glória D'oeste,Mato Grosso,2016,3027,Glória D'Oeste,0.0
5813,5104104,Guarantã do Norte,Mato Grosso,2016,32418,Guarantã do Norte,1.0
5814,5104203,Guiratinga,Mato Grosso,2016,12321,Guiratinga,1.0
5815,5104526,Ipiranga do Norte,Mato Grosso,2016,6407,Ipiranga do Norte,0.0
5816,5104542,Itanhangá,Mato Grosso,2016,6417,Itanhangá,0.0
5817,5104559,Itaúba,Mato Grosso,2016,4872,Itaúba,0.0
5818,5104609,Itiquira,Mato Grosso,2016,11977,Itiquira,0.0
5819,5104807,Jaciara,Mato Grosso,2016,27648,Jaciara,0.0
5820,5105002,Jauru,Mato Grosso,2016,9340,Jauru,0.0
5821,5105101,Juara,Mato Grosso,2016,34758,Juara,0.0
5822,5105150,Juína,Mato Grosso,2016,43633,Juína,1.0
5823,5105176,Juruena,Mato Grosso,2016,10901,Juruena,0.0
5824,5105200,Juscimeira,Mato Grosso,2016,11570,Juscimeira,0.0
5825,5105234,Lambari D'oeste,Mato Grosso,2016,5064,Lambari D'Oeste,0.0
5826,5105259,Lucas do Rio Verde,Mato Grosso,2016,62962,Lucas do Rio Verde,1.0
5827,5105507,Vila Bela da Santíssima Trindade,Mato Grosso,2016,15868,Vila Bela da Santíssima Trindade,0.0
5828,5105580,Marcelândia,Mato Grosso,2016,11929,Marcelândia,0.0
5829,5105606,Matupá,Mato Grosso,2016,17083,Matupá,0.0
5830,5105622,Mirassol D'oeste,Mato Grosso,2016,26538,Mirassol d'Oeste,0.0
5831,5105903,Nobres,Mato Grosso,2016,15381,Nobres,0.0
5832,5106109,Nossa Senhora do Livramento,Mato Grosso,2016,11618,Nossa Senhora do Livramento,0.0
5833,5106158,Nova Bandeirantes,Mato Grosso,2016,12841,Nova Bandeirantes,74.0
5834,5106174,Nova Nazaré,Mato Grosso,2016,3600,Nova Nazaré,0.0
5835,5106182,Nova Lacerda,Mato Grosso,2016,6176,Nova Lacerda,0.0
5836,5106190,Nova Santa Helena,Mato Grosso,2016,3871,Nova Santa Helena,0.0
5837,5106208,Nova Brasilândia,Mato Grosso,2016,4261,Nova Brasilândia,0.0
5838,5106216,Nova Canaã do Norte,Mato Grosso,2016,12058,Nova Canaã do Norte,0.0
5839,5106224,Nova Mutum,Mato Grosso,2016,42786,Nova Mutum,0.0
5840,5106232,Nova Olímpia,Mato Grosso,2016,17045,Nova Olímpia,0.0
5841,5106240,Nova Ubiratã,Mato Grosso,2016,10422,Nova Ubiratã,0.0
5842,5106257,Nova Xavantina,Mato Grosso,2016,22188,Nova Xavantina,0.0
5843,5106265,Novo Mundo,Mato Grosso,2016,6935,Novo Mundo,0.0
5844,5106273,Novo Horizonte do Norte,Mato Grosso,2016,3587,Novo Horizonte do Norte,0.0
5845,5106299,Paranaíta,Mato Grosso,2016,11372,Paranaíta,0.0
5846,5106307,Paranatinga,Mato Grosso,2016,22898,Paranatinga,1.0
5847,5106372,Pedra Preta,Mato Grosso,2016,17045,Pedra Preta,0.0
5848,5106422,Peixoto de Azevedo,Mato Grosso,2016,32677,Peixoto de Azevedo,3.0
5849,5106505,Poconé,Mato Grosso,2016,31749,Poconé,0.0
5850,5106653,Pontal do Araguaia,Mato Grosso,2016,6191,Pontal do Araguaia,0.0
5851,5106752,Pontes E Lacerda,Mato Grosso,2016,47281,Pontes e Lacerda,2.0
5852,5106778,Porto Alegre do Norte,Mato Grosso,2016,11558,Porto Alegre do Norte,0.0
5853,5106802,Porto dos Gaúchos,Mato Grosso,2016,5640,Porto dos Gaúchos,0.0
5854,5106828,Porto Esperidião,Mato Grosso,2016,10636,Porto Esperidião,0.0
5855,5106851,Porto Estrela,Mato Grosso,2016,3425,Porto Estrela,0.0
5856,5107008,Poxoréu,Mato Grosso,2016,20450,Poxoréo,0.0
5857,5107040,Primavera do Leste,Mato Grosso,2016,67232,Primavera do Leste,0.0
5858,5107065,Querência,Mato Grosso,2016,18706,Querência,0.0
5859,5107156,Reserva do Cabaçal,Mato Grosso,2016,2307,Reserva do Cabaçal,0.0
5860,5107180,Ribeirão Cascalheira,Mato Grosso,2016,9609,Ribeirão Cascalheira,0.0
5861,5107198,Ribeirãozinho,Mato Grosso,2016,2418,Ribeirãozinho,0.0
5862,5107206,Rio Branco,Mato Grosso,2016,4757,Rio Branco,0.0
5863,5107248,Santa Carmem,Mato Grosso,2016,4779,Santa Carmem,0.0
5864,5107263,Santo Afonso,Mato Grosso,2016,2727,Santo Afonso,0.0
5865,5107297,São José do Povo,Mato Grosso,2016,3173,São José do Povo,0.0
5866,5107305,São José do Rio Claro,Mato Grosso,2016,15912,São José do Rio Claro,0.0
5867,5107354,São José do Xingu,Mato Grosso,2016,5644,São José do Xingu,0.0
5868,5107578,Rondolândia,Mato Grosso,2016,3645,Rondolândia,4.0
5869,5107602,Rondonópolis,Mato Grosso,2016,224285,Rondonópolis,0.0
5870,5107701,Rosário Oeste,Mato Grosso,2016,16489,Rosário Oeste,0.0
5871,5107743,Santa Cruz do Xingu,Mato Grosso,2016,2255,Santa Cruz do Xingu,0.0
5872,5107750,Salto do Céu,Mato Grosso,2016,3796,Salto do Céu,0.0
5873,5107776,Santa Terezinha,Mato Grosso,2016,7543,Santa Terezinha,0.0
5874,5107792,Santo Antônio do Leste,Mato Grosso,2016,3874,Santo Antônio do Leste,0.0
5875,5107800,Santo Antônio do Leverger,Mato Grosso,2016,16464,Santo Antônio do Leverger,0.0
5876,5107859,São Félix do Araguaia,Mato Grosso,2016,12174,São Félix do Araguaia,0.0
5877,5107875,Sapezal,Mato Grosso,2016,23232,Sapezal,0.0
5878,5107883,Serra Nova dourada,Mato Grosso,2016,1593,Serra Nova Dourada,0.0
5879,5107909,Sinop,Mato Grosso,2016,152220,Sinop,1.0
5880,5107925,Sorriso,Mato Grosso,2016,86998,Sorriso,1.0
5881,5107941,Tabaporã,Mato Grosso,2016,9990,Tabaporã,0.0
5882,5107958,Tangará da Serra,Mato Grosso,2016,96485,Tangará da Serra,0.0
5883,5108006,Tapurah,Mato Grosso,2016,12287,Tapurah,0.0
5884,5108055,Terra Nova do Norte,Mato Grosso,2016,10979,Terra Nova do Norte,0.0
5885,5108105,Tesouro,Mato Grosso,2016,3235,Tesouro,0.0
5886,5108204,Torixoréu,Mato Grosso,2016,4151,Torixoréu,0.0
5887,5108303,União do Sul,Mato Grosso,2016,3829,União do Sul,0.0
5888,5108352,Vale de São domingos,Mato Grosso,2016,2992,Vale de São Domingos,0.0
5889,5108402,Várzea Grande,Mato Grosso,2016,282167,Várzea Grande,0.0
5890,5108600,Vila Rica,Mato Grosso,2016,20805,Vila Rica,1.0
5891,5108808,Nova Guarita,Mato Grosso,2016,4803,Nova Guarita,0.0
5892,5108857,Nova Marilândia,Mato Grosso,2016,3265,Nova Marilândia,0.0
5893,5108907,Nova Maringá,Mato Grosso,2016,6185,Nova Maringá,0.0
5894,5108956,Nova Monte Verde,Mato Grosso,2016,8352,Nova Monte Verde,0.0
5895,1100015,Alta Floresta D'oeste,Rondônia,2017,24238,Alta Floresta D'Oeste,2.0
5896,1100023,Ariquemes,Rondônia,2017,101559,Ariquemes,117.0
5897,1100031,Cabixi,Rondônia,2017,6186,Cabixi,1.0
5898,1100049,Cacoal,Rondônia,2017,89662,Cacoal,5.0
5899,1100056,Cerejeiras,Rondônia,2017,17337,Cerejeiras,0.0
5900,1100064,Colorado do Oeste,Rondônia,2017,18075,Colorado do Oeste,0.0
5901,1100072,Corumbiara,Rondônia,2017,8553,Corumbiara,0.0
5902,1100080,Costa Marques,Rondônia,2017,14101,Costa Marques,16.0
5903,1100098,Espigão D'oeste,Rondônia,2017,31552,Espigão D'Oeste,0.0
5904,1100106,Guajará-Mirim,Rondônia,2017,43698,Guajará-Mirim,311.0
5905,1100114,Jaru,Rondônia,2017,55098,Jaru,6.0
5906,1100122,Ji-Paraná,Rondônia,2017,130861,Ji-Paraná,1.0
5907,1100130,Machadinho D'oeste,Rondônia,2017,33600,Machadinho D'Oeste,704.0
5908,1100148,Nova Brasilândia D'oeste,Rondônia,2017,18598,Nova Brasilândia D'Oeste,1.0
5909,1100155,Ouro Preto do Oeste,Rondônia,2017,39420,Ouro Preto do Oeste,5.0
5910,1100189,Pimenta Bueno,Rondônia,2017,37242,Pimenta Bueno,1.0
5911,1100205,Porto Velho,Rondônia,2017,483050,Porto Velho,2717.0
5912,1100254,Presidente Médici,Rondônia,2017,21953,Presidente Médici,0.0
5913,1100262,Rio Crespo,Rondônia,2017,3615,Rio Crespo,42.0
5914,1100288,Rolim de Moura,Rondônia,2017,57518,Rolim de Moura,0.0
5915,1100296,Santa Luzia D'oeste,Rondônia,2017,8566,Santa Luzia D'Oeste,1.0
5916,1100304,Vilhena,Rondônia,2017,93101,Vilhena,3.0
5917,1100320,São Miguel do Guaporé,Rondônia,2017,22123,São Miguel do Guaporé,1.0
5918,1100338,Nova Mamoré,Rondônia,2017,25915,Nova Mamoré,85.0
5919,1100346,Alvorada D'oeste,Rondônia,2017,15699,Alvorada D'Oeste,3.0
5920,1100379,Alto Alegre dos Parecis,Rondônia,2017,12864,Alto Alegre dos Parecis,0.0
5921,1100403,Alto Paraíso,Rondônia,2017,17718,Alto Paraíso,206.0
5922,1100452,Buritis,Rondônia,2017,32606,Buritis,18.0
5923,1100502,Novo Horizonte do Oeste,Rondônia,2017,9326,Novo Horizonte do Oeste,2.0
5924,1100601,Cacaulândia,Rondônia,2017,5090,Cacaulândia,1.0
5925,1100700,Campo Novo de Rondônia,Rondônia,2017,11110,Campo Novo de Rondônia,11.0
5926,1100809,Candeias do Jamari,Rondônia,2017,22435,Candeias do Jamari,1633.0
5927,1100908,Castanheiras,Rondônia,2017,3583,Castanheiras,0.0
5928,1100924,Chupinguaia,Rondônia,2017,9413,Chupinguaia,1.0
5929,1100940,Cujubim,Rondônia,2017,16283,Cujubim,342.0
5930,1101005,Governador Jorge Teixeira,Rondônia,2017,9635,Governador Jorge Teixeira,1.0
5931,1101104,Itapuã do Oeste,Rondônia,2017,9109,Itapuã do Oeste,464.0
5932,1101203,Ministro Andreazza,Rondônia,2017,8595,Ministro Andreazza,3.0
5933,1101302,Mirante da Serra,Rondônia,2017,11053,Mirante da Serra,0.0
5934,1101401,Monte Negro,Rondônia,2017,13519,Monte Negro,11.0
5935,1101435,Nova União,Rondônia,2017,7236,Nova União,1.0
5936,1101450,Parecis,Rondônia,2017,4722,Parecis,0.0
5937,1101468,Pimenteiras do Oeste,Rondônia,2017,2359,Pimenteiras do Oeste,1.0
5938,1101476,Primavera de Rondônia,Rondônia,2017,3444,Primavera de Rondônia,0.0
5939,1101484,São Felipe D'oeste,Rondônia,2017,5963,São Felipe D'Oeste,0.0
5940,1101492,São Francisco do Guaporé,Rondônia,2017,17255,São Francisco do Guaporé,1.0
5941,1101500,Seringueiras,Rondônia,2017,13064,Seringueiras,0.0
5942,1101559,Teixeirópolis,Rondônia,2017,4815,Teixeirópolis,1.0
5943,1101609,Theobroma,Rondônia,2017,9770,Theobroma,20.0
5944,1101708,Urupá,Rondônia,2017,12494,Urupá,1.0
5945,1101757,Vale do Anari,Rondônia,2017,9070,Vale do Anari,20.0
5946,1101807,Vale do Paraíso,Rondônia,2017,7717,Vale do Paraíso,0.0
5947,1200013,Acrelândia,Acre,2017,14040,Acrelândia,93.0
5948,1200054,Assis Brasil,Acre,2017,7478,Assis Brasil,1.0
5949,1200104,Brasiléia,Acre,2017,25229,Brasiléia,0.0
5950,1200138,Bujari,Acre,2017,11220,Bujari,12.0
5951,1200179,Capixaba,Acre,2017,10210,Capixaba,7.0
5952,1200203,Cruzeiro do Sul,Acre,2017,92713,Cruzeiro do Sul,20910.0
5953,1200252,Epitaciolândia,Acre,2017,17889,Epitaciolândia,0.0
5954,1200302,Feijó,Acre,2017,36980,Feijó,6.0
5955,1200328,Jordão,Acre,2017,8437,Jordão,8.0
5956,1200336,Mâncio Lima,Acre,2017,18517,Mâncio Lima,9343.0
5957,1200344,Manoel Urbano,Acre,2017,10536,Manoel Urbano,0.0
5958,1200351,Marechal Thaumaturgo,Acre,2017,16997,Marechal Thaumaturgo,76.0
5959,1200385,Plácido de Castro,Acre,2017,17921,Plácido de Castro,70.0
5960,1200393,Porto Walter,Acre,2017,10798,Porto Walter,288.0
5961,1200401,Rio Branco,Acre,2017,380458,Rio Branco,129.0
5962,1200427,Rodrigues Alves,Acre,2017,15799,Rodrigues Alves,4720.0
5963,1200435,Santa Rosa do Purus,Acre,2017,5952,Santa Rosa do Purus,0.0
5964,1200450,Senador Guiomard,Acre,2017,22178,Senador Guiomard,161.0
5965,1200500,Sena Madureira,Acre,2017,43109,Sena Madureira,3.0
5966,1200609,Tarauacá,Acre,2017,43101,Tarauacá,175.0
5967,1200708,Xapuri,Acre,2017,18194,Xapuri,6.0
5968,1200807,Porto Acre,Acre,2017,16740,Porto Acre,21.0
5969,1300029,Alvarães,Amazonas,2017,15891,Alvarães,1535.0
5970,1300060,Amaturá,Amazonas,2017,10587,Amaturá,5.0
5971,1300086,Anamã,Amazonas,2017,10483,Anamã,1.0
5972,1300102,Anori,Amazonas,2017,17631,Anori,0.0
5973,1300144,Apuí,Amazonas,2017,20246,Apuí,185.0
5974,1300201,Atalaia do Norte,Amazonas,2017,15855,Atalaia do Norte,1827.0
5975,1300300,Autazes,Amazonas,2017,39149,Autazes,621.0
5976,1300409,Barcelos,Amazonas,2017,21754,Barcelos,8379.0
5977,1300508,Barreirinha,Amazonas,2017,31436,Barreirinha,5.0
5978,1300607,Benjamin Constant,Amazonas,2017,38070,Benjamin Constant,120.0
5979,1300631,Beruri,Amazonas,2017,19071,Beruri,77.0
5980,1300680,Boa Vista do Ramos,Amazonas,2017,20150,Boa Vista do Ramos,1.0
5981,1300706,Boca do Acre,Amazonas,2017,35318,Boca do Acre,128.0
5982,1300805,Borba,Amazonas,2017,36035,Borba,152.0
5983,1300839,Caapiranga,Amazonas,2017,12938,Caapiranga,174.0
5984,1300904,Canutama,Amazonas,2017,16112,Canutama,998.0
5985,1301001,Carauari,Amazonas,2017,29236,Carauari,2069.0
5986,1301100,Careiro,Amazonas,2017,33430,Careiro,756.0
5987,1301159,Careiro da Várzea,Amazonas,2017,22171,Careiro da Várzea,945.0
5988,1301209,Coari,Amazonas,2017,77091,Coari,4586.0
5989,1301308,Codajás,Amazonas,2017,24247,Codajás,6.0
5990,1301407,Eirunepé,Amazonas,2017,34341,Eirunepé,165.0
5991,1301506,Envira,Amazonas,2017,17620,Envira,17.0
5992,1301605,Fonte Boa,Amazonas,2017,26107,Fonte Boa,52.0
5993,1301654,Guajará,Amazonas,2017,14659,Guajará,3590.0
5994,1301704,Humaitá,Amazonas,2017,53638,Humaitá,1330.0
5995,1301803,Ipixuna,Amazonas,2017,24648,Ipixuna,1728.0
5996,1301852,Iranduba,Amazonas,2017,53784,Iranduba,1208.0
5997,1301902,Itacoatiara,Amazonas,2017,102177,Itacoatiara,2534.0
5998,1301951,Itamarati,Amazonas,2017,9958,Itamarati,1128.0
5999,1302009,Itapiranga,Amazonas,2017,9675,Itapiranga,51.0
6000,1302108,Japurá,Amazonas,2017,8407,Japurá,785.0
6001,1302207,Juruá,Amazonas,2017,11367,Juruá,109.0
6002,1302306,Jutaí,Amazonas,2017,23218,Jutaí,1028.0
6003,1302405,Lábrea,Amazonas,2017,44030,Lábrea,2502.0
6004,1302504,Manacapuru,Amazonas,2017,99813,Manacapuru,780.0
6005,1302553,Manaquiri,Amazonas,2017,20082,Manaquiri,18.0
6006,1302603,Manaus,Amazonas,2017,2087729,Manaus,10556.0
6007,1302702,Manicoré,Amazonas,2017,53032,Manicoré,574.0
6008,1302801,Maraã,Amazonas,2017,16949,Maraã,919.0
6009,1302900,Maués,Amazonas,2017,60175,Maués,1052.0
6010,1303007,Nhamundá,Amazonas,2017,20050,Nhamundá,7.0
6011,1303106,Nova Olinda do Norte,Amazonas,2017,30001,Nova Olinda do Norte,7.0
6012,1303205,Novo Airão,Amazonas,2017,15996,Novo Airão,596.0
6013,1303304,Novo Aripuanã,Amazonas,2017,23590,Novo Aripuanã,131.0
6014,1303403,Parintins,Amazonas,2017,105620,Parintins,5.0
6015,1303502,Pauini,Amazonas,2017,19810,Pauini,367.0
6016,1303536,Presidente Figueiredo,Amazonas,2017,30782,Presidente Figueiredo,2452.0
6017,1303569,Rio Preto da Eva,Amazonas,2017,26213,Rio Preto da Eva,1518.0
6018,1303601,Santa Isabel do Rio Negro,Amazonas,2017,16486,Santa Isabel do Rio Negro,7602.0
6019,1303700,Santo Antônio do Içá,Amazonas,2017,27800,Santo Antônio do Içá,406.0
6020,1303809,São Gabriel da Cachoeira,Amazonas,2017,46822,São Gabriel da Cachoeira,12346.0
6021,1303908,São Paulo de Olivença,Amazonas,2017,33842,São Paulo de Olivença,194.0
6022,1303957,São Sebastião do Uatumã,Amazonas,2017,11790,São Sebastião do Uatumã,342.0
6023,1304005,Silves,Amazonas,2017,10569,Silves,12.0
6024,1304062,Tabatinga,Amazonas,2017,63071,Tabatinga,272.0
6025,1304104,Tapauá,Amazonas,2017,19786,Tapauá,1554.0
6026,1304203,Tefé,Amazonas,2017,71631,Tefé,1987.0
6027,1304237,Tonantins,Amazonas,2017,18950,Tonantins,7.0
6028,1304260,Uarini,Amazonas,2017,13980,Uarini,178.0
6029,1304302,Urucará,Amazonas,2017,18901,Urucará,146.0
6030,1304401,Urucurituba,Amazonas,2017,22332,Urucurituba,1.0
6031,1400027,Amajari,Roraima,2017,11939,Amajari,543.0
6032,1400050,Alto Alegre,Roraima,2017,19071,Alto Alegre,813.0
6033,1400100,Boa Vista,Roraima,2017,364880,Boa Vista,199.0
6034,1400159,Bonfim,Roraima,2017,12789,Bonfim,65.0
6035,1400175,Cantá,Roraima,2017,16678,Cantá,2448.0
6036,1400209,Caracaraí,Roraima,2017,19986,Caracaraí,1853.0
6037,1400233,Caroebe,Roraima,2017,9652,Caroebe,120.0
6038,1400282,Iracema,Roraima,2017,9509,Iracema,872.0
6039,1400308,Mucajaí,Roraima,2017,16777,Mucajaí,813.0
6040,1400407,Normandia,Roraima,2017,11802,Normandia,7.0
6041,1400456,Pacaraima,Roraima,2017,15106,Pacaraima,310.0
6042,1400472,Rorainópolis,Roraima,2017,29433,Rorainópolis,3006.0
6043,1400506,São João da Baliza,Roraima,2017,8030,São João da Baliza,64.0
6044,1400605,São Luiz,Roraima,2017,7069,São Luiz,71.0
6045,1400704,Uiramutã,Roraima,2017,11292,Uiramutã,18.0
6046,1500107,Abaetetuba,Pará,2017,158323,Abaetetuba,1.0
6047,1500131,Abel Figueiredo,Pará,2017,6742,Abel Figueiredo,0.0
6048,1500206,Acará,Pará,2017,59525,Acará,1.0
6049,1500305,Afuá,Pará,2017,38502,Afuá,664.0
6050,1500347,Água Azul do Norte,Pará,2017,21656,Água Azul do Norte,0.0
6051,1500404,Alenquer,Pará,2017,63934,Alenquer,144.0
6052,1500503,Almeirim,Pará,2017,35787,Almeirim,587.0
6053,1500602,Altamira,Pará,2017,118615,Altamira,39.0
6054,1500701,Anajás,Pará,2017,27954,Anajás,5879.0
6055,1500800,Ananindeua,Pará,2017,500156,Ananindeua,9.0
6056,1500859,Anapu,Pará,2017,27254,Anapu,7.0
6057,1500909,Augusto Corrêa,Pará,2017,45511,Augusto Corrêa,0.0
6058,1500958,Aurora do Pará,Pará,2017,26061,Aurora do Pará,5.0
6059,1501006,Aveiro,Pará,2017,17700,Aveiro,0.0
6060,1501105,Bagre,Pará,2017,29174,Bagre,7500.0
6061,1501204,Baião,Pará,2017,47444,Baião,115.0
6062,1501253,Bannach,Pará,2017,3925,Bannach,5.0
6063,1501303,Barcarena,Pará,2017,119409,Barcarena,3.0
6064,1501402,Belém,Pará,2017,1429175,Belém,14.0
6065,1501451,Belterra,Pará,2017,17949,Belterra,0.0
6066,1501501,Benevides,Pará,2017,60322,Benevides,0.0
6067,1501576,Bom Jesus do Tocantins,Pará,2017,17543,Bom Jesus do Tocantins,0.0
6068,1501600,Bonito,Pará,2017,13705,Bonito,0.0
6069,1501709,Bragança,Pará,2017,125557,Bragança,0.0
6070,1501725,Brasil Novo,Pará,2017,20731,Brasil Novo,0.0
6071,1501758,Brejo Grande do Araguaia,Pará,2017,7425,Brejo Grande do Araguaia,21.0
6072,1501782,Breu Branco,Pará,2017,52255,Breu Branco,30.0
6073,1501808,Breves,Pará,2017,105332,Breves,1455.0
6074,1501907,Bujaru,Pará,2017,26018,Bujaru,0.0
6075,1501956,Cachoeira do Piriá,Pará,2017,23502,Cachoeira do Piriá,4.0
6076,1502004,Cachoeira do Arari,Pará,2017,23172,Cachoeira do Arari,3.0
6077,1502103,Cametá,Pará,2017,135631,Cametá,943.0
6078,1502152,Canaã dos Carajás,Pará,2017,49102,Canaã dos Carajás,1.0
6079,1502202,Capanema,Pará,2017,70481,Capanema,0.0
6080,1502301,Capitão Poço,Pará,2017,57038,Capitão Poço,0.0
6081,1502400,Castanhal,Pará,2017,194148,Castanhal,0.0
6082,1502509,Chaves,Pará,2017,21621,Chaves,473.0
6083,1502608,Colares,Pará,2017,12737,Colares,0.0
6084,1502707,Conceição do Araguaia,Pará,2017,47665,Conceição do Araguaia,0.0
6085,1502756,Concórdia do Pará,Pará,2017,29083,Concórdia do Pará,0.0
6086,1502764,Cumaru do Norte,Pará,2017,12659,Cumaru do Norte,15.0
6087,1502772,Curionópolis,Pará,2017,20111,Curionópolis,1.0
6088,1502806,Curralinho,Pará,2017,33409,Curralinho,4297.0
6089,1502855,Curuá,Pará,2017,13850,Curuá,0.0
6090,1502905,Curuçá,Pará,2017,40251,Curuçá,0.0
6091,1502939,dom Eliseu,Pará,2017,58212,Dom Eliseu,0.0
6092,1502954,Eldorado do Carajás,Pará,2017,31986,Eldorado do Carajás,2.0
6093,1503002,Faro,Pará,2017,8879,Faro,8.0
6094,1503044,Floresta do Araguaia,Pará,2017,18740,Floresta do Araguaia,0.0
6095,1503077,Garrafão do Norte,Pará,2017,26089,Garrafão do Norte,0.0
6096,1503093,Goianésia do Pará,Pará,2017,31587,Goianésia do Pará,6.0
6097,1503101,Gurupá,Pará,2017,32301,Gurupá,18.0
6098,1503200,Igarapé-Açu,Pará,2017,37737,Igarapé-Açu,0.0
6099,1503309,Igarapé-Miri,Pará,2017,65226,Igarapé-Miri,2.0
6100,1503408,Inhangapi,Pará,2017,10566,Inhangapi,0.0
6101,1503457,Ipixuna do Pará,Pará,2017,38307,Ipixuna do Pará,0.0
6102,1503507,Irituia,Pará,2017,32972,Irituia,1.0
6103,1503606,Itaituba,Pará,2017,115664,Itaituba,2088.0
6104,1503705,Itupiranga,Pará,2017,54376,Itupiranga,67.0
6105,1503754,Jacareacanga,Pará,2017,18532,Jacareacanga,957.0
6106,1503804,Jacundá,Pará,2017,46129,Jacundá,3.0
6107,1503903,Juruti,Pará,2017,51992,Juruti,0.0
6108,1504000,Limoeiro do Ajuru,Pará,2017,28898,Limoeiro do Ajuru,456.0
6109,1504059,Mãe do Rio,Pará,2017,32979,Mãe do Rio,0.0
6110,1504109,Magalhães Barata,Pará,2017,8483,Magalhães Barata,0.0
6111,1504208,Marabá,Pará,2017,271242,Marabá,3.0
6112,1504307,Maracanã,Pará,2017,28580,Maracanã,0.0
6113,1504406,Marapanim,Pará,2017,27973,Marapanim,0.0
6114,1504422,Marituba,Pará,2017,116021,Marituba,5.0
6115,1504455,Medicilândia,Pará,2017,28566,Medicilândia,0.0
6116,1504505,Melgaço,Pará,2017,27678,Melgaço,138.0
6117,1504604,Mocajuba,Pará,2017,28644,Mocajuba,8.0
6118,1504703,Moju,Pará,2017,81748,Moju,1.0
6119,1504752,Mojuí dos Campos,Pará,2017,19487,Mojuí dos Campos,0.0
6120,1504802,Monte Alegre,Pará,2017,60594,Monte Alegre,4.0
6121,1504901,Muaná,Pará,2017,41950,Muaná,310.0
6122,1504950,Nova Esperança do Piriá,Pará,2017,21296,Nova Esperança do Piriá,34.0
6123,1504976,Nova Ipixuna,Pará,2017,15092,Nova Ipixuna,0.0
6124,1505007,Nova Timboteua,Pará,2017,13763,Nova Timboteua,0.0
6125,1505031,Novo Progresso,Pará,2017,30530,Novo Progresso,616.0
6126,1505064,Novo Repartimento,Pará,2017,65824,Novo Repartimento,592.0
6127,1505106,Óbidos,Pará,2017,53556,Óbidos,196.0
6128,1505205,Oeiras do Pará,Pará,2017,33334,Oeiras do Pará,5600.0
6129,1505304,Oriximiná,Pará,2017,68817,Oriximiná,9.0
6130,1505403,Ourém,Pará,2017,17875,Ourém,1.0
6131,1505437,Ourilândia do Norte,Pará,2017,31744,Ourilândia do Norte,184.0
6132,1505486,Pacajá,Pará,2017,43505,Pacajá,638.0
6133,1505494,Palestina do Pará,Pará,2017,7545,Palestina do Pará,0.0
6134,1505502,Paragominas,Pará,2017,108127,Paragominas,4.0
6135,1505536,Parauapebas,Pará,2017,221078,Parauapebas,12.0
6136,1505601,Peixe-Boi,Pará,2017,8428,Peixe-Boi,1.0
6137,1505635,Piçarra,Pará,2017,13435,Piçarra,0.0
6138,1505650,Placas,Pará,2017,21666,Placas,2.0
6139,1505700,Ponta de Pedras,Pará,2017,26593,Ponta de Pedras,84.0
6140,1505809,Portel,Pará,2017,60849,Portel,1455.0
6141,1505908,Porto de Moz,Pará,2017,40266,Porto de Moz,1.0
6142,1506005,Prainha,Pará,2017,34282,Prainha,7.0
6143,1506104,Primavera,Pará,2017,10930,Primavera,0.0
6144,1506112,Quatipuru,Pará,2017,12334,Quatipuru,0.0
6145,1506138,Redenção,Pará,2017,85479,Redenção,3.0
6146,1506161,Rio Maria,Pará,2017,18872,Rio Maria,0.0
6147,1506187,Rondon do Pará,Pará,2017,54026,Rondon do Pará,2.0
6148,1506195,Rurópolis,Pará,2017,39939,Rurópolis,9.0
6149,1506203,Salinópolis,Pará,2017,43337,Salinópolis,0.0
6150,1506302,Salvaterra,Pará,2017,22995,Salvaterra,1.0
6151,1506351,Santa Bárbara do Pará,Pará,2017,19890,Santa Bárbara do Pará,1.0
6152,1506401,Santa Cruz do Arari,Pará,2017,8032,Santa Cruz do Arari,12.0
6153,1506500,Santa Izabel do Pará,Pará,2017,69352,Santa Izabel do Pará,1.0
6154,1506559,Santa Luzia do Pará,Pará,2017,20788,Santa Luzia do Pará,0.0
6155,1506583,Santa Maria das Barreiras,Pará,2017,17573,Santa Maria das Barreiras,2.0
6156,1506609,Santa Maria do Pará,Pará,2017,24633,Santa Maria do Pará,0.0
6157,1506708,Santana do Araguaia,Pará,2017,43000,Santana do Araguaia,1.0
6158,1506807,Santarém,Pará,2017,323217,Santarém,27.0
6159,1506906,Santarém Novo,Pará,2017,6374,Santarém Novo,0.0
6160,1507003,Santo Antônio do Tauá,Pará,2017,28474,Santo Antônio do Tauá,0.0
6161,1507102,São Caetano de Odivelas,Pará,2017,17414,São Caetano de Odivelas,0.0
6162,1507151,São domingos do Araguaia,Pará,2017,23296,São Domingos do Araguaia,0.0
6163,1507201,São domingos do Capim,Pará,2017,32479,São Domingos do Capim,3.0
6164,1507300,São Félix do Xingu,Pará,2017,79891,São Félix do Xingu,24.0
6165,1507409,São Francisco do Pará,Pará,2017,15507,São Francisco do Pará,1.0
6166,1507458,São Geraldo do Araguaia,Pará,2017,26185,São Geraldo do Araguaia,1.0
6167,1507466,São João da Ponta,Pará,2017,4973,São João da Ponta,0.0
6168,1507474,São João de Pirabas,Pará,2017,21482,São João de Pirabas,0.0
6169,1507508,São João do Araguaia,Pará,2017,14199,São João do Araguaia,3.0
6170,1507607,São Miguel do Guamá,Pará,2017,55017,São Miguel do Guamá,1.0
6171,1507706,São Sebastião da Boa Vista,Pará,2017,25655,São Sebastião da Boa Vista,1111.0
6172,1507755,Sapucaia,Pará,2017,5703,Sapucaia,0.0
6173,1507805,Senador José Porfírio,Pará,2017,18159,Senador José Porfírio,1.0
6174,1507904,Soure,Pará,2017,24576,Soure,0.0
6175,1507953,Tailândia,Pará,2017,79068,Tailândia,2.0
6176,1507961,Terra Alta,Pará,2017,10707,Terra Alta,0.0
6177,1507979,Terra Santa,Pará,2017,18523,Terra Santa,0.0
6178,1508001,Tomé-Açu,Pará,2017,65271,Tomé-Açu,2.0
6179,1508035,Tracuateua,Pará,2017,29830,Tracuateua,0.0
6180,1508050,Trairão,Pará,2017,16556,Trairão,4.0
6181,1508084,Tucumã,Pará,2017,38876,Tucumã,7.0
6182,1508100,Tucuruí,Pará,2017,101226,Tucuruí,162.0
6183,1508126,Ulianópolis,Pará,2017,42948,Ulianópolis,0.0
6184,1508159,Uruará,Pará,2017,46612,Uruará,7.0
6185,1508209,Vigia,Pará,2017,51874,Vigia,3.0
6186,1508308,Viseu,Pará,2017,61568,Viseu,0.0
6187,1508357,Vitória do Xingu,Pará,2017,15099,Vitória do Xingu,0.0
6188,1508407,Xinguara,Pará,2017,49266,Xinguara,0.0
6189,1600055,Serra do Navio,Amapá,2017,4833,Serra do Navio,387.0
6190,1600105,Amapá,Amapá,2017,8513,Amapá,23.0
6191,1600154,Pedra Branca do Amapari,Amapá,2017,12497,Pedra Branca do Amapari,1175.0
6192,1600204,Calçoene,Amapá,2017,10521,Calçoene,1515.0
6193,1600212,Cutias,Amapá,2017,4900,Cutias,4.0
6194,1600238,Ferreira Gomes,Amapá,2017,6723,Ferreira Gomes,141.0
6195,1600253,Itaubal,Amapá,2017,5207,Itaubal,14.0
6196,1600279,Laranjal do Jari,Amapá,2017,41094,Laranjal do Jari,323.0
6197,1600303,Macapá,Amapá,2017,460412,Macapá,1346.0
6198,1600402,Mazagão,Amapá,2017,20889,Mazagão,2197.0
6199,1600501,Oiapoque,Amapá,2017,25960,Oiapoque,1370.0
6200,1600535,Porto Grande,Amapá,2017,18619,Porto Grande,1861.0
6201,1600550,Pracuúba,Amapá,2017,4131,Pracuúba,16.0
6202,1600600,Santana,Amapá,2017,114805,Santana,3651.0
6203,1600709,Tartarugalzinho,Amapá,2017,13760,Tartarugalzinho,336.0
6204,1600808,Vitória do Jari,Amapá,2017,12694,Vitória do Jari,129.0
6205,1700251,Abreulândia,Tocantins,2017,2576,Abreulândia,0.0
6206,1700400,Almas,Tocantins,2017,7138,Almas,0.0
6207,1701002,Ananás,Tocantins,2017,10482,Ananás,0.0
6208,1701903,Araguacema,Tocantins,2017,6241,Araguacema,0.0
6209,1702109,Araguaína,Tocantins,2017,168356,Araguaína,0.0
6210,1702208,Araguatins,Tocantins,2017,33066,Araguatins,38.0
6211,1702554,Augustinópolis,Tocantins,2017,17370,Augustinópolis,0.0
6212,1702703,Aurora do Tocantins,Tocantins,2017,3502,Aurora do Tocantins,0.0
6213,1702901,Axixá do Tocantins,Tocantins,2017,9973,Axixá do Tocantins,0.0
6214,1703008,Babaçulândia,Tocantins,2017,9093,Babaçulândia,0.0
6215,1703800,Buriti do Tocantins,Tocantins,2017,10352,Buriti do Tocantins,0.0
6216,1703891,Carrasco Bonito,Tocantins,2017,3599,Carrasco Bonito,0.0
6217,1703909,Caseara,Tocantins,2017,4858,Caseara,0.0
6218,1705607,Conceição do Tocantins,Tocantins,2017,4117,Conceição do Tocantins,0.0
6219,1707405,Esperantina,Tocantins,2017,8630,Esperantina,0.0
6220,1710508,Itacajá,Tocantins,2017,7159,Itacajá,0.0
6221,1710706,Itaguatins,Tocantins,2017,5693,Itaguatins,0.0
6222,1711803,Juarina,Tocantins,2017,2291,Juarina,0.0
6223,1712504,Marianópolis do Tocantins,Tocantins,2017,4639,Marianópolis do Tocantins,0.0
6224,1712801,Maurilândia do Tocantins,Tocantins,2017,3222,Maurilândia do Tocantins,0.0
6225,1713304,Miranorte,Tocantins,2017,13060,Miranorte,0.0
6226,1714203,Natividade,Tocantins,2017,9130,Natividade,0.0
6227,1718204,Porto Nacional,Tocantins,2017,58960,Porto Nacional,0.0
6228,1718303,Praia Norte,Tocantins,2017,8801,Praia Norte,0.0
6229,1718550,Riachinho,Tocantins,2017,4209,Riachinho,0.0
6230,1718808,Sampaio,Tocantins,2017,4189,Sampaio,0.0
6231,1718840,Sandolândia,Tocantins,2017,3652,Sandolândia,0.0
6232,1718865,Santa Fé do Araguaia,Tocantins,2017,7132,Santa Fé do Araguaia,0.0
6233,1719004,Santa Tereza do Tocantins,Tocantins,2017,2723,Santa Tereza do Tocantins,0.0
6234,1720101,São Bento do Tocantins,Tocantins,2017,5386,São Bento do Tocantins,0.0
6235,1720150,São Félix do Tocantins,Tocantins,2017,1682,São Félix do Tocantins,0.0
6236,1720309,São Sebastião do Tocantins,Tocantins,2017,4324,São Sebastião do Tocantins,0.0
6237,1720804,Sítio Novo do Tocantins,Tocantins,2017,10423,Sítio Novo do Tocantins,0.0
6238,1720903,Taguatinga,Tocantins,2017,14921,Taguatinga,0.0
6239,1720937,Taipas do Tocantins,Tocantins,2017,2027,Taipas do Tocantins,0.0
6240,1721000,Palmas,Tocantins,2017,278338,Palmas,0.0
6241,1721208,Tocantinópolis,Tocantins,2017,23351,Tocantinópolis,0.0
6242,1722107,Xambioá,Tocantins,2017,11224,Xambioá,0.0
6243,2100055,Açailândia,Maranhão,2017,109103,Açailândia,0.0
6244,2100154,Água doce do Maranhão,Maranhão,2017,12192,Água Doce do Maranhão,0.0
6245,2100204,Alcântara,Maranhão,2017,20698,Alcântara,0.0
6246,2100303,Aldeias Altas,Maranhão,2017,24404,Aldeias Altas,0.0
6247,2100402,Altamira do Maranhão,Maranhão,2017,7071,Altamira do Maranhão,0.0
6248,2100436,Alto Alegre do Maranhão,Maranhão,2017,25459,Alto Alegre do Maranhão,0.0
6249,2100477,Alto Alegre do Pindaré,Maranhão,2017,29544,Alto Alegre do Pindaré,0.0
6250,2100550,Amapá do Maranhão,Maranhão,2017,7012,Amapá do Maranhão,21.0
6251,2100600,Amarante do Maranhão,Maranhão,2017,38929,Amarante do Maranhão,0.0
6252,2100808,Anapurus,Maranhão,2017,14341,Anapurus,0.0
6253,2100832,Apicum-Açu,Maranhão,2017,16750,Apicum-Açu,0.0
6254,2100873,Araguanã,Maranhão,2017,13015,Araguanã,13.0
6255,2100956,Arame,Maranhão,2017,29608,Arame,5.0
6256,2101004,Arari,Maranhão,2017,29939,Arari,0.0
6257,2101103,Axixá,Maranhão,2017,12020,Axixá,0.0
6258,2101202,Bacabal,Maranhão,2017,105073,Bacabal,0.0
6259,2101251,Bacabeira,Maranhão,2017,16349,Bacabeira,0.0
6260,2101301,Bacuri,Maranhão,2017,17264,Bacuri,0.0
6261,2101400,Balsas,Maranhão,2017,95005,Balsas,0.0
6262,2101608,Barra do Corda,Maranhão,2017,86370,Barra do Corda,0.0
6263,2101707,Barreirinhas,Maranhão,2017,62686,Barreirinhas,0.0
6264,2101731,Belágua,Maranhão,2017,7879,Belágua,0.0
6265,2101772,Bela Vista do Maranhão,Maranhão,2017,11334,Bela Vista do Maranhão,0.0
6266,2101806,Benedito Leite,Maranhão,2017,5561,Benedito Leite,0.0
6267,2101905,Bequimão,Maranhão,2017,20809,Bequimão,0.0
6268,2101939,Bernardo do Mearim,Maranhão,2017,5838,Bernardo do Mearim,0.0
6269,2101970,Boa Vista do Gurupi,Maranhão,2017,7598,Boa Vista do Gurupi,3.0
6270,2102002,Bom Jardim,Maranhão,2017,37559,Bom Jardim,9.0
6271,2102036,Bom Jesus das Selvas,Maranhão,2017,29567,Bom Jesus das Selvas,0.0
6272,2102101,Brejo,Maranhão,2017,35277,Brejo,0.0
6273,2102150,Brejo de Areia,Maranhão,2017,10218,Brejo de Areia,1.0
6274,2102200,Buriti,Maranhão,2017,29363,Buriti,0.0
6275,2102309,Buriti Bravo,Maranhão,2017,23379,Buriti Bravo,0.0
6276,2102325,Buriticupu,Maranhão,2017,63004,Buriticupu,0.0
6277,2102358,Buritirana,Maranhão,2017,14286,Buritirana,0.0
6278,2102374,Cachoeira Grande,Maranhão,2017,9390,Cachoeira Grande,0.0
6279,2102408,Cajapió,Maranhão,2017,10842,Cajapió,0.0
6280,2102507,Cajari,Maranhão,2017,17947,Cajari,0.0
6281,2102556,Campestre do Maranhão,Maranhão,2017,13151,Campestre do Maranhão,0.0
6282,2102606,Cândido Mendes,Maranhão,2017,19901,Cândido Mendes,51.0
6283,2102705,Cantanhede,Maranhão,2017,22782,Cantanhede,0.0
6284,2102754,Capinzal do Norte,Maranhão,2017,11354,Capinzal do Norte,0.0
6285,2102903,Carutapera,Maranhão,2017,23768,Carutapera,0.0
6286,2103000,Caxias,Maranhão,2017,162313,Caxias,1.0
6287,2103109,Cedral,Maranhão,2017,10576,Cedral,0.0
6288,2103125,Central do Maranhão,Maranhão,2017,7724,Central do Maranhão,0.0
6289,2103158,Centro do Guilherme,Maranhão,2017,12015,Centro do Guilherme,0.0
6290,2103174,Centro Novo do Maranhão,Maranhão,2017,18204,Centro Novo do Maranhão,33.0
6291,2103208,Chapadinha,Maranhão,2017,80140,Chapadinha,0.0
6292,2103257,Cidelândia,Maranhão,2017,13657,Cidelândia,0.0
6293,2103307,Codó,Maranhão,2017,120897,Codó,0.0
6294,2103505,Colinas,Maranhão,2017,41094,Colinas,0.0
6295,2103554,Conceição do Lago-Açu,Maranhão,2017,15271,Conceição do Lago-Açu,0.0
6296,2103604,Coroatá,Maranhão,2017,62763,Coroatá,0.0
6297,2103703,Cururupu,Maranhão,2017,33033,Cururupu,0.0
6298,2103752,davinópolis,Maranhão,2017,13796,Davinópolis,0.0
6299,2103802,dom Pedro,Maranhão,2017,23459,Dom Pedro,0.0
6300,2103901,Duque Bacelar,Maranhão,2017,10798,Duque Bacelar,0.0
6301,2104008,Esperantinópolis,Maranhão,2017,18741,Esperantinópolis,0.0
6302,2104057,Estreito,Maranhão,2017,35923,Estreito,0.0
6303,2104099,Formosa da Serra Negra,Maranhão,2017,17963,Formosa da Serra Negra,0.0
6304,2104206,Fortuna,Maranhão,2017,17538,Fortuna,0.0
6305,2104305,Godofredo Viana,Maranhão,2017,10455,Godofredo Viana,3.0
6306,2104404,Gonçalves Dias,Maranhão,2017,17777,Gonçalves Dias,0.0
6307,2104503,Governador Archer,Maranhão,2017,10529,Governador Archer,0.0
6308,2104552,Governador Edison Lobão,Maranhão,2017,17515,Governador Edison Lobão,1.0
6309,2104602,Governador Eugênio Barros,Maranhão,2017,14276,Governador Eugênio Barros,0.0
6310,2104628,Governador Luiz Rocha,Maranhão,2017,7389,Governador Luiz Rocha,0.0
6311,2104651,Governador Newton Bello,Maranhão,2017,10946,Governador Newton Bello,0.0
6312,2104677,Governador Nunes Freire,Maranhão,2017,25216,Governador Nunes Freire,6.0
6313,2104701,Graça Aranha,Maranhão,2017,6215,Graça Aranha,0.0
6314,2104800,Grajaú,Maranhão,2017,69843,Grajaú,1.0
6315,2104909,Guimarães,Maranhão,2017,11463,Guimarães,0.0
6316,2105005,Humberto de Campos,Maranhão,2017,27227,Humberto de Campos,0.0
6317,2105104,Icatu,Maranhão,2017,25957,Icatu,0.0
6318,2105153,Igarapé do Meio,Maranhão,2017,13712,Igarapé do Meio,0.0
6319,2105203,Igarapé Grande,Maranhão,2017,10655,Igarapé Grande,0.0
6320,2105302,Imperatriz,Maranhão,2017,267999,Imperatriz,1.0
6321,2105351,Itaipava do Grajaú,Maranhão,2017,14382,Itaipava do Grajaú,12.0
6322,2105401,Itapecuru Mirim,Maranhão,2017,63618,Itapecuru Mirim,0.0
6323,2105427,Itinga do Maranhão,Maranhão,2017,24373,Itinga do Maranhão,0.0
6324,2105450,Jatobá,Maranhão,2017,8256,Jatobá,0.0
6325,2105476,Jenipapo dos Vieiras,Maranhão,2017,16685,Jenipapo dos Vieiras,10.0
6326,2105500,João Lisboa,Maranhão,2017,24983,João Lisboa,0.0
6327,2105609,Joselândia,Maranhão,2017,15615,Joselândia,0.0
6328,2105658,Junco do Maranhão,Maranhão,2017,5146,Junco do Maranhão,0.0
6329,2105708,Lago da Pedra,Maranhão,2017,46757,Lago da Pedra,2.0
6330,2105906,Lago Verde,Maranhão,2017,15598,Lago Verde,0.0
6331,2105948,Lago dos Rodrigues,Maranhão,2017,9054,Lago dos Rodrigues,0.0
6332,2105963,Lagoa Grande do Maranhão,Maranhão,2017,11254,Lagoa Grande do Maranhão,0.0
6333,2105989,Lajeado Novo,Maranhão,2017,7161,Lajeado Novo,0.0
6334,2106003,Lima Campos,Maranhão,2017,11654,Lima Campos,0.0
6335,2106201,Luís domingues,Maranhão,2017,7011,Luís Domingues,0.0
6336,2106326,Maracaçumé,Maranhão,2017,20643,Maracaçumé,8.0
6337,2106359,Marajá do Sena,Maranhão,2017,7670,Marajá do Sena,0.0
6338,2106375,Maranhãozinho,Maranhão,2017,13850,Maranhãozinho,1.0
6339,2106409,Mata Roma,Maranhão,2017,16623,Mata Roma,0.0
6340,2106508,Matinha,Maranhão,2017,22637,Matinha,0.0
6341,2106607,Matões,Maranhão,2017,33141,Matões,0.0
6342,2106631,Matões do Norte,Maranhão,2017,16133,Matões do Norte,0.0
6343,2106672,Milagres do Maranhão,Maranhão,2017,8815,Milagres do Maranhão,0.0
6344,2106755,Miranda do Norte,Maranhão,2017,25061,Miranda do Norte,0.0
6345,2106805,Mirinzal,Maranhão,2017,14468,Mirinzal,0.0
6346,2106904,Monção,Maranhão,2017,30386,Monção,0.0
6347,2107001,Montes Altos,Maranhão,2017,9481,Montes Altos,0.0
6348,2107100,Morros,Maranhão,2017,18781,Morros,0.0
6349,2107357,Nova Olinda do Maranhão,Maranhão,2017,17073,Nova Olinda do Maranhão,0.0
6350,2107407,Olho D'água das Cunhãs,Maranhão,2017,18763,Olho d'Água das Cunhãs,0.0
6351,2107456,Olinda Nova do Maranhão,Maranhão,2017,13785,Olinda Nova do Maranhão,0.0
6352,2107506,Paço do Lumiar,Maranhão,2017,126415,Paço do Lumiar,0.0
6353,2107605,Palmeirândia,Maranhão,2017,20417,Palmeirândia,0.0
6354,2107704,Paraibano,Maranhão,2017,19590,Paraibano,1.0
6355,2107803,Parnarama,Maranhão,2017,33344,Parnarama,0.0
6356,2108009,Pastos Bons,Maranhão,2017,18974,Pastos Bons,0.0
6357,2108108,Paulo Ramos,Maranhão,2017,20996,Paulo Ramos,0.0
6358,2108207,Pedreiras,Maranhão,2017,39491,Pedreiras,0.0
6359,2108256,Pedro do Rosário,Maranhão,2017,24373,Pedro do Rosário,0.0
6360,2108306,Penalva,Maranhão,2017,35000,Penalva,0.0
6361,2108405,Peri Mirim,Maranhão,2017,12874,Peri Mirim,0.0
6362,2108454,Peritoró,Maranhão,2017,21563,Peritoró,0.0
6363,2108504,Pindaré-Mirim,Maranhão,2017,32567,Pindaré-Mirim,0.0
6364,2108603,Pinheiro,Maranhão,2017,83723,Pinheiro,0.0
6365,2108702,Pio Xii,Maranhão,2017,22761,Pio XII,0.0
6366,2108801,Pirapemas,Maranhão,2017,18384,Pirapemas,0.0
6367,2108900,Poção de Pedras,Maranhão,2017,19137,Poção de Pedras,0.0
6368,2109007,Porto Franco,Maranhão,2017,23108,Porto Franco,0.0
6369,2109056,Porto Rico do Maranhão,Maranhão,2017,6176,Porto Rico do Maranhão,0.0
6370,2109106,Presidente Dutra,Maranhão,2017,46110,Presidente Dutra,1.0
6371,2109205,Presidente Juscelino,Maranhão,2017,11804,Presidente Juscelino,0.0
6372,2109239,Presidente Médici,Maranhão,2017,5687,Presidente Médici,0.0
6373,2109270,Presidente Sarney,Maranhão,2017,17880,Presidente Sarney,0.0
6374,2109304,Presidente Vargas,Maranhão,2017,11067,Presidente Vargas,0.0
6375,2109403,Primeira Cruz,Maranhão,2017,14261,Primeira Cruz,0.0
6376,2109452,Raposa,Maranhão,2017,29257,Raposa,0.0
6377,2109551,Ribamar Fiquene,Maranhão,2017,7587,Ribamar Fiquene,0.0
6378,2109601,Rosário,Maranhão,2017,40532,Rosário,0.0
6379,2109759,Santa Filomena do Maranhão,Maranhão,2017,7136,Santa Filomena do Maranhão,1.0
6380,2109809,Santa Helena,Maranhão,2017,41482,Santa Helena,26.0
6381,2109908,Santa Inês,Maranhão,2017,87074,Santa Inês,0.0
6382,2110005,Santa Luzia,Maranhão,2017,66095,Santa Luzia,5.0
6383,2110039,Santa Luzia do Paruá,Maranhão,2017,24807,Santa Luzia do Paruá,0.0
6384,2110104,Santa Quitéria do Maranhão,Maranhão,2017,24798,Santa Quitéria do Maranhão,0.0
6385,2110203,Santa Rita,Maranhão,2017,36068,Santa Rita,0.0
6386,2110278,Santo Amaro do Maranhão,Maranhão,2017,14359,Santo Amaro do Maranhão,0.0
6387,2110302,Santo Antônio dos Lopes,Maranhão,2017,14667,Santo Antônio dos Lopes,0.0
6388,2110401,São Benedito do Rio Preto,Maranhão,2017,18849,São Benedito do Rio Preto,0.0
6389,2110500,São Bento,Maranhão,2017,44407,São Bento,0.0
6390,2110708,São domingos do Maranhão,Maranhão,2017,34855,São Domingos do Maranhão,0.0
6391,2110807,São Félix de Balsas,Maranhão,2017,4668,São Félix de Balsas,0.0
6392,2110906,São Francisco do Maranhão,Maranhão,2017,12228,São Francisco do Maranhão,0.0
6393,2111003,São João Batista,Maranhão,2017,19894,São João Batista,0.0
6394,2111029,São João do Carú,Maranhão,2017,14416,São João do Carú,0.0
6395,2111052,São João do Paraíso,Maranhão,2017,10662,São João do Paraíso,0.0
6396,2111078,São João do Soter,Maranhão,2017,17716,São João do Soter,0.0
6397,2111102,São João dos Patos,Maranhão,2017,25674,São João dos Patos,0.0
6398,2111201,São José de Ribamar,Maranhão,2017,204311,São José de Ribamar,0.0
6399,2111250,São José dos Basílios,Maranhão,2017,7382,São José dos Basílios,1.0
6400,2111300,São Luís,Maranhão,2017,1066188,São Luís,1.0
6401,2111409,São Luís Gonzaga do Maranhão,Maranhão,2017,19431,São Luís Gonzaga do Maranhão,0.0
6402,2111508,São Mateus do Maranhão,Maranhão,2017,40373,São Mateus do Maranhão,0.0
6403,2111532,São Pedro da Água Branca,Maranhão,2017,13542,São Pedro da Água Branca,0.0
6404,2111607,São Raimundo das Mangabeiras,Maranhão,2017,18551,São Raimundo das Mangabeiras,0.0
6405,2111631,São Raimundo do doca Bezerra,Maranhão,2017,6038,São Raimundo do Doca Bezerra,0.0
6406,2111672,São Roberto,Maranhão,2017,5413,São Roberto,0.0
6407,2111706,São Vicente Ferrer,Maranhão,2017,20728,São Vicente Ferrer,0.0
6408,2111722,Satubinha,Maranhão,2017,10715,Satubinha,0.0
6409,2111748,Senador Alexandre Costa,Maranhão,2017,10449,Senador Alexandre Costa,0.0
6410,2111763,Senador La Rocque,Maranhão,2017,15004,Senador La Rocque,0.0
6411,2111789,Serrano do Maranhão,Maranhão,2017,10181,Serrano do Maranhão,0.0
6412,2111904,Sucupira do Norte,Maranhão,2017,10630,Sucupira do Norte,0.0
6413,2112100,Timbiras,Maranhão,2017,28199,Timbiras,0.0
6414,2112209,Timon,Maranhão,2017,169118,Timon,0.0
6415,2112233,Trizidela do Vale,Maranhão,2017,22013,Trizidela do Vale,0.0
6416,2112274,Tufilândia,Maranhão,2017,5799,Tufilândia,0.0
6417,2112308,Tuntum,Maranhão,2017,39091,Tuntum,0.0
6418,2112407,Turiaçu,Maranhão,2017,37297,Turiaçu,15.0
6419,2112456,Turilândia,Maranhão,2017,27880,Turilândia,30.0
6420,2112506,Tutóia,Maranhão,2017,54789,Tutóia,0.0
6421,2112605,Urbano Santos,Maranhão,2017,32465,Urbano Santos,0.0
6422,2112704,Vargem Grande,Maranhão,2017,48144,Vargem Grande,0.0
6423,2112803,Viana,Maranhão,2017,51783,Viana,0.0
6424,2112852,Vila Nova dos Martírios,Maranhão,2017,11111,Vila Nova dos Martírios,0.0
6425,2112902,Vitória do Mearim,Maranhão,2017,32132,Vitória do Mearim,0.0
6426,2113009,Vitorino Freire,Maranhão,2017,31865,Vitorino Freire,0.0
6427,2114007,Zé doca,Maranhão,2017,46307,Zé Doca,81.0
6428,5100102,Acorizal,Mato Grosso,2017,5215,Acorizal,0.0
6429,5100201,Água Boa,Mato Grosso,2017,25767,Água Boa,0.0
6430,5100250,Alta Floresta,Mato Grosso,2017,55835,Alta Floresta,0.0
6431,5100300,Alto Araguaia,Mato Grosso,2017,16814,Alto Araguaia,0.0
6432,5100359,Alto Boa Vista,Mato Grosso,2017,5577,Alto Boa Vista,0.0
6433,5100607,Alto Taquari,Mato Grosso,2017,9774,Alto Taquari,0.0
6434,5100805,Apiacás,Mato Grosso,2017,8730,Apiacás,1.0
6435,5101001,Araguaiana,Mato Grosso,2017,3575,Araguaiana,0.0
6436,5101258,Araputanga,Mato Grosso,2017,15069,Araputanga,0.0
6437,5101308,Arenápolis,Mato Grosso,2017,10555,Arenápolis,0.0
6438,5101407,Aripuanã,Mato Grosso,2017,22516,Aripuanã,95.0
6439,5101704,Barra do Bugres,Mato Grosso,2017,30716,Barra do Bugres,1.0
6440,5101803,Barra do Garças,Mato Grosso,2017,64610,Barra do Garças,0.0
6441,5101852,Bom Jesus do Araguaia,Mato Grosso,2017,6468,Bom Jesus do Araguaia,0.0
6442,5101902,Brasnorte,Mato Grosso,2017,16398,Brasnorte,1.0
6443,5102504,Cáceres,Mato Grosso,2017,90742,Cáceres,1.0
6444,5102603,Campinápolis,Mato Grosso,2017,15181,Campinápolis,0.0
6445,5102637,Campo Novo do Parecis,Mato Grosso,2017,37585,Campo Novo do Parecis,0.0
6446,5102678,Campo Verde,Mato Grosso,2017,39292,Campo Verde,0.0
6447,5102686,Campos de Júlio,Mato Grosso,2017,7100,Campos de Júlio,0.0
6448,5102694,Canabrava do Norte,Mato Grosso,2017,4617,Canabrava do Norte,0.0
6449,5102702,Canarana,Mato Grosso,2017,22864,Canarana,0.0
6450,5102793,Carlinda,Mato Grosso,2017,10763,Carlinda,0.0
6451,5102850,Castanheira,Mato Grosso,2017,7973,Castanheira,0.0
6452,5103007,Chapada dos Guimarães,Mato Grosso,2017,18875,Chapada dos Guimarães,0.0
6453,5103056,Cláudia,Mato Grosso,2017,10311,Cláudia,0.0
6454,5103106,Cocalinho,Mato Grosso,2017,5994,Cocalinho,0.0
6455,5103205,Colíder,Mato Grosso,2017,31922,Colíder,0.0
6456,5103254,Colniza,Mato Grosso,2017,26922,Colniza,462.0
6457,5103304,Comodoro,Mato Grosso,2017,18393,Comodoro,0.0
6458,5103353,Confresa,Mato Grosso,2017,31129,Confresa,0.0
6459,5103361,Conquista D'oeste,Mato Grosso,2017,3606,Conquista D'Oeste,0.0
6460,5103379,Cotriguaçu,Mato Grosso,2017,12551,Cotriguaçu,1.0
6461,5103403,Cuiabá,Mato Grosso,2017,624976,Cuiabá,4.0
6462,5103502,Diamantino,Mato Grosso,2017,21457,Diamantino,0.0
6463,5103601,dom Aquino,Mato Grosso,2017,8057,Dom Aquino,0.0
6464,5103700,Feliz Natal,Mato Grosso,2017,10850,Feliz Natal,0.0
6465,5103858,Gaúcha do Norte,Mato Grosso,2017,7676,Gaúcha do Norte,0.0
6466,5103908,General Carneiro,Mato Grosso,2017,5781,General Carneiro,0.0
6467,5103957,Glória D'oeste,Mato Grosso,2017,3009,Glória D'Oeste,0.0
6468,5104104,Guarantã do Norte,Mato Grosso,2017,32293,Guarantã do Norte,0.0
6469,5104203,Guiratinga,Mato Grosso,2017,12079,Guiratinga,1.0
6470,5104526,Ipiranga do Norte,Mato Grosso,2017,6636,Ipiranga do Norte,1.0
6471,5104542,Itanhangá,Mato Grosso,2017,6608,Itanhangá,0.0
6472,5104559,Itaúba,Mato Grosso,2017,4915,Itaúba,0.0
6473,5104609,Itiquira,Mato Grosso,2017,12036,Itiquira,0.0
6474,5104807,Jaciara,Mato Grosso,2017,27869,Jaciara,0.0
6475,5105002,Jauru,Mato Grosso,2017,9170,Jauru,0.0
6476,5105101,Juara,Mato Grosso,2017,34929,Juara,0.0
6477,5105150,Juína,Mato Grosso,2017,44173,Juína,0.0
6478,5105176,Juruena,Mato Grosso,2017,10826,Juruena,0.0
6479,5105200,Juscimeira,Mato Grosso,2017,11571,Juscimeira,0.0
6480,5105234,Lambari D'oeste,Mato Grosso,2017,5008,Lambari D'Oeste,0.0
6481,5105259,Lucas do Rio Verde,Mato Grosso,2017,66244,Lucas do Rio Verde,1.0
6482,5105507,Vila Bela da Santíssima Trindade,Mato Grosso,2017,16070,Vila Bela da Santíssima Trindade,0.0
6483,5105580,Marcelândia,Mato Grosso,2017,11871,Marcelândia,0.0
6484,5105606,Matupá,Mato Grosso,2017,17584,Matupá,5.0
6485,5105622,Mirassol D'oeste,Mato Grosso,2017,26662,Mirassol d'Oeste,0.0
6486,5105903,Nobres,Mato Grosso,2017,15418,Nobres,0.0
6487,5106109,Nossa Senhora do Livramento,Mato Grosso,2017,11634,Nossa Senhora do Livramento,0.0
6488,5106158,Nova Bandeirantes,Mato Grosso,2017,13018,Nova Bandeirantes,10.0
6489,5106174,Nova Nazaré,Mato Grosso,2017,3703,Nova Nazaré,1.0
6490,5106182,Nova Lacerda,Mato Grosso,2017,6291,Nova Lacerda,0.0
6491,5106190,Nova Santa Helena,Mato Grosso,2017,3934,Nova Santa Helena,0.0
6492,5106208,Nova Brasilândia,Mato Grosso,2017,4197,Nova Brasilândia,0.0
6493,5106216,Nova Canaã do Norte,Mato Grosso,2017,12015,Nova Canaã do Norte,0.0
6494,5106224,Nova Mutum,Mato Grosso,2017,44833,Nova Mutum,0.0
6495,5106232,Nova Olímpia,Mato Grosso,2017,16940,Nova Olímpia,0.0
6496,5106240,Nova Ubiratã,Mato Grosso,2017,10613,Nova Ubiratã,0.0
6497,5106257,Nova Xavantina,Mato Grosso,2017,22589,Nova Xavantina,0.0
6498,5106265,Novo Mundo,Mato Grosso,2017,6869,Novo Mundo,1.0
6499,5106273,Novo Horizonte do Norte,Mato Grosso,2017,3555,Novo Horizonte do Norte,0.0
6500,5106299,Paranaíta,Mato Grosso,2017,11461,Paranaíta,0.0
6501,5106307,Paranatinga,Mato Grosso,2017,23518,Paranatinga,0.0
6502,5106372,Pedra Preta,Mato Grosso,2017,17251,Pedra Preta,0.0
6503,5106422,Peixoto de Azevedo,Mato Grosso,2017,32814,Peixoto de Azevedo,0.0
6504,5106505,Poconé,Mato Grosso,2017,31709,Poconé,0.0
6505,5106653,Pontal do Araguaia,Mato Grosso,2017,6313,Pontal do Araguaia,0.0
6506,5106752,Pontes E Lacerda,Mato Grosso,2017,48156,Pontes e Lacerda,1.0
6507,5106778,Porto Alegre do Norte,Mato Grosso,2017,11673,Porto Alegre do Norte,0.0
6508,5106802,Porto dos Gaúchos,Mato Grosso,2017,5654,Porto dos Gaúchos,0.0
6509,5106828,Porto Esperidião,Mato Grosso,2017,10555,Porto Esperidião,0.0
6510,5106851,Porto Estrela,Mato Grosso,2017,3395,Porto Estrela,0.0
6511,5107008,Poxoréu,Mato Grosso,2017,20941,Poxoréo,0.0
6512,5107040,Primavera do Leste,Mato Grosso,2017,70095,Primavera do Leste,0.0
6513,5107065,Querência,Mato Grosso,2017,19916,Querência,0.0
6514,5107156,Reserva do Cabaçal,Mato Grosso,2017,2267,Reserva do Cabaçal,0.0
6515,5107180,Ribeirão Cascalheira,Mato Grosso,2017,9714,Ribeirão Cascalheira,0.0
6516,5107198,Ribeirãozinho,Mato Grosso,2017,2448,Ribeirãozinho,0.0
6517,5107206,Rio Branco,Mato Grosso,2017,4701,Rio Branco,0.0
6518,5107248,Santa Carmem,Mato Grosso,2017,4886,Santa Carmem,0.0
6519,5107263,Santo Afonso,Mato Grosso,2017,2681,Santo Afonso,0.0
6520,5107297,São José do Povo,Mato Grosso,2017,3121,São José do Povo,0.0
6521,5107305,São José do Rio Claro,Mato Grosso,2017,15725,São José do Rio Claro,0.0
6522,5107354,São José do Xingu,Mato Grosso,2017,5702,São José do Xingu,0.0
6523,5107578,Rondolândia,Mato Grosso,2017,3633,Rondolândia,5.0
6524,5107602,Rondonópolis,Mato Grosso,2017,228463,Rondonópolis,1.0
6525,5107701,Rosário Oeste,Mato Grosso,2017,16321,Rosário Oeste,0.0
6526,5107743,Santa Cruz do Xingu,Mato Grosso,2017,2316,Santa Cruz do Xingu,0.0
6527,5107750,Salto do Céu,Mato Grosso,2017,3778,Salto do Céu,0.0
6528,5107776,Santa Terezinha,Mato Grosso,2017,7553,Santa Terezinha,0.0
6529,5107792,Santo Antônio do Leste,Mato Grosso,2017,3898,Santo Antônio do Leste,0.0
6530,5107800,Santo Antônio do Leverger,Mato Grosso,2017,16506,Santo Antônio do Leverger,0.0
6531,5107859,São Félix do Araguaia,Mato Grosso,2017,12427,São Félix do Araguaia,0.0
6532,5107875,Sapezal,Mato Grosso,2017,24171,Sapezal,0.0
6533,5107883,Serra Nova dourada,Mato Grosso,2017,1633,Serra Nova Dourada,0.0
6534,5107909,Sinop,Mato Grosso,2017,159348,Sinop,2.0
6535,5107925,Sorriso,Mato Grosso,2017,90756,Sorriso,0.0
6536,5107941,Tabaporã,Mato Grosso,2017,9972,Tabaporã,0.0
6537,5107958,Tangará da Serra,Mato Grosso,2017,98389,Tangará da Serra,0.0
6538,5108006,Tapurah,Mato Grosso,2017,12627,Tapurah,0.0
6539,5108055,Terra Nova do Norte,Mato Grosso,2017,10932,Terra Nova do Norte,0.0
6540,5108105,Tesouro,Mato Grosso,2017,3197,Tesouro,0.0
6541,5108204,Torixoréu,Mato Grosso,2017,4166,Torixoréu,0.0
6542,5108303,União do Sul,Mato Grosso,2017,3844,União do Sul,0.0
6543,5108352,Vale de São domingos,Mato Grosso,2017,2987,Vale de São Domingos,0.0
6544,5108402,Várzea Grande,Mato Grosso,2017,286169,Várzea Grande,0.0
6545,5108600,Vila Rica,Mato Grosso,2017,20661,Vila Rica,0.0
6546,5108808,Nova Guarita,Mato Grosso,2017,4776,Nova Guarita,1.0
6547,5108857,Nova Marilândia,Mato Grosso,2017,3321,Nova Marilândia,0.0
6548,5108907,Nova Maringá,Mato Grosso,2017,6111,Nova Maringá,0.0
6549,5108956,Nova Monte Verde,Mato Grosso,2017,8364,Nova Monte Verde,1.0
6550,1100015,Alta Floresta D'oeste,Rondônia,2018,24068,Alta Floresta D'Oeste,2.0
6551,1100023,Ariquemes,Rondônia,2018,102718,Ariquemes,633.0
6552,1100031,Cabixi,Rondônia,2018,6117,Cabixi,1.0
6553,1100049,Cacoal,Rondônia,2018,90912,Cacoal,2.0
6554,1100056,Cerejeiras,Rondônia,2018,17306,Cerejeiras,0.0
6555,1100064,Colorado do Oeste,Rondônia,2018,17883,Colorado do Oeste,1.0
6556,1100072,Corumbiara,Rondônia,2018,8481,Corumbiara,0.0
6557,1100080,Costa Marques,Rondônia,2018,14034,Costa Marques,11.0
6558,1100098,Espigão D'oeste,Rondônia,2018,31789,Espigão D'Oeste,1.0
6559,1100106,Guajará-Mirim,Rondônia,2018,43756,Guajará-Mirim,316.0
6560,1100114,Jaru,Rondônia,2018,55264,Jaru,2.0
6561,1100122,Ji-Paraná,Rondônia,2018,132285,Ji-Paraná,8.0
6562,1100130,Machadinho D'oeste,Rondônia,2018,33735,Machadinho D'Oeste,337.0
6563,1100148,Nova Brasilândia D'oeste,Rondônia,2018,18300,Nova Brasilândia D'Oeste,0.0
6564,1100155,Ouro Preto do Oeste,Rondônia,2018,39382,Ouro Preto do Oeste,5.0
6565,1100189,Pimenta Bueno,Rondônia,2018,37558,Pimenta Bueno,0.0
6566,1100205,Porto Velho,Rondônia,2018,488561,Porto Velho,3374.0
6567,1100254,Presidente Médici,Rondônia,2018,21783,Presidente Médici,1.0
6568,1100262,Rio Crespo,Rondônia,2018,3646,Rio Crespo,54.0
6569,1100288,Rolim de Moura,Rondônia,2018,58329,Rolim de Moura,0.0
6570,1100296,Santa Luzia D'oeste,Rondônia,2018,8472,Santa Luzia D'Oeste,0.0
6571,1100304,Vilhena,Rondônia,2018,95523,Vilhena,12.0
6572,1100320,São Miguel do Guaporé,Rondônia,2018,22181,São Miguel do Guaporé,3.0
6573,1100338,Nova Mamoré,Rondônia,2018,26329,Nova Mamoré,194.0
6574,1100346,Alvorada D'oeste,Rondônia,2018,15436,Alvorada D'Oeste,6.0
6575,1100379,Alto Alegre dos Parecis,Rondônia,2018,12790,Alto Alegre dos Parecis,4.0
6576,1100403,Alto Paraíso,Rondônia,2018,17704,Alto Paraíso,202.0
6577,1100452,Buritis,Rondônia,2018,32368,Buritis,6.0
6578,1100502,Novo Horizonte do Oeste,Rondônia,2018,9135,Novo Horizonte do Oeste,1.0
6579,1100601,Cacaulândia,Rondônia,2018,4967,Cacaulândia,2.0
6580,1100700,Campo Novo de Rondônia,Rondônia,2018,10805,Campo Novo de Rondônia,7.0
6581,1100809,Candeias do Jamari,Rondônia,2018,22728,Candeias do Jamari,1701.0
6582,1100908,Castanheiras,Rondônia,2018,3568,Castanheiras,0.0
6583,1100924,Chupinguaia,Rondônia,2018,9524,Chupinguaia,2.0
6584,1100940,Cujubim,Rondônia,2018,16245,Cujubim,321.0
6585,1101005,Governador Jorge Teixeira,Rondônia,2018,9451,Governador Jorge Teixeira,0.0
6586,1101104,Itapuã do Oeste,Rondônia,2018,9131,Itapuã do Oeste,488.0
6587,1101203,Ministro Andreazza,Rondônia,2018,8276,Ministro Andreazza,0.0
6588,1101302,Mirante da Serra,Rondônia,2018,10870,Mirante da Serra,0.0
6589,1101401,Monte Negro,Rondônia,2018,13332,Monte Negro,13.0
6590,1101435,Nova União,Rondônia,2018,7136,Nova União,0.0
6591,1101450,Parecis,Rondônia,2018,4684,Parecis,0.0
6592,1101468,Pimenteiras do Oeste,Rondônia,2018,2348,Pimenteiras do Oeste,0.0
6593,1101476,Primavera de Rondônia,Rondônia,2018,3426,Primavera de Rondônia,0.0
6594,1101484,São Felipe D'oeste,Rondônia,2018,5923,São Felipe D'Oeste,0.0
6595,1101492,São Francisco do Guaporé,Rondônia,2018,17309,São Francisco do Guaporé,3.0
6596,1101500,Seringueiras,Rondônia,2018,13068,Seringueiras,4.0
6597,1101559,Teixeirópolis,Rondônia,2018,4781,Teixeirópolis,0.0
6598,1101609,Theobroma,Rondônia,2018,9584,Theobroma,5.0
6599,1101708,Urupá,Rondônia,2018,12338,Urupá,1.0
6600,1101757,Vale do Anari,Rondônia,2018,8962,Vale do Anari,9.0
6601,1101807,Vale do Paraíso,Rondônia,2018,7591,Vale do Paraíso,1.0
6602,1200013,Acrelândia,Acre,2018,14155,Acrelândia,100.0
6603,1200054,Assis Brasil,Acre,2018,7639,Assis Brasil,1.0
6604,1200104,Brasiléia,Acre,2018,25643,Brasiléia,1.0
6605,1200138,Bujari,Acre,2018,11616,Bujari,7.0
6606,1200179,Capixaba,Acre,2018,10338,Capixaba,4.0
6607,1200203,Cruzeiro do Sul,Acre,2018,93737,Cruzeiro do Sul,12932.0
6608,1200252,Epitaciolândia,Acre,2018,18188,Epitaciolândia,0.0
6609,1200302,Feijó,Acre,2018,37155,Feijó,6.0
6610,1200328,Jordão,Acre,2018,8645,Jordão,2.0
6611,1200336,Mâncio Lima,Acre,2018,18822,Mâncio Lima,7881.0
6612,1200344,Manoel Urbano,Acre,2018,10864,Manoel Urbano,2.0
6613,1200351,Marechal Thaumaturgo,Acre,2018,17165,Marechal Thaumaturgo,76.0
6614,1200385,Plácido de Castro,Acre,2018,17828,Plácido de Castro,12.0
6615,1200393,Porto Walter,Acre,2018,10887,Porto Walter,78.0
6616,1200401,Rio Branco,Acre,2018,382428,Rio Branco,89.0
6617,1200427,Rodrigues Alves,Acre,2018,15788,Rodrigues Alves,4181.0
6618,1200435,Santa Rosa do Purus,Acre,2018,6113,Santa Rosa do Purus,0.0
6619,1200450,Senador Guiomard,Acre,2018,22256,Senador Guiomard,236.0
6620,1200500,Sena Madureira,Acre,2018,43318,Sena Madureira,0.0
6621,1200609,Tarauacá,Acre,2018,43692,Tarauacá,152.0
6622,1200708,Xapuri,Acre,2018,18353,Xapuri,9.0
6623,1200807,Porto Acre,Acre,2018,16874,Porto Acre,35.0
6624,1300029,Alvarães,Amazonas,2018,16016,Alvarães,1293.0
6625,1300060,Amaturá,Amazonas,2018,10728,Amaturá,6.0
6626,1300086,Anamã,Amazonas,2018,10468,Anamã,7.0
6627,1300102,Anori,Amazonas,2018,17727,Anori,2.0
6628,1300144,Apuí,Amazonas,2018,20511,Apuí,63.0
6629,1300201,Atalaia do Norte,Amazonas,2018,15904,Atalaia do Norte,2163.0
6630,1300300,Autazes,Amazonas,2018,40070,Autazes,289.0
6631,1300409,Barcelos,Amazonas,2018,21260,Barcelos,6419.0
6632,1300508,Barreirinha,Amazonas,2018,31790,Barreirinha,1.0
6633,1300607,Benjamin Constant,Amazonas,2018,38499,Benjamin Constant,54.0
6634,1300631,Beruri,Amazonas,2018,19535,Beruri,363.0
6635,1300680,Boa Vista do Ramos,Amazonas,2018,20952,Boa Vista do Ramos,0.0
6636,1300706,Boca do Acre,Amazonas,2018,35788,Boca do Acre,259.0
6637,1300805,Borba,Amazonas,2018,35930,Borba,474.0
6638,1300839,Caapiranga,Amazonas,2018,13152,Caapiranga,176.0
6639,1300904,Canutama,Amazonas,2018,16407,Canutama,1427.0
6640,1301001,Carauari,Amazonas,2018,29541,Carauari,1816.0
6641,1301100,Careiro,Amazonas,2018,33378,Careiro,252.0
6642,1301159,Careiro da Várzea,Amazonas,2018,21847,Careiro da Várzea,213.0
6643,1301209,Coari,Amazonas,2018,76801,Coari,3134.0
6644,1301308,Codajás,Amazonas,2018,24325,Codajás,11.0
6645,1301407,Eirunepé,Amazonas,2018,34599,Eirunepé,142.0
6646,1301506,Envira,Amazonas,2018,17707,Envira,79.0
6647,1301605,Fonte Boa,Amazonas,2018,26409,Fonte Boa,28.0
6648,1301654,Guajará,Amazonas,2018,14650,Guajará,2043.0
6649,1301704,Humaitá,Amazonas,2018,54942,Humaitá,1025.0
6650,1301803,Ipixuna,Amazonas,2018,24779,Ipixuna,1015.0
6651,1301852,Iranduba,Amazonas,2018,55734,Iranduba,1353.0
6652,1301902,Itacoatiara,Amazonas,2018,103871,Itacoatiara,710.0
6653,1301951,Itamarati,Amazonas,2018,10226,Itamarati,527.0
6654,1302009,Itapiranga,Amazonas,2018,9860,Itapiranga,230.0
6655,1302108,Japurá,Amazonas,2018,8566,Japurá,400.0
6656,1302207,Juruá,Amazonas,2018,11356,Juruá,285.0
6657,1302306,Jutaí,Amazonas,2018,23880,Jutaí,1531.0
6658,1302405,Lábrea,Amazonas,2018,44774,Lábrea,2870.0
6659,1302504,Manacapuru,Amazonas,2018,101532,Manacapuru,1069.0
6660,1302553,Manaquiri,Amazonas,2018,19638,Manaquiri,56.0
6661,1302603,Manaus,Amazonas,2018,2119311,Manaus,8370.0
6662,1302702,Manicoré,Amazonas,2018,53759,Manicoré,900.0
6663,1302801,Maraã,Amazonas,2018,16792,Maraã,534.0
6664,1302900,Maués,Amazonas,2018,61092,Maués,868.0
6665,1303007,Nhamundá,Amazonas,2018,20242,Nhamundá,171.0
6666,1303106,Nova Olinda do Norte,Amazonas,2018,29812,Nova Olinda do Norte,5.0
6667,1303205,Novo Airão,Amazonas,2018,16108,Novo Airão,519.0
6668,1303304,Novo Aripuanã,Amazonas,2018,23829,Novo Aripuanã,396.0
6669,1303403,Parintins,Amazonas,2018,105312,Parintins,4.0
6670,1303502,Pauini,Amazonas,2018,19910,Pauini,322.0
6671,1303536,Presidente Figueiredo,Amazonas,2018,31168,Presidente Figueiredo,1583.0
6672,1303569,Rio Preto da Eva,Amazonas,2018,26197,Rio Preto da Eva,1318.0
6673,1303601,Santa Isabel do Rio Negro,Amazonas,2018,16143,Santa Isabel do Rio Negro,3242.0
6674,1303700,Santo Antônio do Içá,Amazonas,2018,28224,Santo Antônio do Içá,1063.0
6675,1303809,São Gabriel da Cachoeira,Amazonas,2018,48179,São Gabriel da Cachoeira,15516.0
6676,1303908,São Paulo de Olivença,Amazonas,2018,34116,São Paulo de Olivença,80.0
6677,1303957,São Sebastião do Uatumã,Amazonas,2018,11889,São Sebastião do Uatumã,429.0
6678,1304005,Silves,Amazonas,2018,10843,Silves,83.0
6679,1304062,Tabatinga,Amazonas,2018,64480,Tabatinga,146.0
6680,1304104,Tapauá,Amazonas,2018,19921,Tapauá,1889.0
6681,1304203,Tefé,Amazonas,2018,72816,Tefé,3925.0
6682,1304237,Tonantins,Amazonas,2018,19163,Tonantins,5.0
6683,1304260,Uarini,Amazonas,2018,14182,Uarini,258.0
6684,1304302,Urucará,Amazonas,2018,19021,Urucará,92.0
6685,1304401,Urucurituba,Amazonas,2018,22822,Urucurituba,0.0
6686,1400027,Amajari,Roraima,2018,12472,Amajari,1445.0
6687,1400050,Alto Alegre,Roraima,2018,19687,Alto Alegre,2047.0
6688,1400100,Boa Vista,Roraima,2018,380935,Boa Vista,301.0
6689,1400159,Bonfim,Roraima,2018,13202,Bonfim,144.0
6690,1400175,Cantá,Roraima,2018,17297,Cantá,3187.0
6691,1400209,Caracaraí,Roraima,2018,20462,Caracaraí,2603.0
6692,1400233,Caroebe,Roraima,2018,9977,Caroebe,271.0
6693,1400282,Iracema,Roraima,2018,9737,Iracema,886.0
6694,1400308,Mucajaí,Roraima,2018,17270,Mucajaí,967.0
6695,1400407,Normandia,Roraima,2018,12392,Normandia,20.0
6696,1400456,Pacaraima,Roraima,2018,16065,Pacaraima,1593.0
6697,1400472,Rorainópolis,Roraima,2018,30592,Rorainópolis,3620.0
6698,1400506,São João da Baliza,Roraima,2018,8307,São João da Baliza,401.0
6699,1400605,São Luiz,Roraima,2018,7204,São Luiz,222.0
6700,1400704,Uiramutã,Roraima,2018,11898,Uiramutã,661.0
6701,1500107,Abaetetuba,Pará,2018,160270,Abaetetuba,5.0
6702,1500131,Abel Figueiredo,Pará,2018,6684,Abel Figueiredo,0.0
6703,1500206,Acará,Pará,2018,60070,Acará,0.0
6704,1500305,Afuá,Pará,2018,38801,Afuá,671.0
6705,1500347,Água Azul do Norte,Pará,2018,21111,Água Azul do Norte,1.0
6706,1500404,Alenquer,Pará,2018,65496,Alenquer,335.0
6707,1500503,Almeirim,Pará,2018,35927,Almeirim,651.0
6708,1500602,Altamira,Pará,2018,121291,Altamira,163.0
6709,1500701,Anajás,Pará,2018,28271,Anajás,4831.0
6710,1500800,Ananindeua,Pará,2018,501960,Ananindeua,15.0
6711,1500859,Anapu,Pará,2018,28289,Anapu,3.0
6712,1500909,Augusto Corrêa,Pará,2018,45897,Augusto Corrêa,2.0
6713,1500958,Aurora do Pará,Pará,2018,25853,Aurora do Pará,6.0
6714,1501006,Aveiro,Pará,2018,17933,Aveiro,1.0
6715,1501105,Bagre,Pará,2018,29968,Bagre,5768.0
6716,1501204,Baião,Pará,2018,48698,Baião,447.0
6717,1501253,Bannach,Pará,2018,3986,Bannach,0.0
6718,1501303,Barcarena,Pará,2018,122013,Barcarena,0.0
6719,1501402,Belém,Pará,2018,1426914,Belém,13.0
6720,1501451,Belterra,Pará,2018,18116,Belterra,1.0
6721,1501501,Benevides,Pará,2018,61510,Benevides,0.0
6722,1501576,Bom Jesus do Tocantins,Pará,2018,17782,Bom Jesus do Tocantins,2.0
6723,1501600,Bonito,Pará,2018,13619,Bonito,0.0
6724,1501709,Bragança,Pará,2018,126621,Bragança,1.0
6725,1501725,Brasil Novo,Pará,2018,21533,Brasil Novo,0.0
6726,1501758,Brejo Grande do Araguaia,Pará,2018,7372,Brejo Grande do Araguaia,0.0
6727,1501782,Breu Branco,Pará,2018,51690,Breu Branco,38.0
6728,1501808,Breves,Pará,2018,106791,Breves,1226.0
6729,1501907,Bujaru,Pará,2018,25908,Bujaru,0.0
6730,1501956,Cachoeira do Piriá,Pará,2018,22919,Cachoeira do Piriá,125.0
6731,1502004,Cachoeira do Arari,Pará,2018,23489,Cachoeira do Arari,2.0
6732,1502103,Cametá,Pará,2018,136968,Cametá,8000.0
6733,1502152,Canaã dos Carajás,Pará,2018,53722,Canaã dos Carajás,0.0
6734,1502202,Capanema,Pará,2018,71202,Capanema,0.0
6735,1502301,Capitão Poço,Pará,2018,57525,Capitão Poço,0.0
6736,1502400,Castanhal,Pará,2018,196296,Castanhal,0.0
6737,1502509,Chaves,Pará,2018,21612,Chaves,433.0
6738,1502608,Colares,Pará,2018,12892,Colares,1.0
6739,1502707,Conceição do Araguaia,Pará,2018,47694,Conceição do Araguaia,0.0
6740,1502756,Concórdia do Pará,Pará,2018,29002,Concórdia do Pará,0.0
6741,1502764,Cumaru do Norte,Pará,2018,12980,Cumaru do Norte,2.0
6742,1502772,Curionópolis,Pará,2018,20267,Curionópolis,1.0
6743,1502806,Curralinho,Pará,2018,33870,Curralinho,1906.0
6744,1502855,Curuá,Pará,2018,14005,Curuá,2.0
6745,1502905,Curuçá,Pará,2018,40921,Curuçá,0.0
6746,1502939,dom Eliseu,Pará,2018,58907,Dom Eliseu,0.0
6747,1502954,Eldorado do Carajás,Pará,2018,31701,Eldorado do Carajás,1.0
6748,1503002,Faro,Pará,2018,8924,Faro,44.0
6749,1503044,Floresta do Araguaia,Pará,2018,18758,Floresta do Araguaia,0.0
6750,1503077,Garrafão do Norte,Pará,2018,26048,Garrafão do Norte,0.0
6751,1503093,Goianésia do Pará,Pará,2018,30990,Goianésia do Pará,27.0
6752,1503101,Gurupá,Pará,2018,32569,Gurupá,28.0
6753,1503200,Igarapé-Açu,Pará,2018,37815,Igarapé-Açu,0.0
6754,1503309,Igarapé-Miri,Pará,2018,65856,Igarapé-Miri,9.0
6755,1503408,Inhangapi,Pará,2018,10602,Inhangapi,0.0
6756,1503457,Ipixuna do Pará,Pará,2018,36928,Ipixuna do Pará,4.0
6757,1503507,Irituia,Pará,2018,32967,Irituia,0.0
6758,1503606,Itaituba,Pará,2018,118216,Itaituba,2564.0
6759,1503705,Itupiranga,Pará,2018,54232,Itupiranga,35.0
6760,1503754,Jacareacanga,Pará,2018,19454,Jacareacanga,906.0
6761,1503804,Jacundá,Pará,2018,45037,Jacundá,4.0
6762,1503903,Juruti,Pará,2018,52351,Juruti,0.0
6763,1504000,Limoeiro do Ajuru,Pará,2018,29319,Limoeiro do Ajuru,1220.0
6764,1504059,Mãe do Rio,Pará,2018,33600,Mãe do Rio,0.0
6765,1504109,Magalhães Barata,Pará,2018,8488,Magalhães Barata,0.0
6766,1504208,Marabá,Pará,2018,274417,Marabá,9.0
6767,1504307,Maracanã,Pará,2018,28413,Maracanã,1.0
6768,1504406,Marapanim,Pará,2018,28020,Marapanim,0.0
6769,1504422,Marituba,Pará,2018,116612,Marituba,0.0
6770,1504455,Medicilândia,Pará,2018,28617,Medicilândia,1.0
6771,1504505,Melgaço,Pará,2018,28026,Melgaço,113.0
6772,1504604,Mocajuba,Pará,2018,28708,Mocajuba,768.0
6773,1504703,Moju,Pará,2018,83097,Moju,12.0
6774,1504752,Mojuí dos Campos,Pará,2018,20296,Mojuí dos Campos,2.0
6775,1504802,Monte Alegre,Pará,2018,61129,Monte Alegre,3.0
6776,1504901,Muaná,Pará,2018,42969,Muaná,283.0
6777,1504950,Nova Esperança do Piriá,Pará,2018,21309,Nova Esperança do Piriá,85.0
6778,1504976,Nova Ipixuna,Pará,2018,15030,Nova Ipixuna,0.0
6779,1505007,Nova Timboteua,Pará,2018,13701,Nova Timboteua,0.0
6780,1505031,Novo Progresso,Pará,2018,31349,Novo Progresso,374.0
6781,1505064,Novo Repartimento,Pará,2018,65721,Novo Repartimento,347.0
6782,1505106,Óbidos,Pará,2018,53881,Óbidos,20.0
6783,1505205,Oeiras do Pará,Pará,2018,33805,Oeiras do Pará,11169.0
6784,1505304,Oriximiná,Pará,2018,69428,Oriximiná,203.0
6785,1505403,Ourém,Pará,2018,18022,Ourém,0.0
6786,1505437,Ourilândia do Norte,Pará,2018,32245,Ourilândia do Norte,156.0
6787,1505486,Pacajá,Pará,2018,43638,Pacajá,451.0
6788,1505494,Palestina do Pará,Pará,2018,7491,Palestina do Pará,0.0
6789,1505502,Paragominas,Pará,2018,108953,Paragominas,74.0
6790,1505536,Parauapebas,Pará,2018,231434,Parauapebas,4.0
6791,1505601,Peixe-Boi,Pará,2018,8476,Peixe-Boi,0.0
6792,1505635,Piçarra,Pará,2018,13452,Piçarra,0.0
6793,1505650,Placas,Pará,2018,21228,Placas,1.0
6794,1505700,Ponta de Pedras,Pará,2018,26503,Ponta de Pedras,101.0
6795,1505809,Portel,Pará,2018,61749,Portel,1356.0
6796,1505908,Porto de Moz,Pará,2018,40796,Porto de Moz,1.0
6797,1506005,Prainha,Pará,2018,34886,Prainha,5.0
6798,1506104,Primavera,Pará,2018,11007,Primavera,0.0
6799,1506112,Quatipuru,Pará,2018,12278,Quatipuru,0.0
6800,1506138,Redenção,Pará,2018,86544,Redenção,2.0
6801,1506161,Rio Maria,Pará,2018,18943,Rio Maria,0.0
6802,1506187,Rondon do Pará,Pará,2018,54535,Rondon do Pará,0.0
6803,1506195,Rurópolis,Pará,2018,39654,Rurópolis,3.0
6804,1506203,Salinópolis,Pará,2018,44060,Salinópolis,0.0
6805,1506302,Salvaterra,Pará,2018,23364,Salvaterra,0.0
6806,1506351,Santa Bárbara do Pará,Pará,2018,20265,Santa Bárbara do Pará,1.0
6807,1506401,Santa Cruz do Arari,Pará,2018,7975,Santa Cruz do Arari,8.0
6808,1506500,Santa Izabel do Pará,Pará,2018,70719,Santa Izabel do Pará,0.0
6809,1506559,Santa Luzia do Pará,Pará,2018,20881,Santa Luzia do Pará,1.0
6810,1506583,Santa Maria das Barreiras,Pará,2018,17524,Santa Maria das Barreiras,1.0
6811,1506609,Santa Maria do Pará,Pará,2018,24814,Santa Maria do Pará,0.0
6812,1506708,Santana do Araguaia,Pará,2018,41170,Santana do Araguaia,0.0
6813,1506807,Santarém,Pará,2018,328417,Santarém,15.0
6814,1506906,Santarém Novo,Pará,2018,6383,Santarém Novo,0.0
6815,1507003,Santo Antônio do Tauá,Pará,2018,28614,Santo Antônio do Tauá,0.0
6816,1507102,São Caetano de Odivelas,Pará,2018,17413,São Caetano de Odivelas,0.0
6817,1507151,São domingos do Araguaia,Pará,2018,23131,São Domingos do Araguaia,0.0
6818,1507201,São domingos do Capim,Pará,2018,32545,São Domingos do Capim,4.0
6819,1507300,São Félix do Xingu,Pará,2018,77919,São Félix do Xingu,11.0
6820,1507409,São Francisco do Pará,Pará,2018,15507,São Francisco do Pará,0.0
6821,1507458,São Geraldo do Araguaia,Pará,2018,26076,São Geraldo do Araguaia,0.0
6822,1507466,São João da Ponta,Pará,2018,4895,São João da Ponta,0.0
6823,1507474,São João de Pirabas,Pará,2018,21496,São João de Pirabas,0.0
6824,1507508,São João do Araguaia,Pará,2018,14242,São João do Araguaia,0.0
6825,1507607,São Miguel do Guamá,Pará,2018,55212,São Miguel do Guamá,1.0
6826,1507706,São Sebastião da Boa Vista,Pará,2018,25933,São Sebastião da Boa Vista,385.0
6827,1507755,Sapucaia,Pará,2018,5782,Sapucaia,0.0
6828,1507805,Senador José Porfírio,Pará,2018,18992,Senador José Porfírio,0.0
6829,1507904,Soure,Pará,2018,24702,Soure,1.0
6830,1507953,Tailândia,Pará,2018,78586,Tailândia,0.0
6831,1507961,Terra Alta,Pará,2018,10739,Terra Alta,0.0
6832,1507979,Terra Santa,Pará,2018,18704,Terra Santa,1.0
6833,1508001,Tomé-Açu,Pará,2018,66324,Tomé-Açu,2.0
6834,1508035,Tracuateua,Pará,2018,29955,Tracuateua,0.0
6835,1508050,Trairão,Pará,2018,16425,Trairão,15.0
6836,1508084,Tucumã,Pará,2018,39436,Tucumã,8.0
6837,1508100,Tucuruí,Pará,2018,100814,Tucuruí,917.0
6838,1508126,Ulianópolis,Pará,2018,42481,Ulianópolis,0.0
6839,1508159,Uruará,Pará,2018,46593,Uruará,0.0
6840,1508209,Vigia,Pará,2018,52211,Vigia,0.0
6841,1508308,Viseu,Pará,2018,61746,Viseu,2.0
6842,1508357,Vitória do Xingu,Pará,2018,15308,Vitória do Xingu,1.0
6843,1508407,Xinguara,Pará,2018,50401,Xinguara,0.0
6844,1600055,Serra do Navio,Amapá,2018,4854,Serra do Navio,543.0
6845,1600105,Amapá,Amapá,2018,8516,Amapá,15.0
6846,1600154,Pedra Branca do Amapari,Amapá,2018,12696,Pedra Branca do Amapari,1593.0
6847,1600204,Calçoene,Amapá,2018,10670,Calçoene,571.0
6848,1600212,Cutias,Amapá,2018,4886,Cutias,14.0
6849,1600238,Ferreira Gomes,Amapá,2018,6804,Ferreira Gomes,61.0
6850,1600253,Itaubal,Amapá,2018,5342,Itaubal,13.0
6851,1600279,Laranjal do Jari,Amapá,2018,40712,Laranjal do Jari,352.0
6852,1600303,Macapá,Amapá,2018,465477,Macapá,1406.0
6853,1600402,Mazagão,Amapá,2018,21315,Mazagão,2845.0
6854,1600501,Oiapoque,Amapá,2018,26655,Oiapoque,1483.0
6855,1600535,Porto Grande,Amapá,2018,18730,Porto Grande,2257.0
6856,1600550,Pracuúba,Amapá,2018,4120,Pracuúba,6.0
6857,1600600,Santana,Amapá,2018,115622,Santana,2812.0
6858,1600709,Tartarugalzinho,Amapá,2018,13801,Tartarugalzinho,331.0
6859,1600808,Vitória do Jari,Amapá,2018,12584,Vitória do Jari,19.0
6860,1700251,Abreulândia,Tocantins,2018,2590,Abreulândia,0.0
6861,1700400,Almas,Tocantins,2018,7057,Almas,0.0
6862,1701002,Ananás,Tocantins,2018,10520,Ananás,0.0
6863,1701903,Araguacema,Tocantins,2018,6214,Araguacema,0.0
6864,1702109,Araguaína,Tocantins,2018,170483,Araguaína,0.0
6865,1702208,Araguatins,Tocantins,2018,33153,Araguatins,5.0
6866,1702554,Augustinópolis,Tocantins,2018,17514,Augustinópolis,0.0
6867,1702703,Aurora do Tocantins,Tocantins,2018,3500,Aurora do Tocantins,0.0
6868,1702901,Axixá do Tocantins,Tocantins,2018,10089,Axixá do Tocantins,0.0
6869,1703008,Babaçulândia,Tocantins,2018,8895,Babaçulândia,0.0
6870,1703800,Buriti do Tocantins,Tocantins,2018,10426,Buriti do Tocantins,0.0
6871,1703891,Carrasco Bonito,Tocantins,2018,3555,Carrasco Bonito,0.0
6872,1703909,Caseara,Tocantins,2018,4877,Caseara,0.0
6873,1705607,Conceição do Tocantins,Tocantins,2018,4083,Conceição do Tocantins,0.0
6874,1707405,Esperantina,Tocantins,2018,8458,Esperantina,0.0
6875,1710508,Itacajá,Tocantins,2018,7155,Itacajá,0.0
6876,1710706,Itaguatins,Tocantins,2018,5620,Itaguatins,0.0
6877,1711803,Juarina,Tocantins,2018,2292,Juarina,0.0
6878,1712504,Marianópolis do Tocantins,Tocantins,2018,4660,Marianópolis do Tocantins,0.0
6879,1712801,Maurilândia do Tocantins,Tocantins,2018,3212,Maurilândia do Tocantins,0.0
6880,1713304,Miranorte,Tocantins,2018,13083,Miranorte,1.0
6881,1714203,Natividade,Tocantins,2018,9115,Natividade,0.0
6882,1718204,Porto Nacional,Tocantins,2018,60386,Porto Nacional,0.0
6883,1718303,Praia Norte,Tocantins,2018,8914,Praia Norte,0.0
6884,1718550,Riachinho,Tocantins,2018,4191,Riachinho,0.0
6885,1718808,Sampaio,Tocantins,2018,4230,Sampaio,0.0
6886,1718840,Sandolândia,Tocantins,2018,3697,Sandolândia,0.0
6887,1718865,Santa Fé do Araguaia,Tocantins,2018,7189,Santa Fé do Araguaia,0.0
6888,1719004,Santa Tereza do Tocantins,Tocantins,2018,2751,Santa Tereza do Tocantins,0.0
6889,1720101,São Bento do Tocantins,Tocantins,2018,5488,São Bento do Tocantins,0.0
6890,1720150,São Félix do Tocantins,Tocantins,2018,1714,São Félix do Tocantins,0.0
6891,1720309,São Sebastião do Tocantins,Tocantins,2018,4308,São Sebastião do Tocantins,0.0
6892,1720804,Sítio Novo do Tocantins,Tocantins,2018,10576,Sítio Novo do Tocantins,0.0
6893,1720903,Taguatinga,Tocantins,2018,14849,Taguatinga,0.0
6894,1720937,Taipas do Tocantins,Tocantins,2018,2035,Taipas do Tocantins,0.0
6895,1721000,Palmas,Tocantins,2018,285315,Palmas,0.0
6896,1721208,Tocantinópolis,Tocantins,2018,23365,Tocantinópolis,0.0
6897,1722107,Xambioá,Tocantins,2018,11150,Xambioá,0.0
6898,2100055,Açailândia,Maranhão,2018,109471,Açailândia,0.0
6899,2100154,Água doce do Maranhão,Maranhão,2018,12248,Água Doce do Maranhão,0.0
6900,2100204,Alcântara,Maranhão,2018,20440,Alcântara,1.0
6901,2100303,Aldeias Altas,Maranhão,2018,24331,Aldeias Altas,0.0
6902,2100402,Altamira do Maranhão,Maranhão,2018,6998,Altamira do Maranhão,0.0
6903,2100436,Alto Alegre do Maranhão,Maranhão,2018,25370,Alto Alegre do Maranhão,1.0
6904,2100477,Alto Alegre do Pindaré,Maranhão,2018,29121,Alto Alegre do Pindaré,0.0
6905,2100550,Amapá do Maranhão,Maranhão,2018,7076,Amapá do Maranhão,7.0
6906,2100600,Amarante do Maranhão,Maranhão,2018,38903,Amarante do Maranhão,0.0
6907,2100808,Anapurus,Maranhão,2018,14327,Anapurus,0.0
6908,2100832,Apicum-Açu,Maranhão,2018,16956,Apicum-Açu,0.0
6909,2100873,Araguanã,Maranhão,2018,12775,Araguanã,9.0
6910,2100956,Arame,Maranhão,2018,29111,Arame,1.0
6911,2101004,Arari,Maranhão,2018,30067,Arari,0.0
6912,2101103,Axixá,Maranhão,2018,12063,Axixá,0.0
6913,2101202,Bacabal,Maranhão,2018,105590,Bacabal,0.0
6914,2101251,Bacabeira,Maranhão,2018,16525,Bacabeira,0.0
6915,2101301,Bacuri,Maranhão,2018,17180,Bacuri,0.0
6916,2101400,Balsas,Maranhão,2018,96672,Balsas,0.0
6917,2101608,Barra do Corda,Maranhão,2018,86690,Barra do Corda,4.0
6918,2101707,Barreirinhas,Maranhão,2018,63534,Barreirinhas,0.0
6919,2101731,Belágua,Maranhão,2018,8008,Belágua,0.0
6920,2101772,Bela Vista do Maranhão,Maranhão,2018,11462,Bela Vista do Maranhão,0.0
6921,2101806,Benedito Leite,Maranhão,2018,5564,Benedito Leite,0.0
6922,2101905,Bequimão,Maranhão,2018,20722,Bequimão,0.0
6923,2101939,Bernardo do Mearim,Maranhão,2018,5867,Bernardo do Mearim,0.0
6924,2101970,Boa Vista do Gurupi,Maranhão,2018,7644,Boa Vista do Gurupi,0.0
6925,2102002,Bom Jardim,Maranhão,2018,37098,Bom Jardim,2.0
6926,2102036,Bom Jesus das Selvas,Maranhão,2018,29621,Bom Jesus das Selvas,0.0
6927,2102101,Brejo,Maranhão,2018,35339,Brejo,0.0
6928,2102150,Brejo de Areia,Maranhão,2018,10098,Brejo de Areia,0.0
6929,2102200,Buriti,Maranhão,2018,29616,Buriti,0.0
6930,2102309,Buriti Bravo,Maranhão,2018,23360,Buriti Bravo,0.0
6931,2102325,Buriticupu,Maranhão,2018,62206,Buriticupu,0.0
6932,2102358,Buritirana,Maranhão,2018,14139,Buritirana,0.0
6933,2102374,Cachoeira Grande,Maranhão,2018,9491,Cachoeira Grande,0.0
6934,2102408,Cajapió,Maranhão,2018,10784,Cajapió,0.0
6935,2102507,Cajari,Maranhão,2018,17792,Cajari,0.0
6936,2102556,Campestre do Maranhão,Maranhão,2018,13085,Campestre do Maranhão,0.0
6937,2102606,Cândido Mendes,Maranhão,2018,20006,Cândido Mendes,6.0
6938,2102705,Cantanhede,Maranhão,2018,23128,Cantanhede,0.0
6939,2102754,Capinzal do Norte,Maranhão,2018,11423,Capinzal do Norte,0.0
6940,2102903,Carutapera,Maranhão,2018,23976,Carutapera,0.0
6941,2103000,Caxias,Maranhão,2018,162711,Caxias,0.0
6942,2103109,Cedral,Maranhão,2018,10575,Cedral,0.0
6943,2103125,Central do Maranhão,Maranhão,2018,7655,Central do Maranhão,0.0
6944,2103158,Centro do Guilherme,Maranhão,2018,12120,Centro do Guilherme,0.0
6945,2103174,Centro Novo do Maranhão,Maranhão,2018,17963,Centro Novo do Maranhão,42.0
6946,2103208,Chapadinha,Maranhão,2018,80869,Chapadinha,0.0
6947,2103257,Cidelândia,Maranhão,2018,13602,Cidelândia,0.0
6948,2103307,Codó,Maranhão,2018,120703,Codó,0.0
6949,2103505,Colinas,Maranhão,2018,41257,Colinas,1.0
6950,2103554,Conceição do Lago-Açu,Maranhão,2018,15302,Conceição do Lago-Açu,0.0
6951,2103604,Coroatá,Maranhão,2018,62650,Coroatá,0.0
6952,2103703,Cururupu,Maranhão,2018,33022,Cururupu,0.0
6953,2103752,davinópolis,Maranhão,2018,13945,Davinópolis,0.0
6954,2103802,dom Pedro,Maranhão,2018,23511,Dom Pedro,0.0
6955,2103901,Duque Bacelar,Maranhão,2018,10766,Duque Bacelar,0.0
6956,2104008,Esperantinópolis,Maranhão,2018,18770,Esperantinópolis,0.0
6957,2104057,Estreito,Maranhão,2018,35729,Estreito,0.0
6958,2104099,Formosa da Serra Negra,Maranhão,2018,18037,Formosa da Serra Negra,0.0
6959,2104206,Fortuna,Maranhão,2018,17539,Fortuna,0.0
6960,2104305,Godofredo Viana,Maranhão,2018,10458,Godofredo Viana,1.0
6961,2104404,Gonçalves Dias,Maranhão,2018,17772,Gonçalves Dias,0.0
6962,2104503,Governador Archer,Maranhão,2018,10545,Governador Archer,0.0
6963,2104552,Governador Edison Lobão,Maranhão,2018,17743,Governador Edison Lobão,0.0
6964,2104602,Governador Eugênio Barros,Maranhão,2018,14294,Governador Eugênio Barros,0.0
6965,2104628,Governador Luiz Rocha,Maranhão,2018,7377,Governador Luiz Rocha,0.0
6966,2104651,Governador Newton Bello,Maranhão,2018,10973,Governador Newton Bello,0.0
6967,2104677,Governador Nunes Freire,Maranhão,2018,25016,Governador Nunes Freire,1.0
6968,2104701,Graça Aranha,Maranhão,2018,6215,Graça Aranha,0.0
6969,2104800,Grajaú,Maranhão,2018,70896,Grajaú,13.0
6970,2104909,Guimarães,Maranhão,2018,11320,Guimarães,0.0
6971,2105005,Humberto de Campos,Maranhão,2018,27172,Humberto de Campos,0.0
6972,2105104,Icatu,Maranhão,2018,25909,Icatu,0.0
6973,2105153,Igarapé do Meio,Maranhão,2018,13838,Igarapé do Meio,0.0
6974,2105203,Igarapé Grande,Maranhão,2018,10637,Igarapé Grande,0.0
6975,2105302,Imperatriz,Maranhão,2018,270748,Imperatriz,0.0
6976,2105351,Itaipava do Grajaú,Maranhão,2018,14365,Itaipava do Grajaú,3.0
6977,2105401,Itapecuru Mirim,Maranhão,2018,63525,Itapecuru Mirim,0.0
6978,2105427,Itinga do Maranhão,Maranhão,2018,24187,Itinga do Maranhão,0.0
6979,2105450,Jatobá,Maranhão,2018,8165,Jatobá,0.0
6980,2105476,Jenipapo dos Vieiras,Maranhão,2018,16810,Jenipapo dos Vieiras,124.0
6981,2105500,João Lisboa,Maranhão,2018,25067,João Lisboa,0.0
6982,2105609,Joselândia,Maranhão,2018,15586,Joselândia,0.0
6983,2105658,Junco do Maranhão,Maranhão,2018,5174,Junco do Maranhão,0.0
6984,2105708,Lago da Pedra,Maranhão,2018,46706,Lago da Pedra,0.0
6985,2105906,Lago Verde,Maranhão,2018,15546,Lago Verde,0.0
6986,2105948,Lago dos Rodrigues,Maranhão,2018,9059,Lago dos Rodrigues,0.0
6987,2105963,Lagoa Grande do Maranhão,Maranhão,2018,11344,Lagoa Grande do Maranhão,5.0
6988,2105989,Lajeado Novo,Maranhão,2018,7179,Lajeado Novo,0.0
6989,2106003,Lima Campos,Maranhão,2018,11652,Lima Campos,0.0
6990,2106201,Luís domingues,Maranhão,2018,7082,Luís Domingues,0.0
6991,2106326,Maracaçumé,Maranhão,2018,20825,Maracaçumé,3.0
6992,2106359,Marajá do Sena,Maranhão,2018,7601,Marajá do Sena,8.0
6993,2106375,Maranhãozinho,Maranhão,2018,13900,Maranhãozinho,1.0
6994,2106409,Mata Roma,Maranhão,2018,16780,Mata Roma,0.0
6995,2106508,Matinha,Maranhão,2018,22658,Matinha,0.0
6996,2106607,Matões,Maranhão,2018,33229,Matões,0.0
6997,2106631,Matões do Norte,Maranhão,2018,16413,Matões do Norte,0.0
6998,2106672,Milagres do Maranhão,Maranhão,2018,8869,Milagres do Maranhão,0.0
6999,2106755,Miranda do Norte,Maranhão,2018,25013,Miranda do Norte,0.0
7000,2106805,Mirinzal,Maranhão,2018,14456,Mirinzal,0.0
7001,2106904,Monção,Maranhão,2018,30181,Monção,0.0
7002,2107001,Montes Altos,Maranhão,2018,9476,Montes Altos,0.0
7003,2107100,Morros,Maranhão,2018,18842,Morros,0.0
7004,2107357,Nova Olinda do Maranhão,Maranhão,2018,16681,Nova Olinda do Maranhão,2.0
7005,2107407,Olho D'água das Cunhãs,Maranhão,2018,18718,Olho d'Água das Cunhãs,0.0
7006,2107456,Olinda Nova do Maranhão,Maranhão,2018,13829,Olinda Nova do Maranhão,0.0
7007,2107506,Paço do Lumiar,Maranhão,2018,130143,Paço do Lumiar,0.0
7008,2107605,Palmeirândia,Maranhão,2018,20616,Palmeirândia,0.0
7009,2107704,Paraibano,Maranhão,2018,19459,Paraibano,0.0
7010,2107803,Parnarama,Maranhão,2018,33234,Parnarama,0.0
7011,2108009,Pastos Bons,Maranhão,2018,19045,Pastos Bons,0.0
7012,2108108,Paulo Ramos,Maranhão,2018,20999,Paulo Ramos,0.0
7013,2108207,Pedreiras,Maranhão,2018,39383,Pedreiras,0.0
7014,2108256,Pedro do Rosário,Maranhão,2018,24487,Pedro do Rosário,0.0
7015,2108306,Penalva,Maranhão,2018,34830,Penalva,0.0
7016,2108405,Peri Mirim,Maranhão,2018,12644,Peri Mirim,0.0
7017,2108454,Peritoró,Maranhão,2018,21497,Peritoró,1.0
7018,2108504,Pindaré-Mirim,Maranhão,2018,32626,Pindaré-Mirim,3.0
7019,2108603,Pinheiro,Maranhão,2018,84439,Pinheiro,0.0
7020,2108702,Pio Xii,Maranhão,2018,22745,Pio XII,0.0
7021,2108801,Pirapemas,Maranhão,2018,18374,Pirapemas,0.0
7022,2108900,Poção de Pedras,Maranhão,2018,18906,Poção de Pedras,0.0
7023,2109007,Porto Franco,Maranhão,2018,23340,Porto Franco,0.0
7024,2109056,Porto Rico do Maranhão,Maranhão,2018,6171,Porto Rico do Maranhão,0.0
7025,2109106,Presidente Dutra,Maranhão,2018,46227,Presidente Dutra,2.0
7026,2109205,Presidente Juscelino,Maranhão,2018,11790,Presidente Juscelino,0.0
7027,2109239,Presidente Médici,Maranhão,2018,5538,Presidente Médici,0.0
7028,2109270,Presidente Sarney,Maranhão,2018,17926,Presidente Sarney,0.0
7029,2109304,Presidente Vargas,Maranhão,2018,11033,Presidente Vargas,0.0
7030,2109403,Primeira Cruz,Maranhão,2018,14228,Primeira Cruz,0.0
7031,2109452,Raposa,Maranhão,2018,29676,Raposa,0.0
7032,2109551,Ribamar Fiquene,Maranhão,2018,7599,Ribamar Fiquene,0.0
7033,2109601,Rosário,Maranhão,2018,40470,Rosário,0.0
7034,2109759,Santa Filomena do Maranhão,Maranhão,2018,7094,Santa Filomena do Maranhão,0.0
7035,2109809,Santa Helena,Maranhão,2018,41803,Santa Helena,0.0
7036,2109908,Santa Inês,Maranhão,2018,87368,Santa Inês,0.0
7037,2110005,Santa Luzia,Maranhão,2018,65163,Santa Luzia,0.0
7038,2110039,Santa Luzia do Paruá,Maranhão,2018,24849,Santa Luzia do Paruá,0.0
7039,2110104,Santa Quitéria do Maranhão,Maranhão,2018,24791,Santa Quitéria do Maranhão,0.0
7040,2110203,Santa Rita,Maranhão,2018,36458,Santa Rita,0.0
7041,2110278,Santo Amaro do Maranhão,Maranhão,2018,14358,Santo Amaro do Maranhão,0.0
7042,2110302,Santo Antônio dos Lopes,Maranhão,2018,14683,Santo Antônio dos Lopes,0.0
7043,2110401,São Benedito do Rio Preto,Maranhão,2018,18881,São Benedito do Rio Preto,0.0
7044,2110500,São Bento,Maranhão,2018,44983,São Bento,0.0
7045,2110708,São domingos do Maranhão,Maranhão,2018,34968,São Domingos do Maranhão,0.0
7046,2110807,São Félix de Balsas,Maranhão,2018,4650,São Félix de Balsas,0.0
7047,2110906,São Francisco do Maranhão,Maranhão,2018,12266,São Francisco do Maranhão,0.0
7048,2111003,São João Batista,Maranhão,2018,19778,São João Batista,0.0
7049,2111029,São João do Carú,Maranhão,2018,14127,São João do Carú,0.0
7050,2111052,São João do Paraíso,Maranhão,2018,10594,São João do Paraíso,0.0
7051,2111078,São João do Soter,Maranhão,2018,17691,São João do Soter,0.0
7052,2111102,São João dos Patos,Maranhão,2018,25746,São João dos Patos,0.0
7053,2111201,São José de Ribamar,Maranhão,2018,212172,São José de Ribamar,0.0
7054,2111250,São José dos Basílios,Maranhão,2018,7341,São José dos Basílios,0.0
7055,2111300,São Luís,Maranhão,2018,1070992,São Luís,1.0
7056,2111409,São Luís Gonzaga do Maranhão,Maranhão,2018,19278,São Luís Gonzaga do Maranhão,0.0
7057,2111508,São Mateus do Maranhão,Maranhão,2018,40413,São Mateus do Maranhão,0.0
7058,2111532,São Pedro da Água Branca,Maranhão,2018,13736,São Pedro da Água Branca,0.0
7059,2111607,São Raimundo das Mangabeiras,Maranhão,2018,18668,São Raimundo das Mangabeiras,0.0
7060,2111631,São Raimundo do doca Bezerra,Maranhão,2018,5995,São Raimundo do Doca Bezerra,2.0
7061,2111672,São Roberto,Maranhão,2018,5287,São Roberto,1.0
7062,2111706,São Vicente Ferrer,Maranhão,2018,20627,São Vicente Ferrer,0.0
7063,2111722,Satubinha,Maranhão,2018,10435,Satubinha,0.0
7064,2111748,Senador Alexandre Costa,Maranhão,2018,10459,Senador Alexandre Costa,0.0
7065,2111763,Senador La Rocque,Maranhão,2018,15035,Senador La Rocque,0.0
7066,2111789,Serrano do Maranhão,Maranhão,2018,10246,Serrano do Maranhão,0.0
7067,2111904,Sucupira do Norte,Maranhão,2018,10618,Sucupira do Norte,0.0
7068,2112100,Timbiras,Maranhão,2018,28110,Timbiras,0.0
7069,2112209,Timon,Maranhão,2018,171213,Timon,0.0
7070,2112233,Trizidela do Vale,Maranhão,2018,22197,Trizidela do Vale,0.0
7071,2112274,Tufilândia,Maranhão,2018,5785,Tufilândia,0.0
7072,2112308,Tuntum,Maranhão,2018,38897,Tuntum,0.0
7073,2112407,Turiaçu,Maranhão,2018,37581,Turiaçu,0.0
7074,2112456,Turilândia,Maranhão,2018,28621,Turilândia,6.0
7075,2112506,Tutóia,Maranhão,2018,54883,Tutóia,0.0
7076,2112605,Urbano Santos,Maranhão,2018,32749,Urbano Santos,0.0
7077,2112704,Vargem Grande,Maranhão,2018,47694,Vargem Grande,0.0
7078,2112803,Viana,Maranhão,2018,52050,Viana,0.0
7079,2112852,Vila Nova dos Martírios,Maranhão,2018,11051,Vila Nova dos Martírios,0.0
7080,2112902,Vitória do Mearim,Maranhão,2018,32151,Vitória do Mearim,0.0
7081,2113009,Vitorino Freire,Maranhão,2018,31915,Vitorino Freire,1.0
7082,2114007,Zé doca,Maranhão,2018,45730,Zé Doca,41.0
7083,5100102,Acorizal,Mato Grosso,2018,5190,Acorizal,0.0
7084,5100201,Água Boa,Mato Grosso,2018,26513,Água Boa,0.0
7085,5100250,Alta Floresta,Mato Grosso,2018,56676,Alta Floresta,0.0
7086,5100300,Alto Araguaia,Mato Grosso,2018,16955,Alto Araguaia,1.0
7087,5100359,Alto Boa Vista,Mato Grosso,2018,5623,Alto Boa Vista,0.0
7088,5100607,Alto Taquari,Mato Grosso,2018,10024,Alto Taquari,0.0
7089,5100805,Apiacás,Mato Grosso,2018,8734,Apiacás,1.0
7090,5101001,Araguaiana,Mato Grosso,2018,3624,Araguaiana,0.0
7091,5101258,Araputanga,Mato Grosso,2018,15044,Araputanga,0.0
7092,5101308,Arenápolis,Mato Grosso,2018,10589,Arenápolis,0.0
7093,5101407,Aripuanã,Mato Grosso,2018,23031,Aripuanã,180.0
7094,5101704,Barra do Bugres,Mato Grosso,2018,30581,Barra do Bugres,0.0
7095,5101803,Barra do Garças,Mato Grosso,2018,65789,Barra do Garças,0.0
7096,5101852,Bom Jesus do Araguaia,Mato Grosso,2018,6645,Bom Jesus do Araguaia,0.0
7097,5101902,Brasnorte,Mato Grosso,2018,16561,Brasnorte,0.0
7098,5102504,Cáceres,Mato Grosso,2018,90959,Cáceres,0.0
7099,5102603,Campinápolis,Mato Grosso,2018,15258,Campinápolis,0.0
7100,5102637,Campo Novo do Parecis,Mato Grosso,2018,39215,Campo Novo do Parecis,0.0
7101,5102678,Campo Verde,Mato Grosso,2018,40476,Campo Verde,0.0
7102,5102686,Campos de Júlio,Mato Grosso,2018,7452,Campos de Júlio,0.0
7103,5102694,Canabrava do Norte,Mato Grosso,2018,4588,Canabrava do Norte,0.0
7104,5102702,Canarana,Mato Grosso,2018,23511,Canarana,1.0
7105,5102793,Carlinda,Mato Grosso,2018,10717,Carlinda,0.0
7106,5102850,Castanheira,Mato Grosso,2018,7907,Castanheira,0.0
7107,5103007,Chapada dos Guimarães,Mato Grosso,2018,18976,Chapada dos Guimarães,0.0
7108,5103056,Cláudia,Mato Grosso,2018,10199,Cláudia,0.0
7109,5103106,Cocalinho,Mato Grosso,2018,6062,Cocalinho,0.0
7110,5103205,Colíder,Mato Grosso,2018,31996,Colíder,0.0
7111,5103254,Colniza,Mato Grosso,2018,26853,Colniza,754.0
7112,5103304,Comodoro,Mato Grosso,2018,18408,Comodoro,39.0
7113,5103353,Confresa,Mato Grosso,2018,31989,Confresa,0.0
7114,5103361,Conquista D'oeste,Mato Grosso,2018,3642,Conquista D'Oeste,0.0
7115,5103379,Cotriguaçu,Mato Grosso,2018,12203,Cotriguaçu,0.0
7116,5103403,Cuiabá,Mato Grosso,2018,634079,Cuiabá,2.0
7117,5103502,Diamantino,Mato Grosso,2018,21618,Diamantino,0.0
7118,5103601,dom Aquino,Mato Grosso,2018,8040,Dom Aquino,0.0
7119,5103700,Feliz Natal,Mato Grosso,2018,10825,Feliz Natal,0.0
7120,5103858,Gaúcha do Norte,Mato Grosso,2018,7884,Gaúcha do Norte,0.0
7121,5103908,General Carneiro,Mato Grosso,2018,5861,General Carneiro,0.0
7122,5103957,Glória D'oeste,Mato Grosso,2018,2990,Glória D'Oeste,0.0
7123,5104104,Guarantã do Norte,Mato Grosso,2018,32221,Guarantã do Norte,0.0
7124,5104203,Guiratinga,Mato Grosso,2018,11838,Guiratinga,2.0
7125,5104526,Ipiranga do Norte,Mato Grosso,2018,6872,Ipiranga do Norte,0.0
7126,5104542,Itanhangá,Mato Grosso,2018,6809,Itanhangá,0.0
7127,5104559,Itaúba,Mato Grosso,2018,4950,Itaúba,0.0
7128,5104609,Itiquira,Mato Grosso,2018,12113,Itiquira,0.0
7129,5104807,Jaciara,Mato Grosso,2018,28130,Jaciara,0.0
7130,5105002,Jauru,Mato Grosso,2018,9006,Jauru,0.0
7131,5105101,Juara,Mato Grosso,2018,35134,Juara,0.0
7132,5105150,Juína,Mato Grosso,2018,44764,Juína,16.0
7133,5105176,Juruena,Mato Grosso,2018,10738,Juruena,0.0
7134,5105200,Juscimeira,Mato Grosso,2018,11598,Juscimeira,0.0
7135,5105234,Lambari D'oeste,Mato Grosso,2018,4966,Lambari D'Oeste,0.0
7136,5105259,Lucas do Rio Verde,Mato Grosso,2018,69668,Lucas do Rio Verde,0.0
7137,5105507,Vila Bela da Santíssima Trindade,Mato Grosso,2018,16279,Vila Bela da Santíssima Trindade,0.0
7138,5105580,Marcelândia,Mato Grosso,2018,11822,Marcelândia,0.0
7139,5105606,Matupá,Mato Grosso,2018,18110,Matupá,1.0
7140,5105622,Mirassol D'oeste,Mato Grosso,2018,26807,Mirassol d'Oeste,1.0
7141,5105903,Nobres,Mato Grosso,2018,15490,Nobres,0.0
7142,5106109,Nossa Senhora do Livramento,Mato Grosso,2018,11662,Nossa Senhora do Livramento,0.0
7143,5106158,Nova Bandeirantes,Mato Grosso,2018,13193,Nova Bandeirantes,1.0
7144,5106174,Nova Nazaré,Mato Grosso,2018,3808,Nova Nazaré,0.0
7145,5106182,Nova Lacerda,Mato Grosso,2018,6397,Nova Lacerda,2.0
7146,5106190,Nova Santa Helena,Mato Grosso,2018,4012,Nova Santa Helena,0.0
7147,5106208,Nova Brasilândia,Mato Grosso,2018,4141,Nova Brasilândia,0.0
7148,5106216,Nova Canaã do Norte,Mato Grosso,2018,12005,Nova Canaã do Norte,0.0
7149,5106224,Nova Mutum,Mato Grosso,2018,46948,Nova Mutum,0.0
7150,5106232,Nova Olímpia,Mato Grosso,2018,16870,Nova Olímpia,0.0
7151,5106240,Nova Ubiratã,Mato Grosso,2018,10819,Nova Ubiratã,0.0
7152,5106257,Nova Xavantina,Mato Grosso,2018,23021,Nova Xavantina,0.0
7153,5106265,Novo Mundo,Mato Grosso,2018,6805,Novo Mundo,1.0
7154,5106273,Novo Horizonte do Norte,Mato Grosso,2018,3520,Novo Horizonte do Norte,0.0
7155,5106299,Paranaíta,Mato Grosso,2018,11556,Paranaíta,0.0
7156,5106307,Paranatinga,Mato Grosso,2018,24163,Paranatinga,2.0
7157,5106372,Pedra Preta,Mato Grosso,2018,17478,Pedra Preta,0.0
7158,5106422,Peixoto de Azevedo,Mato Grosso,2018,32979,Peixoto de Azevedo,0.0
7159,5106505,Poconé,Mato Grosso,2018,31687,Poconé,0.0
7160,5106653,Pontal do Araguaia,Mato Grosso,2018,6464,Pontal do Araguaia,0.0
7161,5106752,Pontes E Lacerda,Mato Grosso,2018,49089,Pontes e Lacerda,0.0
7162,5106778,Porto Alegre do Norte,Mato Grosso,2018,11799,Porto Alegre do Norte,1.0
7163,5106802,Porto dos Gaúchos,Mato Grosso,2018,5668,Porto dos Gaúchos,0.0
7164,5106828,Porto Esperidião,Mato Grosso,2018,10502,Porto Esperidião,0.0
7165,5106851,Porto Estrela,Mato Grosso,2018,3359,Porto Estrela,0.0
7166,5107008,Poxoréu,Mato Grosso,2018,21475,Poxoréo,0.0
7167,5107040,Primavera do Leste,Mato Grosso,2018,73140,Primavera do Leste,0.0
7168,5107065,Querência,Mato Grosso,2018,21228,Querência,0.0
7169,5107156,Reserva do Cabaçal,Mato Grosso,2018,2234,Reserva do Cabaçal,0.0
7170,5107180,Ribeirão Cascalheira,Mato Grosso,2018,9820,Ribeirão Cascalheira,0.0
7171,5107198,Ribeirãozinho,Mato Grosso,2018,2486,Ribeirãozinho,0.0
7172,5107206,Rio Branco,Mato Grosso,2018,4674,Rio Branco,0.0
7173,5107248,Santa Carmem,Mato Grosso,2018,5004,Santa Carmem,0.0
7174,5107263,Santo Afonso,Mato Grosso,2018,2641,Santo Afonso,0.0
7175,5107297,São José do Povo,Mato Grosso,2018,3062,São José do Povo,0.0
7176,5107305,São José do Rio Claro,Mato Grosso,2018,15561,São José do Rio Claro,0.0
7177,5107354,São José do Xingu,Mato Grosso,2018,5762,São José do Xingu,1.0
7178,5107578,Rondolândia,Mato Grosso,2018,3620,Rondolândia,0.0
7179,5107602,Rondonópolis,Mato Grosso,2018,232912,Rondonópolis,2.0
7180,5107701,Rosário Oeste,Mato Grosso,2018,16171,Rosário Oeste,0.0
7181,5107743,Santa Cruz do Xingu,Mato Grosso,2018,2388,Santa Cruz do Xingu,0.0
7182,5107750,Salto do Céu,Mato Grosso,2018,3763,Salto do Céu,0.0
7183,5107776,Santa Terezinha,Mato Grosso,2018,7592,Santa Terezinha,0.0
7184,5107792,Santo Antônio do Leste,Mato Grosso,2018,3937,Santo Antônio do Leste,0.0
7185,5107800,Santo Antônio do Leverger,Mato Grosso,2018,16573,Santo Antônio do Leverger,0.0
7186,5107859,São Félix do Araguaia,Mato Grosso,2018,12698,São Félix do Araguaia,0.0
7187,5107875,Sapezal,Mato Grosso,2018,25128,Sapezal,0.0
7188,5107883,Serra Nova dourada,Mato Grosso,2018,1674,Serra Nova Dourada,1.0
7189,5107909,Sinop,Mato Grosso,2018,166776,Sinop,1.0
7190,5107925,Sorriso,Mato Grosso,2018,94696,Sorriso,0.0
7191,5107941,Tabaporã,Mato Grosso,2018,9965,Tabaporã,0.0
7192,5107958,Tangará da Serra,Mato Grosso,2018,100413,Tangará da Serra,0.0
7193,5108006,Tapurah,Mato Grosso,2018,12986,Tapurah,0.0
7194,5108055,Terra Nova do Norte,Mato Grosso,2018,10904,Terra Nova do Norte,0.0
7195,5108105,Tesouro,Mato Grosso,2018,3161,Tesouro,0.0
7196,5108204,Torixoréu,Mato Grosso,2018,4177,Torixoréu,0.0
7197,5108303,União do Sul,Mato Grosso,2018,3850,União do Sul,0.0
7198,5108352,Vale de São domingos,Mato Grosso,2018,2973,Vale de São Domingos,0.0
7199,5108402,Várzea Grande,Mato Grosso,2018,290472,Várzea Grande,0.0
7200,5108600,Vila Rica,Mato Grosso,2018,20543,Vila Rica,0.0
7201,5108808,Nova Guarita,Mato Grosso,2018,4745,Nova Guarita,0.0
7202,5108857,Nova Marilândia,Mato Grosso,2018,3371,Nova Marilândia,0.0
7203,5108907,Nova Maringá,Mato Grosso,2018,6046,Nova Maringá,0.0
7204,5108956,Nova Monte Verde,Mato Grosso,2018,8384,Nova Monte Verde,0.0
7205,1100015,Alta Floresta D'oeste,Rondônia,2019,23910,Alta Floresta D'Oeste,0.0
7206,1100023,Ariquemes,Rondônia,2019,103895,Ariquemes,352.0
7207,1100031,Cabixi,Rondônia,2019,6059,Cabixi,2.0
7208,1100049,Cacoal,Rondônia,2019,92203,Cacoal,1.0
7209,1100056,Cerejeiras,Rondônia,2019,17284,Cerejeiras,0.0
7210,1100064,Colorado do Oeste,Rondônia,2019,17702,Colorado do Oeste,0.0
7211,1100072,Corumbiara,Rondônia,2019,8412,Corumbiara,0.0
7212,1100080,Costa Marques,Rondônia,2019,13981,Costa Marques,107.0
7213,1100098,Espigão D'oeste,Rondônia,2019,32010,Espigão D'Oeste,243.0
7214,1100106,Guajará-Mirim,Rondônia,2019,43841,Guajará-Mirim,500.0
7215,1100114,Jaru,Rondônia,2019,55435,Jaru,2.0
7216,1100122,Ji-Paraná,Rondônia,2019,133745,Ji-Paraná,10.0
7217,1100130,Machadinho D'oeste,Rondônia,2019,33862,Machadinho D'Oeste,389.0
7218,1100148,Nova Brasilândia D'oeste,Rondônia,2019,18029,Nova Brasilândia D'Oeste,0.0
7219,1100155,Ouro Preto do Oeste,Rondônia,2019,39358,Ouro Preto do Oeste,0.0
7220,1100189,Pimenta Bueno,Rondônia,2019,37898,Pimenta Bueno,0.0
7221,1100205,Porto Velho,Rondônia,2019,493862,Porto Velho,5230.0
7222,1100254,Presidente Médici,Rondônia,2019,21633,Presidente Médici,2.0
7223,1100262,Rio Crespo,Rondônia,2019,3672,Rio Crespo,24.0
7224,1100288,Rolim de Moura,Rondônia,2019,59147,Rolim de Moura,1.0
7225,1100296,Santa Luzia D'oeste,Rondônia,2019,8389,Santa Luzia D'Oeste,0.0
7226,1100304,Vilhena,Rondônia,2019,98002,Vilhena,5.0
7227,1100320,São Miguel do Guaporé,Rondônia,2019,22227,São Miguel do Guaporé,1.0
7228,1100338,Nova Mamoré,Rondônia,2019,26756,Nova Mamoré,90.0
7229,1100346,Alvorada D'oeste,Rondônia,2019,15187,Alvorada D'Oeste,0.0
7230,1100379,Alto Alegre dos Parecis,Rondônia,2019,12723,Alto Alegre dos Parecis,0.0
7231,1100403,Alto Paraíso,Rondônia,2019,17697,Alto Paraíso,116.0
7232,1100452,Buritis,Rondônia,2019,32152,Buritis,2.0
7233,1100502,Novo Horizonte do Oeste,Rondônia,2019,8969,Novo Horizonte do Oeste,0.0
7234,1100601,Cacaulândia,Rondônia,2019,4854,Cacaulândia,5.0
7235,1100700,Campo Novo de Rondônia,Rondônia,2019,10514,Campo Novo de Rondônia,12.0
7236,1100809,Candeias do Jamari,Rondônia,2019,23014,Candeias do Jamari,1816.0
7237,1100908,Castanheiras,Rondônia,2019,3563,Castanheiras,0.0
7238,1100924,Chupinguaia,Rondônia,2019,9647,Chupinguaia,0.0
7239,1100940,Cujubim,Rondônia,2019,16201,Cujubim,232.0
7240,1101005,Governador Jorge Teixeira,Rondônia,2019,9280,Governador Jorge Teixeira,0.0
7241,1101104,Itapuã do Oeste,Rondônia,2019,9172,Itapuã do Oeste,297.0
7242,1101203,Ministro Andreazza,Rondônia,2019,7959,Ministro Andreazza,0.0
7243,1101302,Mirante da Serra,Rondônia,2019,10685,Mirante da Serra,0.0
7244,1101401,Monte Negro,Rondônia,2019,13172,Monte Negro,8.0
7245,1101435,Nova União,Rondônia,2019,7048,Nova União,0.0
7246,1101450,Parecis,Rondônia,2019,4633,Parecis,0.0
7247,1101468,Pimenteiras do Oeste,Rondônia,2019,2346,Pimenteiras do Oeste,56.0
7248,1101476,Primavera de Rondônia,Rondônia,2019,3406,Primavera de Rondônia,0.0
7249,1101484,São Felipe D'oeste,Rondônia,2019,5880,São Felipe D'Oeste,0.0
7250,1101492,São Francisco do Guaporé,Rondônia,2019,17379,São Francisco do Guaporé,11.0
7251,1101500,Seringueiras,Rondônia,2019,13073,Seringueiras,13.0
7252,1101559,Teixeirópolis,Rondônia,2019,4751,Teixeirópolis,0.0
7253,1101609,Theobroma,Rondônia,2019,9416,Theobroma,5.0
7254,1101708,Urupá,Rondônia,2019,12198,Urupá,1.0
7255,1101757,Vale do Anari,Rondônia,2019,8849,Vale do Anari,7.0
7256,1101807,Vale do Paraíso,Rondônia,2019,7480,Vale do Paraíso,6.0
7257,1200013,Acrelândia,Acre,2019,14254,Acrelândia,46.0
7258,1200054,Assis Brasil,Acre,2019,7818,Assis Brasil,0.0
7259,1200104,Brasiléia,Acre,2019,26049,Brasiléia,0.0
7260,1200138,Bujari,Acre,2019,12007,Bujari,28.0
7261,1200179,Capixaba,Acre,2019,10465,Capixaba,1.0
7262,1200203,Cruzeiro do Sul,Acre,2019,94659,Cruzeiro do Sul,6084.0
7263,1200252,Epitaciolândia,Acre,2019,18470,Epitaciolândia,0.0
7264,1200302,Feijó,Acre,2019,37291,Feijó,2.0
7265,1200328,Jordão,Acre,2019,8843,Jordão,4.0
7266,1200336,Mâncio Lima,Acre,2019,19109,Mâncio Lima,3375.0
7267,1200344,Manoel Urbano,Acre,2019,11192,Manoel Urbano,1.0
7268,1200351,Marechal Thaumaturgo,Acre,2019,17316,Marechal Thaumaturgo,55.0
7269,1200385,Plácido de Castro,Acre,2019,17722,Plácido de Castro,81.0
7270,1200393,Porto Walter,Acre,2019,10952,Porto Walter,224.0
7271,1200401,Rio Branco,Acre,2019,384137,Rio Branco,91.0
7272,1200427,Rodrigues Alves,Acre,2019,15758,Rodrigues Alves,2304.0
7273,1200435,Santa Rosa do Purus,Acre,2019,6295,Santa Rosa do Purus,1.0
7274,1200450,Senador Guiomard,Acre,2019,22305,Senador Guiomard,354.0
7275,1200500,Sena Madureira,Acre,2019,43506,Sena Madureira,0.0
7276,1200609,Tarauacá,Acre,2019,44248,Tarauacá,69.0
7277,1200708,Xapuri,Acre,2019,18504,Xapuri,8.0
7278,1200807,Porto Acre,Acre,2019,17019,Porto Acre,53.0
7279,1300029,Alvarães,Amazonas,2019,16162,Alvarães,911.0
7280,1300060,Amaturá,Amazonas,2019,10884,Amaturá,0.0
7281,1300086,Anamã,Amazonas,2019,10472,Anamã,1.0
7282,1300102,Anori,Amazonas,2019,17818,Anori,1.0
7283,1300144,Apuí,Amazonas,2019,20787,Apuí,226.0
7284,1300201,Atalaia do Norte,Amazonas,2019,15963,Atalaia do Norte,1558.0
7285,1300300,Autazes,Amazonas,2019,41008,Autazes,220.0
7286,1300409,Barcelos,Amazonas,2019,20825,Barcelos,8794.0
7287,1300508,Barreirinha,Amazonas,2019,32137,Barreirinha,0.0
7288,1300607,Benjamin Constant,Amazonas,2019,38928,Benjamin Constant,20.0
7289,1300631,Beruri,Amazonas,2019,19985,Beruri,128.0
7290,1300680,Boa Vista do Ramos,Amazonas,2019,21748,Boa Vista do Ramos,1.0
7291,1300706,Boca do Acre,Amazonas,2019,36277,Boca do Acre,329.0
7292,1300805,Borba,Amazonas,2019,35856,Borba,420.0
7293,1300839,Caapiranga,Amazonas,2019,13373,Caapiranga,252.0
7294,1300904,Canutama,Amazonas,2019,16694,Canutama,1817.0
7295,1301001,Carauari,Amazonas,2019,29837,Carauari,1847.0
7296,1301100,Careiro,Amazonas,2019,33362,Careiro,84.0
7297,1301159,Careiro da Várzea,Amazonas,2019,21566,Careiro da Várzea,43.0
7298,1301209,Coari,Amazonas,2019,76560,Coari,3304.0
7299,1301308,Codajás,Amazonas,2019,24439,Codajás,3.0
7300,1301407,Eirunepé,Amazonas,2019,34848,Eirunepé,514.0
7301,1301506,Envira,Amazonas,2019,17785,Envira,16.0
7302,1301605,Fonte Boa,Amazonas,2019,26703,Fonte Boa,38.0
7303,1301654,Guajará,Amazonas,2019,14629,Guajará,726.0
7304,1301704,Humaitá,Amazonas,2019,56282,Humaitá,1778.0
7305,1301803,Ipixuna,Amazonas,2019,24901,Ipixuna,1682.0
7306,1301852,Iranduba,Amazonas,2019,57743,Iranduba,554.0
7307,1301902,Itacoatiara,Amazonas,2019,105594,Itacoatiara,389.0
7308,1301951,Itamarati,Amazonas,2019,10507,Itamarati,644.0
7309,1302009,Itapiranga,Amazonas,2019,10044,Itapiranga,106.0
7310,1302108,Japurá,Amazonas,2019,8724,Japurá,563.0
7311,1302207,Juruá,Amazonas,2019,11360,Juruá,104.0
7312,1302306,Jutaí,Amazonas,2019,24525,Jutaí,1066.0
7313,1302405,Lábrea,Amazonas,2019,45532,Lábrea,3275.0
7314,1302504,Manacapuru,Amazonas,2019,103314,Manacapuru,482.0
7315,1302553,Manaquiri,Amazonas,2019,19235,Manaquiri,20.0
7316,1302603,Manaus,Amazonas,2019,2152446,Manaus,6533.0
7317,1302702,Manicoré,Amazonas,2019,54558,Manicoré,1531.0
7318,1302801,Maraã,Amazonas,2019,16657,Maraã,822.0
7319,1302900,Maués,Amazonas,2019,62044,Maués,932.0
7320,1303007,Nhamundá,Amazonas,2019,20449,Nhamundá,51.0
7321,1303106,Nova Olinda do Norte,Amazonas,2019,29664,Nova Olinda do Norte,7.0
7322,1303205,Novo Airão,Amazonas,2019,16217,Novo Airão,416.0
7323,1303304,Novo Aripuanã,Amazonas,2019,24091,Novo Aripuanã,1058.0
7324,1303403,Parintins,Amazonas,2019,105015,Parintins,1.0
7325,1303502,Pauini,Amazonas,2019,19999,Pauini,831.0
7326,1303536,Presidente Figueiredo,Amazonas,2019,31576,Presidente Figueiredo,1069.0
7327,1303569,Rio Preto da Eva,Amazonas,2019,26218,Rio Preto da Eva,501.0
7328,1303601,Santa Isabel do Rio Negro,Amazonas,2019,15817,Santa Isabel do Rio Negro,4555.0
7329,1303700,Santo Antônio do Içá,Amazonas,2019,28689,Santo Antônio do Içá,957.0
7330,1303809,São Gabriel da Cachoeira,Amazonas,2019,49628,São Gabriel da Cachoeira,8606.0
7331,1303908,São Paulo de Olivença,Amazonas,2019,34437,São Paulo de Olivença,85.0
7332,1303957,São Sebastião do Uatumã,Amazonas,2019,11974,São Sebastião do Uatumã,216.0
7333,1304005,Silves,Amazonas,2019,11135,Silves,26.0
7334,1304062,Tabatinga,Amazonas,2019,65933,Tabatinga,128.0
7335,1304104,Tapauá,Amazonas,2019,20070,Tapauá,2041.0
7336,1304203,Tefé,Amazonas,2019,74059,Tefé,2590.0
7337,1304237,Tonantins,Amazonas,2019,19395,Tonantins,4.0
7338,1304260,Uarini,Amazonas,2019,14387,Uarini,444.0
7339,1304302,Urucará,Amazonas,2019,19138,Urucará,57.0
7340,1304401,Urucurituba,Amazonas,2019,23277,Urucurituba,1.0
7341,1400027,Amajari,Roraima,2019,13162,Amajari,2166.0
7342,1400050,Alto Alegre,Roraima,2019,20560,Alto Alegre,5780.0
7343,1400100,Boa Vista,Roraima,2019,401691,Boa Vista,402.0
7344,1400159,Bonfim,Roraima,2019,13733,Bonfim,138.0
7345,1400175,Cantá,Roraima,2019,18123,Cantá,1640.0
7346,1400209,Caracaraí,Roraima,2019,21146,Caracaraí,1050.0
7347,1400233,Caroebe,Roraima,2019,10430,Caroebe,791.0
7348,1400282,Iracema,Roraima,2019,10080,Iracema,1184.0
7349,1400308,Mucajaí,Roraima,2019,17945,Mucajaí,1660.0
7350,1400407,Normandia,Roraima,2019,13125,Normandia,78.0
7351,1400456,Pacaraima,Roraima,2019,17257,Pacaraima,1755.0
7352,1400472,Rorainópolis,Roraima,2019,32106,Rorainópolis,2016.0
7353,1400506,São João da Baliza,Roraima,2019,8683,São João da Baliza,550.0
7354,1400605,São Luiz,Roraima,2019,7423,São Luiz,174.0
7355,1400704,Uiramutã,Roraima,2019,12661,Uiramutã,993.0
7356,1500107,Abaetetuba,Pará,2019,162278,Abaetetuba,2.0
7357,1500131,Abel Figueiredo,Pará,2019,6639,Abel Figueiredo,0.0
7358,1500206,Acará,Pará,2019,60599,Acará,1.0
7359,1500305,Afuá,Pará,2019,39098,Afuá,783.0
7360,1500347,Água Azul do Norte,Pará,2019,20626,Água Azul do Norte,2.0
7361,1500404,Alenquer,Pará,2019,67057,Alenquer,1366.0
7362,1500503,Almeirim,Pará,2019,36081,Almeirim,319.0
7363,1500602,Altamira,Pará,2019,124032,Altamira,562.0
7364,1500701,Anajás,Pará,2019,28567,Anajás,5902.0
7365,1500800,Ananindeua,Pará,2019,503948,Ananindeua,1.0
7366,1500859,Anapu,Pará,2019,29354,Anapu,1.0
7367,1500909,Augusto Corrêa,Pará,2019,46238,Augusto Corrêa,0.0
7368,1500958,Aurora do Pará,Pará,2019,25646,Aurora do Pará,1.0
7369,1501006,Aveiro,Pará,2019,18177,Aveiro,8.0
7370,1501105,Bagre,Pará,2019,30771,Bagre,3798.0
7371,1501204,Baião,Pará,2019,49876,Baião,171.0
7372,1501253,Bannach,Pará,2019,4033,Bannach,0.0
7373,1501303,Barcarena,Pará,2019,124682,Barcarena,0.0
7374,1501402,Belém,Pará,2019,1425279,Belém,21.0
7375,1501451,Belterra,Pará,2019,18279,Belterra,0.0
7376,1501501,Benevides,Pará,2019,62716,Benevides,0.0
7377,1501576,Bom Jesus do Tocantins,Pará,2019,18022,Bom Jesus do Tocantins,0.0
7378,1501600,Bonito,Pará,2019,13522,Bonito,0.0
7379,1501709,Bragança,Pará,2019,127655,Bragança,0.0
7380,1501725,Brasil Novo,Pará,2019,22342,Brasil Novo,0.0
7381,1501758,Brejo Grande do Araguaia,Pará,2019,7331,Brejo Grande do Araguaia,0.0
7382,1501782,Breu Branco,Pará,2019,51084,Breu Branco,40.0
7383,1501808,Breves,Pará,2019,108266,Breves,1673.0
7384,1501907,Bujaru,Pará,2019,25799,Bujaru,1.0
7385,1501956,Cachoeira do Piriá,Pará,2019,22352,Cachoeira do Piriá,6.0
7386,1502004,Cachoeira do Arari,Pará,2019,23797,Cachoeira do Arari,0.0
7387,1502103,Cametá,Pará,2019,138255,Cametá,3298.0
7388,1502152,Canaã dos Carajás,Pará,2019,58656,Canaã dos Carajás,0.0
7389,1502202,Capanema,Pará,2019,71922,Capanema,0.0
7390,1502301,Capitão Poço,Pará,2019,58007,Capitão Poço,0.0
7391,1502400,Castanhal,Pará,2019,198471,Castanhal,1.0
7392,1502509,Chaves,Pará,2019,21613,Chaves,278.0
7393,1502608,Colares,Pará,2019,13018,Colares,0.0
7394,1502707,Conceição do Araguaia,Pará,2019,47708,Conceição do Araguaia,0.0
7395,1502756,Concórdia do Pará,Pará,2019,28918,Concórdia do Pará,0.0
7396,1502764,Cumaru do Norte,Pará,2019,13311,Cumaru do Norte,51.0
7397,1502772,Curionópolis,Pará,2019,20417,Curionópolis,0.0
7398,1502806,Curralinho,Pará,2019,34295,Curralinho,630.0
7399,1502855,Curuá,Pará,2019,14155,Curuá,1.0
7400,1502905,Curuçá,Pará,2019,41577,Curuçá,0.0
7401,1502939,dom Eliseu,Pará,2019,59567,Dom Eliseu,0.0
7402,1502954,Eldorado do Carajás,Pará,2019,31404,Eldorado do Carajás,0.0
7403,1503002,Faro,Pará,2019,8959,Faro,14.0
7404,1503044,Floresta do Araguaia,Pará,2019,18768,Floresta do Araguaia,0.0
7405,1503077,Garrafão do Norte,Pará,2019,25991,Garrafão do Norte,0.0
7406,1503093,Goianésia do Pará,Pará,2019,30397,Goianésia do Pará,9.0
7407,1503101,Gurupá,Pará,2019,32821,Gurupá,13.0
7408,1503200,Igarapé-Açu,Pará,2019,37885,Igarapé-Açu,1.0
7409,1503309,Igarapé-Miri,Pará,2019,66458,Igarapé-Miri,2.0
7410,1503408,Inhangapi,Pará,2019,10645,Inhangapi,0.0
7411,1503457,Ipixuna do Pará,Pará,2019,35620,Ipixuna do Pará,1.0
7412,1503507,Irituia,Pará,2019,32981,Irituia,1.0
7413,1503606,Itaituba,Pará,2019,120849,Itaituba,3659.0
7414,1503705,Itupiranga,Pará,2019,54014,Itupiranga,0.0
7415,1503754,Jacareacanga,Pará,2019,20438,Jacareacanga,2395.0
7416,1503804,Jacundá,Pará,2019,43977,Jacundá,3.0
7417,1503903,Juruti,Pará,2019,52683,Juruti,1.0
7418,1504000,Limoeiro do Ajuru,Pará,2019,29746,Limoeiro do Ajuru,420.0
7419,1504059,Mãe do Rio,Pará,2019,34202,Mãe do Rio,0.0
7420,1504109,Magalhães Barata,Pará,2019,8484,Magalhães Barata,0.0
7421,1504208,Marabá,Pará,2019,277390,Marabá,4.0
7422,1504307,Maracanã,Pará,2019,28257,Maracanã,0.0
7423,1504406,Marapanim,Pará,2019,28081,Marapanim,1.0
7424,1504422,Marituba,Pará,2019,117230,Marituba,0.0
7425,1504455,Medicilândia,Pará,2019,28688,Medicilândia,0.0
7426,1504505,Melgaço,Pará,2019,28378,Melgaço,24.0
7427,1504604,Mocajuba,Pará,2019,28758,Mocajuba,183.0
7428,1504703,Moju,Pará,2019,84420,Moju,9.0
7429,1504752,Mojuí dos Campos,Pará,2019,21134,Mojuí dos Campos,1.0
7430,1504802,Monte Alegre,Pará,2019,61653,Monte Alegre,2.0
7431,1504901,Muaná,Pará,2019,43977,Muaná,43.0
7432,1504950,Nova Esperança do Piriá,Pará,2019,21334,Nova Esperança do Piriá,1.0
7433,1504976,Nova Ipixuna,Pará,2019,14967,Nova Ipixuna,0.0
7434,1505007,Nova Timboteua,Pará,2019,13656,Nova Timboteua,0.0
7435,1505031,Novo Progresso,Pará,2019,32202,Novo Progresso,145.0
7436,1505064,Novo Repartimento,Pará,2019,65565,Novo Repartimento,30.0
7437,1505106,Óbidos,Pará,2019,54212,Óbidos,46.0
7438,1505205,Oeiras do Pará,Pará,2019,34251,Oeiras do Pará,4800.0
7439,1505304,Oriximiná,Pará,2019,70067,Oriximiná,413.0
7440,1505403,Ourém,Pará,2019,18164,Ourém,0.0
7441,1505437,Ourilândia do Norte,Pará,2019,32762,Ourilândia do Norte,176.0
7442,1505486,Pacajá,Pará,2019,43746,Pacajá,169.0
7443,1505494,Palestina do Pará,Pará,2019,7445,Palestina do Pará,0.0
7444,1505502,Paragominas,Pará,2019,109746,Paragominas,25.0
7445,1505536,Parauapebas,Pará,2019,241929,Parauapebas,5.0
7446,1505601,Peixe-Boi,Pará,2019,8529,Peixe-Boi,1.0
7447,1505635,Piçarra,Pará,2019,13464,Piçarra,0.0
7448,1505650,Placas,Pará,2019,20791,Placas,1.0
7449,1505700,Ponta de Pedras,Pará,2019,26413,Ponta de Pedras,56.0
7450,1505809,Portel,Pará,2019,62612,Portel,795.0
7451,1505908,Porto de Moz,Pará,2019,41255,Porto de Moz,1.0
7452,1506005,Prainha,Pará,2019,35474,Prainha,50.0
7453,1506104,Primavera,Pará,2019,11083,Primavera,0.0
7454,1506112,Quatipuru,Pará,2019,12231,Quatipuru,0.0
7455,1506138,Redenção,Pará,2019,87629,Redenção,8.0
7456,1506161,Rio Maria,Pará,2019,19034,Rio Maria,0.0
7457,1506187,Rondon do Pará,Pará,2019,54989,Rondon do Pará,0.0
7458,1506195,Rurópolis,Pará,2019,39355,Rurópolis,3.0
7459,1506203,Salinópolis,Pará,2019,44793,Salinópolis,0.0
7460,1506302,Salvaterra,Pará,2019,23734,Salvaterra,0.0
7461,1506351,Santa Bárbara do Pará,Pará,2019,20656,Santa Bárbara do Pará,0.0
7462,1506401,Santa Cruz do Arari,Pará,2019,7930,Santa Cruz do Arari,12.0
7463,1506500,Santa Izabel do Pará,Pará,2019,72135,Santa Izabel do Pará,0.0
7464,1506559,Santa Luzia do Pará,Pará,2019,20974,Santa Luzia do Pará,1.0
7465,1506583,Santa Maria das Barreiras,Pará,2019,17493,Santa Maria das Barreiras,0.0
7466,1506609,Santa Maria do Pará,Pará,2019,25000,Santa Maria do Pará,0.0
7467,1506708,Santana do Araguaia,Pará,2019,39456,Santana do Araguaia,0.0
7468,1506807,Santarém,Pará,2019,333646,Santarém,11.0
7469,1506906,Santarém Novo,Pará,2019,6384,Santarém Novo,0.0
7470,1507003,Santo Antônio do Tauá,Pará,2019,28755,Santo Antônio do Tauá,0.0
7471,1507102,São Caetano de Odivelas,Pará,2019,17402,São Caetano de Odivelas,0.0
7472,1507151,São domingos do Araguaia,Pará,2019,22941,São Domingos do Araguaia,0.0
7473,1507201,São domingos do Capim,Pará,2019,32573,São Domingos do Capim,0.0
7474,1507300,São Félix do Xingu,Pará,2019,76059,São Félix do Xingu,18.0
7475,1507409,São Francisco do Pará,Pará,2019,15529,São Francisco do Pará,0.0
7476,1507458,São Geraldo do Araguaia,Pará,2019,25975,São Geraldo do Araguaia,0.0
7477,1507466,São João da Ponta,Pará,2019,4835,São João da Ponta,0.0
7478,1507474,São João de Pirabas,Pará,2019,21527,São João de Pirabas,0.0
7479,1507508,São João do Araguaia,Pará,2019,14295,São João do Araguaia,0.0
7480,1507607,São Miguel do Guamá,Pará,2019,55396,São Miguel do Guamá,0.0
7481,1507706,São Sebastião da Boa Vista,Pará,2019,26204,São Sebastião da Boa Vista,26.0
7482,1507755,Sapucaia,Pará,2019,5852,Sapucaia,0.0
7483,1507805,Senador José Porfírio,Pará,2019,19842,Senador José Porfírio,16.0
7484,1507904,Soure,Pará,2019,24837,Soure,1.0
7485,1507953,Tailândia,Pará,2019,78119,Tailândia,3.0
7486,1507961,Terra Alta,Pará,2019,10775,Terra Alta,0.0
7487,1507979,Terra Santa,Pará,2019,18890,Terra Santa,0.0
7488,1508001,Tomé-Açu,Pará,2019,67379,Tomé-Açu,1.0
7489,1508035,Tracuateua,Pará,2019,30076,Tracuateua,0.0
7490,1508050,Trairão,Pará,2019,16302,Trairão,3.0
7491,1508084,Tucumã,Pará,2019,40003,Tucumã,24.0
7492,1508100,Tucuruí,Pará,2019,100339,Tucuruí,241.0
7493,1508126,Ulianópolis,Pará,2019,41993,Ulianópolis,1.0
7494,1508159,Uruará,Pará,2019,46583,Uruará,0.0
7495,1508209,Vigia,Pará,2019,52573,Vigia,0.0
7496,1508308,Viseu,Pará,2019,61891,Viseu,0.0
7497,1508357,Vitória do Xingu,Pará,2019,15533,Vitória do Xingu,0.0
7498,1508407,Xinguara,Pará,2019,51568,Xinguara,0.0
7499,1600055,Serra do Navio,Amapá,2019,4884,Serra do Navio,285.0
7500,1600105,Amapá,Amapá,2019,8531,Amapá,16.0
7501,1600154,Pedra Branca do Amapari,Amapá,2019,12889,Pedra Branca do Amapari,1276.0
7502,1600204,Calçoene,Amapá,2019,10816,Calçoene,573.0
7503,1600212,Cutias,Amapá,2019,4858,Cutias,7.0
7504,1600238,Ferreira Gomes,Amapá,2019,6886,Ferreira Gomes,74.0
7505,1600253,Itaubal,Amapá,2019,5479,Itaubal,6.0
7506,1600279,Laranjal do Jari,Amapá,2019,40317,Laranjal do Jari,229.0
7507,1600303,Macapá,Amapá,2019,470117,Macapá,956.0
7508,1600402,Mazagão,Amapá,2019,21733,Mazagão,1860.0
7509,1600501,Oiapoque,Amapá,2019,27338,Oiapoque,896.0
7510,1600535,Porto Grande,Amapá,2019,18821,Porto Grande,1689.0
7511,1600550,Pracuúba,Amapá,2019,4114,Pracuúba,9.0
7512,1600600,Santana,Amapá,2019,116349,Santana,1873.0
7513,1600709,Tartarugalzinho,Amapá,2019,13837,Tartarugalzinho,176.0
7514,1600808,Vitória do Jari,Amapá,2019,12499,Vitória do Jari,24.0
7515,1700251,Abreulândia,Tocantins,2019,2609,Abreulândia,0.0
7516,1700400,Almas,Tocantins,2019,6971,Almas,0.0
7517,1701002,Ananás,Tocantins,2019,10557,Ananás,0.0
7518,1701903,Araguacema,Tocantins,2019,6201,Araguacema,0.0
7519,1702109,Araguaína,Tocantins,2019,172656,Araguaína,0.0
7520,1702208,Araguatins,Tocantins,2019,33235,Araguatins,0.0
7521,1702554,Augustinópolis,Tocantins,2019,17641,Augustinópolis,0.0
7522,1702703,Aurora do Tocantins,Tocantins,2019,3494,Aurora do Tocantins,0.0
7523,1702901,Axixá do Tocantins,Tocantins,2019,10203,Axixá do Tocantins,0.0
7524,1703008,Babaçulândia,Tocantins,2019,8697,Babaçulândia,0.0
7525,1703800,Buriti do Tocantins,Tocantins,2019,10488,Buriti do Tocantins,0.0
7526,1703891,Carrasco Bonito,Tocantins,2019,3523,Carrasco Bonito,0.0
7527,1703909,Caseara,Tocantins,2019,4902,Caseara,0.0
7528,1705607,Conceição do Tocantins,Tocantins,2019,4067,Conceição do Tocantins,0.0
7529,1707405,Esperantina,Tocantins,2019,8290,Esperantina,0.0
7530,1710508,Itacajá,Tocantins,2019,7137,Itacajá,0.0
7531,1710706,Itaguatins,Tocantins,2019,5557,Itaguatins,0.0
7532,1711803,Juarina,Tocantins,2019,2296,Juarina,0.0
7533,1712504,Marianópolis do Tocantins,Tocantins,2019,4689,Marianópolis do Tocantins,0.0
7534,1712801,Maurilândia do Tocantins,Tocantins,2019,3207,Maurilândia do Tocantins,0.0
7535,1713304,Miranorte,Tocantins,2019,13098,Miranorte,0.0
7536,1714203,Natividade,Tocantins,2019,9101,Natividade,0.0
7537,1718204,Porto Nacional,Tocantins,2019,61823,Porto Nacional,0.0
7538,1718303,Praia Norte,Tocantins,2019,9039,Praia Norte,0.0
7539,1718550,Riachinho,Tocantins,2019,4165,Riachinho,0.0
7540,1718808,Sampaio,Tocantins,2019,4271,Sampaio,0.0
7541,1718840,Sandolândia,Tocantins,2019,3742,Sandolândia,0.0
7542,1718865,Santa Fé do Araguaia,Tocantins,2019,7251,Santa Fé do Araguaia,1.0
7543,1719004,Santa Tereza do Tocantins,Tocantins,2019,2776,Santa Tereza do Tocantins,0.0
7544,1720101,São Bento do Tocantins,Tocantins,2019,5573,São Bento do Tocantins,0.0
7545,1720150,São Félix do Tocantins,Tocantins,2019,1748,São Félix do Tocantins,0.0
7546,1720309,São Sebastião do Tocantins,Tocantins,2019,4295,São Sebastião do Tocantins,0.0
7547,1720804,Sítio Novo do Tocantins,Tocantins,2019,10730,Sítio Novo do Tocantins,0.0
7548,1720903,Taguatinga,Tocantins,2019,14762,Taguatinga,0.0
7549,1720937,Taipas do Tocantins,Tocantins,2019,2054,Taipas do Tocantins,0.0
7550,1721000,Palmas,Tocantins,2019,292065,Palmas,0.0
7551,1721208,Tocantinópolis,Tocantins,2019,23383,Tocantinópolis,0.0
7552,1722107,Xambioá,Tocantins,2019,11085,Xambioá,0.0
7553,2100055,Açailândia,Maranhão,2019,109886,Açailândia,0.0
7554,2100154,Água doce do Maranhão,Maranhão,2019,12308,Água Doce do Maranhão,0.0
7555,2100204,Alcântara,Maranhão,2019,20186,Alcântara,0.0
7556,2100303,Aldeias Altas,Maranhão,2019,24269,Aldeias Altas,0.0
7557,2100402,Altamira do Maranhão,Maranhão,2019,6950,Altamira do Maranhão,0.0
7558,2100436,Alto Alegre do Maranhão,Maranhão,2019,25285,Alto Alegre do Maranhão,0.0
7559,2100477,Alto Alegre do Pindaré,Maranhão,2019,28708,Alto Alegre do Pindaré,0.0
7560,2100550,Amapá do Maranhão,Maranhão,2019,7150,Amapá do Maranhão,0.0
7561,2100600,Amarante do Maranhão,Maranhão,2019,38901,Amarante do Maranhão,0.0
7562,2100808,Anapurus,Maranhão,2019,14318,Anapurus,0.0
7563,2100832,Apicum-Açu,Maranhão,2019,17155,Apicum-Açu,0.0
7564,2100873,Araguanã,Maranhão,2019,12547,Araguanã,0.0
7565,2100956,Arame,Maranhão,2019,28630,Arame,4.0
7566,2101004,Arari,Maranhão,2019,30215,Arari,0.0
7567,2101103,Axixá,Maranhão,2019,12090,Axixá,0.0
7568,2101202,Bacabal,Maranhão,2019,106150,Bacabal,1.0
7569,2101251,Bacabeira,Maranhão,2019,16698,Bacabeira,0.0
7570,2101301,Bacuri,Maranhão,2019,17123,Bacuri,0.0
7571,2101400,Balsas,Maranhão,2019,98363,Balsas,1.0
7572,2101608,Barra do Corda,Maranhão,2019,87058,Barra do Corda,0.0
7573,2101707,Barreirinhas,Maranhão,2019,64333,Barreirinhas,0.0
7574,2101731,Belágua,Maranhão,2019,8131,Belágua,0.0
7575,2101772,Bela Vista do Maranhão,Maranhão,2019,11585,Bela Vista do Maranhão,0.0
7576,2101806,Benedito Leite,Maranhão,2019,5592,Benedito Leite,0.0
7577,2101905,Bequimão,Maranhão,2019,20645,Bequimão,0.0
7578,2101939,Bernardo do Mearim,Maranhão,2019,5912,Bernardo do Mearim,0.0
7579,2101970,Boa Vista do Gurupi,Maranhão,2019,7680,Boa Vista do Gurupi,2.0
7580,2102002,Bom Jardim,Maranhão,2019,36654,Bom Jardim,8.0
7581,2102036,Bom Jesus das Selvas,Maranhão,2019,29689,Bom Jesus das Selvas,1.0
7582,2102101,Brejo,Maranhão,2019,35410,Brejo,1.0
7583,2102150,Brejo de Areia,Maranhão,2019,9995,Brejo de Areia,0.0
7584,2102200,Buriti,Maranhão,2019,29875,Buriti,0.0
7585,2102309,Buriti Bravo,Maranhão,2019,23353,Buriti Bravo,0.0
7586,2102325,Buriticupu,Maranhão,2019,61420,Buriticupu,0.0
7587,2102358,Buritirana,Maranhão,2019,14008,Buritirana,0.0
7588,2102374,Cachoeira Grande,Maranhão,2019,9588,Cachoeira Grande,0.0
7589,2102408,Cajapió,Maranhão,2019,10721,Cajapió,0.0
7590,2102507,Cajari,Maranhão,2019,17642,Cajari,0.0
7591,2102556,Campestre do Maranhão,Maranhão,2019,13013,Campestre do Maranhão,0.0
7592,2102606,Cândido Mendes,Maranhão,2019,20120,Cândido Mendes,1.0
7593,2102705,Cantanhede,Maranhão,2019,23483,Cantanhede,0.0
7594,2102754,Capinzal do Norte,Maranhão,2019,11485,Capinzal do Norte,0.0
7595,2102903,Carutapera,Maranhão,2019,24165,Carutapera,0.0
7596,2103000,Caxias,Maranhão,2019,163171,Caxias,0.0
7597,2103109,Cedral,Maranhão,2019,10571,Cedral,0.0
7598,2103125,Central do Maranhão,Maranhão,2019,7590,Central do Maranhão,0.0
7599,2103158,Centro do Guilherme,Maranhão,2019,12240,Centro do Guilherme,0.0
7600,2103174,Centro Novo do Maranhão,Maranhão,2019,17742,Centro Novo do Maranhão,4.0
7601,2103208,Chapadinha,Maranhão,2019,81576,Chapadinha,0.0
7602,2103257,Cidelândia,Maranhão,2019,13557,Cidelândia,0.0
7603,2103307,Codó,Maranhão,2019,120542,Codó,0.0
7604,2103505,Colinas,Maranhão,2019,41426,Colinas,0.0
7605,2103554,Conceição do Lago-Açu,Maranhão,2019,15326,Conceição do Lago-Açu,0.0
7606,2103604,Coroatá,Maranhão,2019,62568,Coroatá,0.0
7607,2103703,Cururupu,Maranhão,2019,33042,Cururupu,0.0
7608,2103752,davinópolis,Maranhão,2019,14120,Davinópolis,0.0
7609,2103802,dom Pedro,Maranhão,2019,23587,Dom Pedro,0.0
7610,2103901,Duque Bacelar,Maranhão,2019,10727,Duque Bacelar,0.0
7611,2104008,Esperantinópolis,Maranhão,2019,18815,Esperantinópolis,2.0
7612,2104057,Estreito,Maranhão,2019,35556,Estreito,0.0
7613,2104099,Formosa da Serra Negra,Maranhão,2019,18094,Formosa da Serra Negra,0.0
7614,2104206,Fortuna,Maranhão,2019,17551,Fortuna,1.0
7615,2104305,Godofredo Viana,Maranhão,2019,10472,Godofredo Viana,0.0
7616,2104404,Gonçalves Dias,Maranhão,2019,17782,Gonçalves Dias,0.0
7617,2104503,Governador Archer,Maranhão,2019,10545,Governador Archer,0.0
7618,2104552,Governador Edison Lobão,Maranhão,2019,17978,Governador Edison Lobão,0.0
7619,2104602,Governador Eugênio Barros,Maranhão,2019,14326,Governador Eugênio Barros,0.0
7620,2104628,Governador Luiz Rocha,Maranhão,2019,7364,Governador Luiz Rocha,0.0
7621,2104651,Governador Newton Bello,Maranhão,2019,10989,Governador Newton Bello,5.0
7622,2104677,Governador Nunes Freire,Maranhão,2019,24815,Governador Nunes Freire,1.0
7623,2104701,Graça Aranha,Maranhão,2019,6224,Graça Aranha,0.0
7624,2104800,Grajaú,Maranhão,2019,71961,Grajaú,6.0
7625,2104909,Guimarães,Maranhão,2019,11190,Guimarães,0.0
7626,2105005,Humberto de Campos,Maranhão,2019,27110,Humberto de Campos,0.0
7627,2105104,Icatu,Maranhão,2019,25853,Icatu,0.0
7628,2105153,Igarapé do Meio,Maranhão,2019,13959,Igarapé do Meio,0.0
7629,2105203,Igarapé Grande,Maranhão,2019,10636,Igarapé Grande,0.0
7630,2105302,Imperatriz,Maranhão,2019,273680,Imperatriz,0.0
7631,2105351,Itaipava do Grajaú,Maranhão,2019,14366,Itaipava do Grajaú,3.0
7632,2105401,Itapecuru Mirim,Maranhão,2019,63440,Itapecuru Mirim,0.0
7633,2105427,Itinga do Maranhão,Maranhão,2019,24004,Itinga do Maranhão,0.0
7634,2105450,Jatobá,Maranhão,2019,8063,Jatobá,0.0
7635,2105476,Jenipapo dos Vieiras,Maranhão,2019,16964,Jenipapo dos Vieiras,39.0
7636,2105500,João Lisboa,Maranhão,2019,25168,João Lisboa,0.0
7637,2105609,Joselândia,Maranhão,2019,15571,Joselândia,0.0
7638,2105658,Junco do Maranhão,Maranhão,2019,5210,Junco do Maranhão,0.0
7639,2105708,Lago da Pedra,Maranhão,2019,46675,Lago da Pedra,0.0
7640,2105906,Lago Verde,Maranhão,2019,15500,Lago Verde,0.0
7641,2105948,Lago dos Rodrigues,Maranhão,2019,9068,Lago dos Rodrigues,0.0
7642,2105963,Lagoa Grande do Maranhão,Maranhão,2019,11424,Lagoa Grande do Maranhão,0.0
7643,2105989,Lajeado Novo,Maranhão,2019,7209,Lajeado Novo,0.0
7644,2106003,Lima Campos,Maranhão,2019,11656,Lima Campos,0.0
7645,2106201,Luís domingues,Maranhão,2019,7135,Luís Domingues,0.0
7646,2106326,Maracaçumé,Maranhão,2019,21015,Maracaçumé,1.0
7647,2106359,Marajá do Sena,Maranhão,2019,7538,Marajá do Sena,0.0
7648,2106375,Maranhãozinho,Maranhão,2019,13981,Maranhãozinho,0.0
7649,2106409,Mata Roma,Maranhão,2019,16934,Mata Roma,0.0
7650,2106508,Matinha,Maranhão,2019,22699,Matinha,0.0
7651,2106607,Matões,Maranhão,2019,33320,Matões,0.0
7652,2106631,Matões do Norte,Maranhão,2019,16662,Matões do Norte,0.0
7653,2106672,Milagres do Maranhão,Maranhão,2019,8913,Milagres do Maranhão,0.0
7654,2106755,Miranda do Norte,Maranhão,2019,24950,Miranda do Norte,0.0
7655,2106805,Mirinzal,Maranhão,2019,14462,Mirinzal,0.0
7656,2106904,Monção,Maranhão,2019,29989,Monção,0.0
7657,2107001,Montes Altos,Maranhão,2019,9470,Montes Altos,0.0
7658,2107100,Morros,Maranhão,2019,18907,Morros,0.0
7659,2107357,Nova Olinda do Maranhão,Maranhão,2019,16318,Nova Olinda do Maranhão,0.0
7660,2107407,Olho D'água das Cunhãs,Maranhão,2019,18699,Olho d'Água das Cunhãs,0.0
7661,2107456,Olinda Nova do Maranhão,Maranhão,2019,13873,Olinda Nova do Maranhão,0.0
7662,2107506,Paço do Lumiar,Maranhão,2019,134034,Paço do Lumiar,0.0
7663,2107605,Palmeirândia,Maranhão,2019,20823,Palmeirândia,0.0
7664,2107704,Paraibano,Maranhão,2019,19359,Paraibano,0.0
7665,2107803,Parnarama,Maranhão,2019,33146,Parnarama,1.0
7666,2108009,Pastos Bons,Maranhão,2019,19120,Pastos Bons,0.0
7667,2108108,Paulo Ramos,Maranhão,2019,21005,Paulo Ramos,0.0
7668,2108207,Pedreiras,Maranhão,2019,39286,Pedreiras,0.0
7669,2108256,Pedro do Rosário,Maranhão,2019,24606,Pedro do Rosário,0.0
7670,2108306,Penalva,Maranhão,2019,34696,Penalva,0.0
7671,2108405,Peri Mirim,Maranhão,2019,12427,Peri Mirim,0.0
7672,2108454,Peritoró,Maranhão,2019,21430,Peritoró,0.0
7673,2108504,Pindaré-Mirim,Maranhão,2019,32673,Pindaré-Mirim,0.0
7674,2108603,Pinheiro,Maranhão,2019,85192,Pinheiro,0.0
7675,2108702,Pio Xii,Maranhão,2019,22729,Pio XII,0.0
7676,2108801,Pirapemas,Maranhão,2019,18346,Pirapemas,0.0
7677,2108900,Poção de Pedras,Maranhão,2019,18706,Poção de Pedras,0.0
7678,2109007,Porto Franco,Maranhão,2019,23588,Porto Franco,0.0
7679,2109056,Porto Rico do Maranhão,Maranhão,2019,6172,Porto Rico do Maranhão,0.0
7680,2109106,Presidente Dutra,Maranhão,2019,46372,Presidente Dutra,0.0
7681,2109205,Presidente Juscelino,Maranhão,2019,11779,Presidente Juscelino,0.0
7682,2109239,Presidente Médici,Maranhão,2019,5392,Presidente Médici,0.0
7683,2109270,Presidente Sarney,Maranhão,2019,17963,Presidente Sarney,0.0
7684,2109304,Presidente Vargas,Maranhão,2019,11005,Presidente Vargas,0.0
7685,2109403,Primeira Cruz,Maranhão,2019,14213,Primeira Cruz,0.0
7686,2109452,Raposa,Maranhão,2019,30122,Raposa,0.0
7687,2109551,Ribamar Fiquene,Maranhão,2019,7626,Ribamar Fiquene,0.0
7688,2109601,Rosário,Maranhão,2019,40435,Rosário,0.0
7689,2109759,Santa Filomena do Maranhão,Maranhão,2019,7066,Santa Filomena do Maranhão,0.0
7690,2109809,Santa Helena,Maranhão,2019,42102,Santa Helena,3.0
7691,2109908,Santa Inês,Maranhão,2019,87683,Santa Inês,0.0
7692,2110005,Santa Luzia,Maranhão,2019,64254,Santa Luzia,0.0
7693,2110039,Santa Luzia do Paruá,Maranhão,2019,24896,Santa Luzia do Paruá,0.0
7694,2110104,Santa Quitéria do Maranhão,Maranhão,2019,24785,Santa Quitéria do Maranhão,0.0
7695,2110203,Santa Rita,Maranhão,2019,36865,Santa Rita,0.0
7696,2110278,Santo Amaro do Maranhão,Maranhão,2019,14372,Santo Amaro do Maranhão,0.0
7697,2110302,Santo Antônio dos Lopes,Maranhão,2019,14715,Santo Antônio dos Lopes,0.0
7698,2110401,São Benedito do Rio Preto,Maranhão,2019,18889,São Benedito do Rio Preto,0.0
7699,2110500,São Bento,Maranhão,2019,45607,São Bento,0.0
7700,2110708,São domingos do Maranhão,Maranhão,2019,35108,São Domingos do Maranhão,0.0
7701,2110807,São Félix de Balsas,Maranhão,2019,4635,São Félix de Balsas,0.0
7702,2110906,São Francisco do Maranhão,Maranhão,2019,12323,São Francisco do Maranhão,0.0
7703,2111003,São João Batista,Maranhão,2019,19667,São João Batista,0.0
7704,2111029,São João do Carú,Maranhão,2019,13850,São João do Carú,0.0
7705,2111052,São João do Paraíso,Maranhão,2019,10528,São João do Paraíso,0.0
7706,2111078,São João do Soter,Maranhão,2019,17652,São João do Soter,0.0
7707,2111102,São João dos Patos,Maranhão,2019,25848,São João dos Patos,0.0
7708,2111201,São José de Ribamar,Maranhão,2019,220394,São José de Ribamar,0.0
7709,2111250,São José dos Basílios,Maranhão,2019,7319,São José dos Basílios,0.0
7710,2111300,São Luís,Maranhão,2019,1076177,São Luís,0.0
7711,2111409,São Luís Gonzaga do Maranhão,Maranhão,2019,19130,São Luís Gonzaga do Maranhão,0.0
7712,2111508,São Mateus do Maranhão,Maranhão,2019,40458,São Mateus do Maranhão,0.0
7713,2111532,São Pedro da Água Branca,Maranhão,2019,13931,São Pedro da Água Branca,0.0
7714,2111607,São Raimundo das Mangabeiras,Maranhão,2019,18780,São Raimundo das Mangabeiras,0.0
7715,2111631,São Raimundo do doca Bezerra,Maranhão,2019,5973,São Raimundo do Doca Bezerra,0.0
7716,2111672,São Roberto,Maranhão,2019,5168,São Roberto,0.0
7717,2111706,São Vicente Ferrer,Maranhão,2019,20540,São Vicente Ferrer,0.0
7718,2111722,Satubinha,Maranhão,2019,10157,Satubinha,0.0
7719,2111748,Senador Alexandre Costa,Maranhão,2019,10481,Senador Alexandre Costa,0.0
7720,2111763,Senador La Rocque,Maranhão,2019,15076,Senador La Rocque,0.0
7721,2111789,Serrano do Maranhão,Maranhão,2019,10296,Serrano do Maranhão,0.0
7722,2111904,Sucupira do Norte,Maranhão,2019,10624,Sucupira do Norte,0.0
7723,2112100,Timbiras,Maranhão,2019,28038,Timbiras,0.0
7724,2112209,Timon,Maranhão,2019,173488,Timon,0.0
7725,2112233,Trizidela do Vale,Maranhão,2019,22406,Trizidela do Vale,0.0
7726,2112274,Tufilândia,Maranhão,2019,5776,Tufilândia,0.0
7727,2112308,Tuntum,Maranhão,2019,38726,Tuntum,0.0
7728,2112407,Turiaçu,Maranhão,2019,37835,Turiaçu,0.0
7729,2112456,Turilândia,Maranhão,2019,29334,Turilândia,1.0
7730,2112506,Tutóia,Maranhão,2019,55017,Tutóia,0.0
7731,2112605,Urbano Santos,Maranhão,2019,33012,Urbano Santos,0.0
7732,2112704,Vargem Grande,Maranhão,2019,47285,Vargem Grande,0.0
7733,2112803,Viana,Maranhão,2019,52345,Viana,0.0
7734,2112852,Vila Nova dos Martírios,Maranhão,2019,10986,Vila Nova dos Martírios,0.0
7735,2112902,Vitória do Mearim,Maranhão,2019,32169,Vitória do Mearim,0.0
7736,2113009,Vitorino Freire,Maranhão,2019,31995,Vitorino Freire,0.0
7737,2114007,Zé doca,Maranhão,2019,45187,Zé Doca,2.0
7738,5100102,Acorizal,Mato Grosso,2019,5179,Acorizal,0.0
7739,5100201,Água Boa,Mato Grosso,2019,27307,Água Boa,0.0
7740,5100250,Alta Floresta,Mato Grosso,2019,57579,Alta Floresta,2.0
7741,5100300,Alto Araguaia,Mato Grosso,2019,17117,Alto Araguaia,0.0
7742,5100359,Alto Boa Vista,Mato Grosso,2019,5673,Alto Boa Vista,0.0
7743,5100607,Alto Taquari,Mato Grosso,2019,10283,Alto Taquari,0.0
7744,5100805,Apiacás,Mato Grosso,2019,8755,Apiacás,6.0
7745,5101001,Araguaiana,Mato Grosso,2019,3690,Araguaiana,0.0
7746,5101258,Araputanga,Mato Grosso,2019,15058,Araputanga,1.0
7747,5101308,Arenápolis,Mato Grosso,2019,10640,Arenápolis,0.0
7748,5101407,Aripuanã,Mato Grosso,2019,23550,Aripuanã,735.0
7749,5101704,Barra do Bugres,Mato Grosso,2019,30473,Barra do Bugres,1.0
7750,5101803,Barra do Garças,Mato Grosso,2019,67040,Barra do Garças,1.0
7751,5101852,Bom Jesus do Araguaia,Mato Grosso,2019,6833,Bom Jesus do Araguaia,0.0
7752,5101902,Brasnorte,Mato Grosso,2019,16732,Brasnorte,0.0
7753,5102504,Cáceres,Mato Grosso,2019,91267,Cáceres,0.0
7754,5102603,Campinápolis,Mato Grosso,2019,15342,Campinápolis,0.0
7755,5102637,Campo Novo do Parecis,Mato Grosso,2019,40906,Campo Novo do Parecis,0.0
7756,5102678,Campo Verde,Mato Grosso,2019,41700,Campo Verde,0.0
7757,5102686,Campos de Júlio,Mato Grosso,2019,7829,Campos de Júlio,2.0
7758,5102694,Canabrava do Norte,Mato Grosso,2019,4573,Canabrava do Norte,0.0
7759,5102702,Canarana,Mato Grosso,2019,24188,Canarana,1.0
7760,5102793,Carlinda,Mato Grosso,2019,10681,Carlinda,1.0
7761,5102850,Castanheira,Mato Grosso,2019,7856,Castanheira,0.0
7762,5103007,Chapada dos Guimarães,Mato Grosso,2019,19111,Chapada dos Guimarães,0.0
7763,5103056,Cláudia,Mato Grosso,2019,10096,Cláudia,0.0
7764,5103106,Cocalinho,Mato Grosso,2019,6131,Cocalinho,1.0
7765,5103205,Colíder,Mato Grosso,2019,32109,Colíder,0.0
7766,5103254,Colniza,Mato Grosso,2019,26790,Colniza,1443.0
7767,5103304,Comodoro,Mato Grosso,2019,18447,Comodoro,38.0
7768,5103353,Confresa,Mato Grosso,2019,32882,Confresa,0.0
7769,5103361,Conquista D'oeste,Mato Grosso,2019,3694,Conquista D'Oeste,0.0
7770,5103379,Cotriguaçu,Mato Grosso,2019,11865,Cotriguaçu,0.0
7771,5103403,Cuiabá,Mato Grosso,2019,643385,Cuiabá,1.0
7772,5103502,Diamantino,Mato Grosso,2019,21799,Diamantino,0.0
7773,5103601,dom Aquino,Mato Grosso,2019,8050,Dom Aquino,0.0
7774,5103700,Feliz Natal,Mato Grosso,2019,10816,Feliz Natal,0.0
7775,5103858,Gaúcha do Norte,Mato Grosso,2019,8103,Gaúcha do Norte,0.0
7776,5103908,General Carneiro,Mato Grosso,2019,5938,General Carneiro,0.0
7777,5103957,Glória D'oeste,Mato Grosso,2019,2989,Glória D'Oeste,0.0
7778,5104104,Guarantã do Norte,Mato Grosso,2019,32169,Guarantã do Norte,2.0
7779,5104203,Guiratinga,Mato Grosso,2019,11632,Guiratinga,0.0
7780,5104526,Ipiranga do Norte,Mato Grosso,2019,7134,Ipiranga do Norte,0.0
7781,5104542,Itanhangá,Mato Grosso,2019,7024,Itanhangá,0.0
7782,5104559,Itaúba,Mato Grosso,2019,4993,Itaúba,0.0
7783,5104609,Itiquira,Mato Grosso,2019,12214,Itiquira,0.0
7784,5104807,Jaciara,Mato Grosso,2019,28428,Jaciara,0.0
7785,5105002,Jauru,Mato Grosso,2019,8847,Jauru,0.0
7786,5105101,Juara,Mato Grosso,2019,35360,Juara,2.0
7787,5105150,Juína,Mato Grosso,2019,45387,Juína,6.0
7788,5105176,Juruena,Mato Grosso,2019,10666,Juruena,0.0
7789,5105200,Juscimeira,Mato Grosso,2019,11640,Juscimeira,0.0
7790,5105234,Lambari D'oeste,Mato Grosso,2019,4919,Lambari D'Oeste,1.0
7791,5105259,Lucas do Rio Verde,Mato Grosso,2019,73225,Lucas do Rio Verde,0.0
7792,5105507,Vila Bela da Santíssima Trindade,Mato Grosso,2019,16490,Vila Bela da Santíssima Trindade,0.0
7793,5105580,Marcelândia,Mato Grosso,2019,11793,Marcelândia,0.0
7794,5105606,Matupá,Mato Grosso,2019,18669,Matupá,6.0
7795,5105622,Mirassol D'oeste,Mato Grosso,2019,26974,Mirassol d'Oeste,0.0
7796,5105903,Nobres,Mato Grosso,2019,15557,Nobres,0.0
7797,5106109,Nossa Senhora do Livramento,Mato Grosso,2019,11707,Nossa Senhora do Livramento,0.0
7798,5106158,Nova Bandeirantes,Mato Grosso,2019,13392,Nova Bandeirantes,2.0
7799,5106174,Nova Nazaré,Mato Grosso,2019,3919,Nova Nazaré,1.0
7800,5106182,Nova Lacerda,Mato Grosso,2019,6515,Nova Lacerda,0.0
7801,5106190,Nova Santa Helena,Mato Grosso,2019,4087,Nova Santa Helena,0.0
7802,5106208,Nova Brasilândia,Mato Grosso,2019,4101,Nova Brasilândia,0.0
7803,5106216,Nova Canaã do Norte,Mato Grosso,2019,11993,Nova Canaã do Norte,0.0
7804,5106224,Nova Mutum,Mato Grosso,2019,49151,Nova Mutum,0.0
7805,5106232,Nova Olímpia,Mato Grosso,2019,16807,Nova Olímpia,0.0
7806,5106240,Nova Ubiratã,Mato Grosso,2019,11050,Nova Ubiratã,0.0
7807,5106257,Nova Xavantina,Mato Grosso,2019,23471,Nova Xavantina,0.0
7808,5106265,Novo Mundo,Mato Grosso,2019,6766,Novo Mundo,0.0
7809,5106273,Novo Horizonte do Norte,Mato Grosso,2019,3496,Novo Horizonte do Norte,0.0
7810,5106299,Paranaíta,Mato Grosso,2019,11666,Paranaíta,1.0
7811,5106307,Paranatinga,Mato Grosso,2019,24840,Paranatinga,0.0
7812,5106372,Pedra Preta,Mato Grosso,2019,17736,Pedra Preta,0.0
7813,5106422,Peixoto de Azevedo,Mato Grosso,2019,33164,Peixoto de Azevedo,8.0
7814,5106505,Poconé,Mato Grosso,2019,31692,Poconé,0.0
7815,5106653,Pontal do Araguaia,Mato Grosso,2019,6617,Pontal do Araguaia,0.0
7816,5106752,Pontes E Lacerda,Mato Grosso,2019,50063,Pontes e Lacerda,3.0
7817,5106778,Porto Alegre do Norte,Mato Grosso,2019,11944,Porto Alegre do Norte,0.0
7818,5106802,Porto dos Gaúchos,Mato Grosso,2019,5675,Porto dos Gaúchos,0.0
7819,5106828,Porto Esperidião,Mato Grosso,2019,10464,Porto Esperidião,0.0
7820,5106851,Porto Estrela,Mato Grosso,2019,3334,Porto Estrela,0.0
7821,5107008,Poxoréu,Mato Grosso,2019,22043,Poxoréo,0.0
7822,5107040,Primavera do Leste,Mato Grosso,2019,76360,Primavera do Leste,0.0
7823,5107065,Querência,Mato Grosso,2019,22630,Querência,0.0
7824,5107156,Reserva do Cabaçal,Mato Grosso,2019,2204,Reserva do Cabaçal,0.0
7825,5107180,Ribeirão Cascalheira,Mato Grosso,2019,9937,Ribeirão Cascalheira,0.0
7826,5107198,Ribeirãozinho,Mato Grosso,2019,2530,Ribeirãozinho,0.0
7827,5107206,Rio Branco,Mato Grosso,2019,4650,Rio Branco,0.0
7828,5107248,Santa Carmem,Mato Grosso,2019,5123,Santa Carmem,0.0
7829,5107263,Santo Afonso,Mato Grosso,2019,2615,Santo Afonso,0.0
7830,5107297,São José do Povo,Mato Grosso,2019,3015,São José do Povo,0.0
7831,5107305,São José do Rio Claro,Mato Grosso,2019,15418,São José do Rio Claro,0.0
7832,5107354,São José do Xingu,Mato Grosso,2019,5830,São José do Xingu,2.0
7833,5107578,Rondolândia,Mato Grosso,2019,3603,Rondolândia,3.0
7834,5107602,Rondonópolis,Mato Grosso,2019,237587,Rondonópolis,3.0
7835,5107701,Rosário Oeste,Mato Grosso,2019,16051,Rosário Oeste,0.0
7836,5107743,Santa Cruz do Xingu,Mato Grosso,2019,2463,Santa Cruz do Xingu,0.0
7837,5107750,Salto do Céu,Mato Grosso,2019,3750,Salto do Céu,0.0
7838,5107776,Santa Terezinha,Mato Grosso,2019,7624,Santa Terezinha,0.0
7839,5107792,Santo Antônio do Leste,Mato Grosso,2019,3984,Santo Antônio do Leste,0.0
7840,5107800,Santo Antônio do Leverger,Mato Grosso,2019,16652,Santo Antônio do Leverger,0.0
7841,5107859,São Félix do Araguaia,Mato Grosso,2019,12996,São Félix do Araguaia,0.0
7842,5107875,Sapezal,Mato Grosso,2019,26121,Sapezal,0.0
7843,5107883,Serra Nova dourada,Mato Grosso,2019,1719,Serra Nova Dourada,0.0
7844,5107909,Sinop,Mato Grosso,2019,174532,Sinop,5.0
7845,5107925,Sorriso,Mato Grosso,2019,98829,Sorriso,0.0
7846,5107941,Tabaporã,Mato Grosso,2019,9988,Tabaporã,1.0
7847,5107958,Tangará da Serra,Mato Grosso,2019,102550,Tangará da Serra,0.0
7848,5108006,Tapurah,Mato Grosso,2019,13368,Tapurah,1.0
7849,5108055,Terra Nova do Norte,Mato Grosso,2019,10892,Terra Nova do Norte,0.0
7850,5108105,Tesouro,Mato Grosso,2019,3130,Tesouro,1.0
7851,5108204,Torixoréu,Mato Grosso,2019,4188,Torixoréu,0.0
7852,5108303,União do Sul,Mato Grosso,2019,3861,União do Sul,0.0
7853,5108352,Vale de São domingos,Mato Grosso,2019,2973,Vale de São Domingos,0.0
7854,5108402,Várzea Grande,Mato Grosso,2019,295061,Várzea Grande,0.0
7855,5108600,Vila Rica,Mato Grosso,2019,20455,Vila Rica,0.0
7856,5108808,Nova Guarita,Mato Grosso,2019,4730,Nova Guarita,2.0
7857,5108857,Nova Marilândia,Mato Grosso,2019,3435,Nova Marilândia,0.0
7858,5108907,Nova Maringá,Mato Grosso,2019,5995,Nova Maringá,0.0
7859,5108956,Nova Monte Verde,Mato Grosso,2019,8417,Nova Monte Verde,0.0
7860,1100015,Alta Floresta D'oeste,Rondônia,2020,23752,Alta Floresta D'Oeste,2.0
7861,1100023,Ariquemes,Rondônia,2020,105044,Ariquemes,252.0
7862,1100031,Cabixi,Rondônia,2020,5995,Cabixi,0.0
7863,1100049,Cacoal,Rondônia,2020,93443,Cacoal,6.0
7864,1100056,Cerejeiras,Rondônia,2020,17271,Cerejeiras,0.0
7865,1100064,Colorado do Oeste,Rondônia,2020,17520,Colorado do Oeste,1.0
7866,1100072,Corumbiara,Rondônia,2020,8349,Corumbiara,0.0
7867,1100080,Costa Marques,Rondônia,2020,13909,Costa Marques,345.0
7868,1100098,Espigão D'oeste,Rondônia,2020,32225,Espigão D'Oeste,197.0
7869,1100106,Guajará-Mirim,Rondônia,2020,43902,Guajará-Mirim,836.0
7870,1100114,Jaru,Rondônia,2020,55575,Jaru,2.0
7871,1100122,Ji-Paraná,Rondônia,2020,135144,Ji-Paraná,3.0
7872,1100130,Machadinho D'oeste,Rondônia,2020,33959,Machadinho D'Oeste,425.0
7873,1100148,Nova Brasilândia D'oeste,Rondônia,2020,17744,Nova Brasilândia D'Oeste,0.0
7874,1100155,Ouro Preto do Oeste,Rondônia,2020,39329,Ouro Preto do Oeste,7.0
7875,1100189,Pimenta Bueno,Rondônia,2020,38211,Pimenta Bueno,7.0
7876,1100205,Porto Velho,Rondônia,2020,499049,Porto Velho,6022.0
7877,1100254,Presidente Médici,Rondônia,2020,21459,Presidente Médici,0.0
7878,1100262,Rio Crespo,Rondônia,2020,3703,Rio Crespo,18.0
7879,1100288,Rolim de Moura,Rondônia,2020,59939,Rolim de Moura,4.0
7880,1100296,Santa Luzia D'oeste,Rondônia,2020,8310,Santa Luzia D'Oeste,0.0
7881,1100304,Vilhena,Rondônia,2020,100488,Vilhena,7.0
7882,1100320,São Miguel do Guaporé,Rondônia,2020,22286,São Miguel do Guaporé,1.0
7883,1100338,Nova Mamoré,Rondônia,2020,27171,Nova Mamoré,171.0
7884,1100346,Alvorada D'oeste,Rondônia,2020,14938,Alvorada D'Oeste,0.0
7885,1100379,Alto Alegre dos Parecis,Rondônia,2020,12658,Alto Alegre dos Parecis,1.0
7886,1100403,Alto Paraíso,Rondônia,2020,17680,Alto Paraíso,76.0
7887,1100452,Buritis,Rondônia,2020,31915,Buritis,13.0
7888,1100502,Novo Horizonte do Oeste,Rondônia,2020,8794,Novo Horizonte do Oeste,0.0
7889,1100601,Cacaulândia,Rondônia,2020,4745,Cacaulândia,3.0
7890,1100700,Campo Novo de Rondônia,Rondônia,2020,10241,Campo Novo de Rondônia,10.0
7891,1100809,Candeias do Jamari,Rondônia,2020,23298,Candeias do Jamari,2569.0
7892,1100908,Castanheiras,Rondônia,2020,3551,Castanheiras,1.0
7893,1100924,Chupinguaia,Rondônia,2020,9760,Chupinguaia,0.0
7894,1100940,Cujubim,Rondônia,2020,16151,Cujubim,482.0
7895,1101005,Governador Jorge Teixeira,Rondônia,2020,9106,Governador Jorge Teixeira,7.0
7896,1101104,Itapuã do Oeste,Rondônia,2020,9191,Itapuã do Oeste,86.0
7897,1101203,Ministro Andreazza,Rondônia,2020,7650,Ministro Andreazza,0.0
7898,1101302,Mirante da Serra,Rondônia,2020,10519,Mirante da Serra,136.0
7899,1101401,Monte Negro,Rondônia,2020,12994,Monte Negro,10.0
7900,1101435,Nova União,Rondônia,2020,6971,Nova União,5.0
7901,1101450,Parecis,Rondônia,2020,4579,Parecis,0.0
7902,1101468,Pimenteiras do Oeste,Rondônia,2020,2341,Pimenteiras do Oeste,4.0
7903,1101476,Primavera de Rondônia,Rondônia,2020,3394,Primavera de Rondônia,1.0
7904,1101484,São Felipe D'oeste,Rondônia,2020,5846,São Felipe D'Oeste,0.0
7905,1101492,São Francisco do Guaporé,Rondônia,2020,17430,São Francisco do Guaporé,8.0
7906,1101500,Seringueiras,Rondônia,2020,13085,Seringueiras,14.0
7907,1101559,Teixeirópolis,Rondônia,2020,4725,Teixeirópolis,0.0
7908,1101609,Theobroma,Rondônia,2020,9251,Theobroma,5.0
7909,1101708,Urupá,Rondônia,2020,12053,Urupá,32.0
7910,1101757,Vale do Anari,Rondônia,2020,8748,Vale do Anari,21.0
7911,1101807,Vale do Paraíso,Rondônia,2020,7362,Vale do Paraíso,1.0
7912,1200013,Acrelândia,Acre,2020,14362,Acrelândia,39.0
7913,1200054,Assis Brasil,Acre,2020,7994,Assis Brasil,0.0
7914,1200104,Brasiléia,Acre,2020,26446,Brasiléia,1.0
7915,1200138,Bujari,Acre,2020,12396,Bujari,119.0
7916,1200179,Capixaba,Acre,2020,10572,Capixaba,2.0
7917,1200203,Cruzeiro do Sul,Acre,2020,95495,Cruzeiro do Sul,7040.0
7918,1200252,Epitaciolândia,Acre,2020,18759,Epitaciolândia,10.0
7919,1200302,Feijó,Acre,2020,37394,Feijó,2.0
7920,1200328,Jordão,Acre,2020,9042,Jordão,0.0
7921,1200336,Mâncio Lima,Acre,2020,19374,Mâncio Lima,1772.0
7922,1200344,Manoel Urbano,Acre,2020,11531,Manoel Urbano,0.0
7923,1200351,Marechal Thaumaturgo,Acre,2020,17439,Marechal Thaumaturgo,16.0
7924,1200385,Plácido de Castro,Acre,2020,17600,Plácido de Castro,87.0
7925,1200393,Porto Walter,Acre,2020,11003,Porto Walter,279.0
7926,1200401,Rio Branco,Acre,2020,385544,Rio Branco,79.0
7927,1200427,Rodrigues Alves,Acre,2020,15696,Rodrigues Alves,1793.0
7928,1200435,Santa Rosa do Purus,Acre,2020,6469,Santa Rosa do Purus,0.0
7929,1200450,Senador Guiomard,Acre,2020,22356,Senador Guiomard,252.0
7930,1200500,Sena Madureira,Acre,2020,43666,Sena Madureira,10.0
7931,1200609,Tarauacá,Acre,2020,44728,Tarauacá,91.0
7932,1200708,Xapuri,Acre,2020,18648,Xapuri,1.0
7933,1200807,Porto Acre,Acre,2020,17143,Porto Acre,34.0
7934,1300029,Alvarães,Amazonas,2020,16252,Alvarães,901.0
7935,1300060,Amaturá,Amazonas,2020,11027,Amaturá,1.0
7936,1300086,Anamã,Amazonas,2020,10450,Anamã,1.0
7937,1300102,Anori,Amazonas,2020,17875,Anori,0.0
7938,1300144,Apuí,Amazonas,2020,21021,Apuí,191.0
7939,1300201,Atalaia do Norte,Amazonas,2020,15997,Atalaia do Norte,1614.0
7940,1300300,Autazes,Amazonas,2020,41888,Autazes,56.0
7941,1300409,Barcelos,Amazonas,2020,20414,Barcelos,7191.0
7942,1300508,Barreirinha,Amazonas,2020,32418,Barreirinha,0.0
7943,1300607,Benjamin Constant,Amazonas,2020,39279,Benjamin Constant,5.0
7944,1300631,Beruri,Amazonas,2020,20407,Beruri,33.0
7945,1300680,Boa Vista do Ramos,Amazonas,2020,22528,Boa Vista do Ramos,0.0
7946,1300706,Boca do Acre,Amazonas,2020,36697,Boca do Acre,742.0
7947,1300805,Borba,Amazonas,2020,35718,Borba,80.0
7948,1300839,Caapiranga,Amazonas,2020,13571,Caapiranga,150.0
7949,1300904,Canutama,Amazonas,2020,16967,Canutama,1552.0
7950,1301001,Carauari,Amazonas,2020,30077,Carauari,1764.0
7951,1301100,Careiro,Amazonas,2020,33296,Careiro,69.0
7952,1301159,Careiro da Várzea,Amazonas,2020,21260,Careiro da Várzea,20.0
7953,1301209,Coari,Amazonas,2020,76207,Coari,2090.0
7954,1301308,Codajás,Amazonas,2020,24515,Codajás,1.0
7955,1301407,Eirunepé,Amazonas,2020,35043,Eirunepé,1295.0
7956,1301506,Envira,Amazonas,2020,17833,Envira,89.0
7957,1301605,Fonte Boa,Amazonas,2020,26941,Fonte Boa,2.0
7958,1301654,Guajará,Amazonas,2020,14580,Guajará,755.0
7959,1301704,Humaitá,Amazonas,2020,57553,Humaitá,1006.0
7960,1301803,Ipixuna,Amazonas,2020,24971,Ipixuna,1198.0
7961,1301852,Iranduba,Amazonas,2020,59693,Iranduba,190.0
7962,1301902,Itacoatiara,Amazonas,2020,107104,Itacoatiara,604.0
7963,1301951,Itamarati,Amazonas,2020,10771,Itamarati,952.0
7964,1302009,Itapiranga,Amazonas,2020,10222,Itapiranga,216.0
7965,1302108,Japurá,Amazonas,2020,8890,Japurá,733.0
7966,1302207,Juruá,Amazonas,2020,11329,Juruá,76.0
7967,1302306,Jutaí,Amazonas,2020,25139,Jutaí,1334.0
7968,1302405,Lábrea,Amazonas,2020,46222,Lábrea,2531.0
7969,1302504,Manacapuru,Amazonas,2020,104907,Manacapuru,161.0
7970,1302553,Manaquiri,Amazonas,2020,18804,Manaquiri,4.0
7971,1302603,Manaus,Amazonas,2020,2181890,Manaus,5310.0
7972,1302702,Manicoré,Amazonas,2020,55260,Manicoré,1850.0
7973,1302801,Maraã,Amazonas,2020,16509,Maraã,228.0
7974,1302900,Maués,Amazonas,2020,62881,Maués,1650.0
7975,1303007,Nhamundá,Amazonas,2020,20624,Nhamundá,54.0
7976,1303106,Nova Olinda do Norte,Amazonas,2020,29474,Nova Olinda do Norte,3.0
7977,1303205,Novo Airão,Amazonas,2020,16299,Novo Airão,59.0
7978,1303304,Novo Aripuanã,Amazonas,2020,24300,Novo Aripuanã,278.0
7979,1303403,Parintins,Amazonas,2020,104503,Parintins,2.0
7980,1303502,Pauini,Amazonas,2020,20060,Pauini,638.0
7981,1303536,Presidente Figueiredo,Amazonas,2020,31931,Presidente Figueiredo,787.0
7982,1303569,Rio Preto da Eva,Amazonas,2020,26198,Rio Preto da Eva,585.0
7983,1303601,Santa Isabel do Rio Negro,Amazonas,2020,15482,Santa Isabel do Rio Negro,3958.0
7984,1303700,Santo Antônio do Içá,Amazonas,2020,29118,Santo Antônio do Içá,280.0
7985,1303809,São Gabriel da Cachoeira,Amazonas,2020,51025,São Gabriel da Cachoeira,10124.0
7986,1303908,São Paulo de Olivença,Amazonas,2020,34700,São Paulo de Olivença,17.0
7987,1303957,São Sebastião do Uatumã,Amazonas,2020,12045,São Sebastião do Uatumã,106.0
7988,1304005,Silves,Amazonas,2020,11400,Silves,17.0
7989,1304062,Tabatinga,Amazonas,2020,67279,Tabatinga,76.0
7990,1304104,Tapauá,Amazonas,2020,20166,Tapauá,3487.0
7991,1304203,Tefé,Amazonas,2020,75179,Tefé,1581.0
7992,1304237,Tonantins,Amazonas,2020,19591,Tonantins,0.0
7993,1304260,Uarini,Amazonas,2020,14565,Uarini,263.0
7994,1304302,Urucará,Amazonas,2020,19209,Urucará,9.0
7995,1304401,Urucurituba,Amazonas,2020,23672,Urucurituba,0.0
7996,1400027,Amajari,Roraima,2020,13693,Amajari,4770.0
7997,1400050,Alto Alegre,Roraima,2020,21171,Alto Alegre,10881.0
7998,1400100,Boa Vista,Roraima,2020,417304,Boa Vista,546.0
7999,1400159,Bonfim,Roraima,2020,14110,Bonfim,527.0
8000,1400175,Cantá,Roraima,2020,18733,Cantá,1318.0
8001,1400209,Caracaraí,Roraima,2020,21562,Caracaraí,1108.0
8002,1400233,Caroebe,Roraima,2020,10738,Caroebe,688.0
8003,1400282,Iracema,Roraima,2020,10288,Iracema,1658.0
8004,1400308,Mucajaí,Roraima,2020,18397,Mucajaí,2272.0
8005,1400407,Normandia,Roraima,2020,13705,Normandia,36.0
8006,1400456,Pacaraima,Roraima,2020,18270,Pacaraima,1968.0
8007,1400472,Rorainópolis,Roraima,2020,33221,Rorainópolis,1734.0
8008,1400506,São João da Baliza,Roraima,2020,8945,São João da Baliza,494.0
8009,1400605,São Luiz,Roraima,2020,7556,São Luiz,171.0
8010,1400704,Uiramutã,Roraima,2020,13282,Uiramutã,1237.0
8011,1500107,Abaetetuba,Pará,2020,164217,Abaetetuba,2.0
8012,1500131,Abel Figueiredo,Pará,2020,6589,Abel Figueiredo,0.0
8013,1500206,Acará,Pará,2020,61075,Acará,1.0
8014,1500305,Afuá,Pará,2020,39366,Afuá,433.0
8015,1500347,Água Azul do Norte,Pará,2020,20154,Água Azul do Norte,0.0
8016,1500404,Alenquer,Pará,2020,68596,Alenquer,1089.0
8017,1500503,Almeirim,Pará,2020,36207,Almeirim,474.0
8018,1500602,Altamira,Pará,2020,126733,Altamira,826.0
8019,1500701,Anajás,Pará,2020,28838,Anajás,4455.0
8020,1500800,Ananindeua,Pará,2020,505725,Ananindeua,1.0
8021,1500859,Anapu,Pará,2020,30407,Anapu,6.0
8022,1500909,Augusto Corrêa,Pará,2020,46530,Augusto Corrêa,0.0
8023,1500958,Aurora do Pará,Pará,2020,25431,Aurora do Pará,3.0
8024,1501006,Aveiro,Pará,2020,18405,Aveiro,0.0
8025,1501105,Bagre,Pará,2020,31568,Bagre,1051.0
8026,1501204,Baião,Pará,2020,51010,Baião,66.0
8027,1501253,Bannach,Pará,2020,4089,Bannach,1.0
8028,1501303,Barcarena,Pará,2020,127305,Barcarena,0.0
8029,1501402,Belém,Pará,2020,1422840,Belém,2.0
8030,1501451,Belterra,Pará,2020,18431,Belterra,0.0
8031,1501501,Benevides,Pará,2020,63912,Benevides,0.0
8032,1501576,Bom Jesus do Tocantins,Pará,2020,18250,Bom Jesus do Tocantins,0.0
8033,1501600,Bonito,Pará,2020,13418,Bonito,0.0
8034,1501709,Bragança,Pará,2020,128593,Bragança,0.0
8035,1501725,Brasil Novo,Pará,2020,23172,Brasil Novo,3.0
8036,1501758,Brejo Grande do Araguaia,Pará,2020,7281,Brejo Grande do Araguaia,0.0
8037,1501782,Breu Branco,Pará,2020,50431,Breu Branco,0.0
8038,1501808,Breves,Pará,2020,109688,Breves,574.0
8039,1501907,Bujaru,Pará,2020,25678,Bujaru,0.0
8040,1501956,Cachoeira do Piriá,Pará,2020,21786,Cachoeira do Piriá,0.0
8041,1502004,Cachoeira do Arari,Pará,2020,24098,Cachoeira do Arari,1.0
8042,1502103,Cametá,Pará,2020,139442,Cametá,731.0
8043,1502152,Canaã dos Carajás,Pará,2020,63950,Canaã dos Carajás,0.0
8044,1502202,Capanema,Pará,2020,72596,Capanema,0.0
8045,1502301,Capitão Poço,Pará,2020,58446,Capitão Poço,0.0
8046,1502400,Castanhal,Pará,2020,200536,Castanhal,1.0
8047,1502509,Chaves,Pará,2020,21596,Chaves,294.0
8048,1502608,Colares,Pará,2020,13136,Colares,0.0
8049,1502707,Conceição do Araguaia,Pará,2020,47692,Conceição do Araguaia,0.0
8050,1502756,Concórdia do Pará,Pará,2020,28818,Concórdia do Pará,0.0
8051,1502764,Cumaru do Norte,Pará,2020,13644,Cumaru do Norte,17.0
8052,1502772,Curionópolis,Pará,2020,20545,Curionópolis,1.0
8053,1502806,Curralinho,Pará,2020,34687,Curralinho,140.0
8054,1502855,Curuá,Pará,2020,14288,Curuá,0.0
8055,1502905,Curuçá,Pará,2020,42209,Curuçá,0.0
8056,1502939,dom Eliseu,Pará,2020,60195,Dom Eliseu,0.0
8057,1502954,Eldorado do Carajás,Pará,2020,31078,Eldorado do Carajás,0.0
8058,1503002,Faro,Pará,2020,8985,Faro,20.0
8059,1503044,Floresta do Araguaia,Pará,2020,18763,Floresta do Araguaia,0.0
8060,1503077,Garrafão do Norte,Pará,2020,25930,Garrafão do Norte,0.0
8061,1503093,Goianésia do Pará,Pará,2020,29790,Goianésia do Pará,5.0
8062,1503101,Gurupá,Pará,2020,33045,Gurupá,2.0
8063,1503200,Igarapé-Açu,Pará,2020,37940,Igarapé-Açu,0.0
8064,1503309,Igarapé-Miri,Pará,2020,67007,Igarapé-Miri,1.0
8065,1503408,Inhangapi,Pará,2020,10685,Inhangapi,0.0
8066,1503457,Ipixuna do Pará,Pará,2020,34351,Ipixuna do Pará,1.0
8067,1503507,Irituia,Pará,2020,32963,Irituia,0.0
8068,1503606,Itaituba,Pará,2020,123470,Itaituba,3911.0
8069,1503705,Itupiranga,Pará,2020,53742,Itupiranga,0.0
8070,1503754,Jacareacanga,Pará,2020,21500,Jacareacanga,7266.0
8071,1503804,Jacundá,Pará,2020,42896,Jacundá,3.0
8072,1503903,Juruti,Pará,2020,52970,Juruti,0.0
8073,1504000,Limoeiro do Ajuru,Pará,2020,30150,Limoeiro do Ajuru,65.0
8074,1504059,Mãe do Rio,Pará,2020,34802,Mãe do Rio,0.0
8075,1504109,Magalhães Barata,Pará,2020,8480,Magalhães Barata,0.0
8076,1504208,Marabá,Pará,2020,280013,Marabá,3.0
8077,1504307,Maracanã,Pará,2020,28068,Maracanã,0.0
8078,1504406,Marapanim,Pará,2020,28117,Marapanim,0.0
8079,1504422,Marituba,Pará,2020,117804,Marituba,0.0
8080,1504455,Medicilândia,Pará,2020,28740,Medicilândia,7.0
8081,1504505,Melgaço,Pará,2020,28717,Melgaço,4.0
8082,1504604,Mocajuba,Pará,2020,28770,Mocajuba,13.0
8083,1504703,Moju,Pará,2020,85688,Moju,3.0
8084,1504752,Mojuí dos Campos,Pará,2020,21990,Mojuí dos Campos,2.0
8085,1504802,Monte Alegre,Pará,2020,62139,Monte Alegre,2.0
8086,1504901,Muaná,Pará,2020,44973,Muaná,15.0
8087,1504950,Nova Esperança do Piriá,Pará,2020,21338,Nova Esperança do Piriá,0.0
8088,1504976,Nova Ipixuna,Pará,2020,14891,Nova Ipixuna,0.0
8089,1505007,Nova Timboteua,Pará,2020,13578,Nova Timboteua,0.0
8090,1505031,Novo Progresso,Pará,2020,33058,Novo Progresso,69.0
8091,1505064,Novo Repartimento,Pará,2020,65316,Novo Repartimento,12.0
8092,1505106,Óbidos,Pará,2020,54488,Óbidos,6.0
8093,1505205,Oeiras do Pará,Pará,2020,34668,Oeiras do Pará,1186.0
8094,1505304,Oriximiná,Pará,2020,70669,Oriximiná,856.0
8095,1505403,Ourém,Pará,2020,18285,Ourém,0.0
8096,1505437,Ourilândia do Norte,Pará,2020,33262,Ourilândia do Norte,83.0
8097,1505486,Pacajá,Pará,2020,43788,Pacajá,115.0
8098,1505494,Palestina do Pará,Pará,2020,7384,Palestina do Pará,0.0
8099,1505502,Paragominas,Pará,2020,110478,Paragominas,2.0
8100,1505536,Parauapebas,Pará,2020,252529,Parauapebas,11.0
8101,1505601,Peixe-Boi,Pará,2020,8567,Peixe-Boi,0.0
8102,1505635,Piçarra,Pará,2020,13472,Piçarra,0.0
8103,1505650,Placas,Pará,2020,20361,Placas,0.0
8104,1505700,Ponta de Pedras,Pará,2020,26303,Ponta de Pedras,25.0
8105,1505809,Portel,Pará,2020,63409,Portel,431.0
8106,1505908,Porto de Moz,Pará,2020,41686,Porto de Moz,0.0
8107,1506005,Prainha,Pará,2020,36038,Prainha,90.0
8108,1506104,Primavera,Pará,2020,11155,Primavera,0.0
8109,1506112,Quatipuru,Pará,2020,12179,Quatipuru,0.0
8110,1506138,Redenção,Pará,2020,88647,Redenção,4.0
8111,1506161,Rio Maria,Pará,2020,19101,Rio Maria,0.0
8112,1506187,Rondon do Pará,Pará,2020,55387,Rondon do Pará,12.0
8113,1506195,Rurópolis,Pará,2020,39048,Rurópolis,3.0
8114,1506203,Salinópolis,Pará,2020,45498,Salinópolis,0.0
8115,1506302,Salvaterra,Pará,2020,24095,Salvaterra,0.0
8116,1506351,Santa Bárbara do Pará,Pará,2020,21036,Santa Bárbara do Pará,0.0
8117,1506401,Santa Cruz do Arari,Pará,2020,7882,Santa Cruz do Arari,10.0
8118,1506500,Santa Izabel do Pará,Pará,2020,73558,Santa Izabel do Pará,1.0
8119,1506559,Santa Luzia do Pará,Pará,2020,21052,Santa Luzia do Pará,0.0
8120,1506583,Santa Maria das Barreiras,Pará,2020,17448,Santa Maria das Barreiras,0.0
8121,1506609,Santa Maria do Pará,Pará,2020,25176,Santa Maria do Pará,0.0
8122,1506708,Santana do Araguaia,Pará,2020,37827,Santana do Araguaia,0.0
8123,1506807,Santarém,Pará,2020,338664,Santarém,33.0
8124,1506906,Santarém Novo,Pará,2020,6385,Santarém Novo,0.0
8125,1507003,Santo Antônio do Tauá,Pará,2020,28888,Santo Antônio do Tauá,0.0
8126,1507102,São Caetano de Odivelas,Pará,2020,17399,São Caetano de Odivelas,0.0
8127,1507151,São domingos do Araguaia,Pará,2020,22734,São Domingos do Araguaia,0.0
8128,1507201,São domingos do Capim,Pará,2020,32575,São Domingos do Capim,0.0
8129,1507300,São Félix do Xingu,Pará,2020,74241,São Félix do Xingu,14.0
8130,1507409,São Francisco do Pará,Pará,2020,15541,São Francisco do Pará,0.0
8131,1507458,São Geraldo do Araguaia,Pará,2020,25845,São Geraldo do Araguaia,0.0
8132,1507466,São João da Ponta,Pará,2020,4761,São João da Ponta,0.0
8133,1507474,São João de Pirabas,Pará,2020,21532,São João de Pirabas,0.0
8134,1507508,São João do Araguaia,Pará,2020,14311,São João do Araguaia,0.0
8135,1507607,São Miguel do Guamá,Pará,2020,55537,São Miguel do Guamá,0.0
8136,1507706,São Sebastião da Boa Vista,Pará,2020,26450,São Sebastião da Boa Vista,15.0
8137,1507755,Sapucaia,Pará,2020,5925,Sapucaia,1.0
8138,1507805,Senador José Porfírio,Pará,2020,20703,Senador José Porfírio,62.0
8139,1507904,Soure,Pará,2020,24948,Soure,0.0
8140,1507953,Tailândia,Pará,2020,77640,Tailândia,0.0
8141,1507961,Terra Alta,Pará,2020,10795,Terra Alta,0.0
8142,1507979,Terra Santa,Pará,2020,19071,Terra Santa,1.0
8143,1508001,Tomé-Açu,Pará,2020,68402,Tomé-Açu,0.0
8144,1508035,Tracuateua,Pará,2020,30172,Tracuateua,0.0
8145,1508050,Trairão,Pará,2020,16174,Trairão,4.0
8146,1508084,Tucumã,Pará,2020,40550,Tucumã,7.0
8147,1508100,Tucuruí,Pará,2020,99744,Tucuruí,4.0
8148,1508126,Ulianópolis,Pará,2020,41518,Ulianópolis,0.0
8149,1508159,Uruará,Pará,2020,46531,Uruará,0.0
8150,1508209,Vigia,Pará,2020,52892,Vigia,0.0
8151,1508308,Viseu,Pará,2020,61955,Viseu,0.0
8152,1508357,Vitória do Xingu,Pará,2020,15738,Vitória do Xingu,0.0
8153,1508407,Xinguara,Pará,2020,52700,Xinguara,0.0
8154,1600055,Serra do Navio,Amapá,2020,4902,Serra do Navio,187.0
8155,1600105,Amapá,Amapá,2020,8523,Amapá,4.0
8156,1600154,Pedra Branca do Amapari,Amapá,2020,13084,Pedra Branca do Amapari,714.0
8157,1600204,Calçoene,Amapá,2020,10939,Calçoene,346.0
8158,1600212,Cutias,Amapá,2020,4836,Cutias,0.0
8159,1600238,Ferreira Gomes,Amapá,2020,6951,Ferreira Gomes,74.0
8160,1600253,Itaubal,Amapá,2020,5613,Itaubal,2.0
8161,1600279,Laranjal do Jari,Amapá,2020,39888,Laranjal do Jari,38.0
8162,1600303,Macapá,Amapá,2020,474460,Macapá,175.0
8163,1600402,Mazagão,Amapá,2020,22129,Mazagão,307.0
8164,1600501,Oiapoque,Amapá,2020,28005,Oiapoque,492.0
8165,1600535,Porto Grande,Amapá,2020,18882,Porto Grande,674.0
8166,1600550,Pracuúba,Amapá,2020,4110,Pracuúba,2.0
8167,1600600,Santana,Amapá,2020,116971,Santana,249.0
8168,1600709,Tartarugalzinho,Amapá,2020,13855,Tartarugalzinho,30.0
8169,1600808,Vitória do Jari,Amapá,2020,12385,Vitória do Jari,10.0
8170,1700251,Abreulândia,Tocantins,2020,2626,Abreulândia,0.0
8171,1700400,Almas,Tocantins,2020,6884,Almas,0.0
8172,1701002,Ananás,Tocantins,2020,10604,Ananás,0.0
8173,1701903,Araguacema,Tocantins,2020,6178,Araguacema,0.0
8174,1702109,Araguaína,Tocantins,2020,174718,Araguaína,0.0
8175,1702208,Araguatins,Tocantins,2020,33283,Araguatins,0.0
8176,1702554,Augustinópolis,Tocantins,2020,17753,Augustinópolis,0.0
8177,1702703,Aurora do Tocantins,Tocantins,2020,3486,Aurora do Tocantins,0.0
8178,1702901,Axixá do Tocantins,Tocantins,2020,10321,Axixá do Tocantins,0.0
8179,1703008,Babaçulândia,Tocantins,2020,8511,Babaçulândia,0.0
8180,1703800,Buriti do Tocantins,Tocantins,2020,10546,Buriti do Tocantins,0.0
8181,1703891,Carrasco Bonito,Tocantins,2020,3489,Carrasco Bonito,0.0
8182,1703909,Caseara,Tocantins,2020,4938,Caseara,0.0
8183,1705607,Conceição do Tocantins,Tocantins,2020,4049,Conceição do Tocantins,0.0
8184,1707405,Esperantina,Tocantins,2020,8120,Esperantina,0.0
8185,1710508,Itacajá,Tocantins,2020,7108,Itacajá,0.0
8186,1710706,Itaguatins,Tocantins,2020,5490,Itaguatins,0.0
8187,1711803,Juarina,Tocantins,2020,2305,Juarina,0.0
8188,1712504,Marianópolis do Tocantins,Tocantins,2020,4711,Marianópolis do Tocantins,0.0
8189,1712801,Maurilândia do Tocantins,Tocantins,2020,3207,Maurilândia do Tocantins,0.0
8190,1713304,Miranorte,Tocantins,2020,13111,Miranorte,0.0
8191,1714203,Natividade,Tocantins,2020,9080,Natividade,0.0
8192,1718204,Porto Nacional,Tocantins,2020,63253,Porto Nacional,0.0
8193,1718303,Praia Norte,Tocantins,2020,9134,Praia Norte,0.0
8194,1718550,Riachinho,Tocantins,2020,4144,Riachinho,0.0
8195,1718808,Sampaio,Tocantins,2020,4299,Sampaio,0.0
8196,1718840,Sandolândia,Tocantins,2020,3787,Sandolândia,0.0
8197,1718865,Santa Fé do Araguaia,Tocantins,2020,7318,Santa Fé do Araguaia,0.0
8198,1719004,Santa Tereza do Tocantins,Tocantins,2020,2791,Santa Tereza do Tocantins,0.0
8199,1720101,São Bento do Tocantins,Tocantins,2020,5661,São Bento do Tocantins,0.0
8200,1720150,São Félix do Tocantins,Tocantins,2020,1773,São Félix do Tocantins,0.0
8201,1720309,São Sebastião do Tocantins,Tocantins,2020,4277,São Sebastião do Tocantins,0.0
8202,1720804,Sítio Novo do Tocantins,Tocantins,2020,10870,Sítio Novo do Tocantins,0.0
8203,1720903,Taguatinga,Tocantins,2020,14689,Taguatinga,0.0
8204,1720937,Taipas do Tocantins,Tocantins,2020,2064,Taipas do Tocantins,0.0
8205,1721000,Palmas,Tocantins,2020,298656,Palmas,0.0
8206,1721208,Tocantinópolis,Tocantins,2020,23385,Tocantinópolis,0.0
8207,1722107,Xambioá,Tocantins,2020,11019,Xambioá,0.0
8208,2100055,Açailândia,Maranhão,2020,110212,Açailândia,0.0
8209,2100154,Água doce do Maranhão,Maranhão,2020,12356,Água Doce do Maranhão,0.0
8210,2100204,Alcântara,Maranhão,2020,19929,Alcântara,0.0
8211,2100303,Aldeias Altas,Maranhão,2020,24178,Aldeias Altas,0.0
8212,2100402,Altamira do Maranhão,Maranhão,2020,6887,Altamira do Maranhão,0.0
8213,2100436,Alto Alegre do Maranhão,Maranhão,2020,25169,Alto Alegre do Maranhão,0.0
8214,2100477,Alto Alegre do Pindaré,Maranhão,2020,28297,Alto Alegre do Pindaré,0.0
8215,2100550,Amapá do Maranhão,Maranhão,2020,7204,Amapá do Maranhão,1.0
8216,2100600,Amarante do Maranhão,Maranhão,2020,38838,Amarante do Maranhão,0.0
8217,2100808,Anapurus,Maranhão,2020,14281,Anapurus,0.0
8218,2100832,Apicum-Açu,Maranhão,2020,17344,Apicum-Açu,0.0
8219,2100873,Araguanã,Maranhão,2020,12316,Araguanã,0.0
8220,2100956,Arame,Maranhão,2020,28132,Arame,0.0
8221,2101004,Arari,Maranhão,2020,30335,Arari,0.0
8222,2101103,Axixá,Maranhão,2020,12105,Axixá,0.0
8223,2101202,Bacabal,Maranhão,2020,106611,Bacabal,0.0
8224,2101251,Bacabeira,Maranhão,2020,16853,Bacabeira,0.0
8225,2101301,Bacuri,Maranhão,2020,17054,Bacuri,0.0
8226,2101400,Balsas,Maranhão,2020,99979,Balsas,0.0
8227,2101608,Barra do Corda,Maranhão,2020,87352,Barra do Corda,4.0
8228,2101707,Barreirinhas,Maranhão,2020,65044,Barreirinhas,0.0
8229,2101731,Belágua,Maranhão,2020,8239,Belágua,0.0
8230,2101772,Bela Vista do Maranhão,Maranhão,2020,11711,Bela Vista do Maranhão,0.0
8231,2101806,Benedito Leite,Maranhão,2020,5612,Benedito Leite,0.0
8232,2101905,Bequimão,Maranhão,2020,20544,Bequimão,0.0
8233,2101939,Bernardo do Mearim,Maranhão,2020,5949,Bernardo do Mearim,0.0
8234,2101970,Boa Vista do Gurupi,Maranhão,2020,7717,Boa Vista do Gurupi,1.0
8235,2102002,Bom Jardim,Maranhão,2020,36190,Bom Jardim,3.0
8236,2102036,Bom Jesus das Selvas,Maranhão,2020,29736,Bom Jesus das Selvas,4.0
8237,2102101,Brejo,Maranhão,2020,35424,Brejo,0.0
8238,2102150,Brejo de Areia,Maranhão,2020,9885,Brejo de Areia,0.0
8239,2102200,Buriti,Maranhão,2020,30091,Buriti,0.0
8240,2102309,Buriti Bravo,Maranhão,2020,23319,Buriti Bravo,0.0
8241,2102325,Buriticupu,Maranhão,2020,60575,Buriticupu,0.0
8242,2102358,Buritirana,Maranhão,2020,13855,Buritirana,0.0
8243,2102374,Cachoeira Grande,Maranhão,2020,9687,Cachoeira Grande,0.0
8244,2102408,Cajapió,Maranhão,2020,10651,Cajapió,0.0
8245,2102507,Cajari,Maranhão,2020,17483,Cajari,0.0
8246,2102556,Campestre do Maranhão,Maranhão,2020,12938,Campestre do Maranhão,0.0
8247,2102606,Cândido Mendes,Maranhão,2020,20216,Cândido Mendes,0.0
8248,2102705,Cantanhede,Maranhão,2020,23804,Cantanhede,0.0
8249,2102754,Capinzal do Norte,Maranhão,2020,11545,Capinzal do Norte,0.0
8250,2102903,Carutapera,Maranhão,2020,24329,Carutapera,0.0
8251,2103000,Caxias,Maranhão,2020,163485,Caxias,0.0
8252,2103109,Cedral,Maranhão,2020,10567,Cedral,0.0
8253,2103125,Central do Maranhão,Maranhão,2020,7518,Central do Maranhão,0.0
8254,2103158,Centro do Guilherme,Maranhão,2020,12360,Centro do Guilherme,1.0
8255,2103174,Centro Novo do Maranhão,Maranhão,2020,17507,Centro Novo do Maranhão,0.0
8256,2103208,Chapadinha,Maranhão,2020,82188,Chapadinha,0.0
8257,2103257,Cidelândia,Maranhão,2020,13499,Cidelândia,0.0
8258,2103307,Codó,Maranhão,2020,120248,Codó,0.0
8259,2103505,Colinas,Maranhão,2020,41562,Colinas,0.0
8260,2103554,Conceição do Lago-Açu,Maranhão,2020,15327,Conceição do Lago-Açu,2.0
8261,2103604,Coroatá,Maranhão,2020,62416,Coroatá,0.0
8262,2103703,Cururupu,Maranhão,2020,33031,Cururupu,0.0
8263,2103752,davinópolis,Maranhão,2020,14269,Davinópolis,0.0
8264,2103802,dom Pedro,Maranhão,2020,23642,Dom Pedro,0.0
8265,2103901,Duque Bacelar,Maranhão,2020,10676,Duque Bacelar,0.0
8266,2104008,Esperantinópolis,Maranhão,2020,18832,Esperantinópolis,0.0
8267,2104057,Estreito,Maranhão,2020,35341,Estreito,0.0
8268,2104099,Formosa da Serra Negra,Maranhão,2020,18147,Formosa da Serra Negra,0.0
8269,2104206,Fortuna,Maranhão,2020,17552,Fortuna,0.0
8270,2104305,Godofredo Viana,Maranhão,2020,10472,Godofredo Viana,0.0
8271,2104404,Gonçalves Dias,Maranhão,2020,17779,Gonçalves Dias,3.0
8272,2104503,Governador Archer,Maranhão,2020,10541,Governador Archer,0.0
8273,2104552,Governador Edison Lobão,Maranhão,2020,18203,Governador Edison Lobão,0.0
8274,2104602,Governador Eugênio Barros,Maranhão,2020,14355,Governador Eugênio Barros,0.0
8275,2104628,Governador Luiz Rocha,Maranhão,2020,7355,Governador Luiz Rocha,0.0
8276,2104651,Governador Newton Bello,Maranhão,2020,10994,Governador Newton Bello,0.0
8277,2104677,Governador Nunes Freire,Maranhão,2020,24596,Governador Nunes Freire,0.0
8278,2104701,Graça Aranha,Maranhão,2020,6230,Graça Aranha,0.0
8279,2104800,Grajaú,Maranhão,2020,72954,Grajaú,10.0
8280,2104909,Guimarães,Maranhão,2020,11062,Guimarães,0.0
8281,2105005,Humberto de Campos,Maranhão,2020,27010,Humberto de Campos,0.0
8282,2105104,Icatu,Maranhão,2020,25767,Icatu,0.0
8283,2105153,Igarapé do Meio,Maranhão,2020,14059,Igarapé do Meio,0.0
8284,2105203,Igarapé Grande,Maranhão,2020,10627,Igarapé Grande,0.0
8285,2105302,Imperatriz,Maranhão,2020,276428,Imperatriz,0.0
8286,2105351,Itaipava do Grajaú,Maranhão,2020,14346,Itaipava do Grajaú,2.0
8287,2105401,Itapecuru Mirim,Maranhão,2020,63278,Itapecuru Mirim,0.0
8288,2105427,Itinga do Maranhão,Maranhão,2020,23827,Itinga do Maranhão,0.0
8289,2105450,Jatobá,Maranhão,2020,7962,Jatobá,0.0
8290,2105476,Jenipapo dos Vieiras,Maranhão,2020,17115,Jenipapo dos Vieiras,29.0
8291,2105500,João Lisboa,Maranhão,2020,25232,João Lisboa,0.0
8292,2105609,Joselândia,Maranhão,2020,15531,Joselândia,0.0
8293,2105658,Junco do Maranhão,Maranhão,2020,5244,Junco do Maranhão,0.0
8294,2105708,Lago da Pedra,Maranhão,2020,46613,Lago da Pedra,0.0
8295,2105906,Lago Verde,Maranhão,2020,15442,Lago Verde,0.0
8296,2105948,Lago dos Rodrigues,Maranhão,2020,9072,Lago dos Rodrigues,0.0
8297,2105963,Lagoa Grande do Maranhão,Maranhão,2020,11505,Lagoa Grande do Maranhão,1.0
8298,2105989,Lajeado Novo,Maranhão,2020,7230,Lajeado Novo,0.0
8299,2106003,Lima Campos,Maranhão,2020,11660,Lima Campos,0.0
8300,2106201,Luís domingues,Maranhão,2020,7196,Luís Domingues,0.0
8301,2106326,Maracaçumé,Maranhão,2020,21184,Maracaçumé,0.0
8302,2106359,Marajá do Sena,Maranhão,2020,7467,Marajá do Sena,0.0
8303,2106375,Maranhãozinho,Maranhão,2020,14056,Maranhãozinho,0.0
8304,2106409,Mata Roma,Maranhão,2020,17069,Mata Roma,0.0
8305,2106508,Matinha,Maranhão,2020,22706,Matinha,0.0
8306,2106607,Matões,Maranhão,2020,33378,Matões,0.0
8307,2106631,Matões do Norte,Maranhão,2020,16925,Matões do Norte,0.0
8308,2106672,Milagres do Maranhão,Maranhão,2020,8951,Milagres do Maranhão,0.0
8309,2106755,Miranda do Norte,Maranhão,2020,24875,Miranda do Norte,0.0
8310,2106805,Mirinzal,Maranhão,2020,14448,Mirinzal,0.0
8311,2106904,Monção,Maranhão,2020,29764,Monção,0.0
8312,2107001,Montes Altos,Maranhão,2020,9464,Montes Altos,0.0
8313,2107100,Morros,Maranhão,2020,18952,Morros,0.0
8314,2107357,Nova Olinda do Maranhão,Maranhão,2020,15955,Nova Olinda do Maranhão,2.0
8315,2107407,Olho D'água das Cunhãs,Maranhão,2020,18658,Olho d'Água das Cunhãs,0.0
8316,2107456,Olinda Nova do Maranhão,Maranhão,2020,13904,Olinda Nova do Maranhão,0.0
8317,2107506,Paço do Lumiar,Maranhão,2020,137936,Paço do Lumiar,0.0
8318,2107605,Palmeirândia,Maranhão,2020,21019,Palmeirândia,0.0
8319,2107704,Paraibano,Maranhão,2020,19233,Paraibano,0.0
8320,2107803,Parnarama,Maranhão,2020,33023,Parnarama,0.0
8321,2108009,Pastos Bons,Maranhão,2020,19171,Pastos Bons,0.0
8322,2108108,Paulo Ramos,Maranhão,2020,21009,Paulo Ramos,0.0
8323,2108207,Pedreiras,Maranhão,2020,39144,Pedreiras,0.0
8324,2108256,Pedro do Rosário,Maranhão,2020,24677,Pedro do Rosário,0.0
8325,2108306,Penalva,Maranhão,2020,34543,Penalva,1.0
8326,2108405,Peri Mirim,Maranhão,2020,12201,Peri Mirim,0.0
8327,2108454,Peritoró,Maranhão,2020,21347,Peritoró,0.0
8328,2108504,Pindaré-Mirim,Maranhão,2020,32692,Pindaré-Mirim,0.0
8329,2108603,Pinheiro,Maranhão,2020,85882,Pinheiro,0.0
8330,2108702,Pio Xii,Maranhão,2020,22691,Pio XII,0.0
8331,2108801,Pirapemas,Maranhão,2020,18291,Pirapemas,0.0
8332,2108900,Poção de Pedras,Maranhão,2020,18480,Poção de Pedras,0.0
8333,2109007,Porto Franco,Maranhão,2020,23823,Porto Franco,0.0
8334,2109056,Porto Rico do Maranhão,Maranhão,2020,6174,Porto Rico do Maranhão,0.0
8335,2109106,Presidente Dutra,Maranhão,2020,46490,Presidente Dutra,0.0
8336,2109205,Presidente Juscelino,Maranhão,2020,11749,Presidente Juscelino,0.0
8337,2109239,Presidente Médici,Maranhão,2020,5256,Presidente Médici,0.0
8338,2109270,Presidente Sarney,Maranhão,2020,17975,Presidente Sarney,0.0
8339,2109304,Presidente Vargas,Maranhão,2020,10960,Presidente Vargas,0.0
8340,2109403,Primeira Cruz,Maranhão,2020,14177,Primeira Cruz,0.0
8341,2109452,Raposa,Maranhão,2020,30541,Raposa,0.0
8342,2109551,Ribamar Fiquene,Maranhão,2020,7637,Ribamar Fiquene,0.0
8343,2109601,Rosário,Maranhão,2020,40359,Rosário,0.0
8344,2109759,Santa Filomena do Maranhão,Maranhão,2020,7017,Santa Filomena do Maranhão,0.0
8345,2109809,Santa Helena,Maranhão,2020,42355,Santa Helena,1.0
8346,2109908,Santa Inês,Maranhão,2020,87919,Santa Inês,0.0
8347,2110005,Santa Luzia,Maranhão,2020,63290,Santa Luzia,0.0
8348,2110039,Santa Luzia do Paruá,Maranhão,2020,24918,Santa Luzia do Paruá,0.0
8349,2110104,Santa Quitéria do Maranhão,Maranhão,2020,24757,Santa Quitéria do Maranhão,3.0
8350,2110203,Santa Rita,Maranhão,2020,37238,Santa Rita,0.0
8351,2110278,Santo Amaro do Maranhão,Maranhão,2020,14363,Santo Amaro do Maranhão,0.0
8352,2110302,Santo Antônio dos Lopes,Maranhão,2020,14729,Santo Antônio dos Lopes,0.0
8353,2110401,São Benedito do Rio Preto,Maranhão,2020,18875,São Benedito do Rio Preto,0.0
8354,2110500,São Bento,Maranhão,2020,46213,São Bento,0.0
8355,2110708,São domingos do Maranhão,Maranhão,2020,35217,São Domingos do Maranhão,0.0
8356,2110807,São Félix de Balsas,Maranhão,2020,4611,São Félix de Balsas,0.0
8357,2110906,São Francisco do Maranhão,Maranhão,2020,12366,São Francisco do Maranhão,0.0
8358,2111003,São João Batista,Maranhão,2020,19537,São João Batista,0.0
8359,2111029,São João do Carú,Maranhão,2020,13570,São João do Carú,0.0
8360,2111052,São João do Paraíso,Maranhão,2020,10457,São João do Paraíso,0.0
8361,2111078,São João do Soter,Maranhão,2020,17602,São João do Soter,0.0
8362,2111102,São João dos Patos,Maranhão,2020,25905,São João dos Patos,0.0
8363,2111201,São José de Ribamar,Maranhão,2020,228748,São José de Ribamar,0.0
8364,2111250,São José dos Basílios,Maranhão,2020,7289,São José dos Basílios,0.0
8365,2111300,São Luís,Maranhão,2020,1080699,São Luís,0.0
8366,2111409,São Luís Gonzaga do Maranhão,Maranhão,2020,18954,São Luís Gonzaga do Maranhão,0.0
8367,2111508,São Mateus do Maranhão,Maranhão,2020,40469,São Mateus do Maranhão,0.0
8368,2111532,São Pedro da Água Branca,Maranhão,2020,14122,São Pedro da Água Branca,0.0
8369,2111607,São Raimundo das Mangabeiras,Maranhão,2020,18893,São Raimundo das Mangabeiras,0.0
8370,2111631,São Raimundo do doca Bezerra,Maranhão,2020,5937,São Raimundo do Doca Bezerra,0.0
8371,2111672,São Roberto,Maranhão,2020,5041,São Roberto,0.0
8372,2111706,São Vicente Ferrer,Maranhão,2020,20439,São Vicente Ferrer,0.0
8373,2111722,Satubinha,Maranhão,2020,9875,Satubinha,0.0
8374,2111748,Senador Alexandre Costa,Maranhão,2020,10484,Senador Alexandre Costa,0.0
8375,2111763,Senador La Rocque,Maranhão,2020,15105,Senador La Rocque,0.0
8376,2111789,Serrano do Maranhão,Maranhão,2020,10346,Serrano do Maranhão,0.0
8377,2111904,Sucupira do Norte,Maranhão,2020,10603,Sucupira do Norte,0.0
8378,2112100,Timbiras,Maranhão,2020,27934,Timbiras,0.0
8379,2112209,Timon,Maranhão,2020,175681,Timon,0.0
8380,2112233,Trizidela do Vale,Maranhão,2020,22594,Trizidela do Vale,0.0
8381,2112274,Tufilândia,Maranhão,2020,5761,Tufilândia,0.0
8382,2112308,Tuntum,Maranhão,2020,38523,Tuntum,0.0
8383,2112407,Turiaçu,Maranhão,2020,38043,Turiaçu,0.0
8384,2112456,Turilândia,Maranhão,2020,30021,Turilândia,0.0
8385,2112506,Tutóia,Maranhão,2020,55086,Tutóia,0.0
8386,2112605,Urbano Santos,Maranhão,2020,33237,Urbano Santos,0.0
8387,2112704,Vargem Grande,Maranhão,2020,46825,Vargem Grande,0.0
8388,2112803,Viana,Maranhão,2020,52595,Viana,0.0
8389,2112852,Vila Nova dos Martírios,Maranhão,2020,10922,Vila Nova dos Martírios,0.0
8390,2112902,Vitória do Mearim,Maranhão,2020,32159,Vitória do Mearim,0.0
8391,2113009,Vitorino Freire,Maranhão,2020,32043,Vitorino Freire,1.0
8392,2114007,Zé doca,Maranhão,2020,44608,Zé Doca,0.0
8393,5100102,Acorizal,Mato Grosso,2020,5159,Acorizal,0.0
8394,5100201,Água Boa,Mato Grosso,2020,28090,Água Boa,0.0
8395,5100250,Alta Floresta,Mato Grosso,2020,58428,Alta Floresta,3.0
8396,5100300,Alto Araguaia,Mato Grosso,2020,17249,Alto Araguaia,0.0
8397,5100359,Alto Boa Vista,Mato Grosso,2020,5719,Alto Boa Vista,0.0
8398,5100607,Alto Taquari,Mato Grosso,2020,10543,Alto Taquari,0.0
8399,5100805,Apiacás,Mato Grosso,2020,8764,Apiacás,13.0
8400,5101001,Araguaiana,Mato Grosso,2020,3760,Araguaiana,0.0
8401,5101258,Araputanga,Mato Grosso,2020,15042,Araputanga,0.0
8402,5101308,Arenápolis,Mato Grosso,2020,10683,Arenápolis,0.0
8403,5101407,Aripuanã,Mato Grosso,2020,24050,Aripuanã,1414.0
8404,5101704,Barra do Bugres,Mato Grosso,2020,30337,Barra do Bugres,0.0
8405,5101803,Barra do Garças,Mato Grosso,2020,68246,Barra do Garças,0.0
8406,5101852,Bom Jesus do Araguaia,Mato Grosso,2020,7012,Bom Jesus do Araguaia,1.0
8407,5101902,Brasnorte,Mato Grosso,2020,16892,Brasnorte,1.0
8408,5102504,Cáceres,Mato Grosso,2020,91482,Cáceres,0.0
8409,5102603,Campinápolis,Mato Grosso,2020,15408,Campinápolis,0.0
8410,5102637,Campo Novo do Parecis,Mato Grosso,2020,42641,Campo Novo do Parecis,0.0
8411,5102678,Campo Verde,Mato Grosso,2020,42925,Campo Verde,0.0
8412,5102686,Campos de Júlio,Mato Grosso,2020,8203,Campos de Júlio,0.0
8413,5102694,Canabrava do Norte,Mato Grosso,2020,4563,Canabrava do Norte,0.0
8414,5102702,Canarana,Mato Grosso,2020,24856,Canarana,0.0
8415,5102793,Carlinda,Mato Grosso,2020,10638,Carlinda,0.0
8416,5102850,Castanheira,Mato Grosso,2020,7790,Castanheira,1.0
8417,5103007,Chapada dos Guimarães,Mato Grosso,2020,19224,Chapada dos Guimarães,0.0
8418,5103056,Cláudia,Mato Grosso,2020,9981,Cláudia,0.0
8419,5103106,Cocalinho,Mato Grosso,2020,6202,Cocalinho,0.0
8420,5103205,Colíder,Mato Grosso,2020,32182,Colíder,0.0
8421,5103254,Colniza,Mato Grosso,2020,26697,Colniza,1134.0
8422,5103304,Comodoro,Mato Grosso,2020,18460,Comodoro,201.0
8423,5103353,Confresa,Mato Grosso,2020,33761,Confresa,0.0
8424,5103361,Conquista D'oeste,Mato Grosso,2020,3735,Conquista D'Oeste,48.0
8425,5103379,Cotriguaçu,Mato Grosso,2020,11530,Cotriguaçu,7.0
8426,5103403,Cuiabá,Mato Grosso,2020,652318,Cuiabá,4.0
8427,5103502,Diamantino,Mato Grosso,2020,21979,Diamantino,1.0
8428,5103601,dom Aquino,Mato Grosso,2020,8049,Dom Aquino,0.0
8429,5103700,Feliz Natal,Mato Grosso,2020,10798,Feliz Natal,0.0
8430,5103858,Gaúcha do Norte,Mato Grosso,2020,8299,Gaúcha do Norte,0.0
8431,5103908,General Carneiro,Mato Grosso,2020,6016,General Carneiro,0.0
8432,5103957,Glória D'oeste,Mato Grosso,2020,2971,Glória D'Oeste,0.0
8433,5104104,Guarantã do Norte,Mato Grosso,2020,32076,Guarantã do Norte,3.0
8434,5104203,Guiratinga,Mato Grosso,2020,11405,Guiratinga,0.0
8435,5104526,Ipiranga do Norte,Mato Grosso,2020,7381,Ipiranga do Norte,0.0
8436,5104542,Itanhangá,Mato Grosso,2020,7229,Itanhangá,0.0
8437,5104559,Itaúba,Mato Grosso,2020,5042,Itaúba,0.0
8438,5104609,Itiquira,Mato Grosso,2020,12294,Itiquira,0.0
8439,5104807,Jaciara,Mato Grosso,2020,28708,Jaciara,0.0
8440,5105002,Jauru,Mato Grosso,2020,8694,Jauru,0.0
8441,5105101,Juara,Mato Grosso,2020,35562,Juara,0.0
8442,5105150,Juína,Mato Grosso,2020,45985,Juína,35.0
8443,5105176,Juruena,Mato Grosso,2020,10587,Juruena,0.0
8444,5105200,Juscimeira,Mato Grosso,2020,11668,Juscimeira,0.0
8445,5105234,Lambari D'oeste,Mato Grosso,2020,4892,Lambari D'Oeste,0.0
8446,5105259,Lucas do Rio Verde,Mato Grosso,2020,76852,Lucas do Rio Verde,0.0
8447,5105507,Vila Bela da Santíssima Trindade,Mato Grosso,2020,16693,Vila Bela da Santíssima Trindade,270.0
8448,5105580,Marcelândia,Mato Grosso,2020,11751,Marcelândia,0.0
8449,5105606,Matupá,Mato Grosso,2020,19231,Matupá,4.0
8450,5105622,Mirassol D'oeste,Mato Grosso,2020,27129,Mirassol d'Oeste,0.0
8451,5105903,Nobres,Mato Grosso,2020,15619,Nobres,0.0
8452,5106109,Nossa Senhora do Livramento,Mato Grosso,2020,11739,Nossa Senhora do Livramento,0.0
8453,5106158,Nova Bandeirantes,Mato Grosso,2020,13580,Nova Bandeirantes,4.0
8454,5106174,Nova Nazaré,Mato Grosso,2020,4032,Nova Nazaré,0.0
8455,5106182,Nova Lacerda,Mato Grosso,2020,6623,Nova Lacerda,3.0
8456,5106190,Nova Santa Helena,Mato Grosso,2020,4167,Nova Santa Helena,0.0
8457,5106208,Nova Brasilândia,Mato Grosso,2020,4056,Nova Brasilândia,0.0
8458,5106216,Nova Canaã do Norte,Mato Grosso,2020,11985,Nova Canaã do Norte,0.0
8459,5106224,Nova Mutum,Mato Grosso,2020,51402,Nova Mutum,0.0
8460,5106232,Nova Olímpia,Mato Grosso,2020,16745,Nova Olímpia,0.0
8461,5106240,Nova Ubiratã,Mato Grosso,2020,11274,Nova Ubiratã,0.0
8462,5106257,Nova Xavantina,Mato Grosso,2020,23893,Nova Xavantina,0.0
8463,5106265,Novo Mundo,Mato Grosso,2020,6720,Novo Mundo,7.0
8464,5106273,Novo Horizonte do Norte,Mato Grosso,2020,3461,Novo Horizonte do Norte,0.0
8465,5106299,Paranaíta,Mato Grosso,2020,11767,Paranaíta,3.0
8466,5106307,Paranatinga,Mato Grosso,2020,25519,Paranatinga,1.0
8467,5106372,Pedra Preta,Mato Grosso,2020,17961,Pedra Preta,0.0
8468,5106422,Peixoto de Azevedo,Mato Grosso,2020,33336,Peixoto de Azevedo,1.0
8469,5106505,Poconé,Mato Grosso,2020,31671,Poconé,0.0
8470,5106653,Pontal do Araguaia,Mato Grosso,2020,6765,Pontal do Araguaia,0.0
8471,5106752,Pontes E Lacerda,Mato Grosso,2020,51026,Pontes e Lacerda,432.0
8472,5106778,Porto Alegre do Norte,Mato Grosso,2020,12076,Porto Alegre do Norte,0.0
8473,5106802,Porto dos Gaúchos,Mato Grosso,2020,5692,Porto dos Gaúchos,0.0
8474,5106828,Porto Esperidião,Mato Grosso,2020,10428,Porto Esperidião,0.0
8475,5106851,Porto Estrela,Mato Grosso,2020,3313,Porto Estrela,0.0
8476,5107008,Poxoréu,Mato Grosso,2020,22611,Poxoréo,0.0
8477,5107040,Primavera do Leste,Mato Grosso,2020,79654,Primavera do Leste,0.0
8478,5107065,Querência,Mato Grosso,2020,24090,Querência,0.0
8479,5107156,Reserva do Cabaçal,Mato Grosso,2020,2170,Reserva do Cabaçal,0.0
8480,5107180,Ribeirão Cascalheira,Mato Grosso,2020,10056,Ribeirão Cascalheira,0.0
8481,5107198,Ribeirãozinho,Mato Grosso,2020,2571,Ribeirãozinho,0.0
8482,5107206,Rio Branco,Mato Grosso,2020,4618,Rio Branco,0.0
8483,5107248,Santa Carmem,Mato Grosso,2020,5242,Santa Carmem,0.0
8484,5107263,Santo Afonso,Mato Grosso,2020,2579,Santo Afonso,0.0
8485,5107297,São José do Povo,Mato Grosso,2020,2976,São José do Povo,0.0
8486,5107305,São José do Rio Claro,Mato Grosso,2020,15276,São José do Rio Claro,0.0
8487,5107354,São José do Xingu,Mato Grosso,2020,5896,São José do Xingu,0.0
8488,5107578,Rondolândia,Mato Grosso,2020,3593,Rondolândia,8.0
8489,5107602,Rondonópolis,Mato Grosso,2020,242132,Rondonópolis,1.0
8490,5107701,Rosário Oeste,Mato Grosso,2020,15928,Rosário Oeste,0.0
8491,5107743,Santa Cruz do Xingu,Mato Grosso,2020,2536,Santa Cruz do Xingu,0.0
8492,5107750,Salto do Céu,Mato Grosso,2020,3751,Salto do Céu,0.0
8493,5107776,Santa Terezinha,Mato Grosso,2020,7659,Santa Terezinha,0.0
8494,5107792,Santo Antônio do Leste,Mato Grosso,2020,4035,Santo Antônio do Leste,0.0
8495,5107800,Santo Antônio do Leverger,Mato Grosso,2020,16724,Santo Antônio do Leverger,0.0
8496,5107859,São Félix do Araguaia,Mato Grosso,2020,13264,São Félix do Araguaia,0.0
8497,5107875,Sapezal,Mato Grosso,2020,27117,Sapezal,2.0
8498,5107883,Serra Nova dourada,Mato Grosso,2020,1758,Serra Nova Dourada,0.0
8499,5107909,Sinop,Mato Grosso,2020,182376,Sinop,0.0
8500,5107925,Sorriso,Mato Grosso,2020,103010,Sorriso,0.0
8501,5107941,Tabaporã,Mato Grosso,2020,10002,Tabaporã,0.0
8502,5107958,Tangará da Serra,Mato Grosso,2020,104650,Tangará da Serra,0.0
8503,5108006,Tapurah,Mato Grosso,2020,13750,Tapurah,0.0
8504,5108055,Terra Nova do Norte,Mato Grosso,2020,10871,Terra Nova do Norte,0.0
8505,5108105,Tesouro,Mato Grosso,2020,3095,Tesouro,0.0
8506,5108204,Torixoréu,Mato Grosso,2020,4213,Torixoréu,0.0
8507,5108303,União do Sul,Mato Grosso,2020,3883,União do Sul,0.0
8508,5108352,Vale de São domingos,Mato Grosso,2020,2961,Vale de São Domingos,0.0
8509,5108402,Várzea Grande,Mato Grosso,2020,299504,Várzea Grande,0.0
8510,5108600,Vila Rica,Mato Grosso,2020,20336,Vila Rica,0.0
8511,5108808,Nova Guarita,Mato Grosso,2020,4706,Nova Guarita,2.0
8512,5108857,Nova Marilândia,Mato Grosso,2020,3481,Nova Marilândia,0.0
8513,5108907,Nova Maringá,Mato Grosso,2020,5950,Nova Maringá,0.0
8514,5108956,Nova Monte Verde,Mato Grosso,2020,8444,Nova Monte Verde,0.0
8515,1100015,Alta Floresta D'oeste,Rondônia,2021,23546,Alta Floresta D'Oeste,0.0
8516,1100023,Ariquemes,Rondônia,2021,105986,Ariquemes,173.0
8517,1100031,Cabixi,Rondônia,2021,5922,Cabixi,0.0
8518,1100049,Cacoal,Rondônia,2021,94502,Cacoal,8.0
8519,1100056,Cerejeiras,Rondônia,2021,17208,Cerejeiras,0.0
8520,1100064,Colorado do Oeste,Rondônia,2021,17289,Colorado do Oeste,0.0
8521,1100072,Corumbiara,Rondônia,2021,8260,Corumbiara,0.0
8522,1100080,Costa Marques,Rondônia,2021,13818,Costa Marques,217.0
8523,1100098,Espigão D'oeste,Rondônia,2021,32365,Espigão D'Oeste,164.0
8524,1100106,Guajará-Mirim,Rondônia,2021,43887,Guajará-Mirim,1416.0
8525,1100114,Jaru,Rondônia,2021,55620,Jaru,0.0
8526,1100122,Ji-Paraná,Rondônia,2021,136262,Ji-Paraná,6.0
8527,1100130,Machadinho D'oeste,Rondônia,2021,34020,Machadinho D'Oeste,402.0
8528,1100148,Nova Brasilândia D'oeste,Rondônia,2021,17437,Nova Brasilândia D'Oeste,1.0
8529,1100155,Ouro Preto do Oeste,Rondônia,2021,39207,Ouro Preto do Oeste,2.0
8530,1100189,Pimenta Bueno,Rondônia,2021,38449,Pimenta Bueno,2.0
8531,1100205,Porto Velho,Rondônia,2021,503389,Porto Velho,7776.0
8532,1100254,Presidente Médici,Rondônia,2021,21248,Presidente Médici,0.0
8533,1100262,Rio Crespo,Rondônia,2021,3717,Rio Crespo,30.0
8534,1100288,Rolim de Moura,Rondônia,2021,60626,Rolim de Moura,0.0
8535,1100296,Santa Luzia D'oeste,Rondônia,2021,8195,Santa Luzia D'Oeste,0.0
8536,1100304,Vilhena,Rondônia,2021,102761,Vilhena,3.0
8537,1100320,São Miguel do Guaporé,Rondônia,2021,22292,São Miguel do Guaporé,2.0
8538,1100338,Nova Mamoré,Rondônia,2021,27522,Nova Mamoré,781.0
8539,1100346,Alvorada D'oeste,Rondônia,2021,14657,Alvorada D'Oeste,2.0
8540,1100379,Alto Alegre dos Parecis,Rondônia,2021,12569,Alto Alegre dos Parecis,2.0
8541,1100403,Alto Paraíso,Rondônia,2021,17640,Alto Paraíso,117.0
8542,1100452,Buritis,Rondônia,2021,31633,Buritis,6.0
8543,1100502,Novo Horizonte do Oeste,Rondônia,2021,8598,Novo Horizonte do Oeste,0.0
8544,1100601,Cacaulândia,Rondônia,2021,4620,Cacaulândia,2.0
8545,1100700,Campo Novo de Rondônia,Rondônia,2021,9952,Campo Novo de Rondônia,12.0
8546,1100809,Candeias do Jamari,Rondônia,2021,23526,Candeias do Jamari,2370.0
8547,1100908,Castanheiras,Rondônia,2021,3524,Castanheiras,1.0
8548,1100924,Chupinguaia,Rondônia,2021,9861,Chupinguaia,4.0
8549,1100940,Cujubim,Rondônia,2021,16080,Cujubim,503.0
8550,1101005,Governador Jorge Teixeira,Rondônia,2021,8915,Governador Jorge Teixeira,2.0
8551,1101104,Itapuã do Oeste,Rondônia,2021,9197,Itapuã do Oeste,209.0
8552,1101203,Ministro Andreazza,Rondônia,2021,7340,Ministro Andreazza,0.0
8553,1101302,Mirante da Serra,Rondônia,2021,10320,Mirante da Serra,96.0
8554,1101401,Monte Negro,Rondônia,2021,12799,Monte Negro,24.0
8555,1101435,Nova União,Rondônia,2021,6865,Nova União,4.0
8556,1101450,Parecis,Rondônia,2021,4522,Parecis,0.0
8557,1101468,Pimenteiras do Oeste,Rondônia,2021,2343,Pimenteiras do Oeste,4.0
8558,1101476,Primavera de Rondônia,Rondônia,2021,3362,Primavera de Rondônia,0.0
8559,1101484,São Felipe D'oeste,Rondônia,2021,5786,São Felipe D'Oeste,0.0
8560,1101492,São Francisco do Guaporé,Rondônia,2021,17452,São Francisco do Guaporé,19.0
8561,1101500,Seringueiras,Rondônia,2021,13066,Seringueiras,12.0
8562,1101559,Teixeirópolis,Rondônia,2021,4681,Teixeirópolis,0.0
8563,1101609,Theobroma,Rondônia,2021,9061,Theobroma,5.0
8564,1101708,Urupá,Rondônia,2021,11879,Urupá,8.0
8565,1101757,Vale do Anari,Rondônia,2021,8616,Vale do Anari,11.0
8566,1101807,Vale do Paraíso,Rondônia,2021,7230,Vale do Paraíso,1.0
8567,1200013,Acrelândia,Acre,2021,14448,Acrelândia,35.0
8568,1200054,Assis Brasil,Acre,2021,8149,Assis Brasil,1.0
8569,1200104,Brasiléia,Acre,2021,26802,Brasiléia,1.0
8570,1200138,Bujari,Acre,2021,12764,Bujari,74.0
8571,1200179,Capixaba,Acre,2021,10674,Capixaba,2.0
8572,1200203,Cruzeiro do Sul,Acre,2021,96242,Cruzeiro do Sul,4498.0
8573,1200252,Epitaciolândia,Acre,2021,19021,Epitaciolândia,1.0
8574,1200302,Feijó,Acre,2021,37460,Feijó,1.0
8575,1200328,Jordão,Acre,2021,9222,Jordão,2.0
8576,1200336,Mâncio Lima,Acre,2021,19612,Mâncio Lima,1317.0
8577,1200344,Manoel Urbano,Acre,2021,11844,Manoel Urbano,0.0
8578,1200351,Marechal Thaumaturgo,Acre,2021,17545,Marechal Thaumaturgo,35.0
8579,1200385,Plácido de Castro,Acre,2021,17472,Plácido de Castro,84.0
8580,1200393,Porto Walter,Acre,2021,11057,Porto Walter,249.0
8581,1200401,Rio Branco,Acre,2021,386416,Rio Branco,60.0
8582,1200427,Rodrigues Alves,Acre,2021,15649,Rodrigues Alves,1732.0
8583,1200435,Santa Rosa do Purus,Acre,2021,6644,Santa Rosa do Purus,1.0
8584,1200450,Senador Guiomard,Acre,2021,22364,Senador Guiomard,207.0
8585,1200500,Sena Madureira,Acre,2021,43760,Sena Madureira,0.0
8586,1200609,Tarauacá,Acre,2021,45183,Tarauacá,138.0
8587,1200708,Xapuri,Acre,2021,18772,Xapuri,1.0
8588,1200807,Porto Acre,Acre,2021,17246,Porto Acre,25.0
8589,1300029,Alvarães,Amazonas,2021,16325,Alvarães,1064.0
8590,1300060,Amaturá,Amazonas,2021,11126,Amaturá,5.0
8591,1300086,Anamã,Amazonas,2021,10408,Anamã,0.0
8592,1300102,Anori,Amazonas,2021,17885,Anori,1.0
8593,1300144,Apuí,Amazonas,2021,21200,Apuí,269.0
8594,1300201,Atalaia do Norte,Amazonas,2021,15990,Atalaia do Norte,1796.0
8595,1300300,Autazes,Amazonas,2021,42694,Autazes,21.0
8596,1300409,Barcelos,Amazonas,2021,19969,Barcelos,10461.0
8597,1300508,Barreirinha,Amazonas,2021,32636,Barreirinha,0.0
8598,1300607,Benjamin Constant,Amazonas,2021,39551,Benjamin Constant,9.0
8599,1300631,Beruri,Amazonas,2021,20806,Beruri,88.0
8600,1300680,Boa Vista do Ramos,Amazonas,2021,23286,Boa Vista do Ramos,1.0
8601,1300706,Boca do Acre,Amazonas,2021,37040,Boca do Acre,408.0
8602,1300805,Borba,Amazonas,2021,35512,Borba,72.0
8603,1300839,Caapiranga,Amazonas,2021,13731,Caapiranga,33.0
8604,1300904,Canutama,Amazonas,2021,17194,Canutama,1982.0
8605,1301001,Carauari,Amazonas,2021,30255,Carauari,2248.0
8606,1301100,Careiro,Amazonas,2021,33126,Careiro,45.0
8607,1301159,Careiro da Várzea,Amazonas,2021,20901,Careiro da Várzea,8.0
8608,1301209,Coari,Amazonas,2021,75677,Coari,2027.0
8609,1301308,Codajás,Amazonas,2021,24528,Codajás,2.0
8610,1301407,Eirunepé,Amazonas,2021,35148,Eirunepé,1495.0
8611,1301506,Envira,Amazonas,2021,17853,Envira,158.0
8612,1301605,Fonte Boa,Amazonas,2021,27134,Fonte Boa,57.0
8613,1301654,Guajará,Amazonas,2021,14498,Guajará,1743.0
8614,1301704,Humaitá,Amazonas,2021,58700,Humaitá,1469.0
8615,1301803,Ipixuna,Amazonas,2021,25028,Ipixuna,1026.0
8616,1301852,Iranduba,Amazonas,2021,61543,Iranduba,424.0
8617,1301902,Itacoatiara,Amazonas,2021,108372,Itacoatiara,51.0
8618,1301951,Itamarati,Amazonas,2021,11007,Itamarati,419.0
8619,1302009,Itapiranga,Amazonas,2021,10355,Itapiranga,14.0
8620,1302108,Japurá,Amazonas,2021,9008,Japurá,1313.0
8621,1302207,Juruá,Amazonas,2021,11263,Juruá,235.0
8622,1302306,Jutaí,Amazonas,2021,25715,Jutaí,749.0
8623,1302405,Lábrea,Amazonas,2021,46845,Lábrea,1943.0
8624,1302504,Manacapuru,Amazonas,2021,106284,Manacapuru,32.0
8625,1302553,Manaquiri,Amazonas,2021,18338,Manaquiri,6.0
8626,1302603,Manaus,Amazonas,2021,2206162,Manaus,4515.0
8627,1302702,Manicoré,Amazonas,2021,55857,Manicoré,1337.0
8628,1302801,Maraã,Amazonas,2021,16337,Maraã,160.0
8629,1302900,Maués,Amazonas,2021,63596,Maués,2003.0
8630,1303007,Nhamundá,Amazonas,2021,20738,Nhamundá,93.0
8631,1303106,Nova Olinda do Norte,Amazonas,2021,29223,Nova Olinda do Norte,4.0
8632,1303205,Novo Airão,Amazonas,2021,16347,Novo Airão,16.0
8633,1303304,Novo Aripuanã,Amazonas,2021,24459,Novo Aripuanã,153.0
8634,1303403,Parintins,Amazonas,2021,103764,Parintins,2.0
8635,1303502,Pauini,Amazonas,2021,20076,Pauini,346.0
8636,1303536,Presidente Figueiredo,Amazonas,2021,32192,Presidente Figueiredo,195.0
8637,1303569,Rio Preto da Eva,Amazonas,2021,26118,Rio Preto da Eva,226.0
8638,1303601,Santa Isabel do Rio Negro,Amazonas,2021,15124,Santa Isabel do Rio Negro,3068.0
8639,1303700,Santo Antônio do Içá,Amazonas,2021,29465,Santo Antônio do Içá,188.0
8640,1303809,São Gabriel da Cachoeira,Amazonas,2021,52334,São Gabriel da Cachoeira,10110.0
8641,1303908,São Paulo de Olivença,Amazonas,2021,34886,São Paulo de Olivença,94.0
8642,1303957,São Sebastião do Uatumã,Amazonas,2021,12075,São Sebastião do Uatumã,9.0
8643,1304005,Silves,Amazonas,2021,11631,Silves,17.0
8644,1304062,Tabatinga,Amazonas,2021,68488,Tabatinga,89.0
8645,1304104,Tapauá,Amazonas,2021,20234,Tapauá,2732.0
8646,1304203,Tefé,Amazonas,2021,76166,Tefé,3375.0
8647,1304237,Tonantins,Amazonas,2021,19754,Tonantins,2.0
8648,1304260,Uarini,Amazonas,2021,14731,Uarini,842.0
8649,1304302,Urucará,Amazonas,2021,19259,Urucará,3.0
8650,1304401,Urucurituba,Amazonas,2021,24066,Urucurituba,1.0
8651,1400027,Amajari,Roraima,2021,14040,Amajari,4596.0
8652,1400050,Alto Alegre,Roraima,2021,21494,Alto Alegre,10042.0
8653,1400100,Boa Vista,Roraima,2021,427149,Boa Vista,676.0
8654,1400159,Bonfim,Roraima,2021,14285,Bonfim,584.0
8655,1400175,Cantá,Roraima,2021,19077,Cantá,829.0
8656,1400209,Caracaraí,Roraima,2021,21665,Caracaraí,1640.0
8657,1400233,Caroebe,Roraima,2021,10908,Caroebe,294.0
8658,1400282,Iracema,Roraima,2021,10348,Iracema,1736.0
8659,1400308,Mucajaí,Roraima,2021,18581,Mucajaí,2506.0
8660,1400407,Normandia,Roraima,2021,14112,Normandia,515.0
8661,1400456,Pacaraima,Roraima,2021,19049,Pacaraima,796.0
8662,1400472,Rorainópolis,Roraima,2021,33868,Rorainópolis,841.0
8663,1400506,São João da Baliza,Roraima,2021,9084,São João da Baliza,251.0
8664,1400605,São Luiz,Roraima,2021,7570,São Luiz,119.0
8665,1400704,Uiramutã,Roraima,2021,13742,Uiramutã,637.0
8666,1500107,Abaetetuba,Pará,2021,166035,Abaetetuba,0.0
8667,1500131,Abel Figueiredo,Pará,2021,6526,Abel Figueiredo,0.0
8668,1500206,Acará,Pará,2021,61519,Acará,0.0
8669,1500305,Afuá,Pará,2021,39597,Afuá,239.0
8670,1500347,Água Azul do Norte,Pará,2021,19665,Água Azul do Norte,1.0
8671,1500404,Alenquer,Pará,2021,70113,Alenquer,322.0
8672,1500503,Almeirim,Pará,2021,36307,Almeirim,911.0
8673,1500602,Altamira,Pará,2021,129350,Altamira,666.0
8674,1500701,Anajás,Pará,2021,29110,Anajás,1816.0
8675,1500800,Ananindeua,Pará,2021,506971,Ananindeua,2.0
8676,1500859,Anapu,Pará,2021,31477,Anapu,4.0
8677,1500909,Augusto Corrêa,Pará,2021,46792,Augusto Corrêa,0.0
8678,1500958,Aurora do Pará,Pará,2021,25191,Aurora do Pará,1.0
8679,1501006,Aveiro,Pará,2021,18628,Aveiro,1.0
8680,1501105,Bagre,Pará,2021,32362,Bagre,247.0
8681,1501204,Baião,Pará,2021,52162,Baião,4.0
8682,1501253,Bannach,Pará,2021,4144,Bannach,8.0
8683,1501303,Barcarena,Pará,2021,129873,Barcarena,0.0
8684,1501402,Belém,Pará,2021,1418726,Belém,29.0
8685,1501451,Belterra,Pará,2021,18579,Belterra,0.0
8686,1501501,Benevides,Pará,2021,65061,Benevides,0.0
8687,1501576,Bom Jesus do Tocantins,Pará,2021,18463,Bom Jesus do Tocantins,1.0
8688,1501600,Bonito,Pará,2021,13305,Bonito,0.0
8689,1501709,Bragança,Pará,2021,129433,Bragança,0.0
8690,1501725,Brasil Novo,Pará,2021,23995,Brasil Novo,1.0
8691,1501758,Brejo Grande do Araguaia,Pará,2021,7214,Brejo Grande do Araguaia,0.0
8692,1501782,Breu Branco,Pará,2021,49705,Breu Branco,0.0
8693,1501808,Breves,Pará,2021,111068,Breves,572.0
8694,1501907,Bujaru,Pará,2021,25547,Bujaru,0.0
8695,1501956,Cachoeira do Piriá,Pará,2021,21236,Cachoeira do Piriá,2.0
8696,1502004,Cachoeira do Arari,Pará,2021,24381,Cachoeira do Arari,0.0
8697,1502103,Cametá,Pará,2021,140561,Cametá,97.0
8698,1502152,Canaã dos Carajás,Pará,2021,69503,Canaã dos Carajás,2.0
8699,1502202,Capanema,Pará,2021,73190,Capanema,1.0
8700,1502301,Capitão Poço,Pará,2021,58856,Capitão Poço,0.0
8701,1502400,Castanhal,Pará,2021,202434,Castanhal,0.0
8702,1502509,Chaves,Pará,2021,21575,Chaves,272.0
8703,1502608,Colares,Pará,2021,13257,Colares,1.0
8704,1502707,Conceição do Araguaia,Pará,2021,47618,Conceição do Araguaia,0.0
8705,1502756,Concórdia do Pará,Pará,2021,28697,Concórdia do Pará,0.0
8706,1502764,Cumaru do Norte,Pará,2021,13964,Cumaru do Norte,181.0
8707,1502772,Curionópolis,Pará,2021,20639,Curionópolis,1.0
8708,1502806,Curralinho,Pará,2021,35090,Curralinho,177.0
8709,1502855,Curuá,Pará,2021,14421,Curuá,0.0
8710,1502905,Curuçá,Pará,2021,42809,Curuçá,0.0
8711,1502939,dom Eliseu,Pará,2021,60776,Dom Eliseu,0.0
8712,1502954,Eldorado do Carajás,Pará,2021,30703,Eldorado do Carajás,0.0
8713,1503002,Faro,Pará,2021,9016,Faro,104.0
8714,1503044,Floresta do Araguaia,Pará,2021,18733,Floresta do Araguaia,0.0
8715,1503077,Garrafão do Norte,Pará,2021,25837,Garrafão do Norte,0.0
8716,1503093,Goianésia do Pará,Pará,2021,29157,Goianésia do Pará,2.0
8717,1503101,Gurupá,Pará,2021,33262,Gurupá,3.0
8718,1503200,Igarapé-Açu,Pará,2021,37939,Igarapé-Açu,0.0
8719,1503309,Igarapé-Miri,Pará,2021,67510,Igarapé-Miri,0.0
8720,1503408,Inhangapi,Pará,2021,10715,Inhangapi,0.0
8721,1503457,Ipixuna do Pará,Pará,2021,33157,Ipixuna do Pará,0.0
8722,1503507,Irituia,Pará,2021,32909,Irituia,1.0
8723,1503606,Itaituba,Pará,2021,126029,Itaituba,5010.0
8724,1503705,Itupiranga,Pará,2021,53393,Itupiranga,0.0
8725,1503754,Jacareacanga,Pará,2021,22578,Jacareacanga,7657.0
8726,1503804,Jacundá,Pará,2021,41798,Jacundá,0.0
8727,1503903,Juruti,Pará,2021,53221,Juruti,1.0
8728,1504000,Limoeiro do Ajuru,Pará,2021,30549,Limoeiro do Ajuru,8.0
8729,1504059,Mãe do Rio,Pará,2021,35373,Mãe do Rio,0.0
8730,1504109,Magalhães Barata,Pará,2021,8471,Magalhães Barata,0.0
8731,1504208,Marabá,Pará,2021,282323,Marabá,1.0
8732,1504307,Maracanã,Pará,2021,27865,Maracanã,1.0
8733,1504406,Marapanim,Pará,2021,28126,Marapanim,0.0
8734,1504422,Marituba,Pará,2021,118260,Marituba,1.0
8735,1504455,Medicilândia,Pará,2021,28759,Medicilândia,6.0
8736,1504505,Melgaço,Pará,2021,29025,Melgaço,3.0
8737,1504604,Mocajuba,Pará,2021,28778,Mocajuba,5.0
8738,1504703,Moju,Pará,2021,86956,Moju,1.0
8739,1504752,Mojuí dos Campos,Pará,2021,22829,Mojuí dos Campos,0.0
8740,1504802,Monte Alegre,Pará,2021,62578,Monte Alegre,0.0
8741,1504901,Muaná,Pará,2021,45950,Muaná,5.0
8742,1504950,Nova Esperança do Piriá,Pará,2021,21326,Nova Esperança do Piriá,0.0
8743,1504976,Nova Ipixuna,Pará,2021,14787,Nova Ipixuna,0.0
8744,1505007,Nova Timboteua,Pará,2021,13490,Nova Timboteua,0.0
8745,1505031,Novo Progresso,Pará,2021,33907,Novo Progresso,110.0
8746,1505064,Novo Repartimento,Pará,2021,64989,Novo Repartimento,2.0
8747,1505106,Óbidos,Pará,2021,54737,Óbidos,1.0
8748,1505205,Oeiras do Pará,Pará,2021,35079,Oeiras do Pará,147.0
8749,1505304,Oriximiná,Pará,2021,71219,Oriximiná,1036.0
8750,1505403,Ourém,Pará,2021,18393,Ourém,0.0
8751,1505437,Ourilândia do Norte,Pará,2021,33733,Ourilândia do Norte,21.0
8752,1505486,Pacajá,Pará,2021,43782,Pacajá,58.0
8753,1505494,Palestina do Pará,Pará,2021,7316,Palestina do Pará,0.0
8754,1505502,Paragominas,Pará,2021,111150,Paragominas,1.0
8755,1505536,Parauapebas,Pará,2021,263408,Parauapebas,6.0
8756,1505601,Peixe-Boi,Pará,2021,8596,Peixe-Boi,0.0
8757,1505635,Piçarra,Pará,2021,13456,Piçarra,0.0
8758,1505650,Placas,Pará,2021,19939,Placas,1.0
8759,1505700,Ponta de Pedras,Pará,2021,26175,Ponta de Pedras,7.0
8760,1505809,Portel,Pará,2021,64227,Portel,319.0
8761,1505908,Porto de Moz,Pará,2021,42134,Porto de Moz,0.0
8762,1506005,Prainha,Pará,2021,36596,Prainha,113.0
8763,1506104,Primavera,Pará,2021,11213,Primavera,0.0
8764,1506112,Quatipuru,Pará,2021,12116,Quatipuru,0.0
8765,1506138,Redenção,Pará,2021,89577,Redenção,22.0
8766,1506161,Rio Maria,Pará,2021,19139,Rio Maria,0.0
8767,1506187,Rondon do Pará,Pará,2021,55739,Rondon do Pará,1.0
8768,1506195,Rurópolis,Pará,2021,38688,Rurópolis,8.0
8769,1506203,Salinópolis,Pará,2021,46193,Salinópolis,0.0
8770,1506302,Salvaterra,Pará,2021,24441,Salvaterra,0.0
8771,1506351,Santa Bárbara do Pará,Pará,2021,21389,Santa Bárbara do Pará,0.0
8772,1506401,Santa Cruz do Arari,Pará,2021,7816,Santa Cruz do Arari,2.0
8773,1506500,Santa Izabel do Pará,Pará,2021,74909,Santa Izabel do Pará,0.0
8774,1506559,Santa Luzia do Pará,Pará,2021,21119,Santa Luzia do Pará,0.0
8775,1506583,Santa Maria das Barreiras,Pará,2021,17382,Santa Maria das Barreiras,0.0
8776,1506609,Santa Maria do Pará,Pará,2021,25340,Santa Maria do Pará,1.0
8777,1506708,Santana do Araguaia,Pará,2021,36232,Santana do Araguaia,4.0
8778,1506807,Santarém,Pará,2021,343447,Santarém,57.0
8779,1506906,Santarém Novo,Pará,2021,6365,Santarém Novo,0.0
8780,1507003,Santo Antônio do Tauá,Pará,2021,28996,Santo Antônio do Tauá,0.0
8781,1507102,São Caetano de Odivelas,Pará,2021,17374,São Caetano de Odivelas,0.0
8782,1507151,São domingos do Araguaia,Pará,2021,22475,São Domingos do Araguaia,0.0
8783,1507201,São domingos do Capim,Pará,2021,32550,São Domingos do Capim,0.0
8784,1507300,São Félix do Xingu,Pará,2021,72361,São Félix do Xingu,6.0
8785,1507409,São Francisco do Pará,Pará,2021,15527,São Francisco do Pará,0.0
8786,1507458,São Geraldo do Araguaia,Pará,2021,25672,São Geraldo do Araguaia,1.0
8787,1507466,São João da Ponta,Pará,2021,4698,São João da Ponta,1.0
8788,1507474,São João de Pirabas,Pará,2021,21538,São João de Pirabas,0.0
8789,1507508,São João do Araguaia,Pará,2021,14318,São João do Araguaia,0.0
8790,1507607,São Miguel do Guamá,Pará,2021,55644,São Miguel do Guamá,0.0
8791,1507706,São Sebastião da Boa Vista,Pará,2021,26692,São Sebastião da Boa Vista,7.0
8792,1507755,Sapucaia,Pará,2021,5993,Sapucaia,0.0
8793,1507805,Senador José Porfírio,Pará,2021,21587,Senador José Porfírio,7.0
8794,1507904,Soure,Pará,2021,25031,Soure,1.0
8795,1507953,Tailândia,Pará,2021,77132,Tailândia,2.0
8796,1507961,Terra Alta,Pará,2021,10806,Terra Alta,0.0
8797,1507979,Terra Santa,Pará,2021,19228,Terra Santa,0.0
8798,1508001,Tomé-Açu,Pará,2021,69382,Tomé-Açu,0.0
8799,1508035,Tracuateua,Pará,2021,30237,Tracuateua,0.0
8800,1508050,Trairão,Pará,2021,16043,Trairão,3.0
8801,1508084,Tucumã,Pará,2021,41053,Tucumã,5.0
8802,1508100,Tucuruí,Pará,2021,99030,Tucuruí,3.0
8803,1508126,Ulianópolis,Pará,2021,41035,Ulianópolis,0.0
8804,1508159,Uruará,Pará,2021,46458,Uruará,3.0
8805,1508209,Vigia,Pará,2021,53176,Vigia,0.0
8806,1508308,Viseu,Pará,2021,61989,Viseu,0.0
8807,1508357,Vitória do Xingu,Pará,2021,15934,Vitória do Xingu,0.0
8808,1508407,Xinguara,Pará,2021,53798,Xinguara,1.0
8809,1600055,Serra do Navio,Amapá,2021,4915,Serra do Navio,263.0
8810,1600105,Amapá,Amapá,2021,8514,Amapá,10.0
8811,1600154,Pedra Branca do Amapari,Amapá,2021,13273,Pedra Branca do Amapari,972.0
8812,1600204,Calçoene,Amapá,2021,11053,Calçoene,576.0
8813,1600212,Cutias,Amapá,2021,4809,Cutias,0.0
8814,1600238,Ferreira Gomes,Amapá,2021,7007,Ferreira Gomes,79.0
8815,1600253,Itaubal,Amapá,2021,5732,Itaubal,2.0
8816,1600279,Laranjal do Jari,Amapá,2021,39440,Laranjal do Jari,84.0
8817,1600303,Macapá,Amapá,2021,478350,Macapá,160.0
8818,1600402,Mazagão,Amapá,2021,22514,Mazagão,203.0
8819,1600501,Oiapoque,Amapá,2021,28647,Oiapoque,440.0
8820,1600535,Porto Grande,Amapá,2021,18932,Porto Grande,1189.0
8821,1600550,Pracuúba,Amapá,2021,4092,Pracuúba,1.0
8822,1600600,Santana,Amapá,2021,117477,Santana,62.0
8823,1600709,Tartarugalzinho,Amapá,2021,13848,Tartarugalzinho,23.0
8824,1600808,Vitória do Jari,Amapá,2021,12268,Vitória do Jari,2.0
8825,1700251,Abreulândia,Tocantins,2021,2644,Abreulândia,0.0
8826,1700400,Almas,Tocantins,2021,6792,Almas,0.0
8827,1701002,Ananás,Tocantins,2021,10623,Ananás,0.0
8828,1701903,Araguacema,Tocantins,2021,6144,Araguacema,0.0
8829,1702109,Araguaína,Tocantins,2021,176528,Araguaína,0.0
8830,1702208,Araguatins,Tocantins,2021,33285,Araguatins,0.0
8831,1702554,Augustinópolis,Tocantins,2021,17847,Augustinópolis,0.0
8832,1702703,Aurora do Tocantins,Tocantins,2021,3477,Aurora do Tocantins,0.0
8833,1702901,Axixá do Tocantins,Tocantins,2021,10420,Axixá do Tocantins,0.0
8834,1703008,Babaçulândia,Tocantins,2021,8308,Babaçulândia,0.0
8835,1703800,Buriti do Tocantins,Tocantins,2021,10596,Buriti do Tocantins,0.0
8836,1703891,Carrasco Bonito,Tocantins,2021,3450,Carrasco Bonito,0.0
8837,1703909,Caseara,Tocantins,2021,4950,Caseara,0.0
8838,1705607,Conceição do Tocantins,Tocantins,2021,4024,Conceição do Tocantins,0.0
8839,1707405,Esperantina,Tocantins,2021,7945,Esperantina,0.0
8840,1710508,Itacajá,Tocantins,2021,7076,Itacajá,0.0
8841,1710706,Itaguatins,Tocantins,2021,5420,Itaguatins,0.0
8842,1711803,Juarina,Tocantins,2021,2308,Juarina,0.0
8843,1712504,Marianópolis do Tocantins,Tocantins,2021,4724,Marianópolis do Tocantins,0.0
8844,1712801,Maurilândia do Tocantins,Tocantins,2021,3205,Maurilândia do Tocantins,0.0
8845,1713304,Miranorte,Tocantins,2021,13107,Miranorte,0.0
8846,1714203,Natividade,Tocantins,2021,9056,Natividade,0.0
8847,1718204,Porto Nacional,Tocantins,2021,64598,Porto Nacional,0.0
8848,1718303,Praia Norte,Tocantins,2021,9223,Praia Norte,0.0
8849,1718550,Riachinho,Tocantins,2021,4118,Riachinho,0.0
8850,1718808,Sampaio,Tocantins,2021,4323,Sampaio,0.0
8851,1718840,Sandolândia,Tocantins,2021,3819,Sandolândia,0.0
8852,1718865,Santa Fé do Araguaia,Tocantins,2021,7376,Santa Fé do Araguaia,0.0
8853,1719004,Santa Tereza do Tocantins,Tocantins,2021,2810,Santa Tereza do Tocantins,0.0
8854,1720101,São Bento do Tocantins,Tocantins,2021,5741,São Bento do Tocantins,0.0
8855,1720150,São Félix do Tocantins,Tocantins,2021,1799,São Félix do Tocantins,0.0
8856,1720309,São Sebastião do Tocantins,Tocantins,2021,4261,São Sebastião do Tocantins,0.0
8857,1720804,Sítio Novo do Tocantins,Tocantins,2021,10998,Sítio Novo do Tocantins,0.0
8858,1720903,Taguatinga,Tocantins,2021,14581,Taguatinga,0.0
8859,1720937,Taipas do Tocantins,Tocantins,2021,2082,Taipas do Tocantins,0.0
8860,1721000,Palmas,Tocantins,2021,305182,Palmas,0.0
8861,1721208,Tocantinópolis,Tocantins,2021,23349,Tocantinópolis,0.0
8862,1722107,Xambioá,Tocantins,2021,10937,Xambioá,0.0
8863,2100055,Açailândia,Maranhão,2021,110428,Açailândia,0.0
8864,2100154,Água doce do Maranhão,Maranhão,2021,12388,Água Doce do Maranhão,0.0
8865,2100204,Alcântara,Maranhão,2021,19653,Alcântara,0.0
8866,2100303,Aldeias Altas,Maranhão,2021,24072,Aldeias Altas,0.0
8867,2100402,Altamira do Maranhão,Maranhão,2021,6815,Altamira do Maranhão,1.0
8868,2100436,Alto Alegre do Maranhão,Maranhão,2021,25032,Alto Alegre do Maranhão,1.0
8869,2100477,Alto Alegre do Pindaré,Maranhão,2021,27840,Alto Alegre do Pindaré,0.0
8870,2100550,Amapá do Maranhão,Maranhão,2021,7248,Amapá do Maranhão,42.0
8871,2100600,Amarante do Maranhão,Maranhão,2021,38755,Amarante do Maranhão,4.0
8872,2100808,Anapurus,Maranhão,2021,14238,Anapurus,0.0
8873,2100832,Apicum-Açu,Maranhão,2021,17511,Apicum-Açu,0.0
8874,2100873,Araguanã,Maranhão,2021,12070,Araguanã,0.0
8875,2100956,Arame,Maranhão,2021,27621,Arame,0.0
8876,2101004,Arari,Maranhão,2021,30409,Arari,0.0
8877,2101103,Axixá,Maranhão,2021,12102,Axixá,0.0
8878,2101202,Bacabal,Maranhão,2021,106951,Bacabal,0.0
8879,2101251,Bacabeira,Maranhão,2021,17007,Bacabeira,0.0
8880,2101301,Bacuri,Maranhão,2021,16958,Bacuri,0.0
8881,2101400,Balsas,Maranhão,2021,101535,Balsas,0.0
8882,2101608,Barra do Corda,Maranhão,2021,87535,Barra do Corda,1.0
8883,2101707,Barreirinhas,Maranhão,2021,65740,Barreirinhas,0.0
8884,2101731,Belágua,Maranhão,2021,8342,Belágua,0.0
8885,2101772,Bela Vista do Maranhão,Maranhão,2021,11817,Bela Vista do Maranhão,0.0
8886,2101806,Benedito Leite,Maranhão,2021,5615,Benedito Leite,0.0
8887,2101905,Bequimão,Maranhão,2021,20418,Bequimão,0.0
8888,2101939,Bernardo do Mearim,Maranhão,2021,5972,Bernardo do Mearim,1.0
8889,2101970,Boa Vista do Gurupi,Maranhão,2021,7743,Boa Vista do Gurupi,2.0
8890,2102002,Bom Jardim,Maranhão,2021,35675,Bom Jardim,1.0
8891,2102036,Bom Jesus das Selvas,Maranhão,2021,29745,Bom Jesus das Selvas,0.0
8892,2102101,Brejo,Maranhão,2021,35411,Brejo,0.0
8893,2102150,Brejo de Areia,Maranhão,2021,9769,Brejo de Areia,0.0
8894,2102200,Buriti,Maranhão,2021,30283,Buriti,0.0
8895,2102309,Buriti Bravo,Maranhão,2021,23252,Buriti Bravo,0.0
8896,2102325,Buriticupu,Maranhão,2021,59696,Buriticupu,0.0
8897,2102358,Buritirana,Maranhão,2021,13692,Buritirana,0.0
8898,2102374,Cachoeira Grande,Maranhão,2021,9770,Cachoeira Grande,0.0
8899,2102408,Cajapió,Maranhão,2021,10574,Cajapió,0.0
8900,2102507,Cajari,Maranhão,2021,17294,Cajari,0.0
8901,2102556,Campestre do Maranhão,Maranhão,2021,12857,Campestre do Maranhão,1.0
8902,2102606,Cândido Mendes,Maranhão,2021,20290,Cândido Mendes,27.0
8903,2102705,Cantanhede,Maranhão,2021,24115,Cantanhede,0.0
8904,2102754,Capinzal do Norte,Maranhão,2021,11589,Capinzal do Norte,0.0
8905,2102903,Carutapera,Maranhão,2021,24475,Carutapera,0.0
8906,2103000,Caxias,Maranhão,2021,163592,Caxias,0.0
8907,2103109,Cedral,Maranhão,2021,10548,Cedral,0.0
8908,2103125,Central do Maranhão,Maranhão,2021,7447,Central do Maranhão,0.0
8909,2103158,Centro do Guilherme,Maranhão,2021,12461,Centro do Guilherme,0.0
8910,2103174,Centro Novo do Maranhão,Maranhão,2021,17258,Centro Novo do Maranhão,0.0
8911,2103208,Chapadinha,Maranhão,2021,82726,Chapadinha,0.0
8912,2103257,Cidelândia,Maranhão,2021,13432,Cidelândia,0.0
8913,2103307,Codó,Maranhão,2021,119840,Codó,0.0
8914,2103505,Colinas,Maranhão,2021,41644,Colinas,0.0
8915,2103554,Conceição do Lago-Açu,Maranhão,2021,15309,Conceição do Lago-Açu,0.0
8916,2103604,Coroatá,Maranhão,2021,62201,Coroatá,0.0
8917,2103703,Cururupu,Maranhão,2021,32986,Cururupu,0.0
8918,2103752,davinópolis,Maranhão,2021,14412,Davinópolis,0.0
8919,2103802,dom Pedro,Maranhão,2021,23658,Dom Pedro,0.0
8920,2103901,Duque Bacelar,Maranhão,2021,10626,Duque Bacelar,0.0
8921,2104008,Esperantinópolis,Maranhão,2021,18833,Esperantinópolis,0.0
8922,2104057,Estreito,Maranhão,2021,35104,Estreito,0.0
8923,2104099,Formosa da Serra Negra,Maranhão,2021,18183,Formosa da Serra Negra,0.0
8924,2104206,Fortuna,Maranhão,2021,17522,Fortuna,6.0
8925,2104305,Godofredo Viana,Maranhão,2021,10466,Godofredo Viana,1.0
8926,2104404,Gonçalves Dias,Maranhão,2021,17751,Gonçalves Dias,0.0
8927,2104503,Governador Archer,Maranhão,2021,10526,Governador Archer,1.0
8928,2104552,Governador Edison Lobão,Maranhão,2021,18410,Governador Edison Lobão,0.0
8929,2104602,Governador Eugênio Barros,Maranhão,2021,14350,Governador Eugênio Barros,0.0
8930,2104628,Governador Luiz Rocha,Maranhão,2021,7324,Governador Luiz Rocha,0.0
8931,2104651,Governador Newton Bello,Maranhão,2021,10992,Governador Newton Bello,0.0
8932,2104677,Governador Nunes Freire,Maranhão,2021,24345,Governador Nunes Freire,0.0
8933,2104701,Graça Aranha,Maranhão,2021,6221,Graça Aranha,0.0
8934,2104800,Grajaú,Maranhão,2021,73900,Grajaú,0.0
8935,2104909,Guimarães,Maranhão,2021,10910,Guimarães,0.0
8936,2105005,Humberto de Campos,Maranhão,2021,26903,Humberto de Campos,0.0
8937,2105104,Icatu,Maranhão,2021,25658,Icatu,0.0
8938,2105153,Igarapé do Meio,Maranhão,2021,14144,Igarapé do Meio,0.0
8939,2105203,Igarapé Grande,Maranhão,2021,10603,Igarapé Grande,0.0
8940,2105302,Imperatriz,Maranhão,2021,278889,Imperatriz,0.0
8941,2105351,Itaipava do Grajaú,Maranhão,2021,14315,Itaipava do Grajaú,0.0
8942,2105401,Itapecuru Mirim,Maranhão,2021,63055,Itapecuru Mirim,0.0
8943,2105427,Itinga do Maranhão,Maranhão,2021,23601,Itinga do Maranhão,0.0
8944,2105450,Jatobá,Maranhão,2021,7855,Jatobá,0.0
8945,2105476,Jenipapo dos Vieiras,Maranhão,2021,17241,Jenipapo dos Vieiras,1.0
8946,2105500,João Lisboa,Maranhão,2021,25282,João Lisboa,0.0
8947,2105609,Joselândia,Maranhão,2021,15483,Joselândia,1.0
8948,2105658,Junco do Maranhão,Maranhão,2021,5266,Junco do Maranhão,0.0
8949,2105708,Lago da Pedra,Maranhão,2021,46480,Lago da Pedra,0.0
8950,2105906,Lago Verde,Maranhão,2021,15363,Lago Verde,0.0
8951,2105948,Lago dos Rodrigues,Maranhão,2021,9055,Lago dos Rodrigues,0.0
8952,2105963,Lagoa Grande do Maranhão,Maranhão,2021,11564,Lagoa Grande do Maranhão,0.0
8953,2105989,Lajeado Novo,Maranhão,2021,7239,Lajeado Novo,0.0
8954,2106003,Lima Campos,Maranhão,2021,11657,Lima Campos,0.0
8955,2106201,Luís domingues,Maranhão,2021,7243,Luís Domingues,0.0
8956,2106326,Maracaçumé,Maranhão,2021,21327,Maracaçumé,0.0
8957,2106359,Marajá do Sena,Maranhão,2021,7387,Marajá do Sena,0.0
8958,2106375,Maranhãozinho,Maranhão,2021,14098,Maranhãozinho,0.0
8959,2106409,Mata Roma,Maranhão,2021,17195,Mata Roma,0.0
8960,2106508,Matinha,Maranhão,2021,22695,Matinha,0.0
8961,2106607,Matões,Maranhão,2021,33395,Matões,0.0
8962,2106631,Matões do Norte,Maranhão,2021,17183,Matões do Norte,0.0
8963,2106672,Milagres do Maranhão,Maranhão,2021,8979,Milagres do Maranhão,0.0
8964,2106755,Miranda do Norte,Maranhão,2021,24764,Miranda do Norte,0.0
8965,2106805,Mirinzal,Maranhão,2021,14423,Mirinzal,0.0
8966,2106904,Monção,Maranhão,2021,29507,Monção,0.0
8967,2107001,Montes Altos,Maranhão,2021,9437,Montes Altos,0.0
8968,2107100,Morros,Maranhão,2021,18969,Morros,0.0
8969,2107357,Nova Olinda do Maranhão,Maranhão,2021,15579,Nova Olinda do Maranhão,0.0
8970,2107407,Olho D'água das Cunhãs,Maranhão,2021,18592,Olho d'Água das Cunhãs,0.0
8971,2107456,Olinda Nova do Maranhão,Maranhão,2021,13926,Olinda Nova do Maranhão,0.0
8972,2107506,Paço do Lumiar,Maranhão,2021,141737,Paço do Lumiar,0.0
8973,2107605,Palmeirândia,Maranhão,2021,21187,Palmeirândia,0.0
8974,2107704,Paraibano,Maranhão,2021,19111,Paraibano,0.0
8975,2107803,Parnarama,Maranhão,2021,32879,Parnarama,0.0
8976,2108009,Pastos Bons,Maranhão,2021,19203,Pastos Bons,0.0
8977,2108108,Paulo Ramos,Maranhão,2021,20984,Paulo Ramos,0.0
8978,2108207,Pedreiras,Maranhão,2021,38972,Pedreiras,0.0
8979,2108256,Pedro do Rosário,Maranhão,2021,24731,Pedro do Rosário,0.0
8980,2108306,Penalva,Maranhão,2021,34328,Penalva,0.0
8981,2108405,Peri Mirim,Maranhão,2021,11967,Peri Mirim,0.0
8982,2108454,Peritoró,Maranhão,2021,21237,Peritoró,0.0
8983,2108504,Pindaré-Mirim,Maranhão,2021,32671,Pindaré-Mirim,0.0
8984,2108603,Pinheiro,Maranhão,2021,86467,Pinheiro,0.0
8985,2108702,Pio Xii,Maranhão,2021,22626,Pio XII,0.0
8986,2108801,Pirapemas,Maranhão,2021,18229,Pirapemas,0.0
8987,2108900,Poção de Pedras,Maranhão,2021,18240,Poção de Pedras,0.0
8988,2109007,Porto Franco,Maranhão,2021,24028,Porto Franco,0.0
8989,2109056,Porto Rico do Maranhão,Maranhão,2021,6152,Porto Rico do Maranhão,0.0
8990,2109106,Presidente Dutra,Maranhão,2021,46566,Presidente Dutra,0.0
8991,2109205,Presidente Juscelino,Maranhão,2021,11726,Presidente Juscelino,0.0
8992,2109239,Presidente Médici,Maranhão,2021,5110,Presidente Médici,0.0
8993,2109270,Presidente Sarney,Maranhão,2021,17974,Presidente Sarney,1.0
8994,2109304,Presidente Vargas,Maranhão,2021,10901,Presidente Vargas,0.0
8995,2109403,Primeira Cruz,Maranhão,2021,14116,Primeira Cruz,0.0
8996,2109452,Raposa,Maranhão,2021,30943,Raposa,0.0
8997,2109551,Ribamar Fiquene,Maranhão,2021,7639,Ribamar Fiquene,0.0
8998,2109601,Rosário,Maranhão,2021,40246,Rosário,0.0
8999,2109759,Santa Filomena do Maranhão,Maranhão,2021,6960,Santa Filomena do Maranhão,1.0
9000,2109809,Santa Helena,Maranhão,2021,42561,Santa Helena,0.0
9001,2109908,Santa Inês,Maranhão,2021,88063,Santa Inês,3.0
9002,2110005,Santa Luzia,Maranhão,2021,62275,Santa Luzia,1.0
9003,2110039,Santa Luzia do Paruá,Maranhão,2021,24919,Santa Luzia do Paruá,0.0
9004,2110104,Santa Quitéria do Maranhão,Maranhão,2021,24711,Santa Quitéria do Maranhão,0.0
9005,2110203,Santa Rita,Maranhão,2021,37566,Santa Rita,0.0
9006,2110278,Santo Amaro do Maranhão,Maranhão,2021,14344,Santo Amaro do Maranhão,0.0
9007,2110302,Santo Antônio dos Lopes,Maranhão,2021,14709,Santo Antônio dos Lopes,0.0
9008,2110401,São Benedito do Rio Preto,Maranhão,2021,18855,São Benedito do Rio Preto,0.0
9009,2110500,São Bento,Maranhão,2021,46757,São Bento,0.0
9010,2110708,São domingos do Maranhão,Maranhão,2021,35274,São Domingos do Maranhão,0.0
9011,2110807,São Félix de Balsas,Maranhão,2021,4586,São Félix de Balsas,0.0
9012,2110906,São Francisco do Maranhão,Maranhão,2021,12391,São Francisco do Maranhão,0.0
9013,2111003,São João Batista,Maranhão,2021,19393,São João Batista,0.0
9014,2111029,São João do Carú,Maranhão,2021,13277,São João do Carú,0.0
9015,2111052,São João do Paraíso,Maranhão,2021,10366,São João do Paraíso,0.0
9016,2111078,São João do Soter,Maranhão,2021,17521,São João do Soter,0.0
9017,2111102,São João dos Patos,Maranhão,2021,25940,São João dos Patos,0.0
9018,2111201,São José de Ribamar,Maranhão,2021,236863,São José de Ribamar,0.0
9019,2111250,São José dos Basílios,Maranhão,2021,7244,São José dos Basílios,0.0
9020,2111300,São Luís,Maranhão,2021,1084310,São Luís,0.0
9021,2111409,São Luís Gonzaga do Maranhão,Maranhão,2021,18770,São Luís Gonzaga do Maranhão,1.0
9022,2111508,São Mateus do Maranhão,Maranhão,2021,40426,São Mateus do Maranhão,0.0
9023,2111532,São Pedro da Água Branca,Maranhão,2021,14301,São Pedro da Água Branca,0.0
9024,2111607,São Raimundo das Mangabeiras,Maranhão,2021,18970,São Raimundo das Mangabeiras,1.0
9025,2111631,São Raimundo do doca Bezerra,Maranhão,2021,5905,São Raimundo do Doca Bezerra,0.0
9026,2111672,São Roberto,Maranhão,2021,4923,São Roberto,0.0
9027,2111706,São Vicente Ferrer,Maranhão,2021,20323,São Vicente Ferrer,0.0
9028,2111722,Satubinha,Maranhão,2021,9599,Satubinha,0.0
9029,2111748,Senador Alexandre Costa,Maranhão,2021,10490,Senador Alexandre Costa,0.0
9030,2111763,Senador La Rocque,Maranhão,2021,15100,Senador La Rocque,0.0
9031,2111789,Serrano do Maranhão,Maranhão,2021,10388,Serrano do Maranhão,0.0
9032,2111904,Sucupira do Norte,Maranhão,2021,10576,Sucupira do Norte,0.0
9033,2112100,Timbiras,Maranhão,2021,27801,Timbiras,0.0
9034,2112209,Timon,Maranhão,2021,177658,Timon,0.0
9035,2112233,Trizidela do Vale,Maranhão,2021,22747,Trizidela do Vale,0.0
9036,2112274,Tufilândia,Maranhão,2021,5735,Tufilândia,0.0
9037,2112308,Tuntum,Maranhão,2021,38268,Tuntum,0.0
9038,2112407,Turiaçu,Maranhão,2021,38221,Turiaçu,0.0
9039,2112456,Turilândia,Maranhão,2021,30710,Turilândia,0.0
9040,2112506,Tutóia,Maranhão,2021,55105,Tutóia,1.0
9041,2112605,Urbano Santos,Maranhão,2021,33430,Urbano Santos,0.0
9042,2112704,Vargem Grande,Maranhão,2021,46313,Vargem Grande,0.0
9043,2112803,Viana,Maranhão,2021,52790,Viana,0.0
9044,2112852,Vila Nova dos Martírios,Maranhão,2021,10846,Vila Nova dos Martírios,0.0
9045,2112902,Vitória do Mearim,Maranhão,2021,32111,Vitória do Mearim,0.0
9046,2113009,Vitorino Freire,Maranhão,2021,32060,Vitorino Freire,0.0
9047,2114007,Zé doca,Maranhão,2021,43988,Zé Doca,0.0
9048,5100102,Acorizal,Mato Grosso,2021,5114,Acorizal,1.0
9049,5100201,Água Boa,Mato Grosso,2021,28862,Água Boa,0.0
9050,5100250,Alta Floresta,Mato Grosso,2021,59153,Alta Floresta,2.0
9051,5100300,Alto Araguaia,Mato Grosso,2021,17355,Alto Araguaia,0.0
9052,5100359,Alto Boa Vista,Mato Grosso,2021,5754,Alto Boa Vista,2.0
9053,5100607,Alto Taquari,Mato Grosso,2021,10783,Alto Taquari,0.0
9054,5100805,Apiacás,Mato Grosso,2021,8754,Apiacás,29.0
9055,5101001,Araguaiana,Mato Grosso,2021,3808,Araguaiana,0.0
9056,5101258,Araputanga,Mato Grosso,2021,15006,Araputanga,0.0
9057,5101308,Arenápolis,Mato Grosso,2021,10700,Arenápolis,0.0
9058,5101407,Aripuanã,Mato Grosso,2021,24525,Aripuanã,858.0
9059,5101704,Barra do Bugres,Mato Grosso,2021,30147,Barra do Bugres,1.0
9060,5101803,Barra do Garças,Mato Grosso,2021,69333,Barra do Garças,0.0
9061,5101852,Bom Jesus do Araguaia,Mato Grosso,2021,7188,Bom Jesus do Araguaia,0.0
9062,5101902,Brasnorte,Mato Grosso,2021,17038,Brasnorte,5.0
9063,5102504,Cáceres,Mato Grosso,2021,91523,Cáceres,1.0
9064,5102603,Campinápolis,Mato Grosso,2021,15449,Campinápolis,0.0
9065,5102637,Campo Novo do Parecis,Mato Grosso,2021,44367,Campo Novo do Parecis,0.0
9066,5102678,Campo Verde,Mato Grosso,2021,44110,Campo Verde,0.0
9067,5102686,Campos de Júlio,Mato Grosso,2021,8584,Campos de Júlio,2.0
9068,5102694,Canabrava do Norte,Mato Grosso,2021,4530,Canabrava do Norte,0.0
9069,5102702,Canarana,Mato Grosso,2021,25510,Canarana,0.0
9070,5102793,Carlinda,Mato Grosso,2021,10571,Carlinda,0.0
9071,5102850,Castanheira,Mato Grosso,2021,7717,Castanheira,0.0
9072,5103007,Chapada dos Guimarães,Mato Grosso,2021,19294,Chapada dos Guimarães,0.0
9073,5103056,Cláudia,Mato Grosso,2021,9863,Cláudia,0.0
9074,5103106,Cocalinho,Mato Grosso,2021,6265,Cocalinho,0.0
9075,5103205,Colíder,Mato Grosso,2021,32171,Colíder,0.0
9076,5103254,Colniza,Mato Grosso,2021,26564,Colniza,805.0
9077,5103304,Comodoro,Mato Grosso,2021,18467,Comodoro,53.0
9078,5103353,Confresa,Mato Grosso,2021,34608,Confresa,0.0
9079,5103361,Conquista D'oeste,Mato Grosso,2021,3775,Conquista D'Oeste,49.0
9080,5103379,Cotriguaçu,Mato Grosso,2021,11194,Cotriguaçu,1.0
9081,5103403,Cuiabá,Mato Grosso,2021,660347,Cuiabá,11.0
9082,5103502,Diamantino,Mato Grosso,2021,22107,Diamantino,0.0
9083,5103601,dom Aquino,Mato Grosso,2021,8016,Dom Aquino,0.0
9084,5103700,Feliz Natal,Mato Grosso,2021,10752,Feliz Natal,0.0
9085,5103858,Gaúcha do Norte,Mato Grosso,2021,8500,Gaúcha do Norte,0.0
9086,5103908,General Carneiro,Mato Grosso,2021,6069,General Carneiro,0.0
9087,5103957,Glória D'oeste,Mato Grosso,2021,2951,Glória D'Oeste,0.0
9088,5104104,Guarantã do Norte,Mato Grosso,2021,31929,Guarantã do Norte,4.0
9089,5104203,Guiratinga,Mato Grosso,2021,11161,Guiratinga,0.0
9090,5104526,Ipiranga do Norte,Mato Grosso,2021,7630,Ipiranga do Norte,0.0
9091,5104542,Itanhangá,Mato Grosso,2021,7426,Itanhangá,0.0
9092,5104559,Itaúba,Mato Grosso,2021,5070,Itaúba,0.0
9093,5104609,Itiquira,Mato Grosso,2021,12361,Itiquira,0.0
9094,5104807,Jaciara,Mato Grosso,2021,28932,Jaciara,0.0
9095,5105002,Jauru,Mato Grosso,2021,8518,Jauru,0.0
9096,5105101,Juara,Mato Grosso,2021,35673,Juara,2.0
9097,5105150,Juína,Mato Grosso,2021,46475,Juína,14.0
9098,5105176,Juruena,Mato Grosso,2021,10487,Juruena,0.0
9099,5105200,Juscimeira,Mato Grosso,2021,11678,Juscimeira,0.0
9100,5105234,Lambari D'oeste,Mato Grosso,2021,4832,Lambari D'Oeste,0.0
9101,5105259,Lucas do Rio Verde,Mato Grosso,2021,80500,Lucas do Rio Verde,1.0
9102,5105507,Vila Bela da Santíssima Trindade,Mato Grosso,2021,16864,Vila Bela da Santíssima Trindade,14.0
9103,5105580,Marcelândia,Mato Grosso,2021,11671,Marcelândia,1.0
9104,5105606,Matupá,Mato Grosso,2021,19756,Matupá,8.0
9105,5105622,Mirassol D'oeste,Mato Grosso,2021,27221,Mirassol d'Oeste,0.0
9106,5105903,Nobres,Mato Grosso,2021,15655,Nobres,1.0
9107,5106109,Nossa Senhora do Livramento,Mato Grosso,2021,11737,Nossa Senhora do Livramento,0.0
9108,5106158,Nova Bandeirantes,Mato Grosso,2021,13742,Nova Bandeirantes,27.0
9109,5106174,Nova Nazaré,Mato Grosso,2021,4136,Nova Nazaré,0.0
9110,5106182,Nova Lacerda,Mato Grosso,2021,6718,Nova Lacerda,15.0
9111,5106190,Nova Santa Helena,Mato Grosso,2021,4235,Nova Santa Helena,0.0
9112,5106208,Nova Brasilândia,Mato Grosso,2021,4002,Nova Brasilândia,0.0
9113,5106216,Nova Canaã do Norte,Mato Grosso,2021,11940,Nova Canaã do Norte,0.0
9114,5106224,Nova Mutum,Mato Grosso,2021,53662,Nova Mutum,1.0
9115,5106232,Nova Olímpia,Mato Grosso,2021,16643,Nova Olímpia,1.0
9116,5106240,Nova Ubiratã,Mato Grosso,2021,11467,Nova Ubiratã,1.0
9117,5106257,Nova Xavantina,Mato Grosso,2021,24285,Nova Xavantina,0.0
9118,5106265,Novo Mundo,Mato Grosso,2021,6656,Novo Mundo,4.0
9119,5106273,Novo Horizonte do Norte,Mato Grosso,2021,3413,Novo Horizonte do Norte,1.0
9120,5106299,Paranaíta,Mato Grosso,2021,11838,Paranaíta,4.0
9121,5106307,Paranatinga,Mato Grosso,2021,26161,Paranatinga,0.0
9122,5106372,Pedra Preta,Mato Grosso,2021,18157,Pedra Preta,0.0
9123,5106422,Peixoto de Azevedo,Mato Grosso,2021,33427,Peixoto de Azevedo,69.0
9124,5106505,Poconé,Mato Grosso,2021,31585,Poconé,0.0
9125,5106653,Pontal do Araguaia,Mato Grosso,2021,6906,Pontal do Araguaia,0.0
9126,5106752,Pontes E Lacerda,Mato Grosso,2021,51919,Pontes e Lacerda,2268.0
9127,5106778,Porto Alegre do Norte,Mato Grosso,2021,12194,Porto Alegre do Norte,0.0
9128,5106802,Porto dos Gaúchos,Mato Grosso,2021,5693,Porto dos Gaúchos,0.0
9129,5106828,Porto Esperidião,Mato Grosso,2021,10363,Porto Esperidião,0.0
9130,5106851,Porto Estrela,Mato Grosso,2021,3277,Porto Estrela,0.0
9131,5107008,Poxoréu,Mato Grosso,2021,23114,Poxoréo,0.0
9132,5107040,Primavera do Leste,Mato Grosso,2021,82905,Primavera do Leste,0.0
9133,5107065,Querência,Mato Grosso,2021,25558,Querência,1.0
9134,5107156,Reserva do Cabaçal,Mato Grosso,2021,2137,Reserva do Cabaçal,0.0
9135,5107180,Ribeirão Cascalheira,Mato Grosso,2021,10136,Ribeirão Cascalheira,0.0
9136,5107198,Ribeirãozinho,Mato Grosso,2021,2601,Ribeirãozinho,0.0
9137,5107206,Rio Branco,Mato Grosso,2021,4578,Rio Branco,1.0
9138,5107248,Santa Carmem,Mato Grosso,2021,5347,Santa Carmem,0.0
9139,5107263,Santo Afonso,Mato Grosso,2021,2536,Santo Afonso,0.0
9140,5107297,São José do Povo,Mato Grosso,2021,2915,São José do Povo,0.0
9141,5107305,São José do Rio Claro,Mato Grosso,2021,15121,São José do Rio Claro,0.0
9142,5107354,São José do Xingu,Mato Grosso,2021,5950,São José do Xingu,3.0
9143,5107578,Rondolândia,Mato Grosso,2021,3570,Rondolândia,13.0
9144,5107602,Rondonópolis,Mato Grosso,2021,246280,Rondonópolis,1.0
9145,5107701,Rosário Oeste,Mato Grosso,2021,15754,Rosário Oeste,0.0
9146,5107743,Santa Cruz do Xingu,Mato Grosso,2021,2608,Santa Cruz do Xingu,0.0
9147,5107750,Salto do Céu,Mato Grosso,2021,3738,Salto do Céu,0.0
9148,5107776,Santa Terezinha,Mato Grosso,2021,7674,Santa Terezinha,0.0
9149,5107792,Santo Antônio do Leste,Mato Grosso,2021,4085,Santo Antônio do Leste,0.0
9150,5107800,Santo Antônio do Leverger,Mato Grosso,2021,16750,Santo Antônio do Leverger,1.0
9151,5107859,São Félix do Araguaia,Mato Grosso,2021,13523,São Félix do Araguaia,0.0
9152,5107875,Sapezal,Mato Grosso,2021,28119,Sapezal,1.0
9153,5107883,Serra Nova dourada,Mato Grosso,2021,1794,Serra Nova Dourada,0.0
9154,5107909,Sinop,Mato Grosso,2021,190216,Sinop,2.0
9155,5107925,Sorriso,Mato Grosso,2021,107165,Sorriso,5.0
9156,5107941,Tabaporã,Mato Grosso,2021,9991,Tabaporã,0.0
9157,5107958,Tangará da Serra,Mato Grosso,2021,106584,Tangará da Serra,3.0
9158,5108006,Tapurah,Mato Grosso,2021,14111,Tapurah,0.0
9159,5108055,Terra Nova do Norte,Mato Grosso,2021,10830,Terra Nova do Norte,1.0
9160,5108105,Tesouro,Mato Grosso,2021,3063,Tesouro,0.0
9161,5108204,Torixoréu,Mato Grosso,2021,4216,Torixoréu,0.0
9162,5108303,União do Sul,Mato Grosso,2021,3889,União do Sul,0.0
9163,5108352,Vale de São domingos,Mato Grosso,2021,2951,Vale de São Domingos,0.0
9164,5108402,Várzea Grande,Mato Grosso,2021,303405,Várzea Grande,0.0
9165,5108600,Vila Rica,Mato Grosso,2021,20199,Vila Rica,0.0
9166,5108808,Nova Guarita,Mato Grosso,2021,4678,Nova Guarita,8.0
9167,5108857,Nova Marilândia,Mato Grosso,2021,3534,Nova Marilândia,1.0
9168,5108907,Nova Maringá,Mato Grosso,2021,5887,Nova Maringá,0.0
9169,5108956,Nova Monte Verde,Mato Grosso,2021,8454,Nova Monte Verde,0.0
9170,1100015,Alta Floresta D'oeste,Rondônia,2022,23309,Alta Floresta D'Oeste,3.0
9171,1100023,Ariquemes,Rondônia,2022,106814,Ariquemes,345.0
9172,1100031,Cabixi,Rondônia,2022,5836,Cabixi,2.0
9173,1100049,Cacoal,Rondônia,2022,95476,Cacoal,6.0
9174,1100056,Cerejeiras,Rondônia,2022,17133,Cerejeiras,0.0
9175,1100064,Colorado do Oeste,Rondônia,2022,17034,Colorado do Oeste,0.0
9176,1100072,Corumbiara,Rondônia,2022,8172,Corumbiara,2.0
9177,1100080,Costa Marques,Rondônia,2022,13714,Costa Marques,97.0
9178,1100098,Espigão D'oeste,Rondônia,2022,32468,Espigão D'Oeste,136.0
9179,1100106,Guajará-Mirim,Rondônia,2022,43779,Guajará-Mirim,1335.0
9180,1100114,Jaru,Rondônia,2022,55595,Jaru,2.0
9181,1100122,Ji-Paraná,Rondônia,2022,137226,Ji-Paraná,3.0
9182,1100130,Machadinho D'oeste,Rondônia,2022,34027,Machadinho D'Oeste,386.0
9183,1100148,Nova Brasilândia D'oeste,Rondônia,2022,17124,Nova Brasilândia D'Oeste,6.0
9184,1100155,Ouro Preto do Oeste,Rondônia,2022,39027,Ouro Preto do Oeste,1.0
9185,1100189,Pimenta Bueno,Rondônia,2022,38646,Pimenta Bueno,1.0
9186,1100205,Porto Velho,Rondônia,2022,507143,Porto Velho,7263.0
9187,1100254,Presidente Médici,Rondônia,2022,21001,Presidente Médici,0.0
9188,1100262,Rio Crespo,Rondônia,2022,3729,Rio Crespo,71.0
9189,1100288,Rolim de Moura,Rondônia,2022,61234,Rolim de Moura,1.0
9190,1100296,Santa Luzia D'oeste,Rondônia,2022,8091,Santa Luzia D'Oeste,0.0
9191,1100304,Vilhena,Rondônia,2022,104805,Vilhena,16.0
9192,1100320,São Miguel do Guaporé,Rondônia,2022,22270,São Miguel do Guaporé,2.0
9193,1100338,Nova Mamoré,Rondônia,2022,27856,Nova Mamoré,400.0
9194,1100346,Alvorada D'oeste,Rondônia,2022,14374,Alvorada D'Oeste,1.0
9195,1100379,Alto Alegre dos Parecis,Rondônia,2022,12470,Alto Alegre dos Parecis,4.0
9196,1100403,Alto Paraíso,Rondônia,2022,17575,Alto Paraíso,133.0
9197,1100452,Buritis,Rondônia,2022,31315,Buritis,12.0
9198,1100502,Novo Horizonte do Oeste,Rondônia,2022,8406,Novo Horizonte do Oeste,0.0
9199,1100601,Cacaulândia,Rondônia,2022,4514,Cacaulândia,4.0
9200,1100700,Campo Novo de Rondônia,Rondônia,2022,9687,Campo Novo de Rondônia,9.0
9201,1100809,Candeias do Jamari,Rondônia,2022,23733,Candeias do Jamari,1772.0
9202,1100908,Castanheiras,Rondônia,2022,3496,Castanheiras,5.0
9203,1100924,Chupinguaia,Rondônia,2022,9937,Chupinguaia,1.0
9204,1100940,Cujubim,Rondônia,2022,15998,Cujubim,244.0
9205,1101005,Governador Jorge Teixeira,Rondônia,2022,8733,Governador Jorge Teixeira,3.0
9206,1101104,Itapuã do Oeste,Rondônia,2022,9191,Itapuã do Oeste,154.0
9207,1101203,Ministro Andreazza,Rondônia,2022,7079,Ministro Andreazza,0.0
9208,1101302,Mirante da Serra,Rondônia,2022,10116,Mirante da Serra,15.0
9209,1101401,Monte Negro,Rondônia,2022,12606,Monte Negro,8.0
9210,1101435,Nova União,Rondônia,2022,6765,Nova União,1.0
9211,1101450,Parecis,Rondônia,2022,4475,Parecis,0.0
9212,1101468,Pimenteiras do Oeste,Rondônia,2022,2331,Pimenteiras do Oeste,0.0
9213,1101476,Primavera de Rondônia,Rondônia,2022,3340,Primavera de Rondônia,1.0
9214,1101484,São Felipe D'oeste,Rondônia,2022,5727,São Felipe D'Oeste,0.0
9215,1101492,São Francisco do Guaporé,Rondônia,2022,17450,São Francisco do Guaporé,1.0
9216,1101500,Seringueiras,Rondônia,2022,13018,Seringueiras,3.0
9217,1101559,Teixeirópolis,Rondônia,2022,4631,Teixeirópolis,0.0
9218,1101609,Theobroma,Rondônia,2022,8873,Theobroma,6.0
9219,1101708,Urupá,Rondônia,2022,11702,Urupá,1.0
9220,1101757,Vale do Anari,Rondônia,2022,8499,Vale do Anari,51.0
9221,1101807,Vale do Paraíso,Rondônia,2022,7098,Vale do Paraíso,0.0
9222,1200013,Acrelândia,Acre,2022,14518,Acrelândia,10.0
9223,1200054,Assis Brasil,Acre,2022,8298,Assis Brasil,0.0
9224,1200104,Brasiléia,Acre,2022,27148,Brasiléia,0.0
9225,1200138,Bujari,Acre,2022,13125,Bujari,46.0
9226,1200179,Capixaba,Acre,2022,10761,Capixaba,17.0
9227,1200203,Cruzeiro do Sul,Acre,2022,96946,Cruzeiro do Sul,2665.0
9228,1200252,Epitaciolândia,Acre,2022,19264,Epitaciolândia,0.0
9229,1200302,Feijó,Acre,2022,37515,Feijó,0.0
9230,1200328,Jordão,Acre,2022,9414,Jordão,1.0
9231,1200336,Mâncio Lima,Acre,2022,19857,Mâncio Lima,2108.0
9232,1200344,Manoel Urbano,Acre,2022,12157,Manoel Urbano,0.0
9233,1200351,Marechal Thaumaturgo,Acre,2022,17675,Marechal Thaumaturgo,15.0
9234,1200385,Plácido de Castro,Acre,2022,17348,Plácido de Castro,177.0
9235,1200393,Porto Walter,Acre,2022,11116,Porto Walter,40.0
9236,1200401,Rio Branco,Acre,2022,387008,Rio Branco,44.0
9237,1200427,Rodrigues Alves,Acre,2022,15600,Rodrigues Alves,813.0
9238,1200435,Santa Rosa do Purus,Acre,2022,6811,Santa Rosa do Purus,0.0
9239,1200450,Senador Guiomard,Acre,2022,22357,Senador Guiomard,118.0
9240,1200500,Sena Madureira,Acre,2022,43822,Sena Madureira,1.0
9241,1200609,Tarauacá,Acre,2022,45623,Tarauacá,74.0
9242,1200708,Xapuri,Acre,2022,18882,Xapuri,0.0
9243,1200807,Porto Acre,Acre,2022,17321,Porto Acre,11.0
9244,1300029,Alvarães,Amazonas,2022,16414,Alvarães,1157.0
9245,1300060,Amaturá,Amazonas,2022,11236,Amaturá,2.0
9246,1300086,Anamã,Amazonas,2022,10380,Anamã,0.0
9247,1300102,Anori,Amazonas,2022,17898,Anori,0.0
9248,1300144,Apuí,Amazonas,2022,21380,Apuí,587.0
9249,1300201,Atalaia do Norte,Amazonas,2022,15975,Atalaia do Norte,3006.0
9250,1300300,Autazes,Amazonas,2022,43536,Autazes,16.0
9251,1300409,Barcelos,Amazonas,2022,19524,Barcelos,6663.0
9252,1300508,Barreirinha,Amazonas,2022,32880,Barreirinha,1.0
9253,1300607,Benjamin Constant,Amazonas,2022,39862,Benjamin Constant,58.0
9254,1300631,Beruri,Amazonas,2022,21233,Beruri,13.0
9255,1300680,Boa Vista do Ramos,Amazonas,2022,24081,Boa Vista do Ramos,0.0
9256,1300706,Boca do Acre,Amazonas,2022,37407,Boca do Acre,320.0
9257,1300805,Borba,Amazonas,2022,35318,Borba,52.0
9258,1300839,Caapiranga,Amazonas,2022,13915,Caapiranga,5.0
9259,1300904,Canutama,Amazonas,2022,17430,Canutama,1693.0
9260,1301001,Carauari,Amazonas,2022,30458,Carauari,2152.0
9261,1301100,Careiro,Amazonas,2022,32934,Careiro,30.0
9262,1301159,Careiro da Várzea,Amazonas,2022,20546,Careiro da Várzea,3.0
9263,1301209,Coari,Amazonas,2022,75122,Coari,1751.0
9264,1301308,Codajás,Amazonas,2022,24527,Codajás,0.0
9265,1301407,Eirunepé,Amazonas,2022,35269,Eirunepé,2677.0
9266,1301506,Envira,Amazonas,2022,17875,Envira,328.0
9267,1301605,Fonte Boa,Amazonas,2022,27363,Fonte Boa,29.0
9268,1301654,Guajará,Amazonas,2022,14436,Guajará,1846.0
9269,1301704,Humaitá,Amazonas,2022,59880,Humaitá,1159.0
9270,1301803,Ipixuna,Amazonas,2022,25128,Ipixuna,1067.0
9271,1301852,Iranduba,Amazonas,2022,63420,Iranduba,628.0
9272,1301902,Itacoatiara,Amazonas,2022,109714,Itacoatiara,6.0
9273,1301951,Itamarati,Amazonas,2022,11256,Itamarati,1018.0
9274,1302009,Itapiranga,Amazonas,2022,10502,Itapiranga,94.0
9275,1302108,Japurá,Amazonas,2022,9159,Japurá,570.0
9276,1302207,Juruá,Amazonas,2022,11220,Juruá,127.0
9277,1302306,Jutaí,Amazonas,2022,26328,Jutaí,1674.0
9278,1302405,Lábrea,Amazonas,2022,47509,Lábrea,2988.0
9279,1302504,Manacapuru,Amazonas,2022,107712,Manacapuru,19.0
9280,1302553,Manaquiri,Amazonas,2022,17881,Manaquiri,2.0
9281,1302603,Manaus,Amazonas,2022,2230371,Manaus,2846.0
9282,1302702,Manicoré,Amazonas,2022,56481,Manicoré,726.0
9283,1302801,Maraã,Amazonas,2022,16166,Maraã,35.0
9284,1302900,Maués,Amazonas,2022,64306,Maués,1557.0
9285,1303007,Nhamundá,Amazonas,2022,20863,Nhamundá,294.0
9286,1303106,Nova Olinda do Norte,Amazonas,2022,28955,Nova Olinda do Norte,9.0
9287,1303205,Novo Airão,Amazonas,2022,16389,Novo Airão,5.0
9288,1303304,Novo Aripuanã,Amazonas,2022,24636,Novo Aripuanã,249.0
9289,1303403,Parintins,Amazonas,2022,103106,Parintins,1.0
9290,1303502,Pauini,Amazonas,2022,20111,Pauini,690.0
9291,1303536,Presidente Figueiredo,Amazonas,2022,32467,Presidente Figueiredo,28.0
9292,1303569,Rio Preto da Eva,Amazonas,2022,26021,Rio Preto da Eva,93.0
9293,1303601,Santa Isabel do Rio Negro,Amazonas,2022,14797,Santa Isabel do Rio Negro,2761.0
9294,1303700,Santo Antônio do Içá,Amazonas,2022,29817,Santo Antônio do Içá,1682.0
9295,1303809,São Gabriel da Cachoeira,Amazonas,2022,53677,São Gabriel da Cachoeira,9092.0
9296,1303908,São Paulo de Olivença,Amazonas,2022,35035,São Paulo de Olivença,615.0
9297,1303957,São Sebastião do Uatumã,Amazonas,2022,12125,São Sebastião do Uatumã,19.0
9298,1304005,Silves,Amazonas,2022,11883,Silves,1.0
9299,1304062,Tabatinga,Amazonas,2022,69725,Tabatinga,175.0
9300,1304104,Tapauá,Amazonas,2022,20307,Tapauá,1349.0
9301,1304203,Tefé,Amazonas,2022,77193,Tefé,1478.0
9302,1304237,Tonantins,Amazonas,2022,19921,Tonantins,16.0
9303,1304260,Uarini,Amazonas,2022,14902,Uarini,211.0
9304,1304302,Urucará,Amazonas,2022,19314,Urucará,4.0
9305,1304401,Urucurituba,Amazonas,2022,24515,Urucurituba,1.0
9306,1400027,Amajari,Roraima,2022,14495,Amajari,2147.0
9307,1400050,Alto Alegre,Roraima,2022,21947,Alto Alegre,15443.0
9308,1400100,Boa Vista,Roraima,2022,439967,Boa Vista,542.0
9309,1400159,Bonfim,Roraima,2022,14547,Bonfim,259.0
9310,1400175,Cantá,Roraima,2022,19532,Cantá,697.0
9311,1400209,Caracaraí,Roraima,2022,21882,Caracaraí,1917.0
9312,1400233,Caroebe,Roraima,2022,11144,Caroebe,187.0
9313,1400282,Iracema,Roraima,2022,10472,Iracema,1138.0
9314,1400308,Mucajaí,Roraima,2022,18886,Mucajaí,3122.0
9315,1400407,Normandia,Roraima,2022,14608,Normandia,151.0
9316,1400456,Pacaraima,Roraima,2022,19977,Pacaraima,151.0
9317,1400472,Rorainópolis,Roraima,2022,34728,Rorainópolis,195.0
9318,1400506,São João da Baliza,Roraima,2022,9281,São João da Baliza,58.0
9319,1400605,São Luiz,Roraima,2022,7630,São Luiz,26.0
9320,1400704,Uiramutã,Roraima,2022,14308,Uiramutã,263.0
9321,1500107,Abaetetuba,Pará,2022,167738,Abaetetuba,0.0
9322,1500131,Abel Figueiredo,Pará,2022,6457,Abel Figueiredo,0.0
9323,1500206,Acará,Pará,2022,61918,Acará,1.0
9324,1500305,Afuá,Pará,2022,39810,Afuá,400.0
9325,1500347,Água Azul do Norte,Pará,2022,19147,Água Azul do Norte,2.0
9326,1500404,Alenquer,Pará,2022,71630,Alenquer,85.0
9327,1500503,Almeirim,Pará,2022,36343,Almeirim,579.0
9328,1500602,Altamira,Pará,2022,131908,Altamira,1483.0
9329,1500701,Anajás,Pará,2022,29384,Anajás,5122.0
9330,1500800,Ananindeua,Pará,2022,507662,Ananindeua,2.0
9331,1500859,Anapu,Pará,2022,32578,Anapu,24.0
9332,1500909,Augusto Corrêa,Pará,2022,47042,Augusto Corrêa,0.0
9333,1500958,Aurora do Pará,Pará,2022,24918,Aurora do Pará,2.0
9334,1501006,Aveiro,Pará,2022,18824,Aveiro,1.0
9335,1501105,Bagre,Pará,2022,33131,Bagre,151.0
9336,1501204,Baião,Pará,2022,53332,Baião,0.0
9337,1501253,Bannach,Pará,2022,4180,Bannach,7.0
9338,1501303,Barcarena,Pará,2022,132383,Barcarena,1.0
9339,1501402,Belém,Pará,2022,1413361,Belém,81.0
9340,1501451,Belterra,Pará,2022,18705,Belterra,4.0
9341,1501501,Benevides,Pará,2022,66142,Benevides,0.0
9342,1501576,Bom Jesus do Tocantins,Pará,2022,18658,Bom Jesus do Tocantins,3.0
9343,1501600,Bonito,Pará,2022,13207,Bonito,0.0
9344,1501709,Bragança,Pará,2022,130205,Bragança,0.0
9345,1501725,Brasil Novo,Pará,2022,24841,Brasil Novo,0.0
9346,1501758,Brejo Grande do Araguaia,Pará,2022,7145,Brejo Grande do Araguaia,0.0
9347,1501782,Breu Branco,Pará,2022,48946,Breu Branco,0.0
9348,1501808,Breves,Pará,2022,112393,Breves,1017.0
9349,1501907,Bujaru,Pará,2022,25405,Bujaru,0.0
9350,1501956,Cachoeira do Piriá,Pará,2022,20686,Cachoeira do Piriá,3.0
9351,1502004,Cachoeira do Arari,Pará,2022,24656,Cachoeira do Arari,0.0
9352,1502103,Cametá,Pará,2022,141628,Cametá,3.0
9353,1502152,Canaã dos Carajás,Pará,2022,75179,Canaã dos Carajás,1.0
9354,1502202,Capanema,Pará,2022,73743,Capanema,0.0
9355,1502301,Capitão Poço,Pará,2022,59235,Capitão Poço,0.0
9356,1502400,Castanhal,Pará,2022,204195,Castanhal,0.0
9357,1502509,Chaves,Pará,2022,21531,Chaves,172.0
9358,1502608,Colares,Pará,2022,13348,Colares,1.0
9359,1502707,Conceição do Araguaia,Pará,2022,47486,Conceição do Araguaia,1.0
9360,1502756,Concórdia do Pará,Pará,2022,28560,Concórdia do Pará,0.0
9361,1502764,Cumaru do Norte,Pará,2022,14281,Cumaru do Norte,367.0
9362,1502772,Curionópolis,Pará,2022,20723,Curionópolis,1.0
9363,1502806,Curralinho,Pará,2022,35504,Curralinho,88.0
9364,1502855,Curuá,Pará,2022,14547,Curuá,0.0
9365,1502905,Curuçá,Pará,2022,43371,Curuçá,0.0
9366,1502939,dom Eliseu,Pará,2022,61308,Dom Eliseu,0.0
9367,1502954,Eldorado do Carajás,Pará,2022,30306,Eldorado do Carajás,1.0
9368,1503002,Faro,Pará,2022,9038,Faro,121.0
9369,1503044,Floresta do Araguaia,Pará,2022,18685,Floresta do Araguaia,0.0
9370,1503077,Garrafão do Norte,Pará,2022,25743,Garrafão do Norte,0.0
9371,1503093,Goianésia do Pará,Pará,2022,28495,Goianésia do Pará,2.0
9372,1503101,Gurupá,Pará,2022,33470,Gurupá,0.0
9373,1503200,Igarapé-Açu,Pará,2022,37907,Igarapé-Açu,0.0
9374,1503309,Igarapé-Miri,Pará,2022,67990,Igarapé-Miri,0.0
9375,1503408,Inhangapi,Pará,2022,10725,Inhangapi,0.0
9376,1503457,Ipixuna do Pará,Pará,2022,32047,Ipixuna do Pará,2.0
9377,1503507,Irituia,Pará,2022,32847,Irituia,0.0
9378,1503606,Itaituba,Pará,2022,128565,Itaituba,4297.0
9379,1503705,Itupiranga,Pará,2022,53002,Itupiranga,1.0
9380,1503754,Jacareacanga,Pará,2022,23687,Jacareacanga,8444.0
9381,1503804,Jacundá,Pará,2022,40674,Jacundá,1.0
9382,1503903,Juruti,Pará,2022,53454,Juruti,0.0
9383,1504000,Limoeiro do Ajuru,Pará,2022,30937,Limoeiro do Ajuru,0.0
9384,1504059,Mãe do Rio,Pará,2022,35925,Mãe do Rio,1.0
9385,1504109,Magalhães Barata,Pará,2022,8449,Magalhães Barata,0.0
9386,1504208,Marabá,Pará,2022,284428,Marabá,5.0
9387,1504307,Maracanã,Pará,2022,27647,Maracanã,0.0
9388,1504406,Marapanim,Pará,2022,28112,Marapanim,0.0
9389,1504422,Marituba,Pará,2022,118601,Marituba,0.0
9390,1504455,Medicilândia,Pará,2022,28740,Medicilândia,4.0
9391,1504505,Melgaço,Pará,2022,29314,Melgaço,2.0
9392,1504604,Mocajuba,Pará,2022,28786,Mocajuba,0.0
9393,1504703,Moju,Pará,2022,88216,Moju,3.0
9394,1504752,Mojuí dos Campos,Pará,2022,23666,Mojuí dos Campos,3.0
9395,1504802,Monte Alegre,Pará,2022,62957,Monte Alegre,0.0
9396,1504901,Muaná,Pará,2022,46929,Muaná,6.0
9397,1504950,Nova Esperança do Piriá,Pará,2022,21303,Nova Esperança do Piriá,1.0
9398,1504976,Nova Ipixuna,Pará,2022,14678,Nova Ipixuna,0.0
9399,1505007,Nova Timboteua,Pará,2022,13392,Nova Timboteua,0.0
9400,1505031,Novo Progresso,Pará,2022,34760,Novo Progresso,95.0
9401,1505064,Novo Repartimento,Pará,2022,64604,Novo Repartimento,7.0
9402,1505106,Óbidos,Pará,2022,54935,Óbidos,35.0
9403,1505205,Oeiras do Pará,Pará,2022,35479,Oeiras do Pará,3.0
9404,1505304,Oriximiná,Pará,2022,71692,Oriximiná,492.0
9405,1505403,Ourém,Pará,2022,18491,Ourém,0.0
9406,1505437,Ourilândia do Norte,Pará,2022,34153,Ourilândia do Norte,29.0
9407,1505486,Pacajá,Pará,2022,43728,Pacajá,29.0
9408,1505494,Palestina do Pará,Pará,2022,7247,Palestina do Pará,0.0
9409,1505502,Paragominas,Pará,2022,111747,Paragominas,2.0
9410,1505536,Parauapebas,Pará,2022,274632,Parauapebas,7.0
9411,1505601,Peixe-Boi,Pará,2022,8623,Peixe-Boi,0.0
9412,1505635,Piçarra,Pará,2022,13425,Piçarra,0.0
9413,1505650,Placas,Pará,2022,19527,Placas,0.0
9414,1505700,Ponta de Pedras,Pará,2022,26037,Ponta de Pedras,23.0
9415,1505809,Portel,Pará,2022,65072,Portel,247.0
9416,1505908,Porto de Moz,Pará,2022,42609,Porto de Moz,1.0
9417,1506005,Prainha,Pará,2022,37151,Prainha,65.0
9418,1506104,Primavera,Pará,2022,11256,Primavera,0.0
9419,1506112,Quatipuru,Pará,2022,12042,Quatipuru,0.0
9420,1506138,Redenção,Pará,2022,90397,Redenção,13.0
9421,1506161,Rio Maria,Pará,2022,19146,Rio Maria,1.0
9422,1506187,Rondon do Pará,Pará,2022,56063,Rondon do Pará,0.0
9423,1506195,Rurópolis,Pará,2022,38272,Rurópolis,4.0
9424,1506203,Salinópolis,Pará,2022,46854,Salinópolis,0.0
9425,1506302,Salvaterra,Pará,2022,24770,Salvaterra,0.0
9426,1506351,Santa Bárbara do Pará,Pará,2022,21718,Santa Bárbara do Pará,0.0
9427,1506401,Santa Cruz do Arari,Pará,2022,7770,Santa Cruz do Arari,4.0
9428,1506500,Santa Izabel do Pará,Pará,2022,76158,Santa Izabel do Pará,0.0
9429,1506559,Santa Luzia do Pará,Pará,2022,21161,Santa Luzia do Pará,0.0
9430,1506583,Santa Maria das Barreiras,Pará,2022,17296,Santa Maria das Barreiras,1.0
9431,1506609,Santa Maria do Pará,Pará,2022,25472,Santa Maria do Pará,0.0
9432,1506708,Santana do Araguaia,Pará,2022,34681,Santana do Araguaia,0.0
9433,1506807,Santarém,Pará,2022,348054,Santarém,49.0
9434,1506906,Santarém Novo,Pará,2022,6355,Santarém Novo,0.0
9435,1507003,Santo Antônio do Tauá,Pará,2022,29057,Santo Antônio do Tauá,0.0
9436,1507102,São Caetano de Odivelas,Pará,2022,17339,São Caetano de Odivelas,0.0
9437,1507151,São domingos do Araguaia,Pará,2022,22216,São Domingos do Araguaia,0.0
9438,1507201,São domingos do Capim,Pará,2022,32512,São Domingos do Capim,0.0
9439,1507300,São Félix do Xingu,Pará,2022,70344,São Félix do Xingu,92.0
9440,1507409,São Francisco do Pará,Pará,2022,15500,São Francisco do Pará,0.0
9441,1507458,São Geraldo do Araguaia,Pará,2022,25463,São Geraldo do Araguaia,1.0
9442,1507466,São João da Ponta,Pará,2022,4635,São João da Ponta,0.0
9443,1507474,São João de Pirabas,Pará,2022,21517,São João de Pirabas,0.0
9444,1507508,São João do Araguaia,Pará,2022,14305,São João do Araguaia,0.0
9445,1507607,São Miguel do Guamá,Pará,2022,55706,São Miguel do Guamá,0.0
9446,1507706,São Sebastião da Boa Vista,Pará,2022,26924,São Sebastião da Boa Vista,12.0
9447,1507755,Sapucaia,Pará,2022,6046,Sapucaia,0.0
9448,1507805,Senador José Porfírio,Pará,2022,22498,Senador José Porfírio,13.0
9449,1507904,Soure,Pará,2022,25092,Soure,0.0
9450,1507953,Tailândia,Pará,2022,76588,Tailândia,1.0
9451,1507961,Terra Alta,Pará,2022,10820,Terra Alta,0.0
9452,1507979,Terra Santa,Pará,2022,19374,Terra Santa,0.0
9453,1508001,Tomé-Açu,Pará,2022,70351,Tomé-Açu,0.0
9454,1508035,Tracuateua,Pará,2022,30288,Tracuateua,0.0
9455,1508050,Trairão,Pará,2022,15896,Trairão,31.0
9456,1508084,Tucumã,Pará,2022,41528,Tucumã,2.0
9457,1508100,Tucuruí,Pará,2022,98179,Tucuruí,1.0
9458,1508126,Ulianópolis,Pará,2022,40558,Ulianópolis,0.0
9459,1508159,Uruará,Pará,2022,46317,Uruará,1.0
9460,1508209,Vigia,Pará,2022,53402,Vigia,0.0
9461,1508308,Viseu,Pará,2022,61983,Viseu,0.0
9462,1508357,Vitória do Xingu,Pará,2022,16108,Vitória do Xingu,3.0
9463,1508407,Xinguara,Pará,2022,54848,Xinguara,3.0
9464,1600055,Serra do Navio,Amapá,2022,4943,Serra do Navio,112.0
9465,1600105,Amapá,Amapá,2022,8496,Amapá,8.0
9466,1600154,Pedra Branca do Amapari,Amapá,2022,13449,Pedra Branca do Amapari,406.0
9467,1600204,Calçoene,Amapá,2022,11173,Calçoene,907.0
9468,1600212,Cutias,Amapá,2022,4788,Cutias,0.0
9469,1600238,Ferreira Gomes,Amapá,2022,7064,Ferreira Gomes,38.0
9470,1600253,Itaubal,Amapá,2022,5861,Itaubal,0.0
9471,1600279,Laranjal do Jari,Amapá,2022,38963,Laranjal do Jari,22.0
9472,1600303,Macapá,Amapá,2022,481657,Macapá,197.0
9473,1600402,Mazagão,Amapá,2022,22876,Mazagão,150.0
9474,1600501,Oiapoque,Amapá,2022,29272,Oiapoque,454.0
9475,1600535,Porto Grande,Amapá,2022,18968,Porto Grande,451.0
9476,1600550,Pracuúba,Amapá,2022,4082,Pracuúba,0.0
9477,1600600,Santana,Amapá,2022,117877,Santana,23.0
9478,1600709,Tartarugalzinho,Amapá,2022,13836,Tartarugalzinho,24.0
9479,1600808,Vitória do Jari,Amapá,2022,12152,Vitória do Jari,10.0
9480,1700251,Abreulândia,Tocantins,2022,2648,Abreulândia,0.0
9481,1700400,Almas,Tocantins,2022,6686,Almas,0.0
9482,1701002,Ananás,Tocantins,2022,10633,Ananás,0.0
9483,1701903,Araguacema,Tocantins,2022,6097,Araguacema,0.0
9484,1702109,Araguaína,Tocantins,2022,178123,Araguaína,0.0
9485,1702208,Araguatins,Tocantins,2022,33247,Araguatins,0.0
9486,1702554,Augustinópolis,Tocantins,2022,17923,Augustinópolis,0.0
9487,1702703,Aurora do Tocantins,Tocantins,2022,3457,Aurora do Tocantins,0.0
9488,1702901,Axixá do Tocantins,Tocantins,2022,10504,Axixá do Tocantins,0.0
9489,1703008,Babaçulândia,Tocantins,2022,8111,Babaçulândia,0.0
9490,1703800,Buriti do Tocantins,Tocantins,2022,10618,Buriti do Tocantins,0.0
9491,1703891,Carrasco Bonito,Tocantins,2022,3407,Carrasco Bonito,0.0
9492,1703909,Caseara,Tocantins,2022,4964,Caseara,0.0
9493,1705607,Conceição do Tocantins,Tocantins,2022,3990,Conceição do Tocantins,0.0
9494,1707405,Esperantina,Tocantins,2022,7776,Esperantina,0.0
9495,1710508,Itacajá,Tocantins,2022,7035,Itacajá,0.0
9496,1710706,Itaguatins,Tocantins,2022,5340,Itaguatins,0.0
9497,1711803,Juarina,Tocantins,2022,2302,Juarina,0.0
9498,1712504,Marianópolis do Tocantins,Tocantins,2022,4730,Marianópolis do Tocantins,0.0
9499,1712801,Maurilândia do Tocantins,Tocantins,2022,3186,Maurilândia do Tocantins,0.0
9500,1713304,Miranorte,Tocantins,2022,13081,Miranorte,0.0
9501,1714203,Natividade,Tocantins,2022,9003,Natividade,0.0
9502,1718204,Porto Nacional,Tocantins,2022,65884,Porto Nacional,0.0
9503,1718303,Praia Norte,Tocantins,2022,9297,Praia Norte,0.0
9504,1718550,Riachinho,Tocantins,2022,4088,Riachinho,0.0
9505,1718808,Sampaio,Tocantins,2022,4338,Sampaio,0.0
9506,1718840,Sandolândia,Tocantins,2022,3839,Sandolândia,0.0
9507,1718865,Santa Fé do Araguaia,Tocantins,2022,7414,Santa Fé do Araguaia,0.0
9508,1719004,Santa Tereza do Tocantins,Tocantins,2022,2831,Santa Tereza do Tocantins,0.0
9509,1720101,São Bento do Tocantins,Tocantins,2022,5817,São Bento do Tocantins,0.0
9510,1720150,São Félix do Tocantins,Tocantins,2022,1829,São Félix do Tocantins,0.0
9511,1720309,São Sebastião do Tocantins,Tocantins,2022,4239,São Sebastião do Tocantins,0.0
9512,1720804,Sítio Novo do Tocantins,Tocantins,2022,11114,Sítio Novo do Tocantins,0.0
9513,1720903,Taguatinga,Tocantins,2022,14448,Taguatinga,0.0
9514,1720937,Taipas do Tocantins,Tocantins,2022,2084,Taipas do Tocantins,0.0
9515,1721000,Palmas,Tocantins,2022,311698,Palmas,0.0
9516,1721208,Tocantinópolis,Tocantins,2022,23280,Tocantinópolis,0.0
9517,1722107,Xambioá,Tocantins,2022,10842,Xambioá,0.0
9518,2100055,Açailândia,Maranhão,2022,110516,Açailândia,0.0
9519,2100154,Água doce do Maranhão,Maranhão,2022,12409,Água Doce do Maranhão,0.0
9520,2100204,Alcântara,Maranhão,2022,19358,Alcântara,0.0
9521,2100303,Aldeias Altas,Maranhão,2022,23962,Aldeias Altas,0.0
9522,2100402,Altamira do Maranhão,Maranhão,2022,6733,Altamira do Maranhão,0.0
9523,2100436,Alto Alegre do Maranhão,Maranhão,2022,24875,Alto Alegre do Maranhão,0.0
9524,2100477,Alto Alegre do Pindaré,Maranhão,2022,27374,Alto Alegre do Pindaré,0.0
9525,2100550,Amapá do Maranhão,Maranhão,2022,7284,Amapá do Maranhão,7.0
9526,2100600,Amarante do Maranhão,Maranhão,2022,38622,Amarante do Maranhão,0.0
9527,2100808,Anapurus,Maranhão,2022,14199,Anapurus,0.0
9528,2100832,Apicum-Açu,Maranhão,2022,17668,Apicum-Açu,0.0
9529,2100873,Araguanã,Maranhão,2022,11814,Araguanã,0.0
9530,2100956,Arame,Maranhão,2022,27122,Arame,0.0
9531,2101004,Arari,Maranhão,2022,30451,Arari,1.0
9532,2101103,Axixá,Maranhão,2022,12100,Axixá,0.0
9533,2101202,Bacabal,Maranhão,2022,107197,Bacabal,1.0
9534,2101251,Bacabeira,Maranhão,2022,17134,Bacabeira,0.0
9535,2101301,Bacuri,Maranhão,2022,16848,Bacuri,0.0
9536,2101400,Balsas,Maranhão,2022,103023,Balsas,0.0
9537,2101608,Barra do Corda,Maranhão,2022,87614,Barra do Corda,0.0
9538,2101707,Barreirinhas,Maranhão,2022,66429,Barreirinhas,0.0
9539,2101731,Belágua,Maranhão,2022,8451,Belágua,0.0
9540,2101772,Bela Vista do Maranhão,Maranhão,2022,11912,Bela Vista do Maranhão,0.0
9541,2101806,Benedito Leite,Maranhão,2022,5619,Benedito Leite,0.0
9542,2101905,Bequimão,Maranhão,2022,20261,Bequimão,0.0
9543,2101939,Bernardo do Mearim,Maranhão,2022,5985,Bernardo do Mearim,0.0
9544,2101970,Boa Vista do Gurupi,Maranhão,2022,7769,Boa Vista do Gurupi,6.0
9545,2102002,Bom Jardim,Maranhão,2022,35133,Bom Jardim,0.0
9546,2102036,Bom Jesus das Selvas,Maranhão,2022,29713,Bom Jesus das Selvas,0.0
9547,2102101,Brejo,Maranhão,2022,35369,Brejo,0.0
9548,2102150,Brejo de Areia,Maranhão,2022,9636,Brejo de Areia,0.0
9549,2102200,Buriti,Maranhão,2022,30441,Buriti,0.0
9550,2102309,Buriti Bravo,Maranhão,2022,23158,Buriti Bravo,0.0
9551,2102325,Buriticupu,Maranhão,2022,58770,Buriticupu,0.0
9552,2102358,Buritirana,Maranhão,2022,13512,Buritirana,0.0
9553,2102374,Cachoeira Grande,Maranhão,2022,9849,Cachoeira Grande,0.0
9554,2102408,Cajapió,Maranhão,2022,10492,Cajapió,0.0
9555,2102507,Cajari,Maranhão,2022,17095,Cajari,0.0
9556,2102556,Campestre do Maranhão,Maranhão,2022,12757,Campestre do Maranhão,0.0
9557,2102606,Cândido Mendes,Maranhão,2022,20340,Cândido Mendes,26.0
9558,2102705,Cantanhede,Maranhão,2022,24412,Cantanhede,0.0
9559,2102754,Capinzal do Norte,Maranhão,2022,11615,Capinzal do Norte,0.0
9560,2102903,Carutapera,Maranhão,2022,24613,Carutapera,0.0
9561,2103000,Caxias,Maranhão,2022,163569,Caxias,0.0
9562,2103109,Cedral,Maranhão,2022,10514,Cedral,0.0
9563,2103125,Central do Maranhão,Maranhão,2022,7380,Central do Maranhão,0.0
9564,2103158,Centro do Guilherme,Maranhão,2022,12538,Centro do Guilherme,6.0
9565,2103174,Centro Novo do Maranhão,Maranhão,2022,17013,Centro Novo do Maranhão,1.0
9566,2103208,Chapadinha,Maranhão,2022,83201,Chapadinha,0.0
9567,2103257,Cidelândia,Maranhão,2022,13354,Cidelândia,1.0
9568,2103307,Codó,Maranhão,2022,119331,Codó,0.0
9569,2103505,Colinas,Maranhão,2022,41693,Colinas,0.0
9570,2103554,Conceição do Lago-Açu,Maranhão,2022,15292,Conceição do Lago-Açu,2.0
9571,2103604,Coroatá,Maranhão,2022,61936,Coroatá,0.0
9572,2103703,Cururupu,Maranhão,2022,32886,Cururupu,0.0
9573,2103752,davinópolis,Maranhão,2022,14533,Davinópolis,0.0
9574,2103802,dom Pedro,Maranhão,2022,23641,Dom Pedro,0.0
9575,2103901,Duque Bacelar,Maranhão,2022,10566,Duque Bacelar,0.0
9576,2104008,Esperantinópolis,Maranhão,2022,18790,Esperantinópolis,0.0
9577,2104057,Estreito,Maranhão,2022,34844,Estreito,0.0
9578,2104099,Formosa da Serra Negra,Maranhão,2022,18176,Formosa da Serra Negra,0.0
9579,2104206,Fortuna,Maranhão,2022,17467,Fortuna,0.0
9580,2104305,Godofredo Viana,Maranhão,2022,10455,Godofredo Viana,2.0
9581,2104404,Gonçalves Dias,Maranhão,2022,17701,Gonçalves Dias,1.0
9582,2104503,Governador Archer,Maranhão,2022,10501,Governador Archer,0.0
9583,2104552,Governador Edison Lobão,Maranhão,2022,18584,Governador Edison Lobão,0.0
9584,2104602,Governador Eugênio Barros,Maranhão,2022,14333,Governador Eugênio Barros,0.0
9585,2104628,Governador Luiz Rocha,Maranhão,2022,7298,Governador Luiz Rocha,0.0
9586,2104651,Governador Newton Bello,Maranhão,2022,10990,Governador Newton Bello,0.0
9587,2104677,Governador Nunes Freire,Maranhão,2022,24090,Governador Nunes Freire,0.0
9588,2104701,Graça Aranha,Maranhão,2022,6206,Graça Aranha,0.0
9589,2104800,Grajaú,Maranhão,2022,74772,Grajaú,0.0
9590,2104909,Guimarães,Maranhão,2022,10767,Guimarães,0.0
9591,2105005,Humberto de Campos,Maranhão,2022,26778,Humberto de Campos,0.0
9592,2105104,Icatu,Maranhão,2022,25536,Icatu,0.0
9593,2105153,Igarapé do Meio,Maranhão,2022,14216,Igarapé do Meio,0.0
9594,2105203,Igarapé Grande,Maranhão,2022,10560,Igarapé Grande,0.0
9595,2105302,Imperatriz,Maranhão,2022,281061,Imperatriz,0.0
9596,2105351,Itaipava do Grajaú,Maranhão,2022,14264,Itaipava do Grajaú,0.0
9597,2105401,Itapecuru Mirim,Maranhão,2022,62782,Itapecuru Mirim,0.0
9598,2105427,Itinga do Maranhão,Maranhão,2022,23381,Itinga do Maranhão,0.0
9599,2105450,Jatobá,Maranhão,2022,7757,Jatobá,0.0
9600,2105476,Jenipapo dos Vieiras,Maranhão,2022,17337,Jenipapo dos Vieiras,0.0
9601,2105500,João Lisboa,Maranhão,2022,25283,João Lisboa,0.0
9602,2105609,Joselândia,Maranhão,2022,15408,Joselândia,0.0
9603,2105658,Junco do Maranhão,Maranhão,2022,5274,Junco do Maranhão,1.0
9604,2105708,Lago da Pedra,Maranhão,2022,46296,Lago da Pedra,1.0
9605,2105906,Lago Verde,Maranhão,2022,15272,Lago Verde,0.0
9606,2105948,Lago dos Rodrigues,Maranhão,2022,9028,Lago dos Rodrigues,0.0
9607,2105963,Lagoa Grande do Maranhão,Maranhão,2022,11617,Lagoa Grande do Maranhão,1.0
9608,2105989,Lajeado Novo,Maranhão,2022,7239,Lajeado Novo,0.0
9609,2106003,Lima Campos,Maranhão,2022,11638,Lima Campos,0.0
9610,2106201,Luís domingues,Maranhão,2022,7277,Luís Domingues,0.0
9611,2106326,Maracaçumé,Maranhão,2022,21444,Maracaçumé,1.0
9612,2106359,Marajá do Sena,Maranhão,2022,7313,Marajá do Sena,0.0
9613,2106375,Maranhãozinho,Maranhão,2022,14115,Maranhãozinho,2.0
9614,2106409,Mata Roma,Maranhão,2022,17306,Mata Roma,0.0
9615,2106508,Matinha,Maranhão,2022,22647,Matinha,0.0
9616,2106607,Matões,Maranhão,2022,33376,Matões,0.0
9617,2106631,Matões do Norte,Maranhão,2022,17420,Matões do Norte,0.0
9618,2106672,Milagres do Maranhão,Maranhão,2022,8998,Milagres do Maranhão,0.0
9619,2106755,Miranda do Norte,Maranhão,2022,24640,Miranda do Norte,0.0
9620,2106805,Mirinzal,Maranhão,2022,14384,Mirinzal,0.0
9621,2106904,Monção,Maranhão,2022,29221,Monção,1.0
9622,2107001,Montes Altos,Maranhão,2022,9402,Montes Altos,0.0
9623,2107100,Morros,Maranhão,2022,18976,Morros,0.0
9624,2107357,Nova Olinda do Maranhão,Maranhão,2022,15205,Nova Olinda do Maranhão,0.0
9625,2107407,Olho D'água das Cunhãs,Maranhão,2022,18495,Olho d'Água das Cunhãs,0.0
9626,2107456,Olinda Nova do Maranhão,Maranhão,2022,13916,Olinda Nova do Maranhão,0.0
9627,2107506,Paço do Lumiar,Maranhão,2022,145369,Paço do Lumiar,0.0
9628,2107605,Palmeirândia,Maranhão,2022,21333,Palmeirândia,0.0
9629,2107704,Paraibano,Maranhão,2022,18948,Paraibano,0.0
9630,2107803,Parnarama,Maranhão,2022,32683,Parnarama,0.0
9631,2108009,Pastos Bons,Maranhão,2022,19224,Pastos Bons,0.0
9632,2108108,Paulo Ramos,Maranhão,2022,20921,Paulo Ramos,0.0
9633,2108207,Pedreiras,Maranhão,2022,38746,Pedreiras,1.0
9634,2108256,Pedro do Rosário,Maranhão,2022,24774,Pedro do Rosário,8.0
9635,2108306,Penalva,Maranhão,2022,34079,Penalva,0.0
9636,2108405,Peri Mirim,Maranhão,2022,11731,Peri Mirim,0.0
9637,2108454,Peritoró,Maranhão,2022,21123,Peritoró,0.0
9638,2108504,Pindaré-Mirim,Maranhão,2022,32619,Pindaré-Mirim,0.0
9639,2108603,Pinheiro,Maranhão,2022,86960,Pinheiro,0.0
9640,2108702,Pio Xii,Maranhão,2022,22536,Pio XII,0.0
9641,2108801,Pirapemas,Maranhão,2022,18172,Pirapemas,0.0
9642,2108900,Poção de Pedras,Maranhão,2022,17983,Poção de Pedras,0.0
9643,2109007,Porto Franco,Maranhão,2022,24207,Porto Franco,0.0
9644,2109056,Porto Rico do Maranhão,Maranhão,2022,6142,Porto Rico do Maranhão,0.0
9645,2109106,Presidente Dutra,Maranhão,2022,46580,Presidente Dutra,0.0
9646,2109205,Presidente Juscelino,Maranhão,2022,11678,Presidente Juscelino,0.0
9647,2109239,Presidente Médici,Maranhão,2022,4986,Presidente Médici,0.0
9648,2109270,Presidente Sarney,Maranhão,2022,17955,Presidente Sarney,0.0
9649,2109304,Presidente Vargas,Maranhão,2022,10857,Presidente Vargas,0.0
9650,2109403,Primeira Cruz,Maranhão,2022,14058,Primeira Cruz,0.0
9651,2109452,Raposa,Maranhão,2022,31312,Raposa,0.0
9652,2109551,Ribamar Fiquene,Maranhão,2022,7633,Ribamar Fiquene,0.0
9653,2109601,Rosário,Maranhão,2022,40088,Rosário,1.0
9654,2109759,Santa Filomena do Maranhão,Maranhão,2022,6917,Santa Filomena do Maranhão,0.0
9655,2109809,Santa Helena,Maranhão,2022,42729,Santa Helena,0.0
9656,2109908,Santa Inês,Maranhão,2022,88114,Santa Inês,0.0
9657,2110005,Santa Luzia,Maranhão,2022,61214,Santa Luzia,3.0
9658,2110039,Santa Luzia do Paruá,Maranhão,2022,24894,Santa Luzia do Paruá,0.0
9659,2110104,Santa Quitéria do Maranhão,Maranhão,2022,24630,Santa Quitéria do Maranhão,0.0
9660,2110203,Santa Rita,Maranhão,2022,37847,Santa Rita,0.0
9661,2110278,Santo Amaro do Maranhão,Maranhão,2022,14314,Santo Amaro do Maranhão,0.0
9662,2110302,Santo Antônio dos Lopes,Maranhão,2022,14686,Santo Antônio dos Lopes,0.0
9663,2110401,São Benedito do Rio Preto,Maranhão,2022,18812,São Benedito do Rio Preto,0.0
9664,2110500,São Bento,Maranhão,2022,47242,São Bento,0.0
9665,2110708,São domingos do Maranhão,Maranhão,2022,35278,São Domingos do Maranhão,0.0
9666,2110807,São Félix de Balsas,Maranhão,2022,4557,São Félix de Balsas,0.0
9667,2110906,São Francisco do Maranhão,Maranhão,2022,12378,São Francisco do Maranhão,0.0
9668,2111003,São João Batista,Maranhão,2022,19229,São João Batista,0.0
9669,2111029,São João do Carú,Maranhão,2022,12987,São João do Carú,0.0
9670,2111052,São João do Paraíso,Maranhão,2022,10282,São João do Paraíso,0.0
9671,2111078,São João do Soter,Maranhão,2022,17431,São João do Soter,0.0
9672,2111102,São João dos Patos,Maranhão,2022,25933,São João dos Patos,0.0
9673,2111201,São José de Ribamar,Maranhão,2022,244359,São José de Ribamar,0.0
9674,2111250,São José dos Basílios,Maranhão,2022,7208,São José dos Basílios,0.0
9675,2111300,São Luís,Maranhão,2022,1086497,São Luís,0.0
9676,2111409,São Luís Gonzaga do Maranhão,Maranhão,2022,18564,São Luís Gonzaga do Maranhão,0.0
9677,2111508,São Mateus do Maranhão,Maranhão,2022,40335,São Mateus do Maranhão,0.0
9678,2111532,São Pedro da Água Branca,Maranhão,2022,14460,São Pedro da Água Branca,0.0
9679,2111607,São Raimundo das Mangabeiras,Maranhão,2022,19034,São Raimundo das Mangabeiras,0.0
9680,2111631,São Raimundo do doca Bezerra,Maranhão,2022,5858,São Raimundo do Doca Bezerra,0.0
9681,2111672,São Roberto,Maranhão,2022,4814,São Roberto,0.0
9682,2111706,São Vicente Ferrer,Maranhão,2022,20170,São Vicente Ferrer,0.0
9683,2111722,Satubinha,Maranhão,2022,9345,Satubinha,0.0
9684,2111748,Senador Alexandre Costa,Maranhão,2022,10477,Senador Alexandre Costa,0.0
9685,2111763,Senador La Rocque,Maranhão,2022,15093,Senador La Rocque,0.0
9686,2111789,Serrano do Maranhão,Maranhão,2022,10405,Serrano do Maranhão,0.0
9687,2111904,Sucupira do Norte,Maranhão,2022,10535,Sucupira do Norte,0.0
9688,2112100,Timbiras,Maranhão,2022,27641,Timbiras,0.0
9689,2112209,Timon,Maranhão,2022,179367,Timon,0.0
9690,2112233,Trizidela do Vale,Maranhão,2022,22867,Trizidela do Vale,0.0
9691,2112274,Tufilândia,Maranhão,2022,5698,Tufilândia,0.0
9692,2112308,Tuntum,Maranhão,2022,37984,Tuntum,0.0
9693,2112407,Turiaçu,Maranhão,2022,38402,Turiaçu,0.0
9694,2112456,Turilândia,Maranhão,2022,31424,Turilândia,0.0
9695,2112506,Tutóia,Maranhão,2022,55087,Tutóia,0.0
9696,2112605,Urbano Santos,Maranhão,2022,33626,Urbano Santos,0.0
9697,2112704,Vargem Grande,Maranhão,2022,45745,Vargem Grande,0.0
9698,2112803,Viana,Maranhão,2022,52911,Viana,0.0
9699,2112852,Vila Nova dos Martírios,Maranhão,2022,10755,Vila Nova dos Martírios,0.0
9700,2112902,Vitória do Mearim,Maranhão,2022,32035,Vitória do Mearim,0.0
9701,2113009,Vitorino Freire,Maranhão,2022,32025,Vitorino Freire,0.0
9702,2114007,Zé doca,Maranhão,2022,43321,Zé Doca,2.0
9703,5100102,Acorizal,Mato Grosso,2022,5066,Acorizal,0.0
9704,5100201,Água Boa,Mato Grosso,2022,29630,Água Boa,1.0
9705,5100250,Alta Floresta,Mato Grosso,2022,59853,Alta Floresta,0.0
9706,5100300,Alto Araguaia,Mato Grosso,2022,17442,Alto Araguaia,0.0
9707,5100359,Alto Boa Vista,Mato Grosso,2022,5791,Alto Boa Vista,1.0
9708,5100607,Alto Taquari,Mato Grosso,2022,11035,Alto Taquari,0.0
9709,5100805,Apiacás,Mato Grosso,2022,8728,Apiacás,2.0
9710,5101001,Araguaiana,Mato Grosso,2022,3864,Araguaiana,0.0
9711,5101258,Araputanga,Mato Grosso,2022,14955,Araputanga,1.0
9712,5101308,Arenápolis,Mato Grosso,2022,10712,Arenápolis,0.0
9713,5101407,Aripuanã,Mato Grosso,2022,24986,Aripuanã,111.0
9714,5101704,Barra do Bugres,Mato Grosso,2022,29951,Barra do Bugres,2.0
9715,5101803,Barra do Garças,Mato Grosso,2022,70400,Barra do Garças,0.0
9716,5101852,Bom Jesus do Araguaia,Mato Grosso,2022,7362,Bom Jesus do Araguaia,0.0
9717,5101902,Brasnorte,Mato Grosso,2022,17182,Brasnorte,1.0
9718,5102504,Cáceres,Mato Grosso,2022,91537,Cáceres,0.0
9719,5102603,Campinápolis,Mato Grosso,2022,15514,Campinápolis,0.0
9720,5102637,Campo Novo do Parecis,Mato Grosso,2022,46154,Campo Novo do Parecis,2.0
9721,5102678,Campo Verde,Mato Grosso,2022,45308,Campo Verde,0.0
9722,5102686,Campos de Júlio,Mato Grosso,2022,8936,Campos de Júlio,3.0
9723,5102694,Canabrava do Norte,Mato Grosso,2022,4512,Canabrava do Norte,0.0
9724,5102702,Canarana,Mato Grosso,2022,26174,Canarana,0.0
9725,5102793,Carlinda,Mato Grosso,2022,10486,Carlinda,0.0
9726,5102850,Castanheira,Mato Grosso,2022,7626,Castanheira,0.0
9727,5103007,Chapada dos Guimarães,Mato Grosso,2022,19333,Chapada dos Guimarães,0.0
9728,5103056,Cláudia,Mato Grosso,2022,9725,Cláudia,0.0
9729,5103106,Cocalinho,Mato Grosso,2022,6315,Cocalinho,0.0
9730,5103205,Colíder,Mato Grosso,2022,32128,Colíder,0.0
9731,5103254,Colniza,Mato Grosso,2022,26403,Colniza,629.0
9732,5103304,Comodoro,Mato Grosso,2022,18460,Comodoro,4.0
9733,5103353,Confresa,Mato Grosso,2022,35504,Confresa,0.0
9734,5103361,Conquista D'oeste,Mato Grosso,2022,3811,Conquista D'Oeste,10.0
9735,5103379,Cotriguaçu,Mato Grosso,2022,10890,Cotriguaçu,0.0
9736,5103403,Cuiabá,Mato Grosso,2022,667985,Cuiabá,3.0
9737,5103502,Diamantino,Mato Grosso,2022,22226,Diamantino,0.0
9738,5103601,dom Aquino,Mato Grosso,2022,7980,Dom Aquino,0.0
9739,5103700,Feliz Natal,Mato Grosso,2022,10691,Feliz Natal,0.0
9740,5103858,Gaúcha do Norte,Mato Grosso,2022,8705,Gaúcha do Norte,0.0
9741,5103908,General Carneiro,Mato Grosso,2022,6123,General Carneiro,0.0
9742,5103957,Glória D'oeste,Mato Grosso,2022,2934,Glória D'Oeste,0.0
9743,5104104,Guarantã do Norte,Mato Grosso,2022,31741,Guarantã do Norte,6.0
9744,5104203,Guiratinga,Mato Grosso,2022,10938,Guiratinga,0.0
9745,5104526,Ipiranga do Norte,Mato Grosso,2022,7878,Ipiranga do Norte,0.0
9746,5104542,Itanhangá,Mato Grosso,2022,7634,Itanhangá,0.0
9747,5104559,Itaúba,Mato Grosso,2022,5100,Itaúba,1.0
9748,5104609,Itiquira,Mato Grosso,2022,12412,Itiquira,0.0
9749,5104807,Jaciara,Mato Grosso,2022,29134,Jaciara,0.0
9750,5105002,Jauru,Mato Grosso,2022,8353,Jauru,0.0
9751,5105101,Juara,Mato Grosso,2022,35766,Juara,1.0
9752,5105150,Juína,Mato Grosso,2022,46921,Juína,3.0
9753,5105176,Juruena,Mato Grosso,2022,10377,Juruena,2.0
9754,5105200,Juscimeira,Mato Grosso,2022,11657,Juscimeira,0.0
9755,5105234,Lambari D'oeste,Mato Grosso,2022,4791,Lambari D'Oeste,0.0
9756,5105259,Lucas do Rio Verde,Mato Grosso,2022,84245,Lucas do Rio Verde,0.0
9757,5105507,Vila Bela da Santíssima Trindade,Mato Grosso,2022,17038,Vila Bela da Santíssima Trindade,279.0
9758,5105580,Marcelândia,Mato Grosso,2022,11588,Marcelândia,0.0
9759,5105606,Matupá,Mato Grosso,2022,20289,Matupá,8.0
9760,5105622,Mirassol D'oeste,Mato Grosso,2022,27316,Mirassol d'Oeste,0.0
9761,5105903,Nobres,Mato Grosso,2022,15682,Nobres,0.0
9762,5106109,Nossa Senhora do Livramento,Mato Grosso,2022,11715,Nossa Senhora do Livramento,0.0
9763,5106158,Nova Bandeirantes,Mato Grosso,2022,13888,Nova Bandeirantes,7.0
9764,5106174,Nova Nazaré,Mato Grosso,2022,4248,Nova Nazaré,0.0
9765,5106182,Nova Lacerda,Mato Grosso,2022,6815,Nova Lacerda,5.0
9766,5106190,Nova Santa Helena,Mato Grosso,2022,4290,Nova Santa Helena,0.0
9767,5106208,Nova Brasilândia,Mato Grosso,2022,3956,Nova Brasilândia,0.0
9768,5106216,Nova Canaã do Norte,Mato Grosso,2022,11883,Nova Canaã do Norte,0.0
9769,5106224,Nova Mutum,Mato Grosso,2022,56016,Nova Mutum,3.0
9770,5106232,Nova Olímpia,Mato Grosso,2022,16538,Nova Olímpia,0.0
9771,5106240,Nova Ubiratã,Mato Grosso,2022,11671,Nova Ubiratã,0.0
9772,5106257,Nova Xavantina,Mato Grosso,2022,24665,Nova Xavantina,1.0
9773,5106265,Novo Mundo,Mato Grosso,2022,6584,Novo Mundo,2.0
9774,5106273,Novo Horizonte do Norte,Mato Grosso,2022,3378,Novo Horizonte do Norte,0.0
9775,5106299,Paranaíta,Mato Grosso,2022,11886,Paranaíta,1.0
9776,5106307,Paranatinga,Mato Grosso,2022,26819,Paranatinga,0.0
9777,5106372,Pedra Preta,Mato Grosso,2022,18331,Pedra Preta,1.0
9778,5106422,Peixoto de Azevedo,Mato Grosso,2022,33496,Peixoto de Azevedo,65.0
9779,5106505,Poconé,Mato Grosso,2022,31485,Poconé,0.0
9780,5106653,Pontal do Araguaia,Mato Grosso,2022,7037,Pontal do Araguaia,0.0
9781,5106752,Pontes E Lacerda,Mato Grosso,2022,52815,Pontes e Lacerda,407.0
9782,5106778,Porto Alegre do Norte,Mato Grosso,2022,12291,Porto Alegre do Norte,0.0
9783,5106802,Porto dos Gaúchos,Mato Grosso,2022,5696,Porto dos Gaúchos,0.0
9784,5106828,Porto Esperidião,Mato Grosso,2022,10291,Porto Esperidião,0.0
9785,5106851,Porto Estrela,Mato Grosso,2022,3252,Porto Estrela,0.0
9786,5107008,Poxoréu,Mato Grosso,2022,23611,Poxoréo,0.0
9787,5107040,Primavera do Leste,Mato Grosso,2022,86185,Primavera do Leste,1.0
9788,5107065,Querência,Mato Grosso,2022,27014,Querência,1.0
9789,5107156,Reserva do Cabaçal,Mato Grosso,2022,2113,Reserva do Cabaçal,0.0
9790,5107180,Ribeirão Cascalheira,Mato Grosso,2022,10228,Ribeirão Cascalheira,0.0
9791,5107198,Ribeirãozinho,Mato Grosso,2022,2643,Ribeirãozinho,0.0
9792,5107206,Rio Branco,Mato Grosso,2022,4543,Rio Branco,0.0
9793,5107248,Santa Carmem,Mato Grosso,2022,5458,Santa Carmem,1.0
9794,5107263,Santo Afonso,Mato Grosso,2022,2509,Santo Afonso,0.0
9795,5107297,São José do Povo,Mato Grosso,2022,2869,São José do Povo,0.0
9796,5107305,São José do Rio Claro,Mato Grosso,2022,14953,São José do Rio Claro,0.0
9797,5107354,São José do Xingu,Mato Grosso,2022,6020,São José do Xingu,1.0
9798,5107578,Rondolândia,Mato Grosso,2022,3550,Rondolândia,32.0
9799,5107602,Rondonópolis,Mato Grosso,2022,250385,Rondonópolis,1.0
9800,5107701,Rosário Oeste,Mato Grosso,2022,15577,Rosário Oeste,0.0
9801,5107743,Santa Cruz do Xingu,Mato Grosso,2022,2680,Santa Cruz do Xingu,0.0
9802,5107750,Salto do Céu,Mato Grosso,2022,3725,Salto do Céu,0.0
9803,5107776,Santa Terezinha,Mato Grosso,2022,7688,Santa Terezinha,0.0
9804,5107792,Santo Antônio do Leste,Mato Grosso,2022,4125,Santo Antônio do Leste,0.0
9805,5107800,Santo Antônio do Leverger,Mato Grosso,2022,16777,Santo Antônio do Leverger,0.0
9806,5107859,São Félix do Araguaia,Mato Grosso,2022,13770,São Félix do Araguaia,0.0
9807,5107875,Sapezal,Mato Grosso,2022,29172,Sapezal,0.0
9808,5107883,Serra Nova dourada,Mato Grosso,2022,1834,Serra Nova Dourada,1.0
9809,5107909,Sinop,Mato Grosso,2022,198321,Sinop,0.0
9810,5107925,Sorriso,Mato Grosso,2022,111501,Sorriso,1.0
9811,5107941,Tabaporã,Mato Grosso,2022,9959,Tabaporã,0.0
9812,5107958,Tangará da Serra,Mato Grosso,2022,108522,Tangará da Serra,0.0
9813,5108006,Tapurah,Mato Grosso,2022,14479,Tapurah,0.0
9814,5108055,Terra Nova do Norte,Mato Grosso,2022,10771,Terra Nova do Norte,7.0
9815,5108105,Tesouro,Mato Grosso,2022,3031,Tesouro,0.0
9816,5108204,Torixoréu,Mato Grosso,2022,4212,Torixoréu,0.0
9817,5108303,União do Sul,Mato Grosso,2022,3895,União do Sul,0.0
9818,5108352,Vale de São domingos,Mato Grosso,2022,2939,Vale de São Domingos,0.0
9819,5108402,Várzea Grande,Mato Grosso,2022,307135,Várzea Grande,0.0
9820,5108600,Vila Rica,Mato Grosso,2022,20058,Vila Rica,0.0
9821,5108808,Nova Guarita,Mato Grosso,2022,4642,Nova Guarita,5.0
9822,5108857,Nova Marilândia,Mato Grosso,2022,3585,Nova Marilândia,0.0
9823,5108907,Nova Maringá,Mato Grosso,2022,5830,Nova Maringá,0.0
9824,5108956,Nova Monte Verde,Mato Grosso,2022,8451,Nova Monte Verde,0.0
9825,1100015,Alta Floresta D'oeste,Rondônia,2023,23081,Alta Floresta D'Oeste,1.0
9826,1100023,Ariquemes,Rondônia,2023,107677,Ariquemes,215.0
9827,1100031,Cabixi,Rondônia,2023,5746,Cabixi,0.0
9828,1100049,Cacoal,Rondônia,2023,96530,Cacoal,4.0
9829,1100056,Cerejeiras,Rondônia,2023,17047,Cerejeiras,0.0
9830,1100064,Colorado do Oeste,Rondônia,2023,16806,Colorado do Oeste,0.0
9831,1100072,Corumbiara,Rondônia,2023,8075,Corumbiara,0.0
9832,1100080,Costa Marques,Rondônia,2023,13608,Costa Marques,75.0
9833,1100098,Espigão D'oeste,Rondônia,2023,32587,Espigão D'Oeste,69.0
9834,1100106,Guajará-Mirim,Rondônia,2023,43685,Guajará-Mirim,897.0
9835,1100114,Jaru,Rondônia,2023,55595,Jaru,3.0
9836,1100122,Ji-Paraná,Rondônia,2023,138274,Ji-Paraná,1.0
9837,1100130,Machadinho D'oeste,Rondônia,2023,34046,Machadinho D'Oeste,346.0
9838,1100148,Nova Brasilândia D'oeste,Rondônia,2023,16811,Nova Brasilândia D'Oeste,0.0
9839,1100155,Ouro Preto do Oeste,Rondônia,2023,38869,Ouro Preto do Oeste,2.0
9840,1100189,Pimenta Bueno,Rondônia,2023,38856,Pimenta Bueno,2.0
9841,1100205,Porto Velho,Rondônia,2023,511343,Porto Velho,7311.0
9842,1100254,Presidente Médici,Rondônia,2023,20761,Presidente Médici,3.0
9843,1100262,Rio Crespo,Rondônia,2023,3722,Rio Crespo,91.0
9844,1100288,Rolim de Moura,Rondônia,2023,61885,Rolim de Moura,2.0
9845,1100296,Santa Luzia D'oeste,Rondônia,2023,7977,Santa Luzia D'Oeste,0.0
9846,1100304,Vilhena,Rondônia,2023,106700,Vilhena,14.0
9847,1100320,São Miguel do Guaporé,Rondônia,2023,22271,São Miguel do Guaporé,2.0
9848,1100338,Nova Mamoré,Rondônia,2023,28166,Nova Mamoré,324.0
9849,1100346,Alvorada D'oeste,Rondônia,2023,14098,Alvorada D'Oeste,4.0
9850,1100379,Alto Alegre dos Parecis,Rondônia,2023,12360,Alto Alegre dos Parecis,0.0
9851,1100403,Alto Paraíso,Rondônia,2023,17518,Alto Paraíso,95.0
9852,1100452,Buritis,Rondônia,2023,31026,Buritis,3.0
9853,1100502,Novo Horizonte do Oeste,Rondônia,2023,8215,Novo Horizonte do Oeste,0.0
9854,1100601,Cacaulândia,Rondônia,2023,4398,Cacaulândia,1.0
9855,1100700,Campo Novo de Rondônia,Rondônia,2023,9436,Campo Novo de Rondônia,1.0
9856,1100809,Candeias do Jamari,Rondônia,2023,23947,Candeias do Jamari,1983.0
9857,1100908,Castanheiras,Rondônia,2023,3447,Castanheiras,0.0
9858,1100924,Chupinguaia,Rondônia,2023,10020,Chupinguaia,0.0
9859,1100940,Cujubim,Rondônia,2023,15926,Cujubim,150.0
9860,1101005,Governador Jorge Teixeira,Rondônia,2023,8556,Governador Jorge Teixeira,0.0
9861,1101104,Itapuã do Oeste,Rondônia,2023,9184,Itapuã do Oeste,151.0
9862,1101203,Ministro Andreazza,Rondônia,2023,6837,Ministro Andreazza,0.0
9863,1101302,Mirante da Serra,Rondônia,2023,9918,Mirante da Serra,1.0
9864,1101401,Monte Negro,Rondônia,2023,12411,Monte Negro,10.0
9865,1101435,Nova União,Rondônia,2023,6656,Nova União,0.0
9866,1101450,Parecis,Rondônia,2023,4405,Parecis,0.0
9867,1101468,Pimenteiras do Oeste,Rondônia,2023,2286,Pimenteiras do Oeste,0.0
9868,1101476,Primavera de Rondônia,Rondônia,2023,3282,Primavera de Rondônia,0.0
9869,1101484,São Felipe D'oeste,Rondônia,2023,5653,São Felipe D'Oeste,0.0
9870,1101492,São Francisco do Guaporé,Rondônia,2023,17465,São Francisco do Guaporé,5.0
9871,1101500,Seringueiras,Rondônia,2023,12983,Seringueiras,0.0
9872,1101559,Teixeirópolis,Rondônia,2023,4569,Teixeirópolis,0.0
9873,1101609,Theobroma,Rondônia,2023,8692,Theobroma,2.0
9874,1101708,Urupá,Rondônia,2023,11533,Urupá,1.0
9875,1101757,Vale do Anari,Rondônia,2023,8358,Vale do Anari,48.0
9876,1101807,Vale do Paraíso,Rondônia,2023,6958,Vale do Paraíso,0.0
9877,1200013,Acrelândia,Acre,2023,14589,Acrelândia,34.0
9878,1200054,Assis Brasil,Acre,2023,8420,Assis Brasil,0.0
9879,1200104,Brasiléia,Acre,2023,27491,Brasiléia,0.0
9880,1200138,Bujari,Acre,2023,13431,Bujari,1.0
9881,1200179,Capixaba,Acre,2023,10834,Capixaba,3.0
9882,1200203,Cruzeiro do Sul,Acre,2023,97662,Cruzeiro do Sul,3158.0
9883,1200252,Epitaciolândia,Acre,2023,19496,Epitaciolândia,0.0
9884,1200302,Feijó,Acre,2023,37572,Feijó,0.0
9885,1200328,Jordão,Acre,2023,9567,Jordão,0.0
9886,1200336,Mâncio Lima,Acre,2023,20076,Mâncio Lima,1297.0
9887,1200344,Manoel Urbano,Acre,2023,12442,Manoel Urbano,0.0
9888,1200351,Marechal Thaumaturgo,Acre,2023,17798,Marechal Thaumaturgo,2.0
9889,1200385,Plácido de Castro,Acre,2023,17230,Plácido de Castro,111.0
9890,1200393,Porto Walter,Acre,2023,11171,Porto Walter,32.0
9891,1200401,Rio Branco,Acre,2023,387662,Rio Branco,19.0
9892,1200427,Rodrigues Alves,Acre,2023,15555,Rodrigues Alves,414.0
9893,1200435,Santa Rosa do Purus,Acre,2023,6942,Santa Rosa do Purus,0.0
9894,1200450,Senador Guiomard,Acre,2023,22359,Senador Guiomard,87.0
9895,1200500,Sena Madureira,Acre,2023,43867,Sena Madureira,0.0
9896,1200609,Tarauacá,Acre,2023,46058,Tarauacá,45.0
9897,1200708,Xapuri,Acre,2023,18979,Xapuri,0.0
9898,1200807,Porto Acre,Acre,2023,17381,Porto Acre,8.0
9899,1300029,Alvarães,Amazonas,2023,16535,Alvarães,2204.0
9900,1300060,Amaturá,Amazonas,2023,11316,Amaturá,11.0
9901,1300086,Anamã,Amazonas,2023,10343,Anamã,0.0
9902,1300102,Anori,Amazonas,2023,17913,Anori,0.0
9903,1300144,Apuí,Amazonas,2023,21553,Apuí,359.0
9904,1300201,Atalaia do Norte,Amazonas,2023,15921,Atalaia do Norte,2581.0
9905,1300300,Autazes,Amazonas,2023,44419,Autazes,6.0
9906,1300409,Barcelos,Amazonas,2023,19071,Barcelos,6989.0
9907,1300508,Barreirinha,Amazonas,2023,33141,Barreirinha,29.0
9908,1300607,Benjamin Constant,Amazonas,2023,40165,Benjamin Constant,104.0
9909,1300631,Beruri,Amazonas,2023,21669,Beruri,35.0
9910,1300680,Boa Vista do Ramos,Amazonas,2023,24906,Boa Vista do Ramos,0.0
9911,1300706,Boca do Acre,Amazonas,2023,37824,Boca do Acre,181.0
9912,1300805,Borba,Amazonas,2023,35119,Borba,125.0
9913,1300839,Caapiranga,Amazonas,2023,14109,Caapiranga,3.0
9914,1300904,Canutama,Amazonas,2023,17646,Canutama,1024.0
9915,1301001,Carauari,Amazonas,2023,30674,Carauari,1931.0
9916,1301100,Careiro,Amazonas,2023,32697,Careiro,21.0
9917,1301159,Careiro da Várzea,Amazonas,2023,20184,Careiro da Várzea,2.0
9918,1301209,Coari,Amazonas,2023,74504,Coari,2471.0
9919,1301308,Codajás,Amazonas,2023,24505,Codajás,0.0
9920,1301407,Eirunepé,Amazonas,2023,35395,Eirunepé,1482.0
9921,1301506,Envira,Amazonas,2023,17888,Envira,290.0
9922,1301605,Fonte Boa,Amazonas,2023,27608,Fonte Boa,47.0
9923,1301654,Guajará,Amazonas,2023,14372,Guajará,1061.0
9924,1301704,Humaitá,Amazonas,2023,61079,Humaitá,2155.0
9925,1301803,Ipixuna,Amazonas,2023,25273,Ipixuna,673.0
9926,1301852,Iranduba,Amazonas,2023,65278,Iranduba,658.0
9927,1301902,Itacoatiara,Amazonas,2023,111102,Itacoatiara,1.0
9928,1301951,Itamarati,Amazonas,2023,11474,Itamarati,1840.0
9929,1302009,Itapiranga,Amazonas,2023,10640,Itapiranga,12.0
9930,1302108,Japurá,Amazonas,2023,9263,Japurá,471.0
9931,1302207,Juruá,Amazonas,2023,11162,Juruá,238.0
9932,1302306,Jutaí,Amazonas,2023,26971,Jutaí,1319.0
9933,1302405,Lábrea,Amazonas,2023,48221,Lábrea,1737.0
9934,1302504,Manacapuru,Amazonas,2023,109219,Manacapuru,6.0
9935,1302553,Manaquiri,Amazonas,2023,17445,Manaquiri,3.0
9936,1302603,Manaus,Amazonas,2023,2255389,Manaus,3814.0
9937,1302702,Manicoré,Amazonas,2023,57136,Manicoré,528.0
9938,1302801,Maraã,Amazonas,2023,15992,Maraã,27.0
9939,1302900,Maués,Amazonas,2023,65026,Maués,5025.0
9940,1303007,Nhamundá,Amazonas,2023,20987,Nhamundá,44.0
9941,1303106,Nova Olinda do Norte,Amazonas,2023,28621,Nova Olinda do Norte,6.0
9942,1303205,Novo Airão,Amazonas,2023,16421,Novo Airão,6.0
9943,1303304,Novo Aripuanã,Amazonas,2023,24814,Novo Aripuanã,182.0
9944,1303403,Parintins,Amazonas,2023,102535,Parintins,0.0
9945,1303502,Pauini,Amazonas,2023,20165,Pauini,188.0
9946,1303536,Presidente Figueiredo,Amazonas,2023,32737,Presidente Figueiredo,34.0
9947,1303569,Rio Preto da Eva,Amazonas,2023,25886,Rio Preto da Eva,419.0
9948,1303601,Santa Isabel do Rio Negro,Amazonas,2023,14472,Santa Isabel do Rio Negro,2502.0
9949,1303700,Santo Antônio do Içá,Amazonas,2023,30140,Santo Antônio do Içá,2301.0
9950,1303809,São Gabriel da Cachoeira,Amazonas,2023,55039,São Gabriel da Cachoeira,8405.0
9951,1303908,São Paulo de Olivença,Amazonas,2023,35120,São Paulo de Olivença,176.0
9952,1303957,São Sebastião do Uatumã,Amazonas,2023,12172,São Sebastião do Uatumã,1.0
9953,1304005,Silves,Amazonas,2023,12128,Silves,0.0
9954,1304062,Tabatinga,Amazonas,2023,70982,Tabatinga,66.0
9955,1304104,Tapauá,Amazonas,2023,20400,Tapauá,1076.0
9956,1304203,Tefé,Amazonas,2023,78256,Tefé,2847.0
9957,1304237,Tonantins,Amazonas,2023,20070,Tonantins,113.0
9958,1304260,Uarini,Amazonas,2023,15081,Uarini,816.0
9959,1304302,Urucará,Amazonas,2023,19389,Urucará,3.0
9960,1304401,Urucurituba,Amazonas,2023,25009,Urucurituba,0.0
9961,1400027,Amajari,Roraima,2023,15053,Amajari,9199.0
9962,1400050,Alto Alegre,Roraima,2023,22526,Alto Alegre,14738.0
9963,1400100,Boa Vista,Roraima,2023,454980,Boa Vista,312.0
9964,1400159,Bonfim,Roraima,2023,14905,Bonfim,195.0
9965,1400175,Cantá,Roraima,2023,20064,Cantá,995.0
9966,1400209,Caracaraí,Roraima,2023,22198,Caracaraí,2010.0
9967,1400233,Caroebe,Roraima,2023,11449,Caroebe,610.0
9968,1400282,Iracema,Roraima,2023,10653,Iracema,2439.0
9969,1400308,Mucajaí,Roraima,2023,19281,Mucajaí,3283.0
9970,1400407,Normandia,Roraima,2023,15171,Normandia,72.0
9971,1400456,Pacaraima,Roraima,2023,21025,Pacaraima,63.0
9972,1400472,Rorainópolis,Roraima,2023,35764,Rorainópolis,229.0
9973,1400506,São João da Baliza,Roraima,2023,9530,São João da Baliza,133.0
9974,1400605,São Luiz,Roraima,2023,7733,São Luiz,157.0
9975,1400704,Uiramutã,Roraima,2023,14938,Uiramutã,139.0
9976,1500107,Abaetetuba,Pará,2023,169354,Abaetetuba,2.0
9977,1500131,Abel Figueiredo,Pará,2023,6364,Abel Figueiredo,0.0
9978,1500206,Acará,Pará,2023,62311,Acará,0.0
9979,1500305,Afuá,Pará,2023,40008,Afuá,192.0
9980,1500347,Água Azul do Norte,Pará,2023,18546,Água Azul do Norte,0.0
9981,1500404,Alenquer,Pará,2023,73171,Alenquer,73.0
9982,1500503,Almeirim,Pará,2023,36343,Almeirim,338.0
9983,1500602,Altamira,Pará,2023,134390,Altamira,995.0
9984,1500701,Anajás,Pará,2023,29669,Anajás,3918.0
9985,1500800,Ananindeua,Pará,2023,507841,Ananindeua,0.0
9986,1500859,Anapu,Pará,2023,33715,Anapu,77.0
9987,1500909,Augusto Corrêa,Pará,2023,47301,Augusto Corrêa,0.0
9988,1500958,Aurora do Pará,Pará,2023,24610,Aurora do Pará,1.0
9989,1501006,Aveiro,Pará,2023,19014,Aveiro,116.0
9990,1501105,Bagre,Pará,2023,33841,Bagre,116.0
9991,1501204,Baião,Pará,2023,54561,Baião,3.0
9992,1501253,Bannach,Pará,2023,4193,Bannach,43.0
9993,1501303,Barcarena,Pará,2023,134830,Barcarena,1.0
9994,1501402,Belém,Pará,2023,1407017,Belém,11.0
9995,1501451,Belterra,Pará,2023,18825,Belterra,0.0
9996,1501501,Benevides,Pará,2023,67159,Benevides,1.0
9997,1501576,Bom Jesus do Tocantins,Pará,2023,18811,Bom Jesus do Tocantins,0.0
9998,1501600,Bonito,Pará,2023,13095,Bonito,0.0
9999,1501709,Bragança,Pará,2023,130919,Bragança,0.0
10000,1501725,Brasil Novo,Pará,2023,25691,Brasil Novo,0.0
10001,1501758,Brejo Grande do Araguaia,Pará,2023,7051,Brejo Grande do Araguaia,0.0
10002,1501782,Breu Branco,Pará,2023,48145,Breu Branco,2.0
10003,1501808,Breves,Pará,2023,113690,Breves,1783.0
10004,1501907,Bujaru,Pará,2023,25256,Bujaru,0.0
10005,1501956,Cachoeira do Piriá,Pará,2023,20127,Cachoeira do Piriá,0.0
10006,1502004,Cachoeira do Arari,Pará,2023,24923,Cachoeira do Arari,0.0
10007,1502103,Cametá,Pará,2023,142692,Cametá,0.0
10008,1502152,Canaã dos Carajás,Pará,2023,80767,Canaã dos Carajás,1.0
10009,1502202,Capanema,Pará,2023,74270,Capanema,0.0
10010,1502301,Capitão Poço,Pará,2023,59606,Capitão Poço,1.0
10011,1502400,Castanhal,Pará,2023,205882,Castanhal,0.0
10012,1502509,Chaves,Pará,2023,21497,Chaves,245.0
10013,1502608,Colares,Pará,2023,13430,Colares,1.0
10014,1502707,Conceição do Araguaia,Pará,2023,47300,Conceição do Araguaia,5.0
10015,1502756,Concórdia do Pará,Pará,2023,28426,Concórdia do Pará,0.0
10016,1502764,Cumaru do Norte,Pará,2023,14586,Cumaru do Norte,127.0
10017,1502772,Curionópolis,Pará,2023,20786,Curionópolis,0.0
10018,1502806,Curralinho,Pará,2023,35946,Curralinho,164.0
10019,1502855,Curuá,Pará,2023,14680,Curuá,0.0
10020,1502905,Curuçá,Pará,2023,43889,Curuçá,0.0
10021,1502939,dom Eliseu,Pará,2023,61780,Dom Eliseu,0.0
10022,1502954,Eldorado do Carajás,Pará,2023,29874,Eldorado do Carajás,0.0
10023,1503002,Faro,Pará,2023,9070,Faro,12.0
10024,1503044,Floresta do Araguaia,Pará,2023,18625,Floresta do Araguaia,1.0
10025,1503077,Garrafão do Norte,Pará,2023,25650,Garrafão do Norte,0.0
10026,1503093,Goianésia do Pará,Pará,2023,27780,Goianésia do Pará,3.0
10027,1503101,Gurupá,Pará,2023,33687,Gurupá,1.0
10028,1503200,Igarapé-Açu,Pará,2023,37877,Igarapé-Açu,0.0
10029,1503309,Igarapé-Miri,Pará,2023,68444,Igarapé-Miri,0.0
10030,1503408,Inhangapi,Pará,2023,10733,Inhangapi,0.0
10031,1503457,Ipixuna do Pará,Pará,2023,31060,Ipixuna do Pará,1.0
10032,1503507,Irituia,Pará,2023,32775,Irituia,0.0
10033,1503606,Itaituba,Pará,2023,131070,Itaituba,5111.0
10034,1503705,Itupiranga,Pará,2023,52587,Itupiranga,0.0
10035,1503754,Jacareacanga,Pará,2023,24799,Jacareacanga,9742.0
10036,1503804,Jacundá,Pará,2023,39537,Jacundá,0.0
10037,1503903,Juruti,Pará,2023,53683,Juruti,0.0
10038,1504000,Limoeiro do Ajuru,Pará,2023,31348,Limoeiro do Ajuru,0.0
10039,1504059,Mãe do Rio,Pará,2023,36465,Mãe do Rio,0.0
10040,1504109,Magalhães Barata,Pará,2023,8414,Magalhães Barata,0.0
10041,1504208,Marabá,Pará,2023,286445,Marabá,3.0
10042,1504307,Maracanã,Pará,2023,27417,Maracanã,0.0
10043,1504406,Marapanim,Pará,2023,28092,Marapanim,0.0
10044,1504422,Marituba,Pará,2023,118804,Marituba,0.0
10045,1504455,Medicilândia,Pará,2023,28691,Medicilândia,0.0
10046,1504505,Melgaço,Pará,2023,29561,Melgaço,5.0
10047,1504604,Mocajuba,Pará,2023,28802,Mocajuba,0.0
10048,1504703,Moju,Pará,2023,89474,Moju,0.0
10049,1504752,Mojuí dos Campos,Pará,2023,24471,Mojuí dos Campos,1.0
10050,1504802,Monte Alegre,Pará,2023,63302,Monte Alegre,1.0
10051,1504901,Muaná,Pará,2023,47910,Muaná,5.0
10052,1504950,Nova Esperança do Piriá,Pará,2023,21274,Nova Esperança do Piriá,0.0
10053,1504976,Nova Ipixuna,Pará,2023,14541,Nova Ipixuna,0.0
10054,1505007,Nova Timboteua,Pará,2023,13290,Nova Timboteua,0.0
10055,1505031,Novo Progresso,Pará,2023,35621,Novo Progresso,69.0
10056,1505064,Novo Repartimento,Pará,2023,64191,Novo Repartimento,14.0
10057,1505106,Óbidos,Pará,2023,55106,Óbidos,0.0
10058,1505205,Oeiras do Pará,Pará,2023,35910,Oeiras do Pará,0.0
10059,1505304,Oriximiná,Pará,2023,72097,Oriximiná,127.0
10060,1505403,Ourém,Pará,2023,18579,Ourém,0.0
10061,1505437,Ourilândia do Norte,Pará,2023,34538,Ourilândia do Norte,99.0
10062,1505486,Pacajá,Pará,2023,43665,Pacajá,11.0
10063,1505494,Palestina do Pará,Pará,2023,7153,Palestina do Pará,0.0
10064,1505502,Paragominas,Pará,2023,112299,Paragominas,0.0
10065,1505536,Parauapebas,Pará,2023,286345,Parauapebas,11.0
10066,1505601,Peixe-Boi,Pará,2023,8641,Peixe-Boi,0.0
10067,1505635,Piçarra,Pará,2023,13376,Piçarra,0.0
10068,1505650,Placas,Pará,2023,19137,Placas,0.0
10069,1505700,Ponta de Pedras,Pará,2023,25902,Ponta de Pedras,11.0
10070,1505809,Portel,Pará,2023,65959,Portel,109.0
10071,1505908,Porto de Moz,Pará,2023,43111,Porto de Moz,1.0
10072,1506005,Prainha,Pará,2023,37717,Prainha,47.0
10073,1506104,Primavera,Pará,2023,11290,Primavera,0.0
10074,1506112,Quatipuru,Pará,2023,11953,Quatipuru,0.0
10075,1506138,Redenção,Pará,2023,91171,Redenção,4.0
10076,1506161,Rio Maria,Pará,2023,19148,Rio Maria,1.0
10077,1506187,Rondon do Pará,Pará,2023,56339,Rondon do Pará,1.0
10078,1506195,Rurópolis,Pará,2023,37787,Rurópolis,8.0
10079,1506203,Salinópolis,Pará,2023,47506,Salinópolis,0.0
10080,1506302,Salvaterra,Pará,2023,25105,Salvaterra,0.0
10081,1506351,Santa Bárbara do Pará,Pará,2023,21993,Santa Bárbara do Pará,0.0
10082,1506401,Santa Cruz do Arari,Pará,2023,7699,Santa Cruz do Arari,3.0
10083,1506500,Santa Izabel do Pará,Pará,2023,77255,Santa Izabel do Pará,1.0
10084,1506559,Santa Luzia do Pará,Pará,2023,21189,Santa Luzia do Pará,0.0
10085,1506583,Santa Maria das Barreiras,Pará,2023,17178,Santa Maria das Barreiras,0.0
10086,1506609,Santa Maria do Pará,Pará,2023,25594,Santa Maria do Pará,0.0
10087,1506708,Santana do Araguaia,Pará,2023,33171,Santana do Araguaia,0.0
10088,1506807,Santarém,Pará,2023,352581,Santarém,71.0
10089,1506906,Santarém Novo,Pará,2023,6342,Santarém Novo,1.0
10090,1507003,Santo Antônio do Tauá,Pará,2023,29096,Santo Antônio do Tauá,0.0
10091,1507102,São Caetano de Odivelas,Pará,2023,17282,São Caetano de Odivelas,0.0
10092,1507151,São domingos do Araguaia,Pará,2023,21926,São Domingos do Araguaia,0.0
10093,1507201,São domingos do Capim,Pará,2023,32472,São Domingos do Capim,1.0
10094,1507300,São Félix do Xingu,Pará,2023,68179,São Félix do Xingu,76.0
10095,1507409,São Francisco do Pará,Pará,2023,15467,São Francisco do Pará,1.0
10096,1507458,São Geraldo do Araguaia,Pará,2023,25220,São Geraldo do Araguaia,0.0
10097,1507466,São João da Ponta,Pará,2023,4548,São João da Ponta,2.0
10098,1507474,São João de Pirabas,Pará,2023,21469,São João de Pirabas,0.0
10099,1507508,São João do Araguaia,Pará,2023,14278,São João do Araguaia,0.0
10100,1507607,São Miguel do Guamá,Pará,2023,55747,São Miguel do Guamá,2.0
10101,1507706,São Sebastião da Boa Vista,Pará,2023,27171,São Sebastião da Boa Vista,6.0
10102,1507755,Sapucaia,Pará,2023,6077,Sapucaia,0.0
10103,1507805,Senador José Porfírio,Pará,2023,23428,Senador José Porfírio,14.0
10104,1507904,Soure,Pará,2023,25149,Soure,0.0
10105,1507953,Tailândia,Pará,2023,76033,Tailândia,1.0
10106,1507961,Terra Alta,Pará,2023,10816,Terra Alta,0.0
10107,1507979,Terra Santa,Pará,2023,19508,Terra Santa,0.0
10108,1508001,Tomé-Açu,Pará,2023,71307,Tomé-Açu,0.0
10109,1508035,Tracuateua,Pará,2023,30329,Tracuateua,0.0
10110,1508050,Trairão,Pará,2023,15748,Trairão,17.0
10111,1508084,Tucumã,Pará,2023,42000,Tucumã,12.0
10112,1508100,Tucuruí,Pará,2023,97217,Tucuruí,1.0
10113,1508126,Ulianópolis,Pará,2023,40040,Ulianópolis,0.0
10114,1508159,Uruará,Pará,2023,46140,Uruará,12.0
10115,1508209,Vigia,Pará,2023,53609,Vigia,0.0
10116,1508308,Viseu,Pará,2023,61962,Viseu,1.0
10117,1508357,Vitória do Xingu,Pará,2023,16250,Vitória do Xingu,1.0
10118,1508407,Xinguara,Pará,2023,55913,Xinguara,0.0
10119,1600055,Serra do Navio,Amapá,2023,4943,Serra do Navio,49.0
10120,1600105,Amapá,Amapá,2023,8451,Amapá,13.0
10121,1600154,Pedra Branca do Amapari,Amapá,2023,13604,Pedra Branca do Amapari,534.0
10122,1600204,Calçoene,Amapá,2023,11268,Calçoene,2637.0
10123,1600212,Cutias,Amapá,2023,4730,Cutias,0.0
10124,1600238,Ferreira Gomes,Amapá,2023,7082,Ferreira Gomes,43.0
10125,1600253,Itaubal,Amapá,2023,5936,Itaubal,0.0
10126,1600279,Laranjal do Jari,Amapá,2023,38462,Laranjal do Jari,15.0
10127,1600303,Macapá,Amapá,2023,484629,Macapá,307.0
10128,1600402,Mazagão,Amapá,2023,23214,Mazagão,76.0
10129,1600501,Oiapoque,Amapá,2023,29856,Oiapoque,892.0
10130,1600535,Porto Grande,Amapá,2023,18971,Porto Grande,152.0
10131,1600550,Pracuúba,Amapá,2023,4033,Pracuúba,4.0
10132,1600600,Santana,Amapá,2023,118128,Santana,123.0
10133,1600709,Tartarugalzinho,Amapá,2023,13797,Tartarugalzinho,53.0
10134,1600808,Vitória do Jari,Amapá,2023,12020,Vitória do Jari,0.0
10135,1700251,Abreulândia,Tocantins,2023,2633,Abreulândia,0.0
10136,1700400,Almas,Tocantins,2023,6601,Almas,4.0
10137,1701002,Ananás,Tocantins,2023,10641,Ananás,0.0
10138,1701903,Araguacema,Tocantins,2023,6050,Araguacema,0.0
10139,1702109,Araguaína,Tocantins,2023,179778,Araguaína,0.0
10140,1702208,Araguatins,Tocantins,2023,33238,Araguatins,0.0
10141,1702554,Augustinópolis,Tocantins,2023,18031,Augustinópolis,0.0
10142,1702703,Aurora do Tocantins,Tocantins,2023,3424,Aurora do Tocantins,0.0
10143,1702901,Axixá do Tocantins,Tocantins,2023,10586,Axixá do Tocantins,0.0
10144,1703008,Babaçulândia,Tocantins,2023,7929,Babaçulândia,0.0
10145,1703800,Buriti do Tocantins,Tocantins,2023,10632,Buriti do Tocantins,0.0
10146,1703891,Carrasco Bonito,Tocantins,2023,3354,Carrasco Bonito,0.0
10147,1703909,Caseara,Tocantins,2023,4976,Caseara,0.0
10148,1705607,Conceição do Tocantins,Tocantins,2023,3958,Conceição do Tocantins,1.0
10149,1707405,Esperantina,Tocantins,2023,7617,Esperantina,0.0
10150,1710508,Itacajá,Tocantins,2023,6984,Itacajá,0.0
10151,1710706,Itaguatins,Tocantins,2023,5260,Itaguatins,0.0
10152,1711803,Juarina,Tocantins,2023,2275,Juarina,0.0
10153,1712504,Marianópolis do Tocantins,Tocantins,2023,4743,Marianópolis do Tocantins,0.0
10154,1712801,Maurilândia do Tocantins,Tocantins,2023,3151,Maurilândia do Tocantins,0.0
10155,1713304,Miranorte,Tocantins,2023,13071,Miranorte,0.0
10156,1714203,Natividade,Tocantins,2023,8982,Natividade,0.0
10157,1718204,Porto Nacional,Tocantins,2023,67201,Porto Nacional,1.0
10158,1718303,Praia Norte,Tocantins,2023,9368,Praia Norte,0.0
10159,1718550,Riachinho,Tocantins,2023,4038,Riachinho,0.0
10160,1718808,Sampaio,Tocantins,2023,4335,Sampaio,0.0
10161,1718840,Sandolândia,Tocantins,2023,3844,Sandolândia,0.0
10162,1718865,Santa Fé do Araguaia,Tocantins,2023,7445,Santa Fé do Araguaia,0.0
10163,1719004,Santa Tereza do Tocantins,Tocantins,2023,2839,Santa Tereza do Tocantins,0.0
10164,1720101,São Bento do Tocantins,Tocantins,2023,5869,São Bento do Tocantins,0.0
10165,1720150,São Félix do Tocantins,Tocantins,2023,1832,São Félix do Tocantins,0.0
10166,1720309,São Sebastião do Tocantins,Tocantins,2023,4195,São Sebastião do Tocantins,0.0
10167,1720804,Sítio Novo do Tocantins,Tocantins,2023,11209,Sítio Novo do Tocantins,0.0
10168,1720903,Taguatinga,Tocantins,2023,14337,Taguatinga,0.0
10169,1720937,Taipas do Tocantins,Tocantins,2023,2061,Taipas do Tocantins,0.0
10170,1721000,Palmas,Tocantins,2023,319558,Palmas,0.0
10171,1721208,Tocantinópolis,Tocantins,2023,23235,Tocantinópolis,0.0
10172,1722107,Xambioá,Tocantins,2023,10765,Xambioá,0.0
10173,2100055,Açailândia,Maranhão,2023,110521,Açailândia,0.0
10174,2100154,Água doce do Maranhão,Maranhão,2023,12423,Água Doce do Maranhão,0.0
10175,2100204,Alcântara,Maranhão,2023,19060,Alcântara,0.0
10176,2100303,Aldeias Altas,Maranhão,2023,23855,Aldeias Altas,0.0
10177,2100402,Altamira do Maranhão,Maranhão,2023,6644,Altamira do Maranhão,0.0
10178,2100436,Alto Alegre do Maranhão,Maranhão,2023,24705,Alto Alegre do Maranhão,0.0
10179,2100477,Alto Alegre do Pindaré,Maranhão,2023,26883,Alto Alegre do Pindaré,0.0
10180,2100550,Amapá do Maranhão,Maranhão,2023,7307,Amapá do Maranhão,5.0
10181,2100600,Amarante do Maranhão,Maranhão,2023,38471,Amarante do Maranhão,0.0
10182,2100808,Anapurus,Maranhão,2023,14149,Anapurus,0.0
10183,2100832,Apicum-Açu,Maranhão,2023,17815,Apicum-Açu,0.0
10184,2100873,Araguanã,Maranhão,2023,11567,Araguanã,0.0
10185,2100956,Arame,Maranhão,2023,26634,Arame,0.0
10186,2101004,Arari,Maranhão,2023,30494,Arari,0.0
10187,2101103,Axixá,Maranhão,2023,12076,Axixá,0.0
10188,2101202,Bacabal,Maranhão,2023,107392,Bacabal,1.0
10189,2101251,Bacabeira,Maranhão,2023,17267,Bacabeira,0.0
10190,2101301,Bacuri,Maranhão,2023,16729,Bacuri,0.0
10191,2101400,Balsas,Maranhão,2023,104507,Balsas,0.0
10192,2101608,Barra do Corda,Maranhão,2023,87633,Barra do Corda,0.0
10193,2101707,Barreirinhas,Maranhão,2023,67172,Barreirinhas,0.0
10194,2101731,Belágua,Maranhão,2023,8553,Belágua,0.0
10195,2101772,Bela Vista do Maranhão,Maranhão,2023,11989,Bela Vista do Maranhão,0.0
10196,2101806,Benedito Leite,Maranhão,2023,5595,Benedito Leite,0.0
10197,2101905,Bequimão,Maranhão,2023,20121,Bequimão,0.0
10198,2101939,Bernardo do Mearim,Maranhão,2023,5975,Bernardo do Mearim,0.0
10199,2101970,Boa Vista do Gurupi,Maranhão,2023,7751,Boa Vista do Gurupi,0.0
10200,2102002,Bom Jardim,Maranhão,2023,34567,Bom Jardim,3.0
10201,2102036,Bom Jesus das Selvas,Maranhão,2023,29653,Bom Jesus das Selvas,0.0
10202,2102101,Brejo,Maranhão,2023,35337,Brejo,0.0
10203,2102150,Brejo de Areia,Maranhão,2023,9492,Brejo de Areia,2.0
10204,2102200,Buriti,Maranhão,2023,30596,Buriti,1.0
10205,2102309,Buriti Bravo,Maranhão,2023,23049,Buriti Bravo,0.0
10206,2102325,Buriticupu,Maranhão,2023,57827,Buriticupu,0.0
10207,2102358,Buritirana,Maranhão,2023,13326,Buritirana,0.0
10208,2102374,Cachoeira Grande,Maranhão,2023,9908,Cachoeira Grande,0.0
10209,2102408,Cajapió,Maranhão,2023,10404,Cajapió,0.0
10210,2102507,Cajari,Maranhão,2023,16889,Cajari,0.0
10211,2102556,Campestre do Maranhão,Maranhão,2023,12649,Campestre do Maranhão,0.0
10212,2102606,Cândido Mendes,Maranhão,2023,20366,Cândido Mendes,4.0
10213,2102705,Cantanhede,Maranhão,2023,24679,Cantanhede,0.0
10214,2102754,Capinzal do Norte,Maranhão,2023,11620,Capinzal do Norte,0.0
10215,2102903,Carutapera,Maranhão,2023,24726,Carutapera,0.0
10216,2103000,Caxias,Maranhão,2023,163476,Caxias,0.0
10217,2103109,Cedral,Maranhão,2023,10468,Cedral,0.0
10218,2103125,Central do Maranhão,Maranhão,2023,7293,Central do Maranhão,0.0
10219,2103158,Centro do Guilherme,Maranhão,2023,12594,Centro do Guilherme,4.0
10220,2103174,Centro Novo do Maranhão,Maranhão,2023,16755,Centro Novo do Maranhão,1.0
10221,2103208,Chapadinha,Maranhão,2023,83675,Chapadinha,0.0
10222,2103257,Cidelândia,Maranhão,2023,13250,Cidelândia,2.0
10223,2103307,Codó,Maranhão,2023,118783,Codó,0.0
10224,2103505,Colinas,Maranhão,2023,41703,Colinas,0.0
10225,2103554,Conceição do Lago-Açu,Maranhão,2023,15263,Conceição do Lago-Açu,0.0
10226,2103604,Coroatá,Maranhão,2023,61632,Coroatá,0.0
10227,2103703,Cururupu,Maranhão,2023,32752,Cururupu,0.0
10228,2103752,davinópolis,Maranhão,2023,14645,Davinópolis,0.0
10229,2103802,dom Pedro,Maranhão,2023,23596,Dom Pedro,0.0
10230,2103901,Duque Bacelar,Maranhão,2023,10494,Duque Bacelar,0.0
10231,2104008,Esperantinópolis,Maranhão,2023,18762,Esperantinópolis,0.0
10232,2104057,Estreito,Maranhão,2023,34582,Estreito,0.0
10233,2104099,Formosa da Serra Negra,Maranhão,2023,18154,Formosa da Serra Negra,0.0
10234,2104206,Fortuna,Maranhão,2023,17389,Fortuna,2.0
10235,2104305,Godofredo Viana,Maranhão,2023,10428,Godofredo Viana,0.0
10236,2104404,Gonçalves Dias,Maranhão,2023,17634,Gonçalves Dias,0.0
10237,2104503,Governador Archer,Maranhão,2023,10472,Governador Archer,0.0
10238,2104552,Governador Edison Lobão,Maranhão,2023,18734,Governador Edison Lobão,0.0
10239,2104602,Governador Eugênio Barros,Maranhão,2023,14289,Governador Eugênio Barros,0.0
10240,2104628,Governador Luiz Rocha,Maranhão,2023,7245,Governador Luiz Rocha,0.0
10241,2104651,Governador Newton Bello,Maranhão,2023,10972,Governador Newton Bello,3.0
10242,2104677,Governador Nunes Freire,Maranhão,2023,23829,Governador Nunes Freire,0.0
10243,2104701,Graça Aranha,Maranhão,2023,6169,Graça Aranha,0.0
10244,2104800,Grajaú,Maranhão,2023,75640,Grajaú,0.0
10245,2104909,Guimarães,Maranhão,2023,10608,Guimarães,0.0
10246,2105005,Humberto de Campos,Maranhão,2023,26656,Humberto de Campos,0.0
10247,2105104,Icatu,Maranhão,2023,25419,Icatu,0.0
10248,2105153,Igarapé do Meio,Maranhão,2023,14275,Igarapé do Meio,0.0
10249,2105203,Igarapé Grande,Maranhão,2023,10506,Igarapé Grande,0.0
10250,2105302,Imperatriz,Maranhão,2023,283028,Imperatriz,0.0
10251,2105351,Itaipava do Grajaú,Maranhão,2023,14201,Itaipava do Grajaú,0.0
10252,2105401,Itapecuru Mirim,Maranhão,2023,62497,Itapecuru Mirim,0.0
10253,2105427,Itinga do Maranhão,Maranhão,2023,23152,Itinga do Maranhão,0.0
10254,2105450,Jatobá,Maranhão,2023,7670,Jatobá,1.0
10255,2105476,Jenipapo dos Vieiras,Maranhão,2023,17407,Jenipapo dos Vieiras,0.0
10256,2105500,João Lisboa,Maranhão,2023,25280,João Lisboa,0.0
10257,2105609,Joselândia,Maranhão,2023,15315,Joselândia,0.0
10258,2105658,Junco do Maranhão,Maranhão,2023,5259,Junco do Maranhão,0.0
10259,2105708,Lago da Pedra,Maranhão,2023,46083,Lago da Pedra,1.0
10260,2105906,Lago Verde,Maranhão,2023,15164,Lago Verde,0.0
10261,2105948,Lago dos Rodrigues,Maranhão,2023,8990,Lago dos Rodrigues,0.0
10262,2105963,Lagoa Grande do Maranhão,Maranhão,2023,11655,Lagoa Grande do Maranhão,3.0
10263,2105989,Lajeado Novo,Maranhão,2023,7225,Lajeado Novo,0.0
10264,2106003,Lima Campos,Maranhão,2023,11586,Lima Campos,0.0
10265,2106201,Luís domingues,Maranhão,2023,7296,Luís Domingues,0.0
10266,2106326,Maracaçumé,Maranhão,2023,21551,Maracaçumé,0.0
10267,2106359,Marajá do Sena,Maranhão,2023,7209,Marajá do Sena,2.0
10268,2106375,Maranhãozinho,Maranhão,2023,14092,Maranhãozinho,0.0
10269,2106409,Mata Roma,Maranhão,2023,17413,Mata Roma,0.0
10270,2106508,Matinha,Maranhão,2023,22581,Matinha,0.0
10271,2106607,Matões,Maranhão,2023,33344,Matões,0.0
10272,2106631,Matões do Norte,Maranhão,2023,17632,Matões do Norte,0.0
10273,2106672,Milagres do Maranhão,Maranhão,2023,9017,Milagres do Maranhão,0.0
10274,2106755,Miranda do Norte,Maranhão,2023,24485,Miranda do Norte,0.0
10275,2106805,Mirinzal,Maranhão,2023,14334,Mirinzal,0.0
10276,2106904,Monção,Maranhão,2023,28897,Monção,0.0
10277,2107001,Montes Altos,Maranhão,2023,9336,Montes Altos,0.0
10278,2107100,Morros,Maranhão,2023,18982,Morros,0.0
10279,2107357,Nova Olinda do Maranhão,Maranhão,2023,14826,Nova Olinda do Maranhão,0.0
10280,2107407,Olho D'água das Cunhãs,Maranhão,2023,18393,Olho d'Água das Cunhãs,0.0
10281,2107456,Olinda Nova do Maranhão,Maranhão,2023,13912,Olinda Nova do Maranhão,0.0
10282,2107506,Paço do Lumiar,Maranhão,2023,148800,Paço do Lumiar,0.0
10283,2107605,Palmeirândia,Maranhão,2023,21453,Palmeirândia,0.0
10284,2107704,Paraibano,Maranhão,2023,18778,Paraibano,0.0
10285,2107803,Parnarama,Maranhão,2023,32454,Parnarama,0.0
10286,2108009,Pastos Bons,Maranhão,2023,19222,Pastos Bons,0.0
10287,2108108,Paulo Ramos,Maranhão,2023,20852,Paulo Ramos,0.0
10288,2108207,Pedreiras,Maranhão,2023,38504,Pedreiras,0.0
10289,2108256,Pedro do Rosário,Maranhão,2023,24833,Pedro do Rosário,0.0
10290,2108306,Penalva,Maranhão,2023,33803,Penalva,0.0
10291,2108405,Peri Mirim,Maranhão,2023,11495,Peri Mirim,0.0
10292,2108454,Peritoró,Maranhão,2023,21009,Peritoró,0.0
10293,2108504,Pindaré-Mirim,Maranhão,2023,32563,Pindaré-Mirim,0.0
10294,2108603,Pinheiro,Maranhão,2023,87425,Pinheiro,0.0
10295,2108702,Pio Xii,Maranhão,2023,22449,Pio XII,0.0
10296,2108801,Pirapemas,Maranhão,2023,18129,Pirapemas,0.0
10297,2108900,Poção de Pedras,Maranhão,2023,17706,Poção de Pedras,0.0
10298,2109007,Porto Franco,Maranhão,2023,24361,Porto Franco,0.0
10299,2109056,Porto Rico do Maranhão,Maranhão,2023,6105,Porto Rico do Maranhão,0.0
10300,2109106,Presidente Dutra,Maranhão,2023,46574,Presidente Dutra,0.0
10301,2109205,Presidente Juscelino,Maranhão,2023,11642,Presidente Juscelino,0.0
10302,2109239,Presidente Médici,Maranhão,2023,4838,Presidente Médici,0.0
10303,2109270,Presidente Sarney,Maranhão,2023,17927,Presidente Sarney,1.0
10304,2109304,Presidente Vargas,Maranhão,2023,10806,Presidente Vargas,0.0
10305,2109403,Primeira Cruz,Maranhão,2023,13981,Primeira Cruz,0.0
10306,2109452,Raposa,Maranhão,2023,31666,Raposa,0.0
10307,2109551,Ribamar Fiquene,Maranhão,2023,7601,Ribamar Fiquene,0.0
10308,2109601,Rosário,Maranhão,2023,39913,Rosário,2.0
10309,2109759,Santa Filomena do Maranhão,Maranhão,2023,6857,Santa Filomena do Maranhão,0.0
10310,2109809,Santa Helena,Maranhão,2023,42888,Santa Helena,17.0
10311,2109908,Santa Inês,Maranhão,2023,88126,Santa Inês,1.0
10312,2110005,Santa Luzia,Maranhão,2023,60114,Santa Luzia,1.0
10313,2110039,Santa Luzia do Paruá,Maranhão,2023,24869,Santa Luzia do Paruá,0.0
10314,2110104,Santa Quitéria do Maranhão,Maranhão,2023,24551,Santa Quitéria do Maranhão,0.0
10315,2110203,Santa Rita,Maranhão,2023,38129,Santa Rita,0.0
10316,2110278,Santo Amaro do Maranhão,Maranhão,2023,14286,Santo Amaro do Maranhão,0.0
10317,2110302,Santo Antônio dos Lopes,Maranhão,2023,14649,Santo Antônio dos Lopes,0.0
10318,2110401,São Benedito do Rio Preto,Maranhão,2023,18784,São Benedito do Rio Preto,0.0
10319,2110500,São Bento,Maranhão,2023,47610,São Bento,0.0
10320,2110708,São domingos do Maranhão,Maranhão,2023,35256,São Domingos do Maranhão,0.0
10321,2110807,São Félix de Balsas,Maranhão,2023,4511,São Félix de Balsas,0.0
10322,2110906,São Francisco do Maranhão,Maranhão,2023,12365,São Francisco do Maranhão,0.0
10323,2111003,São João Batista,Maranhão,2023,19066,São João Batista,1.0
10324,2111029,São João do Carú,Maranhão,2023,12688,São João do Carú,0.0
10325,2111052,São João do Paraíso,Maranhão,2023,10178,São João do Paraíso,1.0
10326,2111078,São João do Soter,Maranhão,2023,17333,São João do Soter,0.0
10327,2111102,São João dos Patos,Maranhão,2023,25911,São João dos Patos,0.0
10328,2111201,São José de Ribamar,Maranhão,2023,250953,São José de Ribamar,0.0
10329,2111250,São José dos Basílios,Maranhão,2023,7144,São José dos Basílios,1.0
10330,2111300,São Luís,Maranhão,2023,1088510,São Luís,1.0
10331,2111409,São Luís Gonzaga do Maranhão,Maranhão,2023,18349,São Luís Gonzaga do Maranhão,1.0
10332,2111508,São Mateus do Maranhão,Maranhão,2023,40242,São Mateus do Maranhão,0.0
10333,2111532,São Pedro da Água Branca,Maranhão,2023,14578,São Pedro da Água Branca,0.0
10334,2111607,São Raimundo das Mangabeiras,Maranhão,2023,19078,São Raimundo das Mangabeiras,0.0
10335,2111631,São Raimundo do doca Bezerra,Maranhão,2023,5798,São Raimundo do Doca Bezerra,0.0
10336,2111672,São Roberto,Maranhão,2023,4682,São Roberto,0.0
10337,2111706,São Vicente Ferrer,Maranhão,2023,20033,São Vicente Ferrer,0.0
10338,2111722,Satubinha,Maranhão,2023,9091,Satubinha,0.0
10339,2111748,Senador Alexandre Costa,Maranhão,2023,10457,Senador Alexandre Costa,0.0
10340,2111763,Senador La Rocque,Maranhão,2023,15063,Senador La Rocque,0.0
10341,2111789,Serrano do Maranhão,Maranhão,2023,10422,Serrano do Maranhão,1.0
10342,2111904,Sucupira do Norte,Maranhão,2023,10490,Sucupira do Norte,0.0
10343,2112100,Timbiras,Maranhão,2023,27476,Timbiras,0.0
10344,2112209,Timon,Maranhão,2023,180821,Timon,0.0
10345,2112233,Trizidela do Vale,Maranhão,2023,22954,Trizidela do Vale,0.0
10346,2112274,Tufilândia,Maranhão,2023,5643,Tufilândia,0.0
10347,2112308,Tuntum,Maranhão,2023,37684,Tuntum,0.0
10348,2112407,Turiaçu,Maranhão,2023,38618,Turiaçu,0.0
10349,2112456,Turilândia,Maranhão,2023,32172,Turilândia,2.0
10350,2112506,Tutóia,Maranhão,2023,55060,Tutóia,0.0
10351,2112605,Urbano Santos,Maranhão,2023,33832,Urbano Santos,0.0
10352,2112704,Vargem Grande,Maranhão,2023,45134,Vargem Grande,0.0
10353,2112803,Viana,Maranhão,2023,53006,Viana,0.0
10354,2112852,Vila Nova dos Martírios,Maranhão,2023,10658,Vila Nova dos Martírios,0.0
10355,2112902,Vitória do Mearim,Maranhão,2023,31941,Vitória do Mearim,0.0
10356,2113009,Vitorino Freire,Maranhão,2023,31981,Vitorino Freire,0.0
10357,2114007,Zé doca,Maranhão,2023,42631,Zé Doca,1.0
10358,5100102,Acorizal,Mato Grosso,2023,5022,Acorizal,0.0
10359,5100201,Água Boa,Mato Grosso,2023,30461,Água Boa,2.0
10360,5100250,Alta Floresta,Mato Grosso,2023,60595,Alta Floresta,2.0
10361,5100300,Alto Araguaia,Mato Grosso,2023,17567,Alto Araguaia,0.0
10362,5100359,Alto Boa Vista,Mato Grosso,2023,5827,Alto Boa Vista,0.0
10363,5100607,Alto Taquari,Mato Grosso,2023,11289,Alto Taquari,0.0
10364,5100805,Apiacás,Mato Grosso,2023,8715,Apiacás,24.0
10365,5101001,Araguaiana,Mato Grosso,2023,3895,Araguaiana,0.0
10366,5101258,Araputanga,Mato Grosso,2023,14932,Araputanga,0.0
10367,5101308,Arenápolis,Mato Grosso,2023,10739,Arenápolis,0.0
10368,5101407,Aripuanã,Mato Grosso,2023,25493,Aripuanã,63.0
10369,5101704,Barra do Bugres,Mato Grosso,2023,29765,Barra do Bugres,0.0
10370,5101803,Barra do Garças,Mato Grosso,2023,71550,Barra do Garças,0.0
10371,5101852,Bom Jesus do Araguaia,Mato Grosso,2023,7543,Bom Jesus do Araguaia,1.0
10372,5101902,Brasnorte,Mato Grosso,2023,17357,Brasnorte,0.0
10373,5102504,Cáceres,Mato Grosso,2023,91623,Cáceres,0.0
10374,5102603,Campinápolis,Mato Grosso,2023,15613,Campinápolis,0.0
10375,5102637,Campo Novo do Parecis,Mato Grosso,2023,48027,Campo Novo do Parecis,1.0
10376,5102678,Campo Verde,Mato Grosso,2023,46557,Campo Verde,0.0
10377,5102686,Campos de Júlio,Mato Grosso,2023,9272,Campos de Júlio,3.0
10378,5102694,Canabrava do Norte,Mato Grosso,2023,4491,Canabrava do Norte,0.0
10379,5102702,Canarana,Mato Grosso,2023,26904,Canarana,0.0
10380,5102793,Carlinda,Mato Grosso,2023,10415,Carlinda,2.0
10381,5102850,Castanheira,Mato Grosso,2023,7544,Castanheira,0.0
10382,5103007,Chapada dos Guimarães,Mato Grosso,2023,19366,Chapada dos Guimarães,0.0
10383,5103056,Cláudia,Mato Grosso,2023,9576,Cláudia,0.0
10384,5103106,Cocalinho,Mato Grosso,2023,6377,Cocalinho,0.0
10385,5103205,Colíder,Mato Grosso,2023,32086,Colíder,1.0
10386,5103254,Colniza,Mato Grosso,2023,26260,Colniza,155.0
10387,5103304,Comodoro,Mato Grosso,2023,18480,Comodoro,6.0
10388,5103353,Confresa,Mato Grosso,2023,36490,Confresa,0.0
10389,5103361,Conquista D'oeste,Mato Grosso,2023,3831,Conquista D'Oeste,29.0
10390,5103379,Cotriguaçu,Mato Grosso,2023,10624,Cotriguaçu,0.0
10391,5103403,Cuiabá,Mato Grosso,2023,676124,Cuiabá,1.0
10392,5103502,Diamantino,Mato Grosso,2023,22368,Diamantino,0.0
10393,5103601,dom Aquino,Mato Grosso,2023,7953,Dom Aquino,0.0
10394,5103700,Feliz Natal,Mato Grosso,2023,10630,Feliz Natal,0.0
10395,5103858,Gaúcha do Norte,Mato Grosso,2023,8938,Gaúcha do Norte,1.0
10396,5103908,General Carneiro,Mato Grosso,2023,6190,General Carneiro,0.0
10397,5103957,Glória D'oeste,Mato Grosso,2023,2887,Glória D'Oeste,0.0
10398,5104104,Guarantã do Norte,Mato Grosso,2023,31552,Guarantã do Norte,1.0
10399,5104203,Guiratinga,Mato Grosso,2023,10732,Guiratinga,0.0
10400,5104526,Ipiranga do Norte,Mato Grosso,2023,8136,Ipiranga do Norte,0.0
10401,5104542,Itanhangá,Mato Grosso,2023,7833,Itanhangá,0.0
10402,5104559,Itaúba,Mato Grosso,2023,5127,Itaúba,1.0
10403,5104609,Itiquira,Mato Grosso,2023,12472,Itiquira,0.0
10404,5104807,Jaciara,Mato Grosso,2023,29369,Jaciara,1.0
10405,5105002,Jauru,Mato Grosso,2023,8211,Jauru,0.0
10406,5105101,Juara,Mato Grosso,2023,35862,Juara,0.0
10407,5105150,Juína,Mato Grosso,2023,47397,Juína,0.0
10408,5105176,Juruena,Mato Grosso,2023,10268,Juruena,3.0
10409,5105200,Juscimeira,Mato Grosso,2023,11656,Juscimeira,0.0
10410,5105234,Lambari D'oeste,Mato Grosso,2023,4746,Lambari D'Oeste,0.0
10411,5105259,Lucas do Rio Verde,Mato Grosso,2023,88126,Lucas do Rio Verde,0.0
10412,5105507,Vila Bela da Santíssima Trindade,Mato Grosso,2023,17227,Vila Bela da Santíssima Trindade,677.0
10413,5105580,Marcelândia,Mato Grosso,2023,11497,Marcelândia,0.0
10414,5105606,Matupá,Mato Grosso,2023,20853,Matupá,1.0
10415,5105622,Mirassol D'oeste,Mato Grosso,2023,27434,Mirassol d'Oeste,0.0
10416,5105903,Nobres,Mato Grosso,2023,15730,Nobres,0.0
10417,5106109,Nossa Senhora do Livramento,Mato Grosso,2023,11694,Nossa Senhora do Livramento,1.0
10418,5106158,Nova Bandeirantes,Mato Grosso,2023,14036,Nova Bandeirantes,7.0
10419,5106174,Nova Nazaré,Mato Grosso,2023,4338,Nova Nazaré,0.0
10420,5106182,Nova Lacerda,Mato Grosso,2023,6889,Nova Lacerda,31.0
10421,5106190,Nova Santa Helena,Mato Grosso,2023,4346,Nova Santa Helena,0.0
10422,5106208,Nova Brasilândia,Mato Grosso,2023,3891,Nova Brasilândia,0.0
10423,5106216,Nova Canaã do Norte,Mato Grosso,2023,11835,Nova Canaã do Norte,0.0
10424,5106224,Nova Mutum,Mato Grosso,2023,58541,Nova Mutum,0.0
10425,5106232,Nova Olímpia,Mato Grosso,2023,16434,Nova Olímpia,0.0
10426,5106240,Nova Ubiratã,Mato Grosso,2023,11882,Nova Ubiratã,0.0
10427,5106257,Nova Xavantina,Mato Grosso,2023,25084,Nova Xavantina,0.0
10428,5106265,Novo Mundo,Mato Grosso,2023,6511,Novo Mundo,0.0
10429,5106273,Novo Horizonte do Norte,Mato Grosso,2023,3317,Novo Horizonte do Norte,0.0
10430,5106299,Paranaíta,Mato Grosso,2023,11951,Paranaíta,0.0
10431,5106307,Paranatinga,Mato Grosso,2023,27528,Paranatinga,0.0
10432,5106372,Pedra Preta,Mato Grosso,2023,18545,Pedra Preta,0.0
10433,5106422,Peixoto de Azevedo,Mato Grosso,2023,33559,Peixoto de Azevedo,41.0
10434,5106505,Poconé,Mato Grosso,2023,31394,Poconé,1.0
10435,5106653,Pontal do Araguaia,Mato Grosso,2023,7169,Pontal do Araguaia,0.0
10436,5106752,Pontes E Lacerda,Mato Grosso,2023,53816,Pontes e Lacerda,35.0
10437,5106778,Porto Alegre do Norte,Mato Grosso,2023,12420,Porto Alegre do Norte,0.0
10438,5106802,Porto dos Gaúchos,Mato Grosso,2023,5687,Porto dos Gaúchos,0.0
10439,5106828,Porto Esperidião,Mato Grosso,2023,10238,Porto Esperidião,1.0
10440,5106851,Porto Estrela,Mato Grosso,2023,3202,Porto Estrela,0.0
10441,5107008,Poxoréu,Mato Grosso,2023,24102,Poxoréo,0.0
10442,5107040,Primavera do Leste,Mato Grosso,2023,89513,Primavera do Leste,0.0
10443,5107065,Querência,Mato Grosso,2023,28429,Querência,0.0
10444,5107156,Reserva do Cabaçal,Mato Grosso,2023,2056,Reserva do Cabaçal,0.0
10445,5107180,Ribeirão Cascalheira,Mato Grosso,2023,10340,Ribeirão Cascalheira,0.0
10446,5107198,Ribeirãozinho,Mato Grosso,2023,2639,Ribeirãozinho,0.0
10447,5107206,Rio Branco,Mato Grosso,2023,4509,Rio Branco,0.0
10448,5107248,Santa Carmem,Mato Grosso,2023,5563,Santa Carmem,0.0
10449,5107263,Santo Afonso,Mato Grosso,2023,2452,Santo Afonso,0.0
10450,5107297,São José do Povo,Mato Grosso,2023,2807,São José do Povo,0.0
10451,5107305,São José do Rio Claro,Mato Grosso,2023,14813,São José do Rio Claro,0.0
10452,5107354,São José do Xingu,Mato Grosso,2023,6092,São José do Xingu,0.0
10453,5107578,Rondolândia,Mato Grosso,2023,3512,Rondolândia,19.0
10454,5107602,Rondonópolis,Mato Grosso,2023,254728,Rondonópolis,1.0
10455,5107701,Rosário Oeste,Mato Grosso,2023,15421,Rosário Oeste,0.0
10456,5107743,Santa Cruz do Xingu,Mato Grosso,2023,2721,Santa Cruz do Xingu,0.0
10457,5107750,Salto do Céu,Mato Grosso,2023,3683,Salto do Céu,0.0
10458,5107776,Santa Terezinha,Mato Grosso,2023,7700,Santa Terezinha,0.0
10459,5107792,Santo Antônio do Leste,Mato Grosso,2023,4150,Santo Antônio do Leste,0.0
10460,5107800,Santo Antônio do Leverger,Mato Grosso,2023,16776,Santo Antônio do Leverger,0.0
10461,5107859,São Félix do Araguaia,Mato Grosso,2023,14059,São Félix do Araguaia,1.0
10462,5107875,Sapezal,Mato Grosso,2023,30303,Sapezal,1.0
10463,5107883,Serra Nova dourada,Mato Grosso,2023,1835,Serra Nova Dourada,0.0
10464,5107909,Sinop,Mato Grosso,2023,206931,Sinop,2.0
10465,5107925,Sorriso,Mato Grosso,2023,116105,Sorriso,4.0
10466,5107941,Tabaporã,Mato Grosso,2023,9932,Tabaporã,0.0
10467,5107958,Tangará da Serra,Mato Grosso,2023,110549,Tangará da Serra,0.0
10468,5108006,Tapurah,Mato Grosso,2023,14872,Tapurah,0.0
10469,5108055,Terra Nova do Norte,Mato Grosso,2023,10722,Terra Nova do Norte,4.0
10470,5108105,Tesouro,Mato Grosso,2023,2971,Tesouro,0.0
10471,5108204,Torixoréu,Mato Grosso,2023,4212,Torixoréu,0.0
10472,5108303,União do Sul,Mato Grosso,2023,3879,União do Sul,0.0
10473,5108352,Vale de São domingos,Mato Grosso,2023,2897,Vale de São Domingos,0.0
10474,5108402,Várzea Grande,Mato Grosso,2023,310941,Várzea Grande,0.0
10475,5108600,Vila Rica,Mato Grosso,2023,19948,Vila Rica,0.0
10476,5108808,Nova Guarita,Mato Grosso,2023,4600,Nova Guarita,7.0
10477,5108857,Nova Marilândia,Mato Grosso,2023,3616,Nova Marilândia,0.0
10478,5108907,Nova Maringá,Mato Grosso,2023,5795,Nova Maringá,0.0
10479,5108956,Nova Monte Verde,Mato Grosso,2023,8456,Nova Monte Verde,0.0
