,abr_nacional,cod_uf,municipio,qtd_magreza_acentuada,perc_magreza_acentuada,qtd_magreza,perc_magreza,qtd_eutrofia,perc_eutrofia,qtd_sobrepeso,perc_sobrepeso,qtd_obesidade,perc_obesidade,qtd_obesidade_grave,perc_obesidade_grave,total,yy,rr,raca
0,BRASIL,,,26.135,0.0128,56.479,0.0277,1.301.725,0.6376,331.034,0.16210000000000002,200.565,0.09820000000000001,125.624,0.061500000000000006,2.041.562,,,Branca
1,BRASIL,,,14.916,0.016200000000000003,30.368,0.0329,615.082,0.6661,135.617,0.1469,76.688,0.08310000000000001,50.668,0.054900000000000004,923.339,,,Amarela
2,BRASIL,,,1.147,0.019799999999999998,1.464,0.0253,42.159,0.7278,8.352,0.1442,3.097,0.0535,1.704,0.0294,57.923,,,Indigena
3,BRASIL,,,57.576,0.0203,105.297,0.0371,1.876.026,0.6615000000000001,407.759,0.1438,238.617,0.08410000000000001,150.766,0.053200000000000004,2.836.041,,,Parda
4,BRASIL,,,3.623,0.0187,6.718,0.0347,126.396,0.6526000000000001,28.712,0.1483,16.691,0.0862,11.529,0.059500000000000004,193.669,,,Preta
