,nome_municipio,area_desmatada,codigo_municipio,uf,ano
0,Peixoto de Azevedo,69.19,5106422,Mato Grosso,2008
1,Pau D'Arco,10.78,1505551,Pará,2008
2,Mâncio Lima,4.31,1200336,Acre,2008
3,Alto Alegre,36.39,1400050,Roraima,2008
4,Pedra Preta,0.0,5106372,Mato Grosso,2008
5,Itaituba,169.96,1503606,Pará,2008
6,Redenção,8.25,1506138,Pará,2008
7,Iracema,102.4,1400282,Roraima,2008
8,Santo Antônio do Leverger,1.33,5107800,Mato Grosso,2008
9,Porto Esperidião,6.69,5106828,Mato Grosso,2008
10,Nova Brasilândia,3.68,5106208,Mato Grosso,2008
11,Caracaraí,42.2,1400209,Roraima,2008
12,Ponte Branca,0.0,5106703,Mato Grosso,2008
13,Cuiabá,0.0,5103403,Mato Grosso,2008
14,Tucumã,9.84,1508084,Pará,2008
15,Alto Paraguai,0.56,5100508,Mato Grosso,2008
16,São Pedro da Cipa,0.0,5107404,Mato Grosso,2008
17,Porto Estrela,0.2,5106851,Mato Grosso,2008
18,Porto de Moz,22.31,1505908,Pará,2008
19,Denise,0.89,5103452,Mato Grosso,2008
20,Cáceres,13.92,5102504,Mato Grosso,2008
21,Tesouro,0.0,5108105,Mato Grosso,2008
22,Araguaiana,3.72,5101001,Mato Grosso,2008
23,Matupá,75.18,5105606,Mato Grosso,2008
24,Conquista D'Oeste,1.67,5103361,Mato Grosso,2008
25,Vale de São Domingos,0.89,5108352,Mato Grosso,2008
26,Juscimeira,1.46,5105200,Mato Grosso,2008
27,Nova Guarita,3.25,5108808,Mato Grosso,2008
28,Bonfim,19.51,1400159,Roraima,2008
29,Tapauá,3.06,1304104,Amazonas,2008
30,Salto do Céu,1.43,5107750,Mato Grosso,2008
31,Campo Verde,1.66,5102678,Mato Grosso,2008
32,Eirunepé,3.11,1301407,Amazonas,2008
33,Curvelândia,0.62,5103437,Mato Grosso,2008
34,Acorizal,0.0,5100102,Mato Grosso,2008
35,Várzea Grande,0.0,5108402,Mato Grosso,2008
36,Rosário Oeste,0.25,5107701,Mato Grosso,2008
37,Rio Branco,0.0,5107206,Mato Grosso,2008
38,Santo Antônio do Leste,0.0,5107792,Mato Grosso,2008
39,Chapada dos Guimarães,0.14,5103007,Mato Grosso,2008
40,Novo São Joaquim,0.0,5106281,Mato Grosso,2008
41,Glória D'Oeste,0.64,5103957,Mato Grosso,2008
42,São José do Povo,0.01,5107297,Mato Grosso,2008
43,Mirassol d'Oeste,6.4,5105622,Mato Grosso,2008
44,Nova Bandeirantes,125.01,5106158,Mato Grosso,2008
45,Poconé,0.0,5106505,Mato Grosso,2008
46,Conceição do Araguaia,46.98,1502707,Pará,2008
47,Barra do Bugres,8.61,5101704,Mato Grosso,2008
48,Guiratinga,0.14,5104203,Mato Grosso,2008
49,Dom Aquino,0.13,5103601,Mato Grosso,2008
50,Lambari D'Oeste,2.16,5105234,Mato Grosso,2008
51,São José dos Quatro Marcos,1.68,5107107,Mato Grosso,2008
52,Poxoréu,4.93,5107008,Mato Grosso,2008
53,Floresta do Araguaia,20.5,1503044,Pará,2008
54,Barão de Melgaço,4.53,5101605,Mato Grosso,2008
55,Araputanga,0.25,5101258,Mato Grosso,2008
56,Nova Olímpia,4.27,5106232,Mato Grosso,2008
57,Rondonópolis,0.45,5107602,Mato Grosso,2008
58,Nova Xavantina,0.14,5106257,Mato Grosso,2008
59,Pontal do Araguaia,0.0,5106653,Mato Grosso,2008
60,Jangada,0.0,5104906,Mato Grosso,2008
61,Amapá,1.89,1600105,Amapá,2008
62,Guajará,3.46,1301654,Amazonas,2008
63,Vila Bela da Santíssima Trindade,36.44,5105507,Mato Grosso,2008
64,Araguainha,0.0,5101209,Mato Grosso,2008
65,Capixaba,8.83,1200179,Acre,2008
66,Jauru,1.75,5105002,Mato Grosso,2008
67,Ribeirãozinho,0.0,5107198,Mato Grosso,2008
68,Reserva do Cabaçal,0.87,5107156,Mato Grosso,2008
69,Figueirópolis D'Oeste,0.91,5103809,Mato Grosso,2008
70,Alto Garças,0.0,5100409,Mato Grosso,2008
71,Nossa Senhora do Livramento,0.11,5106109,Mato Grosso,2008
72,Jaciara,0.35,5104807,Mato Grosso,2008
73,Manaus,2.96,1302603,Amazonas,2008
74,Pontes e Lacerda,31.1,5106752,Mato Grosso,2008
75,Ipixuna,5.27,1301803,Amazonas,2008
76,Primavera do Leste,0.0,5107040,Mato Grosso,2008
77,Maraã,3.01,1302801,Amazonas,2008
78,Torixoréu,0.0,5108204,Mato Grosso,2008
79,General Carneiro,0.0,5103908,Mato Grosso,2008
80,Nova Rosalândia,0.0,1715002,Tocantins,2008
81,São Gabriel da Cachoeira,9.09,1303809,Amazonas,2008
82,Ipiranga do Norte,3.88,5104526,Mato Grosso,2008
83,Araguaína,2.31,1702109,Tocantins,2008
84,São Geraldo do Araguaia,7.76,1507458,Pará,2008
85,Augusto Corrêa,0.31,1500909,Pará,2008
86,Uarini,6.7,1304260,Amazonas,2008
87,Vilhena,59.82,1100304,Rondônia,2008
88,Nova Lacerda,19.13,5106182,Mato Grosso,2008
89,Itaporã do Tocantins,0.7,1711100,Tocantins,2008
90,Lucas do Rio Verde,7.37,5105259,Mato Grosso,2008
91,Nova Maringá,17.88,5108907,Mato Grosso,2008
92,Goianésia do Pará,35.81,1503093,Pará,2008
93,Bujari,15.77,1200138,Acre,2008
94,Rio Maria,15.35,1506161,Pará,2008
95,Divinópolis do Tocantins,0.0,1707108,Tocantins,2008
96,Jacareacanga,23.31,1503754,Pará,2008
97,Barrolândia,0.0,1703107,Tocantins,2008
98,Diamantino,5.08,5103502,Mato Grosso,2008
99,Santa Fé do Araguaia,1.87,1718865,Tocantins,2008
100,Santa Carmem,24.18,5107248,Mato Grosso,2008
101,Bannach,48.2,1501253,Pará,2008
102,Canabrava do Norte,25.54,5102694,Mato Grosso,2008
103,Pedra Branca do Amapari,3.66,1600154,Amapá,2008
104,Oliveira de Fátima,0.0,1715507,Tocantins,2008
105,Caseara,2.61,1703909,Tocantins,2008
106,Santa Cruz do Arari,0.0,1506401,Pará,2008
107,Tapurah,10.13,5108006,Mato Grosso,2008
108,Parauapebas,27.96,1505536,Pará,2008
109,Limoeiro do Ajuru,0.08,1504000,Pará,2008
110,Theobroma,7.11,1101609,Rondônia,2008
111,São Félix do Xingu,758.84,1507300,Pará,2008
112,Comodoro,44.9,5103304,Mato Grosso,2008
113,Goianorte,0.47,1708304,Tocantins,2008
114,Governador Jorge Teixeira,3.66,1101005,Rondônia,2008
115,Tabaporã,65.78,5107941,Mato Grosso,2008
116,Epitaciolândia,4.34,1200252,Acre,2008
117,Vera,5.95,5108501,Mato Grosso,2008
118,Novo Mundo,42.03,5106265,Mato Grosso,2008
119,Bernardo Sayão,0.98,1703206,Tocantins,2008
120,Rolim de Moura,3.2,1100288,Rondônia,2008
121,Seringueiras,42.58,1101500,Rondônia,2008
122,Autazes,40.55,1300300,Amazonas,2008
123,Ferreira Gomes,2.57,1600238,Amapá,2008
124,Palmas,0.0,1721000,Tocantins,2008
125,São Francisco do Brejão,2.34,2110856,Maranhão,2008
126,Sambaíba,0.0,2109700,Maranhão,2008
127,Novo Alegre,0.0,1715150,Tocantins,2008
128,Santa Luzia D'Oeste,3.63,1100296,Rondônia,2008
129,Tartarugalzinho,13.72,1600709,Amapá,2008
130,Arenápolis,0.23,5101308,Mato Grosso,2008
131,Gurupi,0.0,1709500,Tocantins,2008
132,Lagoa da Confusão,8.01,1711902,Tocantins,2008
133,Boa Vista,2.35,1400100,Roraima,2008
134,Gurupá,3.61,1503101,Pará,2008
135,São Pedro da Água Branca,0.3,2111532,Maranhão,2008
136,Jaú do Tocantins,0.0,1711506,Tocantins,2008
137,Araguaçu,0.0,1702000,Tocantins,2008
138,Sandolândia,0.0,1718840,Tocantins,2008
139,Altamira,339.62,1500602,Pará,2008
140,Aliança do Tocantins,0.0,1700350,Tocantins,2008
141,São Sebastião do Uatumã,5.53,1303957,Amazonas,2008
142,Porto dos Gaúchos,29.88,5106802,Mato Grosso,2008
143,Sapezal,6.66,5107875,Mato Grosso,2008
144,Bragança,1.18,1501709,Pará,2008
145,Nova Santa Helena,16.89,5106190,Mato Grosso,2008
146,Alto Paraíso,14.32,1100403,Rondônia,2008
147,Araguanã,0.58,1702158,Tocantins,2008
148,São José do Rio Claro,18.29,5107305,Mato Grosso,2008
149,Pimenteiras do Oeste,6.45,1101468,Rondônia,2008
150,Mocajuba,0.5,1504604,Pará,2008
151,Iranduba,1.92,1301852,Amazonas,2008
152,Urucará,2.06,1304302,Amazonas,2008
153,Santa Isabel do Rio Negro,1.34,1303601,Amazonas,2008
154,Senador Guiomard,4.9,1200450,Acre,2008
155,Figueirópolis,0.0,1707652,Tocantins,2008
156,Coari,3.15,1301209,Amazonas,2008
157,Carauari,2.28,1301001,Amazonas,2008
158,Nova Mutum,10.24,5106224,Mato Grosso,2008
159,Nova Nazaré,11.04,5106174,Mato Grosso,2008
160,Brasil Novo,16.81,1501725,Pará,2008
161,Apuí,70.15,1300144,Amazonas,2008
162,Santa Terezinha,41.56,5107776,Mato Grosso,2008
163,Campinápolis,0.0,5102603,Mato Grosso,2008
164,Nova Mamoré,64.97,1100338,Rondônia,2008
165,Castanheiras,4.96,1100908,Rondônia,2008
166,União do Sul,38.98,5108303,Mato Grosso,2008
167,Alvorada,0.0,1700707,Tocantins,2008
168,Caroebe,38.07,1400233,Roraima,2008
169,Coroatá,24.24,2103604,Maranhão,2008
170,Pastos Bons,0.0,2108009,Maranhão,2008
171,Lago do Junco,0.0,2105807,Maranhão,2008
172,Matões do Norte,8.24,2106631,Maranhão,2008
173,Cantanhede,11.34,2102705,Maranhão,2008
174,Arame,36.46,2100956,Maranhão,2008
175,Conceição do Tocantins,0.0,1705607,Tocantins,2008
176,Tufilândia,0.0,2112274,Maranhão,2008
177,Governador Newton Bello,0.0,2104651,Maranhão,2008
178,Maranhãozinho,0.0,2106375,Maranhão,2008
179,Igarapé Grande,0.0,2105203,Maranhão,2008
180,Monção,12.32,2106904,Maranhão,2008
181,Peritoró,10.66,2108454,Maranhão,2008
182,Sucupira do Norte,0.0,2111904,Maranhão,2008
183,Formosa da Serra Negra,0.74,2104099,Maranhão,2008
184,Nova Iorque,0.0,2107308,Maranhão,2008
185,Santa Filomena do Maranhão,2.65,2109759,Maranhão,2008
186,Carutapera,1.02,2102903,Maranhão,2008
187,Rio Branco,28.85,1200401,Acre,2008
188,Satubinha,0.0,2111722,Maranhão,2008
189,Cujubim,48.59,1100940,Rondônia,2008
190,Fernando Falcão,5.83,2104081,Maranhão,2008
191,Pirapemas,8.23,2108801,Maranhão,2008
192,Centro do Guilherme,1.11,2103158,Maranhão,2008
193,Oiapoque,11.66,1600501,Amapá,2008
194,Darcinópolis,0.55,1706506,Tocantins,2008
195,Alcântara,1.87,2100204,Maranhão,2008
196,Arari,9.74,2101004,Maranhão,2008
197,Cumaru do Norte,182.7,1502764,Pará,2008
198,Miranda do Norte,14.81,2106755,Maranhão,2008
199,Penalva,3.14,2108306,Maranhão,2008
200,Brejo Grande do Araguaia,8.73,1501758,Pará,2008
201,Medicilândia,28.17,1504455,Pará,2008
202,Nova Timboteua,2.33,1505007,Pará,2008
203,Central do Maranhão,0.0,2103125,Maranhão,2008
204,Alto Alegre do Maranhão,4.08,2100436,Maranhão,2008
205,Maurilândia do Tocantins,0.73,1712801,Tocantins,2008
206,Paragominas,63.23,1505502,Pará,2008
207,Morros,1.67,2107100,Maranhão,2008
208,Itinga do Maranhão,74.83,2105427,Maranhão,2008
209,Santa Helena,8.9,2109809,Maranhão,2008
210,São João da Ponta,3.76,1507466,Pará,2008
211,Cedral,0.0,2103109,Maranhão,2008
212,São João Batista,0.0,2111003,Maranhão,2008
213,São Raimundo do Doca Bezerra,0.42,2111631,Maranhão,2008
214,Turilândia,13.42,2112456,Maranhão,2008
215,São João de Pirabas,4.55,1507474,Pará,2008
216,Lago dos Rodrigues,0.0,2105948,Maranhão,2008
217,Lagoa do Tocantins,0.0,1711951,Tocantins,2008
218,Dianópolis,0.0,1707009,Tocantins,2008
219,Novo Acordo,0.0,1715101,Tocantins,2008
220,Maracanã,1.29,1504307,Pará,2008
221,Axixá do Tocantins,0.24,1702901,Tocantins,2008
222,Cachoeira Grande,3.82,2102374,Maranhão,2008
223,Anajatuba,2.0,2100709,Maranhão,2008
224,Aurora do Tocantins,0.0,1702703,Tocantins,2008
225,Itiquira,0.0,5104609,Mato Grosso,2008
226,Mateiros,0.0,1712702,Tocantins,2008
227,Natividade,0.0,1714203,Tocantins,2008
228,Joselândia,4.51,2105609,Maranhão,2008
229,Bom Jesus do Tocantins,0.0,1703305,Tocantins,2008
230,Estreito,0.26,2104057,Maranhão,2008
231,Lizarda,0.0,1712405,Tocantins,2008
232,Ariquemes,8.32,1100023,Rondônia,2008
233,Olho d'Água das Cunhãs,0.0,2107407,Maranhão,2008
234,Cajari,4.77,2102507,Maranhão,2008
235,Bom Jesus do Tocantins,10.47,1501576,Pará,2008
236,Chaves,0.18,1502509,Pará,2008
237,Governador Eugênio Barros,23.3,2104602,Maranhão,2008
238,Barcarena,1.05,1501303,Pará,2008
239,São João da Baliza,15.13,1400506,Roraima,2008
240,Miracema do Tocantins,0.0,1713205,Tocantins,2008
241,Rio dos Bois,0.0,1718709,Tocantins,2008
242,Itaubal,0.2,1600253,Amapá,2008
243,Tefé,9.74,1304203,Amazonas,2008
244,Cláudia,26.44,5103056,Mato Grosso,2008
245,Nortelândia,0.61,5106000,Mato Grosso,2008
246,Anori,0.97,1300102,Amazonas,2008
247,Água Boa,0.84,5100201,Mato Grosso,2008
248,Miranorte,0.57,1713304,Tocantins,2008
249,Rorainópolis,26.0,1400472,Roraima,2008
250,Cocalinho,1.27,5103106,Mato Grosso,2008
251,Costa Marques,101.04,1100080,Rondônia,2008
252,Macapá,6.43,1600303,Amapá,2008
253,Mirante da Serra,5.21,1101302,Rondônia,2008
254,Monte Alegre,30.18,1504802,Pará,2008
255,Santa Rosa do Purus,2.17,1200435,Acre,2008
256,Palmeirópolis,0.0,1715754,Tocantins,2008
257,Canaã dos Carajás,8.86,1502152,Pará,2008
258,Guimarães,1.19,2104909,Maranhão,2008
259,Belterra,4.91,1501451,Pará,2008
260,Itapiratins,0.0,1710904,Tocantins,2008
261,Araguanã,7.24,2100873,Maranhão,2008
262,Viseu,14.95,1508308,Pará,2008
263,Uruará,90.44,1508159,Pará,2008
264,Junco do Maranhão,0.0,2105658,Maranhão,2008
265,Novo Aripuanã,62.74,1303304,Amazonas,2008
266,Cotriguaçu,77.06,5103379,Mato Grosso,2008
267,Jatobá,20.04,2105450,Maranhão,2008
268,Rio Sono,0.0,1718758,Tocantins,2008
269,Tracuateua,1.95,1508035,Pará,2008
270,Breu Branco,67.47,1501782,Pará,2008
271,Santa Tereza do Tocantins,0.0,1719004,Tocantins,2008
272,Maracaçumé,0.0,2106326,Maranhão,2008
273,Parintins,4.73,1303403,Amazonas,2008
274,Porto Grande,14.43,1600535,Amapá,2008
275,Aragominas,10.75,1701309,Tocantins,2008
276,Pugmil,0.0,1718451,Tocantins,2008
277,Araguacema,1.23,1701903,Tocantins,2008
278,Novo Airão,0.95,1303205,Amazonas,2008
279,Breves,3.95,1501808,Pará,2008
280,Acará,47.76,1500206,Pará,2008
281,Augustinópolis,0.25,1702554,Tocantins,2008
282,Canutama,37.92,1300904,Amazonas,2008
283,Serra Nova Dourada,9.29,5107883,Mato Grosso,2008
284,Humaitá,20.7,1301704,Amazonas,2008
285,Borba,8.55,1300805,Amazonas,2008
286,Ourilândia do Norte,20.21,1505437,Pará,2008
287,Cerejeiras,2.23,1100056,Rondônia,2008
288,Mãe do Rio,0.29,1504059,Pará,2008
289,Bom Jesus das Selvas,52.91,2102036,Maranhão,2008
290,São João do Soter,0.0,2111078,Maranhão,2008
291,Magalhães Barata,0.41,1504109,Pará,2008
292,Senador Alexandre Costa,10.99,2111748,Maranhão,2008
293,São Mateus do Maranhão,1.57,2111508,Maranhão,2008
294,Marajá do Sena,17.71,2106359,Maranhão,2008
295,Igarapé do Meio,0.82,2105153,Maranhão,2008
296,Santa Rosa do Tocantins,0.0,1718907,Tocantins,2008
297,Manacapuru,2.16,1302504,Amazonas,2008
298,Alvarães,10.49,1300029,Amazonas,2008
299,Cabixi,3.82,1100031,Rondônia,2008
300,Candeias do Jamari,47.38,1100809,Rondônia,2008
301,Nova Canaã do Norte,20.73,5106216,Mato Grosso,2008
302,Moju,115.96,1504703,Pará,2008
303,Maués,19.85,1302900,Amazonas,2008
304,São Miguel do Guaporé,41.2,1100320,Rondônia,2008
305,Santa Maria das Barreiras,104.47,1506583,Pará,2008
306,Silves,2.83,1304005,Amazonas,2008
307,Bandeirantes do Tocantins,0.68,1703057,Tocantins,2008
308,Porto Alegre do Norte,12.46,5106778,Mato Grosso,2008
309,Gaúcha do Norte,196.36,5103858,Mato Grosso,2008
310,Nova Monte Verde,23.43,5108956,Mato Grosso,2008
311,Cametá,0.79,1502103,Pará,2008
312,Tarauacá,36.85,1200609,Acre,2008
313,São José do Xingu,93.83,5107354,Mato Grosso,2008
314,Nova Olinda do Norte,6.19,1303106,Amazonas,2008
315,Pracuúba,5.11,1600550,Amapá,2008
316,Bom Jesus do Araguaia,14.46,5101852,Mato Grosso,2008
317,Santo Antônio do Içá,1.01,1303700,Amazonas,2008
318,Tabatinga,1.03,1304062,Amazonas,2008
319,Vitória do Xingu,10.51,1508357,Pará,2008
320,Campos de Júlio,0.63,5102686,Mato Grosso,2008
321,Aripuanã,80.37,5101407,Mato Grosso,2008
322,Alvorada D'Oeste,6.44,1100346,Rondônia,2008
323,Nova Ubiratã,140.18,5106240,Mato Grosso,2008
324,Cruzeiro do Sul,11.02,1200203,Acre,2008
325,Alta Floresta,15.32,5100250,Mato Grosso,2008
326,Faro,2.02,1503002,Pará,2008
327,Canarana,5.59,5102702,Mato Grosso,2008
328,Cachoeira do Arari,0.0,1502004,Pará,2008
329,Paraíso do Tocantins,0.0,1716109,Tocantins,2008
330,Primavera de Rondônia,1.06,1101476,Rondônia,2008
331,Cutias,2.34,1600212,Amapá,2008
332,Cacoal,4.61,1100049,Rondônia,2008
333,Piçarra,17.13,1505635,Pará,2008
334,Vitória do Jari,1.33,1600808,Amapá,2008
335,Porto Nacional,0.0,1718204,Tocantins,2008
336,Assis Brasil,3.42,1200054,Acre,2008
337,Planalto da Serra,1.17,5106455,Mato Grosso,2008
338,Colinas do Tocantins,0.28,1705508,Tocantins,2008
339,Colíder,8.38,5103205,Mato Grosso,2008
340,Sinop,47.38,5107909,Mato Grosso,2008
341,Muricilândia,2.49,1713957,Tocantins,2008
342,Alta Floresta D'Oeste,26.29,1100015,Rondônia,2008
343,Sorriso,2.77,5107925,Mato Grosso,2008
344,Inhangapi,1.09,1503408,Pará,2008
345,Bacabal,0.32,2101202,Maranhão,2008
346,Primavera,0.87,1506104,Pará,2008
347,Presidente Sarney,7.87,2109270,Maranhão,2008
348,Lagoa Grande do Maranhão,3.17,2105963,Maranhão,2008
349,Campestre do Maranhão,1.65,2102556,Maranhão,2008
350,Dom Pedro,6.48,2103802,Maranhão,2008
351,Itaguatins,1.53,1710706,Tocantins,2008
352,Nova Olinda do Maranhão,1.73,2107357,Maranhão,2008
353,Ananás,4.69,1701002,Tocantins,2008
354,Santa Luzia do Paruá,0.43,2110039,Maranhão,2008
355,Palmeirândia,0.09,2107605,Maranhão,2008
356,Nova Esperança do Piriá,16.34,1504950,Pará,2008
357,Alto Taquari,0.0,5100607,Mato Grosso,2008
358,Ji-Paraná,5.87,1100122,Rondônia,2008
359,Boa Vista do Ramos,0.35,1300680,Amazonas,2008
360,Carolina,0.0,2102804,Maranhão,2008
361,Japurá,1.49,1302108,Amazonas,2008
362,Santa Bárbara do Pará,1.34,1506351,Pará,2008
363,Monte do Carmo,0.0,1713601,Tocantins,2008
364,Prainha,71.38,1506005,Pará,2008
365,Tuntum,23.33,2112308,Maranhão,2008
366,Curuçá,2.28,1502905,Pará,2008
367,Taipas do Tocantins,0.0,1720937,Tocantins,2008
368,Itaipava do Grajaú,5.96,2105351,Maranhão,2008
369,Laranjal do Jari,9.13,1600279,Amapá,2008
370,Senador La Rocque,9.28,2111763,Maranhão,2008
371,Santa Luzia,38.1,2110005,Maranhão,2008
372,Santana do Araguaia,186.62,1506708,Pará,2008
373,Santo Antônio do Tauá,1.97,1507003,Pará,2008
374,Tasso Fragoso,0.0,2112001,Maranhão,2008
375,Porto Rico do Maranhão,0.0,2109056,Maranhão,2008
376,Silvanópolis,0.0,1720655,Tocantins,2008
377,Sítio Novo do Tocantins,0.73,1720804,Tocantins,2008
378,Santa Luzia do Pará,5.6,1506559,Pará,2008
379,Raposa,0.15,2109452,Maranhão,2008
380,Vila Rica,77.99,5108600,Mato Grosso,2008
381,Olinda Nova do Maranhão,0.0,2107456,Maranhão,2008
382,Presidente Vargas,7.48,2109304,Maranhão,2008
383,Bacurituba,0.0,2101350,Maranhão,2008
384,Gonçalves Dias,21.74,2104404,Maranhão,2008
385,São José de Ribamar,5.2,2111201,Maranhão,2008
386,Altamira do Maranhão,0.0,2100402,Maranhão,2008
387,Garrafão do Norte,8.28,1503077,Pará,2008
388,Fortuna,23.91,2104206,Maranhão,2008
389,São Caetano de Odivelas,3.67,1507102,Pará,2008
390,Machadinho D'Oeste,52.95,1100130,Rondônia,2008
391,Bequimão,0.28,2101905,Maranhão,2008
392,Rosário,12.16,2109601,Maranhão,2008
393,Capitão Poço,7.11,1502301,Pará,2008
394,Bujaru,5.61,1501907,Pará,2008
395,Monte Negro,6.61,1101401,Rondônia,2008
396,Rodrigues Alves,4.9,1200427,Acre,2008
397,Terra Santa,5.64,1507979,Pará,2008
398,Bacuri,0.96,2101301,Maranhão,2008
399,Santa Rita,22.07,2110203,Maranhão,2008
400,Capanema,4.02,1502202,Pará,2008
401,Presidente Dutra,5.48,2109106,Maranhão,2008
402,Santarém,30.86,1506807,Pará,2008
403,Melgaço,4.49,1504505,Pará,2008
404,Peixe-Boi,3.82,1505601,Pará,2008
405,Passagem Franca,0.0,2107902,Maranhão,2008
406,Juruena,40.5,5105176,Mato Grosso,2008
407,Anajás,0.0,1500701,Pará,2008
408,Buritis,20.6,1100452,Rondônia,2008
409,Dom Eliseu,53.27,1502939,Pará,2008
410,Senador José Porfírio,14.8,1507805,Pará,2008
411,Vargem Grande,4.34,2112704,Maranhão,2008
412,Rio da Conceição,0.0,1718659,Tocantins,2008
413,Itapecuru Mirim,85.51,2105401,Maranhão,2008
414,Loreto,0.0,2106102,Maranhão,2008
415,Benedito Leite,0.0,2101806,Maranhão,2008
416,Jacundá,6.0,1503804,Pará,2008
417,Porto Walter,6.67,1200393,Acre,2008
418,Abel Figueiredo,2.04,1500131,Pará,2008
419,Açailândia,53.77,2100055,Maranhão,2008
420,Itacoatiara,26.93,1301902,Amazonas,2008
421,São Miguel do Tocantins,1.65,1720200,Tocantins,2008
422,Bom Lugar,0.0,2102077,Maranhão,2008
423,Marianópolis do Tocantins,1.08,1712504,Tocantins,2008
424,Santa Inês,0.0,2109908,Maranhão,2008
425,Codó,23.27,2103307,Maranhão,2008
426,Carlinda,3.95,5102793,Mato Grosso,2008
427,Pindorama do Tocantins,0.0,1717008,Tocantins,2008
428,Alto Parnaíba,0.0,2100501,Maranhão,2008
429,Feliz Natal,223.95,5103700,Mato Grosso,2008
430,São Félix do Araguaia,210.33,5107859,Mato Grosso,2008
431,Pequizeiro,0.99,1716653,Tocantins,2008
432,Eldorado do Carajás,30.33,1502954,Pará,2008
433,Rio Crespo,7.24,1100262,Rondônia,2008
434,Brasiléia,12.66,1200104,Acre,2008
435,Tangará da Serra,4.63,5107958,Mato Grosso,2008
436,Fonte Boa,1.91,1301605,Amazonas,2008
437,São Miguel do Guamá,7.79,1507607,Pará,2008
438,Nova Ipixuna,11.22,1504976,Pará,2008
439,Filadélfia,0.0,1707702,Tocantins,2008
440,São Domingos do Azeitão,0.0,2110658,Maranhão,2008
441,Beruri,2.42,1300631,Amazonas,2008
442,Espigão D'Oeste,10.69,1100098,Rondônia,2008
443,Uiramutã,0.44,1400704,Roraima,2008
444,Esperantinópolis,0.01,2104008,Maranhão,2008
445,Apiacás,45.96,5100805,Mato Grosso,2008
446,Tupiratins,0.0,1721307,Tocantins,2008
447,Itanhangá,90.83,5104542,Mato Grosso,2008
448,Barreirinha,7.89,1300508,Amazonas,2008
449,Nobres,0.71,5105903,Mato Grosso,2008
450,São Luís,15.76,2111300,Maranhão,2008
451,Tucuruí,26.81,1508100,Pará,2008
452,Paranã,0.0,1716208,Tocantins,2008
453,Imperatriz,3.93,2105302,Maranhão,2008
454,Benevides,0.06,1501501,Pará,2008
455,São João do Carú,0.16,2111029,Maranhão,2008
456,Cariri do Tocantins,0.0,1703867,Tocantins,2008
457,Óbidos,41.32,1505106,Pará,2008
458,Cidelândia,9.85,2103257,Maranhão,2008
459,Xapuri,22.99,1200708,Acre,2008
460,Porto Acre,8.21,1200807,Acre,2008
461,Lavandeira,0.0,1712157,Tocantins,2008
462,Ponte Alta do Bom Jesus,0.0,1717800,Tocantins,2008
463,São Roberto,0.0,2111672,Maranhão,2008
464,Alto Alegre do Pindaré,4.02,2100477,Maranhão,2008
465,Sena Madureira,34.81,1200500,Acre,2008
466,Abreulândia,1.86,1700251,Tocantins,2008
467,Governador Luiz Rocha,17.23,2104628,Maranhão,2008
468,Pedreiras,0.36,2108207,Maranhão,2008
469,Xinguara,4.74,1508407,Pará,2008
470,Itapuã do Oeste,20.44,1101104,Rondônia,2008
471,São Sebastião da Boa Vista,0.0,1507706,Pará,2008
472,Presidente Médici,0.0,2109239,Maranhão,2008
473,São Francisco do Guaporé,44.92,1101492,Rondônia,2008
474,Fátima,0.0,1707553,Tocantins,2008
475,Paraibano,0.0,2107704,Maranhão,2008
476,Placas,85.71,1505650,Pará,2008
477,Vale do Paraíso,0.67,1101807,Rondônia,2008
478,Manoel Urbano,4.9,1200344,Acre,2008
479,Novo Progresso,235.91,1505031,Pará,2008
480,Montes Altos,1.69,2107001,Maranhão,2008
481,Chapada de Areia,0.0,1704600,Tocantins,2008
482,Vale do Anari,11.98,1101757,Rondônia,2008
483,Governador Edison Lobão,0.52,2104552,Maranhão,2008
484,Dueré,0.07,1707306,Tocantins,2008
485,Alenquer,39.56,1500404,Pará,2008
486,Mazagão,15.65,1600402,Amapá,2008
487,Curionópolis,4.69,1502772,Pará,2008
488,Tailândia,71.89,1507953,Pará,2008
489,Arapoema,0.0,1702307,Tocantins,2008
490,Rondolândia,18.24,5107578,Mato Grosso,2008
491,Buriticupu,57.05,2102325,Maranhão,2008
492,São Paulo de Olivença,0.29,1303908,Amazonas,2008
493,Cantá,121.31,1400175,Roraima,2008
494,Apicum-Açu,0.0,2100832,Maranhão,2008
495,Anamã,0.07,1300086,Amazonas,2008
496,Sucupira,0.0,1720853,Tocantins,2008
497,Presidente Médici,3.5,1100254,Rondônia,2008
498,Pacajá,259.12,1505486,Pará,2008
499,Paranatinga,91.53,5106307,Mato Grosso,2008
500,Pimenta Bueno,43.44,1100189,Rondônia,2008
501,Paço do Lumiar,3.15,2107506,Maranhão,2008
502,Aparecida do Rio Negro,0.0,1701101,Tocantins,2008
503,Matinha,0.51,2106508,Maranhão,2008
504,Ulianópolis,135.78,1508126,Pará,2008
505,Itupiranga,226.17,1503705,Pará,2008
506,Rio Preto da Eva,7.08,1303569,Amazonas,2008
507,Santa Rita do Trivelato,1.3,5107768,Mato Grosso,2008
508,São João do Araguaia,34.66,1507508,Pará,2008
509,Água Azul do Norte,22.87,1500347,Pará,2008
510,Barra do Corda,43.08,2101608,Maranhão,2008
511,Urucurituba,0.56,1304401,Amazonas,2008
512,Santo Afonso,6.65,5107263,Mato Grosso,2008
513,Muaná,0.0,1504901,Pará,2008
514,Davinópolis,2.1,2103752,Maranhão,2008
515,Colméia,0.58,1716703,Tocantins,2008
516,Novo Repartimento,482.45,1505064,Pará,2008
517,Monte Santo do Tocantins,0.0,1713700,Tocantins,2008
518,Grajaú,74.48,2104800,Maranhão,2008
519,Alto Alegre dos Parecis,22.09,1100379,Rondônia,2008
520,Portel,96.67,1505809,Pará,2008
521,Itaúba,42.16,5104559,Mato Grosso,2008
522,Parecis,19.52,1101450,Rondônia,2008
523,Colorado do Oeste,1.75,1100064,Rondônia,2008
524,Presidente Kennedy,0.31,1718402,Tocantins,2008
525,Anapu,74.63,1500859,Pará,2008
526,Juarina,0.0,1711803,Tocantins,2008
527,Novo Horizonte do Norte,2.56,5106273,Mato Grosso,2008
528,Tonantins,0.3,1304237,Amazonas,2008
529,João Lisboa,9.43,2105500,Maranhão,2008
530,Porto Velho,208.5,1100205,Rondônia,2008
531,Nova Olinda,0.06,1714880,Tocantins,2008
532,Confresa,63.76,5103353,Mato Grosso,2008
533,Curuá,4.05,1502855,Pará,2008
534,Itapiranga,1.2,1302009,Amazonas,2008
535,São Luís Gonzaga do Maranhão,1.7,2111409,Maranhão,2008
536,Novo Santo Antônio,8.89,5106315,Mato Grosso,2008
537,Novo Horizonte do Oeste,3.01,1100502,Rondônia,2008
538,São Raimundo das Mangabeiras,0.0,2111607,Maranhão,2008
539,Cândido Mendes,3.59,2102606,Maranhão,2008
540,Amarante do Maranhão,59.22,2100600,Maranhão,2008
541,Plácido de Castro,3.26,1200385,Acre,2008
542,Serrano do Maranhão,0.48,2111789,Maranhão,2008
543,Irituia,4.39,1503507,Pará,2008
544,Pauini,3.14,1303502,Amazonas,2008
545,Oeiras do Pará,4.89,1505205,Pará,2008
546,Acrelândia,23.67,1200013,Acre,2008
547,Almeirim,59.03,1500503,Pará,2008
548,Ribeirão Cascalheira,5.54,5107180,Mato Grosso,2008
549,Esperantina,1.05,1707405,Tocantins,2008
550,Feijó,27.15,1200302,Acre,2008
551,Couto Magalhães,3.29,1706001,Tocantins,2008
552,Igarapé-Miri,2.4,1503309,Pará,2008
553,Rurópolis,49.29,1506195,Pará,2008
554,Porto Franco,2.4,2109007,Maranhão,2008
555,Sampaio,0.08,1718808,Tocantins,2008
556,Belém,0.95,1501402,Pará,2008
557,Vitória do Mearim,2.91,2112902,Maranhão,2008
558,Tupirama,0.0,1721257,Tocantins,2008
559,São Domingos do Capim,11.96,1507201,Pará,2008
560,Trizidela do Vale,0.07,2112233,Maranhão,2008
561,Porto Alegre do Tocantins,0.0,1718006,Tocantins,2008
562,Goiatins,0.0,1709005,Tocantins,2008
563,Chapada da Natividade,0.0,1705102,Tocantins,2008
564,São Sebastião do Tocantins,0.0,1720309,Tocantins,2008
565,Amapá do Maranhão,1.29,2100550,Maranhão,2008
566,Taguatinga,0.0,1720903,Tocantins,2008
567,São Vicente Ferrer,0.0,2111706,Maranhão,2008
568,Tocantínia,0.0,1721109,Tocantins,2008
569,Pinheiro,4.11,2108603,Maranhão,2008
570,Cristalândia,0.0,1706100,Tocantins,2008
571,Aguiarnópolis,0.08,1700301,Tocantins,2008
572,Piraquê,1.5,1717206,Tocantins,2008
573,Bonito,6.73,1501600,Pará,2008
574,Fortaleza dos Nogueiras,0.0,2104107,Maranhão,2008
575,Terra Alta,1.31,1507961,Pará,2008
576,Lago da Pedra,0.0,2105708,Maranhão,2008
577,Balsas,0.0,2101400,Maranhão,2008
578,Ipixuna do Pará,46.49,1503457,Pará,2008
579,Santo Antônio dos Lopes,6.14,2110302,Maranhão,2008
580,Serra do Navio,0.32,1600055,Amapá,2008
581,Pau D'Arco,1.71,1716307,Tocantins,2008
582,Concórdia do Pará,2.43,1502756,Pará,2008
583,Lima Campos,2.38,2106003,Maranhão,2008
584,São João do Paraíso,0.64,2111052,Maranhão,2008
585,Boa Vista do Gurupi,0.44,2101970,Maranhão,2008
586,Ponte Alta do Tocantins,0.0,1717909,Tocantins,2008
587,Nazaré,1.82,1714302,Tocantins,2008
588,Aveiro,32.95,1501006,Pará,2008
589,Nova União,4.43,1101435,Rondônia,2008
590,Boca do Acre,38.23,1300706,Amazonas,2008
591,Luciara,2.11,5105309,Mato Grosso,2008
592,Xambioá,7.88,1722107,Tocantins,2008
593,Barcelos,1.48,1300409,Amazonas,2008
594,Guaraí,4.46,1709302,Tocantins,2008
595,Codajás,1.37,1301308,Amazonas,2008
596,Querência,71.41,5107065,Mato Grosso,2008
597,São Luiz,12.82,1400605,Roraima,2008
598,Careiro,6.25,1301100,Amazonas,2008
599,Pium,0.0,1717503,Tocantins,2008
600,Brasnorte,117.04,5101902,Mato Grosso,2008
601,Paranaíta,41.24,5106299,Mato Grosso,2008
602,Oriximiná,29.23,1505304,Pará,2008
603,Amajari,34.71,1400027,Roraima,2008
604,Baião,18.19,1501204,Pará,2008
605,Pacaraima,0.0,1400456,Roraima,2008
606,Tabocão,0.0,1708254,Tocantins,2008
607,São Salvador do Tocantins,0.0,1720259,Tocantins,2008
608,Ipueiras,0.0,1709807,Tocantins,2008
609,Juruá,2.99,1302207,Amazonas,2008
610,Santana,4.97,1600600,Amapá,2008
611,Jutaí,3.86,1302306,Amazonas,2008
612,Crixás do Tocantins,0.0,1706258,Tocantins,2008
613,Angico,2.57,1701051,Tocantins,2008
614,Palestina do Pará,8.12,1505494,Pará,2008
615,Alto Boa Vista,18.22,5100359,Mato Grosso,2008
616,Turiaçu,7.47,2112407,Maranhão,2008
617,Wanderlândia,2.27,1722081,Tocantins,2008
618,Viana,6.28,2112803,Maranhão,2008
619,Pedro Afonso,0.18,1716505,Tocantins,2008
620,Riachinho,1.55,1718550,Tocantins,2008
621,São Valério,0.0,1720499,Tocantins,2008
622,Cachoeira do Piriá,23.36,1501956,Pará,2008
623,Castanhal,5.61,1502400,Pará,2008
624,Rondon do Pará,53.49,1506187,Pará,2008
625,Barra do Ouro,0.0,1703073,Tocantins,2008
626,Tomé-Açu,36.04,1508001,Pará,2008
627,Poção de Pedras,0.04,2108900,Maranhão,2008
628,São Bento,0.0,2110500,Maranhão,2008
629,Godofredo Viana,0.0,2104305,Maranhão,2008
630,Presidente Juscelino,15.49,2109205,Maranhão,2008
631,São Pedro dos Crentes,0.0,2111573,Maranhão,2008
632,Buriti do Tocantins,0.08,1703800,Tocantins,2008
633,Centro Novo do Maranhão,14.6,2103174,Maranhão,2008
634,Careiro da Várzea,13.76,1301159,Amazonas,2008
635,Buriti Bravo,6.87,2102309,Maranhão,2008
636,Pedro do Rosário,3.8,2108256,Maranhão,2008
637,Palmeirante,0.0,1715705,Tocantins,2008
638,Palmeiras do Tocantins,0.0,1713809,Tocantins,2008
639,Carrasco Bonito,0.32,1703891,Tocantins,2008
640,Conceição do Lago-Açu,0.0,2103554,Maranhão,2008
641,Vitorino Freire,0.0,2113009,Maranhão,2008
642,São Domingos do Araguaia,9.66,1507151,Pará,2008
643,Almas,0.0,1700400,Tocantins,2008
644,Lajeado,0.0,1712009,Tocantins,2008
645,Feira Nova do Maranhão,0.0,2104073,Maranhão,2008
646,Icatu,1.45,2105104,Maranhão,2008
647,Cururupu,0.0,2103703,Maranhão,2008
648,Itacajá,0.0,1710508,Tocantins,2008
649,Luís Domingues,0.9,2106201,Maranhão,2008
650,Campos Lindos,0.0,1703842,Tocantins,2008
651,Aurora do Pará,17.16,1500958,Pará,2008
652,Peri Mirim,1.13,2108405,Maranhão,2008
653,Capinzal do Norte,6.77,2102754,Maranhão,2008
654,Cachoeirinha,0.51,1703826,Tocantins,2008
655,Bela Vista do Maranhão,0.0,2101772,Maranhão,2008
656,Carmolândia,0.08,1703883,Tocantins,2008
657,Santa Rita do Tocantins,0.2,1718899,Tocantins,2008
658,Ministro Andreazza,3.32,1101203,Rondônia,2008
659,Ponta de Pedras,0.0,1505700,Pará,2008
660,Chupinguaia,17.69,1100924,Rondônia,2008
661,Castanheira,27.75,5102850,Mato Grosso,2008
662,Manaquiri,0.68,1302553,Amazonas,2008
663,Marcelândia,176.92,5105580,Mato Grosso,2008
664,Formoso do Araguaia,2.16,1708205,Tocantins,2008
665,São Felipe D'Oeste,0.35,1101484,Rondônia,2008
666,Brejinho de Nazaré,0.0,1703701,Tocantins,2008
667,Juara,123.98,5105101,Mato Grosso,2008
668,Guarantã do Norte,39.51,5104104,Mato Grosso,2008
669,Nova Marilândia,11.38,5108857,Mato Grosso,2008
670,Bernardo do Mearim,0.77,2101939,Maranhão,2008
671,Terra Nova do Norte,20.43,5108055,Mato Grosso,2008
672,Indiavaí,0.97,5104500,Mato Grosso,2008
673,Soure,0.0,1507904,Pará,2008
674,Caapiranga,0.16,1300839,Amazonas,2008
675,Marabá,347.51,1504208,Pará,2008
676,Nova Brasilândia D'Oeste,13.78,1100148,Rondônia,2008
677,Campo Novo do Parecis,0.97,5102637,Mato Grosso,2008
678,Guajará-Mirim,16.74,1100106,Rondônia,2008
679,Mojuí dos Campos,25.49,1504752,Pará,2008
680,Benjamin Constant,0.56,1300607,Amazonas,2008
681,Dois Irmãos do Tocantins,2.74,1707207,Tocantins,2008
682,Jaru,2.57,1100114,Rondônia,2008
683,Jordão,7.23,1200328,Acre,2008
684,Mucajaí,213.47,1400308,Roraima,2008
685,Normandia,0.34,1400407,Roraima,2008
686,Juína,53.27,5105150,Mato Grosso,2008
687,Corumbiara,4.39,1100072,Rondônia,2008
688,Urupá,2.14,1101708,Rondônia,2008
689,Trairão,42.33,1508050,Pará,2008
690,Atalaia do Norte,1.15,1300201,Amazonas,2008
691,Nhamundá,0.82,1303007,Amazonas,2008
692,Barra do Garças,4.93,5101803,Mato Grosso,2008
693,São Domingos do Maranhão,32.1,2110708,Maranhão,2008
694,Bagre,3.73,1501105,Pará,2008
695,São Bento do Tocantins,0.69,1720101,Tocantins,2008
696,Juruti,11.47,1503903,Pará,2008
697,Colniza,123.39,5103254,Mato Grosso,2008
698,Quatipuru,1.96,1506112,Pará,2008
699,Salinópolis,0.78,1506203,Pará,2008
700,Babaçulândia,0.0,1703008,Tocantins,2008
701,Zé Doca,3.86,2114007,Maranhão,2008
702,Sapucaia,0.4,1507755,Pará,2008
703,Colares,0.48,1502608,Pará,2008
704,Araguatins,14.78,1702208,Tocantins,2008
705,Pio XII,0.0,2108702,Maranhão,2008
706,Novo Jardim,0.0,1715259,Tocantins,2008
707,Marechal Thaumaturgo,11.84,1200351,Acre,2008
708,Teixeirópolis,0.52,1101559,Rondônia,2008
709,São Francisco do Pará,2.62,1507409,Pará,2008
710,Paulo Ramos,2.15,2108108,Maranhão,2008
711,Nova Colinas,0.0,2107258,Maranhão,2008
712,Santa Maria do Tocantins,0.0,1718881,Tocantins,2008
713,Arraias,0.0,1702406,Tocantins,2008
714,Salvaterra,0.26,1506302,Pará,2008
715,Manicoré,41.03,1302702,Amazonas,2008
716,Santa Maria do Pará,0.95,1506609,Pará,2008
717,Cajapió,0.0,2102408,Maranhão,2008
718,Bom Jardim,96.18,2102002,Maranhão,2008
719,Peixe,0.0,1716604,Tocantins,2008
720,Governador Archer,6.93,2104503,Maranhão,2008
721,Curralinho,0.7,1502806,Pará,2008
722,Talismã,0.0,1720978,Tocantins,2008
723,Timbiras,1.41,2112100,Maranhão,2008
724,Igarapé-Açu,4.19,1503200,Pará,2008
725,Lago Verde,0.0,2105906,Maranhão,2008
726,Itamarati,1.47,1301951,Amazonas,2008
727,Lábrea,65.18,1302405,Amazonas,2008
728,Luzinópolis,0.48,1712454,Tocantins,2008
729,Brasilândia do Tocantins,0.0,1703602,Tocantins,2008
730,Axixá,3.28,2101103,Maranhão,2008
731,Brejo de Areia,2.12,2102150,Maranhão,2008
732,Marituba,0.13,1504422,Pará,2008
733,Recursolândia,0.0,1718501,Tocantins,2008
734,Praia Norte,3.96,1718303,Tocantins,2008
735,Sítio Novo,0.06,2111805,Maranhão,2008
736,Ouro Preto do Oeste,1.33,1100155,Rondônia,2008
737,São Félix do Tocantins,0.0,1720150,Tocantins,2008
738,Marapanim,4.68,1504406,Pará,2008
739,Bacabeira,3.49,2101251,Maranhão,2008
740,Santarém Novo,3.07,1506906,Pará,2008
741,Mirador,0.0,2106706,Maranhão,2008
742,Vila Nova dos Martírios,2.13,2112852,Maranhão,2008
743,Riachão,0.0,2109502,Maranhão,2008
744,Ourém,6.86,1505403,Pará,2008
745,São José dos Basílios,3.15,2111250,Maranhão,2008
746,Governador Nunes Freire,0.2,2104677,Maranhão,2008
747,Calçoene,6.3,1600204,Amapá,2008
748,Alto Araguaia,0.0,5100300,Mato Grosso,2008
749,Mirinzal,0.0,2106805,Maranhão,2008
750,Jenipapo dos Vieiras,6.86,2105476,Maranhão,2008
751,Santa Izabel do Pará,1.33,1506500,Pará,2008
752,Combinado,0.0,1705557,Tocantins,2008
753,Envira,6.84,1301506,Amazonas,2008
754,Graça Aranha,12.05,2104701,Maranhão,2008
755,Tocantinópolis,1.05,1721208,Tocantins,2008
756,Amaturá,0.11,1300060,Amazonas,2008
757,Cacaulândia,6.9,1100601,Rondônia,2008
758,São Félix de Balsas,0.0,2110807,Maranhão,2008
759,Colinas,11.78,2103505,Maranhão,2008
760,Buritirana,23.53,2102358,Maranhão,2008
761,Ananindeua,0.0,1500800,Pará,2008
762,Presidente Figueiredo,18.95,1303536,Amazonas,2008
763,Abaetetuba,1.24,1500107,Pará,2008
764,Pindaré-Mirim,0.0,2108504,Maranhão,2008
765,Centenário,0.0,1704105,Tocantins,2008
766,Santa Terezinha do Tocantins,0.0,1720002,Tocantins,2008
767,Vigia,1.46,1508209,Pará,2008
768,Campo Novo de Rondônia,19.57,1100700,Rondônia,2008
769,Santa Cruz do Xingu,7.3,5107743,Mato Grosso,2008
770,Lajeado Novo,0.63,2105989,Maranhão,2008
771,Afuá,0.13,1500305,Pará,2008
772,Ribamar Fiquene,1.18,2109551,Maranhão,2008
773,Peixoto de Azevedo,24.45,5106422,Mato Grosso,2009
774,Pau D'Arco,4.63,1505551,Pará,2009
775,Mâncio Lima,1.3,1200336,Acre,2009
776,Alto Alegre,4.26,1400050,Roraima,2009
777,Pedra Preta,0.15,5106372,Mato Grosso,2009
778,Itaituba,148.67,1503606,Pará,2009
779,Redenção,2.92,1506138,Pará,2009
780,Iracema,5.63,1400282,Roraima,2009
781,Santo Antônio do Leverger,2.35,5107800,Mato Grosso,2009
782,Porto Esperidião,0.36,5106828,Mato Grosso,2009
783,Nova Brasilândia,1.59,5106208,Mato Grosso,2009
784,Caracaraí,8.93,1400209,Roraima,2009
785,Ponte Branca,0.0,5106703,Mato Grosso,2009
786,Cuiabá,0.59,5103403,Mato Grosso,2009
787,Tucumã,2.58,1508084,Pará,2009
788,Alto Paraguai,0.3,5100508,Mato Grosso,2009
789,São Pedro da Cipa,0.0,5107404,Mato Grosso,2009
790,Porto Estrela,0.15,5106851,Mato Grosso,2009
791,Porto de Moz,53.86,1505908,Pará,2009
792,Denise,0.4,5103452,Mato Grosso,2009
793,Cáceres,2.18,5102504,Mato Grosso,2009
794,Tesouro,0.0,5108105,Mato Grosso,2009
795,Araguaiana,0.23,5101001,Mato Grosso,2009
796,Matupá,9.06,5105606,Mato Grosso,2009
797,Conquista D'Oeste,0.85,5103361,Mato Grosso,2009
798,Vale de São Domingos,0.34,5108352,Mato Grosso,2009
799,Juscimeira,0.0,5105200,Mato Grosso,2009
800,Nova Guarita,0.08,5108808,Mato Grosso,2009
801,Bonfim,2.42,1400159,Roraima,2009
802,Tapauá,0.71,1304104,Amazonas,2009
803,Salto do Céu,0.5,5107750,Mato Grosso,2009
804,Campo Verde,0.66,5102678,Mato Grosso,2009
805,Eirunepé,1.66,1301407,Amazonas,2009
806,Curvelândia,0.0,5103437,Mato Grosso,2009
807,Acorizal,0.0,5100102,Mato Grosso,2009
808,Várzea Grande,0.0,5108402,Mato Grosso,2009
809,Rosário Oeste,0.09,5107701,Mato Grosso,2009
810,Rio Branco,0.0,5107206,Mato Grosso,2009
811,Santo Antônio do Leste,0.0,5107792,Mato Grosso,2009
812,Chapada dos Guimarães,0.65,5103007,Mato Grosso,2009
813,Novo São Joaquim,0.0,5106281,Mato Grosso,2009
814,Glória D'Oeste,0.05,5103957,Mato Grosso,2009
815,São José do Povo,0.0,5107297,Mato Grosso,2009
816,Mirassol d'Oeste,1.78,5105622,Mato Grosso,2009
817,Nova Bandeirantes,52.52,5106158,Mato Grosso,2009
818,Poconé,0.67,5106505,Mato Grosso,2009
819,Conceição do Araguaia,7.22,1502707,Pará,2009
820,Barra do Bugres,11.71,5101704,Mato Grosso,2009
821,Guiratinga,0.0,5104203,Mato Grosso,2009
822,Dom Aquino,0.0,5103601,Mato Grosso,2009
823,Lambari D'Oeste,0.95,5105234,Mato Grosso,2009
824,São José dos Quatro Marcos,0.9,5107107,Mato Grosso,2009
825,Poxoréu,0.44,5107008,Mato Grosso,2009
826,Floresta do Araguaia,12.13,1503044,Pará,2009
827,Barão de Melgaço,1.84,5101605,Mato Grosso,2009
828,Araputanga,0.24,5101258,Mato Grosso,2009
829,Nova Olímpia,0.49,5106232,Mato Grosso,2009
830,Rondonópolis,0.26,5107602,Mato Grosso,2009
831,Nova Xavantina,0.0,5106257,Mato Grosso,2009
832,Pontal do Araguaia,0.0,5106653,Mato Grosso,2009
833,Jangada,0.0,5104906,Mato Grosso,2009
834,Amapá,1.88,1600105,Amapá,2009
835,Guajará,2.0,1301654,Amazonas,2009
836,Vila Bela da Santíssima Trindade,24.36,5105507,Mato Grosso,2009
837,Araguainha,0.0,5101209,Mato Grosso,2009
838,Capixaba,3.79,1200179,Acre,2009
839,Jauru,0.25,5105002,Mato Grosso,2009
840,Ribeirãozinho,0.0,5107198,Mato Grosso,2009
841,Reserva do Cabaçal,2.1,5107156,Mato Grosso,2009
842,Figueirópolis D'Oeste,0.17,5103809,Mato Grosso,2009
843,Alto Garças,0.0,5100409,Mato Grosso,2009
844,Nossa Senhora do Livramento,0.0,5106109,Mato Grosso,2009
845,Jaciara,0.35,5104807,Mato Grosso,2009
846,Manaus,3.68,1302603,Amazonas,2009
847,Pontes e Lacerda,10.55,5106752,Mato Grosso,2009
848,Ipixuna,0.75,1301803,Amazonas,2009
849,Primavera do Leste,0.0,5107040,Mato Grosso,2009
850,Maraã,0.53,1302801,Amazonas,2009
851,Torixoréu,0.0,5108204,Mato Grosso,2009
852,General Carneiro,0.0,5103908,Mato Grosso,2009
853,Nova Rosalândia,0.0,1715002,Tocantins,2009
854,São Gabriel da Cachoeira,4.43,1303809,Amazonas,2009
855,Ipiranga do Norte,7.48,5104526,Mato Grosso,2009
856,Araguaína,1.89,1702109,Tocantins,2009
857,São Geraldo do Araguaia,3.48,1507458,Pará,2009
858,Augusto Corrêa,0.39,1500909,Pará,2009
859,Uarini,0.51,1304260,Amazonas,2009
860,Vilhena,6.25,1100304,Rondônia,2009
861,Nova Lacerda,9.06,5106182,Mato Grosso,2009
862,Itaporã do Tocantins,0.08,1711100,Tocantins,2009
863,Lucas do Rio Verde,0.59,5105259,Mato Grosso,2009
864,Nova Maringá,11.31,5108907,Mato Grosso,2009
865,Goianésia do Pará,25.89,1503093,Pará,2009
866,Bujari,7.62,1200138,Acre,2009
867,Rio Maria,6.77,1506161,Pará,2009
868,Divinópolis do Tocantins,0.08,1707108,Tocantins,2009
869,Jacareacanga,14.82,1503754,Pará,2009
870,Barrolândia,0.0,1703107,Tocantins,2009
871,Diamantino,0.88,5103502,Mato Grosso,2009
872,Santa Fé do Araguaia,3.01,1718865,Tocantins,2009
873,Santa Carmem,5.45,5107248,Mato Grosso,2009
874,Bannach,15.75,1501253,Pará,2009
875,Canabrava do Norte,6.96,5102694,Mato Grosso,2009
876,Pedra Branca do Amapari,4.74,1600154,Amapá,2009
877,Oliveira de Fátima,0.0,1715507,Tocantins,2009
878,Caseara,4.56,1703909,Tocantins,2009
879,Santa Cruz do Arari,0.0,1506401,Pará,2009
880,Tapurah,7.29,5108006,Mato Grosso,2009
881,Parauapebas,4.86,1505536,Pará,2009
882,Limoeiro do Ajuru,0.33,1504000,Pará,2009
883,Theobroma,6.41,1101609,Rondônia,2009
884,São Félix do Xingu,439.7,1507300,Pará,2009
885,Comodoro,13.61,5103304,Mato Grosso,2009
886,Goianorte,0.33,1708304,Tocantins,2009
887,Governador Jorge Teixeira,4.84,1101005,Rondônia,2009
888,Tabaporã,8.78,5107941,Mato Grosso,2009
889,Epitaciolândia,4.17,1200252,Acre,2009
890,Vera,3.31,5108501,Mato Grosso,2009
891,Novo Mundo,12.26,5106265,Mato Grosso,2009
892,Bernardo Sayão,0.35,1703206,Tocantins,2009
893,Rolim de Moura,0.16,1100288,Rondônia,2009
894,Seringueiras,4.27,1101500,Rondônia,2009
895,Autazes,9.98,1300300,Amazonas,2009
896,Ferreira Gomes,1.11,1600238,Amapá,2009
897,Palmas,0.0,1721000,Tocantins,2009
898,São Francisco do Brejão,1.5,2110856,Maranhão,2009
899,Sambaíba,0.0,2109700,Maranhão,2009
900,Novo Alegre,0.0,1715150,Tocantins,2009
901,Santa Luzia D'Oeste,0.91,1100296,Rondônia,2009
902,Tartarugalzinho,6.06,1600709,Amapá,2009
903,Arenápolis,0.22,5101308,Mato Grosso,2009
904,Gurupi,0.0,1709500,Tocantins,2009
905,Lagoa da Confusão,4.28,1711902,Tocantins,2009
906,Boa Vista,0.16,1400100,Roraima,2009
907,Gurupá,5.52,1503101,Pará,2009
908,São Pedro da Água Branca,0.75,2111532,Maranhão,2009
909,Jaú do Tocantins,0.0,1711506,Tocantins,2009
910,Araguaçu,0.0,1702000,Tocantins,2009
911,Sandolândia,0.0,1718840,Tocantins,2009
912,Altamira,388.93,1500602,Pará,2009
913,Aliança do Tocantins,0.0,1700350,Tocantins,2009
914,São Sebastião do Uatumã,2.24,1303957,Amazonas,2009
915,Porto dos Gaúchos,8.83,5106802,Mato Grosso,2009
916,Sapezal,0.22,5107875,Mato Grosso,2009
917,Bragança,6.07,1501709,Pará,2009
918,Nova Santa Helena,3.73,5106190,Mato Grosso,2009
919,Alto Paraíso,11.12,1100403,Rondônia,2009
920,Araguanã,0.2,1702158,Tocantins,2009
921,São José do Rio Claro,8.61,5107305,Mato Grosso,2009
922,Pimenteiras do Oeste,4.95,1101468,Rondônia,2009
923,Mocajuba,0.34,1504604,Pará,2009
924,Iranduba,7.5,1301852,Amazonas,2009
925,Urucará,1.64,1304302,Amazonas,2009
926,Santa Isabel do Rio Negro,0.1,1303601,Amazonas,2009
927,Senador Guiomard,7.27,1200450,Acre,2009
928,Figueirópolis,0.0,1707652,Tocantins,2009
929,Coari,0.63,1301209,Amazonas,2009
930,Carauari,0.63,1301001,Amazonas,2009
931,Nova Mutum,4.37,5106224,Mato Grosso,2009
932,Nova Nazaré,0.16,5106174,Mato Grosso,2009
933,Brasil Novo,56.84,1501725,Pará,2009
934,Apuí,63.99,1300144,Amazonas,2009
935,Santa Terezinha,7.66,5107776,Mato Grosso,2009
936,Campinápolis,0.0,5102603,Mato Grosso,2009
937,Nova Mamoré,28.49,1100338,Rondônia,2009
938,Castanheiras,0.49,1100908,Rondônia,2009
939,União do Sul,2.96,5108303,Mato Grosso,2009
940,Alvorada,0.0,1700707,Tocantins,2009
941,Caroebe,23.78,1400233,Roraima,2009
942,Coroatá,18.31,2103604,Maranhão,2009
943,Pastos Bons,0.0,2108009,Maranhão,2009
944,Lago do Junco,0.0,2105807,Maranhão,2009
945,Matões do Norte,3.32,2106631,Maranhão,2009
946,Cantanhede,13.96,2102705,Maranhão,2009
947,Arame,27.76,2100956,Maranhão,2009
948,Conceição do Tocantins,0.0,1705607,Tocantins,2009
949,Tufilândia,0.0,2112274,Maranhão,2009
950,Governador Newton Bello,1.66,2104651,Maranhão,2009
951,Maranhãozinho,2.21,2106375,Maranhão,2009
952,Igarapé Grande,0.0,2105203,Maranhão,2009
953,Monção,2.91,2106904,Maranhão,2009
954,Peritoró,8.47,2108454,Maranhão,2009
955,Sucupira do Norte,0.0,2111904,Maranhão,2009
956,Formosa da Serra Negra,0.75,2104099,Maranhão,2009
957,Nova Iorque,0.0,2107308,Maranhão,2009
958,Santa Filomena do Maranhão,0.84,2109759,Maranhão,2009
959,Carutapera,3.48,2102903,Maranhão,2009
960,Rio Branco,18.54,1200401,Acre,2009
961,Satubinha,0.0,2111722,Maranhão,2009
962,Cujubim,30.7,1100940,Rondônia,2009
963,Fernando Falcão,14.39,2104081,Maranhão,2009
964,Pirapemas,10.85,2108801,Maranhão,2009
965,Centro do Guilherme,11.28,2103158,Maranhão,2009
966,Oiapoque,4.14,1600501,Amapá,2009
967,Darcinópolis,0.24,1706506,Tocantins,2009
968,Alcântara,0.1,2100204,Maranhão,2009
969,Arari,0.83,2101004,Maranhão,2009
970,Cumaru do Norte,36.5,1502764,Pará,2009
971,Miranda do Norte,0.74,2106755,Maranhão,2009
972,Penalva,0.28,2108306,Maranhão,2009
973,Brejo Grande do Araguaia,3.15,1501758,Pará,2009
974,Medicilândia,55.03,1504455,Pará,2009
975,Nova Timboteua,0.35,1505007,Pará,2009
976,Central do Maranhão,0.0,2103125,Maranhão,2009
977,Alto Alegre do Maranhão,3.45,2100436,Maranhão,2009
978,Maurilândia do Tocantins,0.14,1712801,Tocantins,2009
979,Paragominas,120.43,1505502,Pará,2009
980,Morros,0.0,2107100,Maranhão,2009
981,Itinga do Maranhão,37.93,2105427,Maranhão,2009
982,Santa Helena,1.7,2109809,Maranhão,2009
983,São João da Ponta,0.3,1507466,Pará,2009
984,Cedral,0.0,2103109,Maranhão,2009
985,São João Batista,0.0,2111003,Maranhão,2009
986,São Raimundo do Doca Bezerra,0.0,2111631,Maranhão,2009
987,Turilândia,5.36,2112456,Maranhão,2009
988,São João de Pirabas,1.96,1507474,Pará,2009
989,Lago dos Rodrigues,0.0,2105948,Maranhão,2009
990,Lagoa do Tocantins,0.0,1711951,Tocantins,2009
991,Dianópolis,0.0,1707009,Tocantins,2009
992,Novo Acordo,0.0,1715101,Tocantins,2009
993,Maracanã,0.52,1504307,Pará,2009
994,Axixá do Tocantins,0.06,1702901,Tocantins,2009
995,Cachoeira Grande,0.0,2102374,Maranhão,2009
996,Anajatuba,0.13,2100709,Maranhão,2009
997,Aurora do Tocantins,0.0,1702703,Tocantins,2009
998,Itiquira,0.0,5104609,Mato Grosso,2009
999,Mateiros,0.0,1712702,Tocantins,2009
1000,Natividade,0.0,1714203,Tocantins,2009
1001,Joselândia,2.18,2105609,Maranhão,2009
1002,Bom Jesus do Tocantins,0.0,1703305,Tocantins,2009
1003,Estreito,0.0,2104057,Maranhão,2009
1004,Lizarda,0.0,1712405,Tocantins,2009
1005,Ariquemes,8.59,1100023,Rondônia,2009
1006,Olho d'Água das Cunhãs,0.0,2107407,Maranhão,2009
1007,Cajari,0.73,2102507,Maranhão,2009
1008,Bom Jesus do Tocantins,5.45,1501576,Pará,2009
1009,Chaves,0.84,1502509,Pará,2009
1010,Governador Eugênio Barros,5.51,2104602,Maranhão,2009
1011,Barcarena,2.67,1501303,Pará,2009
1012,São João da Baliza,8.84,1400506,Roraima,2009
1013,Miracema do Tocantins,0.0,1713205,Tocantins,2009
1014,Rio dos Bois,0.0,1718709,Tocantins,2009
1015,Itaubal,0.0,1600253,Amapá,2009
1016,Tefé,4.29,1304203,Amazonas,2009
1017,Cláudia,25.25,5103056,Mato Grosso,2009
1018,Nortelândia,0.66,5106000,Mato Grosso,2009
1019,Anori,0.55,1300102,Amazonas,2009
1020,Água Boa,0.0,5100201,Mato Grosso,2009
1021,Miranorte,0.11,1713304,Tocantins,2009
1022,Rorainópolis,18.16,1400472,Roraima,2009
1023,Cocalinho,0.63,5103106,Mato Grosso,2009
1024,Costa Marques,18.12,1100080,Rondônia,2009
1025,Macapá,0.75,1600303,Amapá,2009
1026,Mirante da Serra,1.61,1101302,Rondônia,2009
1027,Monte Alegre,7.32,1504802,Pará,2009
1028,Santa Rosa do Purus,1.87,1200435,Acre,2009
1029,Palmeirópolis,0.0,1715754,Tocantins,2009
1030,Canaã dos Carajás,0.87,1502152,Pará,2009
1031,Guimarães,0.33,2104909,Maranhão,2009
1032,Belterra,6.59,1501451,Pará,2009
1033,Itapiratins,0.0,1710904,Tocantins,2009
1034,Araguanã,0.72,2100873,Maranhão,2009
1035,Viseu,31.78,1508308,Pará,2009
1036,Uruará,99.08,1508159,Pará,2009
1037,Junco do Maranhão,0.29,2105658,Maranhão,2009
1038,Novo Aripuanã,15.75,1303304,Amazonas,2009
1039,Cotriguaçu,35.87,5103379,Mato Grosso,2009
1040,Jatobá,2.08,2105450,Maranhão,2009
1041,Rio Sono,0.0,1718758,Tocantins,2009
1042,Tracuateua,4.23,1508035,Pará,2009
1043,Breu Branco,17.53,1501782,Pará,2009
1044,Santa Tereza do Tocantins,0.0,1719004,Tocantins,2009
1045,Maracaçumé,0.92,2106326,Maranhão,2009
1046,Parintins,5.2,1303403,Amazonas,2009
1047,Porto Grande,4.63,1600535,Amapá,2009
1048,Aragominas,3.48,1701309,Tocantins,2009
1049,Pugmil,0.0,1718451,Tocantins,2009
1050,Araguacema,1.84,1701903,Tocantins,2009
1051,Novo Airão,1.94,1303205,Amazonas,2009
1052,Breves,0.97,1501808,Pará,2009
1053,Acará,11.9,1500206,Pará,2009
1054,Augustinópolis,0.0,1702554,Tocantins,2009
1055,Canutama,13.93,1300904,Amazonas,2009
1056,Serra Nova Dourada,17.81,5107883,Mato Grosso,2009
1057,Humaitá,5.2,1301704,Amazonas,2009
1058,Borba,2.56,1300805,Amazonas,2009
1059,Ourilândia do Norte,7.3,1505437,Pará,2009
1060,Cerejeiras,0.58,1100056,Rondônia,2009
1061,Mãe do Rio,0.0,1504059,Pará,2009
1062,Bom Jesus das Selvas,21.19,2102036,Maranhão,2009
1063,São João do Soter,0.0,2111078,Maranhão,2009
1064,Magalhães Barata,0.0,1504109,Pará,2009
1065,Senador Alexandre Costa,3.2,2111748,Maranhão,2009
1066,São Mateus do Maranhão,1.04,2111508,Maranhão,2009
1067,Marajá do Sena,5.53,2106359,Maranhão,2009
1068,Igarapé do Meio,0.25,2105153,Maranhão,2009
1069,Santa Rosa do Tocantins,0.0,1718907,Tocantins,2009
1070,Manacapuru,14.69,1302504,Amazonas,2009
1071,Alvarães,2.02,1300029,Amazonas,2009
1072,Cabixi,0.89,1100031,Rondônia,2009
1073,Candeias do Jamari,12.22,1100809,Rondônia,2009
1074,Nova Canaã do Norte,4.92,5106216,Mato Grosso,2009
1075,Moju,66.74,1504703,Pará,2009
1076,Maués,8.38,1302900,Amazonas,2009
1077,São Miguel do Guaporé,3.79,1100320,Rondônia,2009
1078,Santa Maria das Barreiras,24.34,1506583,Pará,2009
1079,Silves,0.3,1304005,Amazonas,2009
1080,Bandeirantes do Tocantins,0.0,1703057,Tocantins,2009
1081,Porto Alegre do Norte,0.92,5106778,Mato Grosso,2009
1082,Gaúcha do Norte,9.26,5103858,Mato Grosso,2009
1083,Nova Monte Verde,6.55,5108956,Mato Grosso,2009
1084,Cametá,6.68,1502103,Pará,2009
1085,Tarauacá,15.43,1200609,Acre,2009
1086,São José do Xingu,5.96,5107354,Mato Grosso,2009
1087,Nova Olinda do Norte,1.24,1303106,Amazonas,2009
1088,Pracuúba,2.4,1600550,Amapá,2009
1089,Bom Jesus do Araguaia,10.89,5101852,Mato Grosso,2009
1090,Santo Antônio do Içá,1.17,1303700,Amazonas,2009
1091,Tabatinga,1.09,1304062,Amazonas,2009
1092,Vitória do Xingu,1.51,1508357,Pará,2009
1093,Campos de Júlio,0.0,5102686,Mato Grosso,2009
1094,Aripuanã,41.38,5101407,Mato Grosso,2009
1095,Alvorada D'Oeste,1.44,1100346,Rondônia,2009
1096,Nova Ubiratã,30.84,5106240,Mato Grosso,2009
1097,Cruzeiro do Sul,4.24,1200203,Acre,2009
1098,Alta Floresta,7.08,5100250,Mato Grosso,2009
1099,Faro,2.32,1503002,Pará,2009
1100,Canarana,0.54,5102702,Mato Grosso,2009
1101,Cachoeira do Arari,0.33,1502004,Pará,2009
1102,Paraíso do Tocantins,0.0,1716109,Tocantins,2009
1103,Primavera de Rondônia,0.0,1101476,Rondônia,2009
1104,Cutias,0.22,1600212,Amapá,2009
1105,Cacoal,3.04,1100049,Rondônia,2009
1106,Piçarra,12.11,1505635,Pará,2009
1107,Vitória do Jari,1.83,1600808,Amapá,2009
1108,Porto Nacional,0.0,1718204,Tocantins,2009
1109,Assis Brasil,1.6,1200054,Acre,2009
1110,Planalto da Serra,0.0,5106455,Mato Grosso,2009
1111,Colinas do Tocantins,0.0,1705508,Tocantins,2009
1112,Colíder,2.41,5103205,Mato Grosso,2009
1113,Sinop,6.82,5107909,Mato Grosso,2009
1114,Muricilândia,0.76,1713957,Tocantins,2009
1115,Alta Floresta D'Oeste,5.04,1100015,Rondônia,2009
1116,Sorriso,1.31,5107925,Mato Grosso,2009
1117,Inhangapi,0.11,1503408,Pará,2009
1118,Bacabal,0.08,2101202,Maranhão,2009
1119,Primavera,0.07,1506104,Pará,2009
1120,Presidente Sarney,1.62,2109270,Maranhão,2009
1121,Lagoa Grande do Maranhão,1.79,2105963,Maranhão,2009
1122,Campestre do Maranhão,0.72,2102556,Maranhão,2009
1123,Dom Pedro,2.7,2103802,Maranhão,2009
1124,Itaguatins,1.88,1710706,Tocantins,2009
1125,Nova Olinda do Maranhão,17.4,2107357,Maranhão,2009
1126,Ananás,1.05,1701002,Tocantins,2009
1127,Santa Luzia do Paruá,0.24,2110039,Maranhão,2009
1128,Palmeirândia,0.06,2107605,Maranhão,2009
1129,Nova Esperança do Piriá,59.58,1504950,Pará,2009
1130,Alto Taquari,0.0,5100607,Mato Grosso,2009
1131,Ji-Paraná,5.22,1100122,Rondônia,2009
1132,Boa Vista do Ramos,0.14,1300680,Amazonas,2009
1133,Carolina,0.0,2102804,Maranhão,2009
1134,Japurá,0.46,1302108,Amazonas,2009
1135,Santa Bárbara do Pará,0.0,1506351,Pará,2009
1136,Monte do Carmo,0.0,1713601,Tocantins,2009
1137,Prainha,34.11,1506005,Pará,2009
1138,Tuntum,7.25,2112308,Maranhão,2009
1139,Curuçá,1.45,1502905,Pará,2009
1140,Taipas do Tocantins,0.0,1720937,Tocantins,2009
1141,Itaipava do Grajaú,4.79,2105351,Maranhão,2009
1142,Laranjal do Jari,5.04,1600279,Amapá,2009
1143,Senador La Rocque,4.38,2111763,Maranhão,2009
1144,Santa Luzia,14.76,2110005,Maranhão,2009
1145,Santana do Araguaia,26.55,1506708,Pará,2009
1146,Santo Antônio do Tauá,0.11,1507003,Pará,2009
1147,Tasso Fragoso,0.0,2112001,Maranhão,2009
1148,Porto Rico do Maranhão,0.16,2109056,Maranhão,2009
1149,Silvanópolis,0.0,1720655,Tocantins,2009
1150,Sítio Novo do Tocantins,1.27,1720804,Tocantins,2009
1151,Santa Luzia do Pará,8.81,1506559,Pará,2009
1152,Raposa,0.0,2109452,Maranhão,2009
1153,Vila Rica,7.7,5108600,Mato Grosso,2009
1154,Olinda Nova do Maranhão,0.0,2107456,Maranhão,2009
1155,Presidente Vargas,0.61,2109304,Maranhão,2009
1156,Bacurituba,0.0,2101350,Maranhão,2009
1157,Gonçalves Dias,10.71,2104404,Maranhão,2009
1158,São José de Ribamar,0.0,2111201,Maranhão,2009
1159,Altamira do Maranhão,0.0,2100402,Maranhão,2009
1160,Garrafão do Norte,17.83,1503077,Pará,2009
1161,Fortuna,4.58,2104206,Maranhão,2009
1162,São Caetano de Odivelas,0.34,1507102,Pará,2009
1163,Machadinho D'Oeste,27.73,1100130,Rondônia,2009
1164,Bequimão,0.18,2101905,Maranhão,2009
1165,Rosário,0.09,2109601,Maranhão,2009
1166,Capitão Poço,11.74,1502301,Pará,2009
1167,Bujaru,0.54,1501907,Pará,2009
1168,Monte Negro,7.09,1101401,Rondônia,2009
1169,Rodrigues Alves,2.57,1200427,Acre,2009
1170,Terra Santa,4.06,1507979,Pará,2009
1171,Bacuri,0.31,2101301,Maranhão,2009
1172,Santa Rita,0.15,2110203,Maranhão,2009
1173,Capanema,1.3,1502202,Pará,2009
1174,Presidente Dutra,1.64,2109106,Maranhão,2009
1175,Santarém,18.11,1506807,Pará,2009
1176,Melgaço,0.07,1504505,Pará,2009
1177,Peixe-Boi,0.14,1505601,Pará,2009
1178,Passagem Franca,0.0,2107902,Maranhão,2009
1179,Juruena,15.37,5105176,Mato Grosso,2009
1180,Anajás,1.03,1500701,Pará,2009
1181,Buritis,16.62,1100452,Rondônia,2009
1182,Dom Eliseu,40.6,1502939,Pará,2009
1183,Senador José Porfírio,3.67,1507805,Pará,2009
1184,Vargem Grande,2.22,2112704,Maranhão,2009
1185,Rio da Conceição,0.0,1718659,Tocantins,2009
1186,Itapecuru Mirim,3.97,2105401,Maranhão,2009
1187,Loreto,0.0,2106102,Maranhão,2009
1188,Benedito Leite,0.0,2101806,Maranhão,2009
1189,Jacundá,3.56,1503804,Pará,2009
1190,Porto Walter,0.97,1200393,Acre,2009
1191,Abel Figueiredo,1.04,1500131,Pará,2009
1192,Açailândia,23.84,2100055,Maranhão,2009
1193,Itacoatiara,5.51,1301902,Amazonas,2009
1194,São Miguel do Tocantins,4.45,1720200,Tocantins,2009
1195,Bom Lugar,0.0,2102077,Maranhão,2009
1196,Marianópolis do Tocantins,0.81,1712504,Tocantins,2009
1197,Santa Inês,0.0,2109908,Maranhão,2009
1198,Codó,9.22,2103307,Maranhão,2009
1199,Carlinda,0.22,5102793,Mato Grosso,2009
1200,Pindorama do Tocantins,0.0,1717008,Tocantins,2009
1201,Alto Parnaíba,0.0,2100501,Maranhão,2009
1202,Feliz Natal,3.62,5103700,Mato Grosso,2009
1203,São Félix do Araguaia,16.59,5107859,Mato Grosso,2009
1204,Pequizeiro,0.23,1716653,Tocantins,2009
1205,Eldorado do Carajás,24.61,1502954,Pará,2009
1206,Rio Crespo,5.83,1100262,Rondônia,2009
1207,Brasiléia,8.22,1200104,Acre,2009
1208,Tangará da Serra,1.45,5107958,Mato Grosso,2009
1209,Fonte Boa,0.7,1301605,Amazonas,2009
1210,São Miguel do Guamá,0.66,1507607,Pará,2009
1211,Nova Ipixuna,10.41,1504976,Pará,2009
1212,Filadélfia,0.0,1707702,Tocantins,2009
1213,São Domingos do Azeitão,0.0,2110658,Maranhão,2009
1214,Beruri,1.99,1300631,Amazonas,2009
1215,Espigão D'Oeste,4.86,1100098,Rondônia,2009
1216,Uiramutã,1.66,1400704,Roraima,2009
1217,Esperantinópolis,0.02,2104008,Maranhão,2009
1218,Apiacás,13.59,5100805,Mato Grosso,2009
1219,Tupiratins,0.0,1721307,Tocantins,2009
1220,Itanhangá,9.03,5104542,Mato Grosso,2009
1221,Barreirinha,2.67,1300508,Amazonas,2009
1222,Nobres,1.44,5105903,Mato Grosso,2009
1223,São Luís,0.0,2111300,Maranhão,2009
1224,Tucuruí,2.09,1508100,Pará,2009
1225,Paranã,0.0,1716208,Tocantins,2009
1226,Imperatriz,3.33,2105302,Maranhão,2009
1227,Benevides,0.0,1501501,Pará,2009
1228,São João do Carú,21.74,2111029,Maranhão,2009
1229,Cariri do Tocantins,0.0,1703867,Tocantins,2009
1230,Óbidos,27.68,1505106,Pará,2009
1231,Cidelândia,5.93,2103257,Maranhão,2009
1232,Xapuri,7.0,1200708,Acre,2009
1233,Porto Acre,6.3,1200807,Acre,2009
1234,Lavandeira,0.0,1712157,Tocantins,2009
1235,Ponte Alta do Bom Jesus,0.0,1717800,Tocantins,2009
1236,São Roberto,0.0,2111672,Maranhão,2009
1237,Alto Alegre do Pindaré,1.63,2100477,Maranhão,2009
1238,Sena Madureira,20.61,1200500,Acre,2009
1239,Abreulândia,0.0,1700251,Tocantins,2009
1240,Governador Luiz Rocha,4.13,2104628,Maranhão,2009
1241,Pedreiras,0.28,2108207,Maranhão,2009
1242,Xinguara,4.4,1508407,Pará,2009
1243,Itapuã do Oeste,3.84,1101104,Rondônia,2009
1244,São Sebastião da Boa Vista,0.46,1507706,Pará,2009
1245,Presidente Médici,0.0,2109239,Maranhão,2009
1246,São Francisco do Guaporé,11.59,1101492,Rondônia,2009
1247,Fátima,0.0,1707553,Tocantins,2009
1248,Paraibano,0.0,2107704,Maranhão,2009
1249,Placas,39.52,1505650,Pará,2009
1250,Vale do Paraíso,0.66,1101807,Rondônia,2009
1251,Manoel Urbano,5.33,1200344,Acre,2009
1252,Novo Progresso,316.78,1505031,Pará,2009
1253,Montes Altos,2.58,2107001,Maranhão,2009
1254,Chapada de Areia,0.0,1704600,Tocantins,2009
1255,Vale do Anari,10.11,1101757,Rondônia,2009
1256,Governador Edison Lobão,0.71,2104552,Maranhão,2009
1257,Dueré,0.0,1707306,Tocantins,2009
1258,Alenquer,18.51,1500404,Pará,2009
1259,Mazagão,5.9,1600402,Amapá,2009
1260,Curionópolis,0.9,1502772,Pará,2009
1261,Tailândia,16.19,1507953,Pará,2009
1262,Arapoema,0.08,1702307,Tocantins,2009
1263,Rondolândia,13.83,5107578,Mato Grosso,2009
1264,Buriticupu,24.32,2102325,Maranhão,2009
1265,São Paulo de Olivença,0.65,1303908,Amazonas,2009
1266,Cantá,8.0,1400175,Roraima,2009
1267,Apicum-Açu,0.0,2100832,Maranhão,2009
1268,Anamã,1.2,1300086,Amazonas,2009
1269,Sucupira,0.0,1720853,Tocantins,2009
1270,Presidente Médici,1.85,1100254,Rondônia,2009
1271,Pacajá,100.06,1505486,Pará,2009
1272,Paranatinga,4.0,5106307,Mato Grosso,2009
1273,Pimenta Bueno,14.05,1100189,Rondônia,2009
1274,Paço do Lumiar,0.44,2107506,Maranhão,2009
1275,Aparecida do Rio Negro,0.0,1701101,Tocantins,2009
1276,Matinha,0.0,2106508,Maranhão,2009
1277,Ulianópolis,43.51,1508126,Pará,2009
1278,Itupiranga,87.98,1503705,Pará,2009
1279,Rio Preto da Eva,1.3,1303569,Amazonas,2009
1280,Santa Rita do Trivelato,0.32,5107768,Mato Grosso,2009
1281,São João do Araguaia,15.37,1507508,Pará,2009
1282,Água Azul do Norte,10.88,1500347,Pará,2009
1283,Barra do Corda,34.32,2101608,Maranhão,2009
1284,Urucurituba,0.0,1304401,Amazonas,2009
1285,Santo Afonso,8.11,5107263,Mato Grosso,2009
1286,Muaná,0.75,1504901,Pará,2009
1287,Davinópolis,1.49,2103752,Maranhão,2009
1288,Colméia,0.54,1716703,Tocantins,2009
1289,Novo Repartimento,285.54,1505064,Pará,2009
1290,Monte Santo do Tocantins,0.0,1713700,Tocantins,2009
1291,Grajaú,65.37,2104800,Maranhão,2009
1292,Alto Alegre dos Parecis,3.83,1100379,Rondônia,2009
1293,Portel,30.97,1505809,Pará,2009
1294,Itaúba,1.77,5104559,Mato Grosso,2009
1295,Parecis,1.37,1101450,Rondônia,2009
1296,Colorado do Oeste,1.05,1100064,Rondônia,2009
1297,Presidente Kennedy,0.13,1718402,Tocantins,2009
1298,Anapu,26.77,1500859,Pará,2009
1299,Juarina,0.0,1711803,Tocantins,2009
1300,Novo Horizonte do Norte,0.23,5106273,Mato Grosso,2009
1301,Tonantins,0.44,1304237,Amazonas,2009
1302,João Lisboa,3.9,2105500,Maranhão,2009
1303,Porto Velho,99.55,1100205,Rondônia,2009
1304,Nova Olinda,0.11,1714880,Tocantins,2009
1305,Confresa,7.4,5103353,Mato Grosso,2009
1306,Curuá,4.28,1502855,Pará,2009
1307,Itapiranga,0.3,1302009,Amazonas,2009
1308,São Luís Gonzaga do Maranhão,1.03,2111409,Maranhão,2009
1309,Novo Santo Antônio,5.2,5106315,Mato Grosso,2009
1310,Novo Horizonte do Oeste,0.78,1100502,Rondônia,2009
1311,São Raimundo das Mangabeiras,0.0,2111607,Maranhão,2009
1312,Cândido Mendes,4.88,2102606,Maranhão,2009
1313,Amarante do Maranhão,58.94,2100600,Maranhão,2009
1314,Plácido de Castro,10.46,1200385,Acre,2009
1315,Serrano do Maranhão,0.45,2111789,Maranhão,2009
1316,Irituia,0.85,1503507,Pará,2009
1317,Pauini,3.25,1303502,Amazonas,2009
1318,Oeiras do Pará,8.07,1505205,Pará,2009
1319,Acrelândia,12.94,1200013,Acre,2009
1320,Almeirim,23.34,1500503,Pará,2009
1321,Ribeirão Cascalheira,2.38,5107180,Mato Grosso,2009
1322,Esperantina,1.27,1707405,Tocantins,2009
1323,Feijó,19.51,1200302,Acre,2009
1324,Couto Magalhães,0.31,1706001,Tocantins,2009
1325,Igarapé-Miri,3.15,1503309,Pará,2009
1326,Rurópolis,29.9,1506195,Pará,2009
1327,Porto Franco,2.18,2109007,Maranhão,2009
1328,Sampaio,0.26,1718808,Tocantins,2009
1329,Belém,0.08,1501402,Pará,2009
1330,Vitória do Mearim,1.71,2112902,Maranhão,2009
1331,Tupirama,0.0,1721257,Tocantins,2009
1332,São Domingos do Capim,1.52,1507201,Pará,2009
1333,Trizidela do Vale,0.0,2112233,Maranhão,2009
1334,Porto Alegre do Tocantins,0.0,1718006,Tocantins,2009
1335,Goiatins,0.0,1709005,Tocantins,2009
1336,Chapada da Natividade,0.0,1705102,Tocantins,2009
1337,São Sebastião do Tocantins,0.0,1720309,Tocantins,2009
1338,Amapá do Maranhão,1.75,2100550,Maranhão,2009
1339,Taguatinga,0.0,1720903,Tocantins,2009
1340,São Vicente Ferrer,0.0,2111706,Maranhão,2009
1341,Tocantínia,0.0,1721109,Tocantins,2009
1342,Pinheiro,1.02,2108603,Maranhão,2009
1343,Cristalândia,0.0,1706100,Tocantins,2009
1344,Aguiarnópolis,0.27,1700301,Tocantins,2009
1345,Piraquê,1.47,1717206,Tocantins,2009
1346,Bonito,0.62,1501600,Pará,2009
1347,Fortaleza dos Nogueiras,0.0,2104107,Maranhão,2009
1348,Terra Alta,0.1,1507961,Pará,2009
1349,Lago da Pedra,0.0,2105708,Maranhão,2009
1350,Balsas,0.0,2101400,Maranhão,2009
1351,Ipixuna do Pará,32.85,1503457,Pará,2009
1352,Santo Antônio dos Lopes,3.56,2110302,Maranhão,2009
1353,Serra do Navio,0.5,1600055,Amapá,2009
1354,Pau D'Arco,0.55,1716307,Tocantins,2009
1355,Concórdia do Pará,0.86,1502756,Pará,2009
1356,Lima Campos,1.73,2106003,Maranhão,2009
1357,São João do Paraíso,0.86,2111052,Maranhão,2009
1358,Boa Vista do Gurupi,5.14,2101970,Maranhão,2009
1359,Ponte Alta do Tocantins,0.0,1717909,Tocantins,2009
1360,Nazaré,0.07,1714302,Tocantins,2009
1361,Aveiro,29.2,1501006,Pará,2009
1362,Nova União,1.95,1101435,Rondônia,2009
1363,Boca do Acre,24.17,1300706,Amazonas,2009
1364,Luciara,0.42,5105309,Mato Grosso,2009
1365,Xambioá,3.12,1722107,Tocantins,2009
1366,Barcelos,0.54,1300409,Amazonas,2009
1367,Guaraí,1.27,1709302,Tocantins,2009
1368,Codajás,1.26,1301308,Amazonas,2009
1369,Querência,7.31,5107065,Mato Grosso,2009
1370,São Luiz,5.47,1400605,Roraima,2009
1371,Careiro,5.51,1301100,Amazonas,2009
1372,Pium,0.08,1717503,Tocantins,2009
1373,Brasnorte,16.02,5101902,Mato Grosso,2009
1374,Paranaíta,7.75,5106299,Mato Grosso,2009
1375,Oriximiná,17.99,1505304,Pará,2009
1376,Amajari,3.26,1400027,Roraima,2009
1377,Baião,13.37,1501204,Pará,2009
1378,Pacaraima,0.59,1400456,Roraima,2009
1379,Tabocão,0.0,1708254,Tocantins,2009
1380,São Salvador do Tocantins,0.0,1720259,Tocantins,2009
1381,Ipueiras,0.0,1709807,Tocantins,2009
1382,Juruá,1.86,1302207,Amazonas,2009
1383,Santana,0.19,1600600,Amapá,2009
1384,Jutaí,0.79,1302306,Amazonas,2009
1385,Crixás do Tocantins,0.0,1706258,Tocantins,2009
1386,Angico,0.07,1701051,Tocantins,2009
1387,Palestina do Pará,2.95,1505494,Pará,2009
1388,Alto Boa Vista,13.66,5100359,Mato Grosso,2009
1389,Turiaçu,16.98,2112407,Maranhão,2009
1390,Wanderlândia,0.15,1722081,Tocantins,2009
1391,Viana,0.91,2112803,Maranhão,2009
1392,Pedro Afonso,0.0,1716505,Tocantins,2009
1393,Riachinho,0.07,1718550,Tocantins,2009
1394,São Valério,0.0,1720499,Tocantins,2009
1395,Cachoeira do Piriá,81.83,1501956,Pará,2009
1396,Castanhal,0.54,1502400,Pará,2009
1397,Rondon do Pará,30.37,1506187,Pará,2009
1398,Barra do Ouro,0.0,1703073,Tocantins,2009
1399,Tomé-Açu,13.78,1508001,Pará,2009
1400,Poção de Pedras,0.05,2108900,Maranhão,2009
1401,São Bento,0.0,2110500,Maranhão,2009
1402,Godofredo Viana,4.17,2104305,Maranhão,2009
1403,Presidente Juscelino,0.0,2109205,Maranhão,2009
1404,São Pedro dos Crentes,0.0,2111573,Maranhão,2009
1405,Buriti do Tocantins,0.0,1703800,Tocantins,2009
1406,Centro Novo do Maranhão,79.26,2103174,Maranhão,2009
1407,Careiro da Várzea,5.65,1301159,Amazonas,2009
1408,Buriti Bravo,0.66,2102309,Maranhão,2009
1409,Pedro do Rosário,1.76,2108256,Maranhão,2009
1410,Palmeirante,0.0,1715705,Tocantins,2009
1411,Palmeiras do Tocantins,0.0,1713809,Tocantins,2009
1412,Carrasco Bonito,0.0,1703891,Tocantins,2009
1413,Conceição do Lago-Açu,0.0,2103554,Maranhão,2009
1414,Vitorino Freire,0.0,2113009,Maranhão,2009
1415,São Domingos do Araguaia,9.9,1507151,Pará,2009
1416,Almas,0.0,1700400,Tocantins,2009
1417,Lajeado,0.0,1712009,Tocantins,2009
1418,Feira Nova do Maranhão,0.0,2104073,Maranhão,2009
1419,Icatu,0.0,2105104,Maranhão,2009
1420,Cururupu,0.0,2103703,Maranhão,2009
1421,Itacajá,0.0,1710508,Tocantins,2009
1422,Luís Domingues,0.88,2106201,Maranhão,2009
1423,Campos Lindos,0.0,1703842,Tocantins,2009
1424,Aurora do Pará,10.67,1500958,Pará,2009
1425,Peri Mirim,0.1,2108405,Maranhão,2009
1426,Capinzal do Norte,3.2,2102754,Maranhão,2009
1427,Cachoeirinha,0.15,1703826,Tocantins,2009
1428,Bela Vista do Maranhão,0.0,2101772,Maranhão,2009
1429,Carmolândia,0.0,1703883,Tocantins,2009
1430,Santa Rita do Tocantins,0.39,1718899,Tocantins,2009
1431,Ministro Andreazza,0.69,1101203,Rondônia,2009
1432,Ponta de Pedras,0.4,1505700,Pará,2009
1433,Chupinguaia,6.04,1100924,Rondônia,2009
1434,Castanheira,15.76,5102850,Mato Grosso,2009
1435,Manaquiri,2.04,1302553,Amazonas,2009
1436,Marcelândia,3.35,5105580,Mato Grosso,2009
1437,Formoso do Araguaia,1.75,1708205,Tocantins,2009
1438,São Felipe D'Oeste,0.0,1101484,Rondônia,2009
1439,Brejinho de Nazaré,0.0,1703701,Tocantins,2009
1440,Juara,30.78,5105101,Mato Grosso,2009
1441,Guarantã do Norte,9.06,5104104,Mato Grosso,2009
1442,Nova Marilândia,5.09,5108857,Mato Grosso,2009
1443,Bernardo do Mearim,1.45,2101939,Maranhão,2009
1444,Terra Nova do Norte,11.61,5108055,Mato Grosso,2009
1445,Indiavaí,0.26,5104500,Mato Grosso,2009
1446,Soure,0.21,1507904,Pará,2009
1447,Caapiranga,2.18,1300839,Amazonas,2009
1448,Marabá,110.84,1504208,Pará,2009
1449,Nova Brasilândia D'Oeste,2.05,1100148,Rondônia,2009
1450,Campo Novo do Parecis,0.15,5102637,Mato Grosso,2009
1451,Guajará-Mirim,8.04,1100106,Rondônia,2009
1452,Mojuí dos Campos,29.96,1504752,Pará,2009
1453,Benjamin Constant,0.62,1300607,Amazonas,2009
1454,Dois Irmãos do Tocantins,0.0,1707207,Tocantins,2009
1455,Jaru,1.68,1100114,Rondônia,2009
1456,Jordão,1.89,1200328,Acre,2009
1457,Mucajaí,20.1,1400308,Roraima,2009
1458,Normandia,0.0,1400407,Roraima,2009
1459,Juína,20.74,5105150,Mato Grosso,2009
1460,Corumbiara,0.79,1100072,Rondônia,2009
1461,Urupá,1.6,1101708,Rondônia,2009
1462,Trairão,36.93,1508050,Pará,2009
1463,Atalaia do Norte,1.45,1300201,Amazonas,2009
1464,Nhamundá,4.37,1303007,Amazonas,2009
1465,Barra do Garças,0.0,5101803,Mato Grosso,2009
1466,São Domingos do Maranhão,9.86,2110708,Maranhão,2009
1467,Bagre,1.9,1501105,Pará,2009
1468,São Bento do Tocantins,0.64,1720101,Tocantins,2009
1469,Juruti,14.41,1503903,Pará,2009
1470,Colniza,74.38,5103254,Mato Grosso,2009
1471,Quatipuru,0.36,1506112,Pará,2009
1472,Salinópolis,1.84,1506203,Pará,2009
1473,Babaçulândia,0.0,1703008,Tocantins,2009
1474,Zé Doca,21.48,2114007,Maranhão,2009
1475,Sapucaia,0.0,1507755,Pará,2009
1476,Colares,0.0,1502608,Pará,2009
1477,Araguatins,5.29,1702208,Tocantins,2009
1478,Pio XII,0.0,2108702,Maranhão,2009
1479,Novo Jardim,0.0,1715259,Tocantins,2009
1480,Marechal Thaumaturgo,0.06,1200351,Acre,2009
1481,Teixeirópolis,0.18,1101559,Rondônia,2009
1482,São Francisco do Pará,0.1,1507409,Pará,2009
1483,Paulo Ramos,1.0,2108108,Maranhão,2009
1484,Nova Colinas,0.0,2107258,Maranhão,2009
1485,Santa Maria do Tocantins,0.0,1718881,Tocantins,2009
1486,Arraias,0.0,1702406,Tocantins,2009
1487,Salvaterra,2.16,1506302,Pará,2009
1488,Manicoré,29.85,1302702,Amazonas,2009
1489,Santa Maria do Pará,0.21,1506609,Pará,2009
1490,Cajapió,0.0,2102408,Maranhão,2009
1491,Bom Jardim,24.72,2102002,Maranhão,2009
1492,Peixe,0.0,1716604,Tocantins,2009
1493,Governador Archer,1.94,2104503,Maranhão,2009
1494,Curralinho,3.29,1502806,Pará,2009
1495,Talismã,0.0,1720978,Tocantins,2009
1496,Timbiras,0.71,2112100,Maranhão,2009
1497,Igarapé-Açu,0.97,1503200,Pará,2009
1498,Lago Verde,0.0,2105906,Maranhão,2009
1499,Itamarati,1.03,1301951,Amazonas,2009
1500,Lábrea,42.26,1302405,Amazonas,2009
1501,Luzinópolis,0.16,1712454,Tocantins,2009
1502,Brasilândia do Tocantins,0.0,1703602,Tocantins,2009
1503,Axixá,0.0,2101103,Maranhão,2009
1504,Brejo de Areia,0.4,2102150,Maranhão,2009
1505,Marituba,0.0,1504422,Pará,2009
1506,Recursolândia,4.36,1718501,Tocantins,2009
1507,Praia Norte,3.52,1718303,Tocantins,2009
1508,Sítio Novo,0.65,2111805,Maranhão,2009
1509,Ouro Preto do Oeste,0.55,1100155,Rondônia,2009
1510,São Félix do Tocantins,0.0,1720150,Tocantins,2009
1511,Marapanim,1.83,1504406,Pará,2009
1512,Bacabeira,0.0,2101251,Maranhão,2009
1513,Santarém Novo,0.21,1506906,Pará,2009
1514,Mirador,0.0,2106706,Maranhão,2009
1515,Vila Nova dos Martírios,1.98,2112852,Maranhão,2009
1516,Riachão,0.0,2109502,Maranhão,2009
1517,Ourém,1.79,1505403,Pará,2009
1518,São José dos Basílios,1.02,2111250,Maranhão,2009
1519,Governador Nunes Freire,1.65,2104677,Maranhão,2009
1520,Calçoene,8.07,1600204,Amapá,2009
1521,Alto Araguaia,0.0,5100300,Mato Grosso,2009
1522,Mirinzal,0.0,2106805,Maranhão,2009
1523,Jenipapo dos Vieiras,7.84,2105476,Maranhão,2009
1524,Santa Izabel do Pará,0.14,1506500,Pará,2009
1525,Combinado,0.0,1705557,Tocantins,2009
1526,Envira,5.8,1301506,Amazonas,2009
1527,Graça Aranha,3.32,2104701,Maranhão,2009
1528,Tocantinópolis,0.47,1721208,Tocantins,2009
1529,Amaturá,0.92,1300060,Amazonas,2009
1530,Cacaulândia,2.7,1100601,Rondônia,2009
1531,São Félix de Balsas,0.0,2110807,Maranhão,2009
1532,Colinas,3.26,2103505,Maranhão,2009
1533,Buritirana,9.5,2102358,Maranhão,2009
1534,Ananindeua,0.0,1500800,Pará,2009
1535,Presidente Figueiredo,13.75,1303536,Amazonas,2009
1536,Abaetetuba,2.99,1500107,Pará,2009
1537,Pindaré-Mirim,0.0,2108504,Maranhão,2009
1538,Centenário,0.0,1704105,Tocantins,2009
1539,Santa Terezinha do Tocantins,0.0,1720002,Tocantins,2009
1540,Vigia,0.06,1508209,Pará,2009
1541,Campo Novo de Rondônia,24.76,1100700,Rondônia,2009
1542,Santa Cruz do Xingu,3.0,5107743,Mato Grosso,2009
1543,Lajeado Novo,0.45,2105989,Maranhão,2009
1544,Afuá,0.0,1500305,Pará,2009
1545,Ribamar Fiquene,0.46,2109551,Maranhão,2009
1546,Peixoto de Azevedo,22.38,5106422,Mato Grosso,2010
1547,Pau D'Arco,1.07,1505551,Pará,2010
1548,Mâncio Lima,4.65,1200336,Acre,2010
1549,Alto Alegre,6.57,1400050,Roraima,2010
1550,Pedra Preta,0.12,5106372,Mato Grosso,2010
1551,Itaituba,91.13,1503606,Pará,2010
1552,Redenção,1.17,1506138,Pará,2010
1553,Iracema,32.2,1400282,Roraima,2010
1554,Santo Antônio do Leverger,1.09,5107800,Mato Grosso,2010
1555,Porto Esperidião,5.68,5106828,Mato Grosso,2010
1556,Nova Brasilândia,0.0,5106208,Mato Grosso,2010
1557,Caracaraí,18.99,1400209,Roraima,2010
1558,Ponte Branca,0.0,5106703,Mato Grosso,2010
1559,Cuiabá,0.0,5103403,Mato Grosso,2010
1560,Tucumã,2.33,1508084,Pará,2010
1561,Alto Paraguai,0.0,5100508,Mato Grosso,2010
1562,São Pedro da Cipa,0.0,5107404,Mato Grosso,2010
1563,Porto Estrela,0.09,5106851,Mato Grosso,2010
1564,Porto de Moz,31.35,1505908,Pará,2010
1565,Denise,0.25,5103452,Mato Grosso,2010
1566,Cáceres,1.1,5102504,Mato Grosso,2010
1567,Tesouro,0.0,5108105,Mato Grosso,2010
1568,Araguaiana,0.1,5101001,Mato Grosso,2010
1569,Matupá,9.2,5105606,Mato Grosso,2010
1570,Conquista D'Oeste,1.18,5103361,Mato Grosso,2010
1571,Vale de São Domingos,0.79,5108352,Mato Grosso,2010
1572,Juscimeira,0.07,5105200,Mato Grosso,2010
1573,Nova Guarita,0.35,5108808,Mato Grosso,2010
1574,Bonfim,7.47,1400159,Roraima,2010
1575,Tapauá,5.37,1304104,Amazonas,2010
1576,Salto do Céu,3.0,5107750,Mato Grosso,2010
1577,Campo Verde,0.15,5102678,Mato Grosso,2010
1578,Eirunepé,5.4,1301407,Amazonas,2010
1579,Curvelândia,0.0,5103437,Mato Grosso,2010
1580,Acorizal,0.0,5100102,Mato Grosso,2010
1581,Várzea Grande,0.0,5108402,Mato Grosso,2010
1582,Rosário Oeste,0.0,5107701,Mato Grosso,2010
1583,Rio Branco,0.0,5107206,Mato Grosso,2010
1584,Santo Antônio do Leste,0.0,5107792,Mato Grosso,2010
1585,Chapada dos Guimarães,0.26,5103007,Mato Grosso,2010
1586,Novo São Joaquim,0.0,5106281,Mato Grosso,2010
1587,Glória D'Oeste,0.0,5103957,Mato Grosso,2010
1588,São José do Povo,0.0,5107297,Mato Grosso,2010
1589,Mirassol d'Oeste,1.75,5105622,Mato Grosso,2010
1590,Nova Bandeirantes,17.09,5106158,Mato Grosso,2010
1591,Poconé,0.23,5106505,Mato Grosso,2010
1592,Conceição do Araguaia,17.8,1502707,Pará,2010
1593,Barra do Bugres,3.73,5101704,Mato Grosso,2010
1594,Guiratinga,0.0,5104203,Mato Grosso,2010
1595,Dom Aquino,0.2,5103601,Mato Grosso,2010
1596,Lambari D'Oeste,0.78,5105234,Mato Grosso,2010
1597,São José dos Quatro Marcos,2.1,5107107,Mato Grosso,2010
1598,Poxoréu,0.25,5107008,Mato Grosso,2010
1599,Floresta do Araguaia,12.64,1503044,Pará,2010
1600,Barão de Melgaço,3.63,5101605,Mato Grosso,2010
1601,Araputanga,1.47,5101258,Mato Grosso,2010
1602,Nova Olímpia,0.53,5106232,Mato Grosso,2010
1603,Rondonópolis,0.64,5107602,Mato Grosso,2010
1604,Nova Xavantina,4.74,5106257,Mato Grosso,2010
1605,Pontal do Araguaia,0.0,5106653,Mato Grosso,2010
1606,Jangada,0.0,5104906,Mato Grosso,2010
1607,Amapá,1.82,1600105,Amapá,2010
1608,Guajará,7.89,1301654,Amazonas,2010
1609,Vila Bela da Santíssima Trindade,26.03,5105507,Mato Grosso,2010
1610,Araguainha,0.0,5101209,Mato Grosso,2010
1611,Capixaba,3.75,1200179,Acre,2010
1612,Jauru,0.71,5105002,Mato Grosso,2010
1613,Ribeirãozinho,0.0,5107198,Mato Grosso,2010
1614,Reserva do Cabaçal,0.77,5107156,Mato Grosso,2010
1615,Figueirópolis D'Oeste,0.12,5103809,Mato Grosso,2010
1616,Alto Garças,0.0,5100409,Mato Grosso,2010
1617,Nossa Senhora do Livramento,0.09,5106109,Mato Grosso,2010
1618,Jaciara,0.0,5104807,Mato Grosso,2010
1619,Manaus,10.31,1302603,Amazonas,2010
1620,Pontes e Lacerda,3.74,5106752,Mato Grosso,2010
1621,Ipixuna,4.48,1301803,Amazonas,2010
1622,Primavera do Leste,0.0,5107040,Mato Grosso,2010
1623,Maraã,5.66,1302801,Amazonas,2010
1624,Torixoréu,0.0,5108204,Mato Grosso,2010
1625,General Carneiro,0.0,5103908,Mato Grosso,2010
1626,Nova Rosalândia,0.0,1715002,Tocantins,2010
1627,São Gabriel da Cachoeira,9.77,1303809,Amazonas,2010
1628,Ipiranga do Norte,42.24,5104526,Mato Grosso,2010
1629,Araguaína,1.21,1702109,Tocantins,2010
1630,São Geraldo do Araguaia,3.54,1507458,Pará,2010
1631,Augusto Corrêa,0.14,1500909,Pará,2010
1632,Uarini,3.57,1304260,Amazonas,2010
1633,Vilhena,8.64,1100304,Rondônia,2010
1634,Nova Lacerda,6.74,5106182,Mato Grosso,2010
1635,Itaporã do Tocantins,0.24,1711100,Tocantins,2010
1636,Lucas do Rio Verde,4.35,5105259,Mato Grosso,2010
1637,Nova Maringá,5.57,5108907,Mato Grosso,2010
1638,Goianésia do Pará,49.27,1503093,Pará,2010
1639,Bujari,8.26,1200138,Acre,2010
1640,Rio Maria,3.98,1506161,Pará,2010
1641,Divinópolis do Tocantins,0.0,1707108,Tocantins,2010
1642,Jacareacanga,26.3,1503754,Pará,2010
1643,Barrolândia,0.0,1703107,Tocantins,2010
1644,Diamantino,0.85,5103502,Mato Grosso,2010
1645,Santa Fé do Araguaia,1.2,1718865,Tocantins,2010
1646,Santa Carmem,11.08,5107248,Mato Grosso,2010
1647,Bannach,5.63,1501253,Pará,2010
1648,Canabrava do Norte,1.67,5102694,Mato Grosso,2010
1649,Pedra Branca do Amapari,1.88,1600154,Amapá,2010
1650,Oliveira de Fátima,0.0,1715507,Tocantins,2010
1651,Caseara,0.53,1703909,Tocantins,2010
1652,Santa Cruz do Arari,0.0,1506401,Pará,2010
1653,Tapurah,13.75,5108006,Mato Grosso,2010
1654,Parauapebas,4.21,1505536,Pará,2010
1655,Limoeiro do Ajuru,2.92,1504000,Pará,2010
1656,Theobroma,1.89,1101609,Rondônia,2010
1657,São Félix do Xingu,349.57,1507300,Pará,2010
1658,Comodoro,19.34,5103304,Mato Grosso,2010
1659,Goianorte,1.91,1708304,Tocantins,2010
1660,Governador Jorge Teixeira,1.06,1101005,Rondônia,2010
1661,Tabaporã,9.45,5107941,Mato Grosso,2010
1662,Epitaciolândia,3.75,1200252,Acre,2010
1663,Vera,1.09,5108501,Mato Grosso,2010
1664,Novo Mundo,13.37,5106265,Mato Grosso,2010
1665,Bernardo Sayão,0.08,1703206,Tocantins,2010
1666,Rolim de Moura,0.18,1100288,Rondônia,2010
1667,Seringueiras,4.81,1101500,Rondônia,2010
1668,Autazes,5.81,1300300,Amazonas,2010
1669,Ferreira Gomes,2.32,1600238,Amapá,2010
1670,Palmas,0.0,1721000,Tocantins,2010
1671,São Francisco do Brejão,0.35,2110856,Maranhão,2010
1672,Sambaíba,0.0,2109700,Maranhão,2010
1673,Novo Alegre,0.0,1715150,Tocantins,2010
1674,Santa Luzia D'Oeste,0.58,1100296,Rondônia,2010
1675,Tartarugalzinho,11.85,1600709,Amapá,2010
1676,Arenápolis,0.1,5101308,Mato Grosso,2010
1677,Gurupi,0.0,1709500,Tocantins,2010
1678,Lagoa da Confusão,2.74,1711902,Tocantins,2010
1679,Boa Vista,0.58,1400100,Roraima,2010
1680,Gurupá,6.23,1503101,Pará,2010
1681,São Pedro da Água Branca,0.11,2111532,Maranhão,2010
1682,Jaú do Tocantins,0.0,1711506,Tocantins,2010
1683,Araguaçu,0.0,1702000,Tocantins,2010
1684,Sandolândia,0.0,1718840,Tocantins,2010
1685,Altamira,193.85,1500602,Pará,2010
1686,Aliança do Tocantins,0.0,1700350,Tocantins,2010
1687,São Sebastião do Uatumã,4.78,1303957,Amazonas,2010
1688,Porto dos Gaúchos,21.7,5106802,Mato Grosso,2010
1689,Sapezal,0.12,5107875,Mato Grosso,2010
1690,Bragança,2.66,1501709,Pará,2010
1691,Nova Santa Helena,1.12,5106190,Mato Grosso,2010
1692,Alto Paraíso,8.7,1100403,Rondônia,2010
1693,Araguanã,0.33,1702158,Tocantins,2010
1694,São José do Rio Claro,6.19,5107305,Mato Grosso,2010
1695,Pimenteiras do Oeste,5.9,1101468,Rondônia,2010
1696,Mocajuba,1.91,1504604,Pará,2010
1697,Iranduba,5.92,1301852,Amazonas,2010
1698,Urucará,4.06,1304302,Amazonas,2010
1699,Santa Isabel do Rio Negro,5.7,1303601,Amazonas,2010
1700,Senador Guiomard,3.85,1200450,Acre,2010
1701,Figueirópolis,0.0,1707652,Tocantins,2010
1702,Coari,7.04,1301209,Amazonas,2010
1703,Carauari,1.32,1301001,Amazonas,2010
1704,Nova Mutum,12.33,5106224,Mato Grosso,2010
1705,Nova Nazaré,0.27,5106174,Mato Grosso,2010
1706,Brasil Novo,49.74,1501725,Pará,2010
1707,Apuí,46.26,1300144,Amazonas,2010
1708,Santa Terezinha,4.43,5107776,Mato Grosso,2010
1709,Campinápolis,0.0,5102603,Mato Grosso,2010
1710,Nova Mamoré,59.27,1100338,Rondônia,2010
1711,Castanheiras,0.0,1100908,Rondônia,2010
1712,União do Sul,8.89,5108303,Mato Grosso,2010
1713,Alvorada,0.0,1700707,Tocantins,2010
1714,Caroebe,19.22,1400233,Roraima,2010
1715,Coroatá,1.89,2103604,Maranhão,2010
1716,Pastos Bons,0.0,2108009,Maranhão,2010
1717,Lago do Junco,0.0,2105807,Maranhão,2010
1718,Matões do Norte,4.7,2106631,Maranhão,2010
1719,Cantanhede,2.97,2102705,Maranhão,2010
1720,Arame,24.78,2100956,Maranhão,2010
1721,Conceição do Tocantins,0.0,1705607,Tocantins,2010
1722,Tufilândia,0.0,2112274,Maranhão,2010
1723,Governador Newton Bello,0.12,2104651,Maranhão,2010
1724,Maranhãozinho,0.2,2106375,Maranhão,2010
1725,Igarapé Grande,0.0,2105203,Maranhão,2010
1726,Monção,1.33,2106904,Maranhão,2010
1727,Peritoró,0.67,2108454,Maranhão,2010
1728,Sucupira do Norte,0.0,2111904,Maranhão,2010
1729,Formosa da Serra Negra,0.39,2104099,Maranhão,2010
1730,Nova Iorque,0.0,2107308,Maranhão,2010
1731,Santa Filomena do Maranhão,0.72,2109759,Maranhão,2010
1732,Carutapera,3.05,2102903,Maranhão,2010
1733,Rio Branco,19.94,1200401,Acre,2010
1734,Satubinha,0.0,2111722,Maranhão,2010
1735,Cujubim,33.62,1100940,Rondônia,2010
1736,Fernando Falcão,4.76,2104081,Maranhão,2010
1737,Pirapemas,1.23,2108801,Maranhão,2010
1738,Centro do Guilherme,0.95,2103158,Maranhão,2010
1739,Oiapoque,5.02,1600501,Amapá,2010
1740,Darcinópolis,0.0,1706506,Tocantins,2010
1741,Alcântara,0.09,2100204,Maranhão,2010
1742,Arari,0.44,2101004,Maranhão,2010
1743,Cumaru do Norte,42.53,1502764,Pará,2010
1744,Miranda do Norte,3.03,2106755,Maranhão,2010
1745,Penalva,0.12,2108306,Maranhão,2010
1746,Brejo Grande do Araguaia,2.34,1501758,Pará,2010
1747,Medicilândia,46.27,1504455,Pará,2010
1748,Nova Timboteua,0.17,1505007,Pará,2010
1749,Central do Maranhão,0.0,2103125,Maranhão,2010
1750,Alto Alegre do Maranhão,0.33,2100436,Maranhão,2010
1751,Maurilândia do Tocantins,0.07,1712801,Tocantins,2010
1752,Paragominas,67.63,1505502,Pará,2010
1753,Morros,0.16,2107100,Maranhão,2010
1754,Itinga do Maranhão,11.41,2105427,Maranhão,2010
1755,Santa Helena,3.27,2109809,Maranhão,2010
1756,São João da Ponta,2.31,1507466,Pará,2010
1757,Cedral,0.0,2103109,Maranhão,2010
1758,São João Batista,0.0,2111003,Maranhão,2010
1759,São Raimundo do Doca Bezerra,0.25,2111631,Maranhão,2010
1760,Turilândia,7.21,2112456,Maranhão,2010
1761,São João de Pirabas,1.34,1507474,Pará,2010
1762,Lago dos Rodrigues,0.0,2105948,Maranhão,2010
1763,Lagoa do Tocantins,0.0,1711951,Tocantins,2010
1764,Dianópolis,0.0,1707009,Tocantins,2010
1765,Novo Acordo,0.0,1715101,Tocantins,2010
1766,Maracanã,2.14,1504307,Pará,2010
1767,Axixá do Tocantins,0.09,1702901,Tocantins,2010
1768,Cachoeira Grande,0.68,2102374,Maranhão,2010
1769,Anajatuba,0.17,2100709,Maranhão,2010
1770,Aurora do Tocantins,0.0,1702703,Tocantins,2010
1771,Itiquira,0.0,5104609,Mato Grosso,2010
1772,Mateiros,0.0,1712702,Tocantins,2010
1773,Natividade,0.0,1714203,Tocantins,2010
1774,Joselândia,1.92,2105609,Maranhão,2010
1775,Bom Jesus do Tocantins,0.0,1703305,Tocantins,2010
1776,Estreito,0.11,2104057,Maranhão,2010
1777,Lizarda,0.0,1712405,Tocantins,2010
1778,Ariquemes,4.13,1100023,Rondônia,2010
1779,Olho d'Água das Cunhãs,0.0,2107407,Maranhão,2010
1780,Cajari,0.63,2102507,Maranhão,2010
1781,Bom Jesus do Tocantins,7.43,1501576,Pará,2010
1782,Chaves,2.63,1502509,Pará,2010
1783,Governador Eugênio Barros,6.74,2104602,Maranhão,2010
1784,Barcarena,1.9,1501303,Pará,2010
1785,São João da Baliza,7.34,1400506,Roraima,2010
1786,Miracema do Tocantins,0.0,1713205,Tocantins,2010
1787,Rio dos Bois,0.0,1718709,Tocantins,2010
1788,Itaubal,3.86,1600253,Amapá,2010
1789,Tefé,8.75,1304203,Amazonas,2010
1790,Cláudia,8.33,5103056,Mato Grosso,2010
1791,Nortelândia,1.03,5106000,Mato Grosso,2010
1792,Anori,0.55,1300102,Amazonas,2010
1793,Água Boa,0.0,5100201,Mato Grosso,2010
1794,Miranorte,0.0,1713304,Tocantins,2010
1795,Rorainópolis,15.87,1400472,Roraima,2010
1796,Cocalinho,2.34,5103106,Mato Grosso,2010
1797,Costa Marques,20.96,1100080,Rondônia,2010
1798,Macapá,9.04,1600303,Amapá,2010
1799,Mirante da Serra,0.29,1101302,Rondônia,2010
1800,Monte Alegre,19.96,1504802,Pará,2010
1801,Santa Rosa do Purus,3.2,1200435,Acre,2010
1802,Palmeirópolis,0.0,1715754,Tocantins,2010
1803,Canaã dos Carajás,1.34,1502152,Pará,2010
1804,Guimarães,0.0,2104909,Maranhão,2010
1805,Belterra,4.25,1501451,Pará,2010
1806,Itapiratins,0.0,1710904,Tocantins,2010
1807,Araguanã,0.0,2100873,Maranhão,2010
1808,Viseu,14.88,1508308,Pará,2010
1809,Uruará,68.54,1508159,Pará,2010
1810,Junco do Maranhão,1.13,2105658,Maranhão,2010
1811,Novo Aripuanã,20.33,1303304,Amazonas,2010
1812,Cotriguaçu,26.42,5103379,Mato Grosso,2010
1813,Jatobá,4.24,2105450,Maranhão,2010
1814,Rio Sono,0.0,1718758,Tocantins,2010
1815,Tracuateua,0.06,1508035,Pará,2010
1816,Breu Branco,53.99,1501782,Pará,2010
1817,Santa Tereza do Tocantins,0.0,1719004,Tocantins,2010
1818,Maracaçumé,1.61,2106326,Maranhão,2010
1819,Parintins,7.16,1303403,Amazonas,2010
1820,Porto Grande,1.72,1600535,Amapá,2010
1821,Aragominas,5.57,1701309,Tocantins,2010
1822,Pugmil,0.0,1718451,Tocantins,2010
1823,Araguacema,3.14,1701903,Tocantins,2010
1824,Novo Airão,2.71,1303205,Amazonas,2010
1825,Breves,2.0,1501808,Pará,2010
1826,Acará,30.16,1500206,Pará,2010
1827,Augustinópolis,0.49,1702554,Tocantins,2010
1828,Canutama,12.02,1300904,Amazonas,2010
1829,Serra Nova Dourada,0.52,5107883,Mato Grosso,2010
1830,Humaitá,8.01,1301704,Amazonas,2010
1831,Borba,9.12,1300805,Amazonas,2010
1832,Ourilândia do Norte,3.07,1505437,Pará,2010
1833,Cerejeiras,0.95,1100056,Rondônia,2010
1834,Mãe do Rio,0.0,1504059,Pará,2010
1835,Bom Jesus das Selvas,20.85,2102036,Maranhão,2010
1836,São João do Soter,0.01,2111078,Maranhão,2010
1837,Magalhães Barata,0.53,1504109,Pará,2010
1838,Senador Alexandre Costa,5.37,2111748,Maranhão,2010
1839,São Mateus do Maranhão,0.25,2111508,Maranhão,2010
1840,Marajá do Sena,3.87,2106359,Maranhão,2010
1841,Igarapé do Meio,0.0,2105153,Maranhão,2010
1842,Santa Rosa do Tocantins,0.0,1718907,Tocantins,2010
1843,Manacapuru,10.79,1302504,Amazonas,2010
1844,Alvarães,6.57,1300029,Amazonas,2010
1845,Cabixi,0.86,1100031,Rondônia,2010
1846,Candeias do Jamari,12.36,1100809,Rondônia,2010
1847,Nova Canaã do Norte,3.41,5106216,Mato Grosso,2010
1848,Moju,115.47,1504703,Pará,2010
1849,Maués,14.43,1302900,Amazonas,2010
1850,São Miguel do Guaporé,3.79,1100320,Rondônia,2010
1851,Santa Maria das Barreiras,46.72,1506583,Pará,2010
1852,Silves,2.49,1304005,Amazonas,2010
1853,Bandeirantes do Tocantins,0.27,1703057,Tocantins,2010
1854,Porto Alegre do Norte,2.66,5106778,Mato Grosso,2010
1855,Gaúcha do Norte,3.23,5103858,Mato Grosso,2010
1856,Nova Monte Verde,2.64,5108956,Mato Grosso,2010
1857,Cametá,13.55,1502103,Pará,2010
1858,Tarauacá,24.98,1200609,Acre,2010
1859,São José do Xingu,6.84,5107354,Mato Grosso,2010
1860,Nova Olinda do Norte,2.34,1303106,Amazonas,2010
1861,Pracuúba,3.45,1600550,Amapá,2010
1862,Bom Jesus do Araguaia,2.37,5101852,Mato Grosso,2010
1863,Santo Antônio do Içá,0.85,1303700,Amazonas,2010
1864,Tabatinga,0.96,1304062,Amazonas,2010
1865,Vitória do Xingu,9.48,1508357,Pará,2010
1866,Campos de Júlio,0.17,5102686,Mato Grosso,2010
1867,Aripuanã,31.73,5101407,Mato Grosso,2010
1868,Alvorada D'Oeste,0.91,1100346,Rondônia,2010
1869,Nova Ubiratã,22.92,5106240,Mato Grosso,2010
1870,Cruzeiro do Sul,22.18,1200203,Acre,2010
1871,Alta Floresta,2.82,5100250,Mato Grosso,2010
1872,Faro,5.62,1503002,Pará,2010
1873,Canarana,0.0,5102702,Mato Grosso,2010
1874,Cachoeira do Arari,0.93,1502004,Pará,2010
1875,Paraíso do Tocantins,0.0,1716109,Tocantins,2010
1876,Primavera de Rondônia,0.06,1101476,Rondônia,2010
1877,Cutias,4.89,1600212,Amapá,2010
1878,Cacoal,1.66,1100049,Rondônia,2010
1879,Piçarra,11.9,1505635,Pará,2010
1880,Vitória do Jari,6.42,1600808,Amapá,2010
1881,Porto Nacional,0.0,1718204,Tocantins,2010
1882,Assis Brasil,3.77,1200054,Acre,2010
1883,Planalto da Serra,0.0,5106455,Mato Grosso,2010
1884,Colinas do Tocantins,0.0,1705508,Tocantins,2010
1885,Colíder,0.61,5103205,Mato Grosso,2010
1886,Sinop,3.81,5107909,Mato Grosso,2010
1887,Muricilândia,1.11,1713957,Tocantins,2010
1888,Alta Floresta D'Oeste,1.78,1100015,Rondônia,2010
1889,Sorriso,0.5,5107925,Mato Grosso,2010
1890,Inhangapi,0.0,1503408,Pará,2010
1891,Bacabal,0.08,2101202,Maranhão,2010
1892,Primavera,0.32,1506104,Pará,2010
1893,Presidente Sarney,0.53,2109270,Maranhão,2010
1894,Lagoa Grande do Maranhão,0.89,2105963,Maranhão,2010
1895,Campestre do Maranhão,0.26,2102556,Maranhão,2010
1896,Dom Pedro,3.87,2103802,Maranhão,2010
1897,Itaguatins,0.46,1710706,Tocantins,2010
1898,Nova Olinda do Maranhão,3.51,2107357,Maranhão,2010
1899,Ananás,1.49,1701002,Tocantins,2010
1900,Santa Luzia do Paruá,0.38,2110039,Maranhão,2010
1901,Palmeirândia,0.12,2107605,Maranhão,2010
1902,Nova Esperança do Piriá,10.0,1504950,Pará,2010
1903,Alto Taquari,0.0,5100607,Mato Grosso,2010
1904,Ji-Paraná,0.85,1100122,Rondônia,2010
1905,Boa Vista do Ramos,2.76,1300680,Amazonas,2010
1906,Carolina,0.0,2102804,Maranhão,2010
1907,Japurá,3.6,1302108,Amazonas,2010
1908,Santa Bárbara do Pará,0.34,1506351,Pará,2010
1909,Monte do Carmo,0.0,1713601,Tocantins,2010
1910,Prainha,68.65,1506005,Pará,2010
1911,Tuntum,7.76,2112308,Maranhão,2010
1912,Curuçá,1.58,1502905,Pará,2010
1913,Taipas do Tocantins,0.0,1720937,Tocantins,2010
1914,Itaipava do Grajaú,7.84,2105351,Maranhão,2010
1915,Laranjal do Jari,5.03,1600279,Amapá,2010
1916,Senador La Rocque,1.39,2111763,Maranhão,2010
1917,Santa Luzia,4.53,2110005,Maranhão,2010
1918,Santana do Araguaia,39.31,1506708,Pará,2010
1919,Santo Antônio do Tauá,0.1,1507003,Pará,2010
1920,Tasso Fragoso,0.0,2112001,Maranhão,2010
1921,Porto Rico do Maranhão,0.0,2109056,Maranhão,2010
1922,Silvanópolis,0.0,1720655,Tocantins,2010
1923,Sítio Novo do Tocantins,0.22,1720804,Tocantins,2010
1924,Santa Luzia do Pará,1.0,1506559,Pará,2010
1925,Raposa,0.0,2109452,Maranhão,2010
1926,Vila Rica,6.3,5108600,Mato Grosso,2010
1927,Olinda Nova do Maranhão,0.0,2107456,Maranhão,2010
1928,Presidente Vargas,1.64,2109304,Maranhão,2010
1929,Bacurituba,0.0,2101350,Maranhão,2010
1930,Gonçalves Dias,10.55,2104404,Maranhão,2010
1931,São José de Ribamar,0.25,2111201,Maranhão,2010
1932,Altamira do Maranhão,0.0,2100402,Maranhão,2010
1933,Garrafão do Norte,6.93,1503077,Pará,2010
1934,Fortuna,4.44,2104206,Maranhão,2010
1935,São Caetano de Odivelas,0.38,1507102,Pará,2010
1936,Machadinho D'Oeste,17.88,1100130,Rondônia,2010
1937,Bequimão,0.02,2101905,Maranhão,2010
1938,Rosário,3.45,2109601,Maranhão,2010
1939,Capitão Poço,1.45,1502301,Pará,2010
1940,Bujaru,1.18,1501907,Pará,2010
1941,Monte Negro,4.92,1101401,Rondônia,2010
1942,Rodrigues Alves,10.42,1200427,Acre,2010
1943,Terra Santa,4.24,1507979,Pará,2010
1944,Bacuri,0.0,2101301,Maranhão,2010
1945,Santa Rita,8.78,2110203,Maranhão,2010
1946,Capanema,0.58,1502202,Pará,2010
1947,Presidente Dutra,2.48,2109106,Maranhão,2010
1948,Santarém,19.03,1506807,Pará,2010
1949,Melgaço,0.96,1504505,Pará,2010
1950,Peixe-Boi,0.51,1505601,Pará,2010
1951,Passagem Franca,0.0,2107902,Maranhão,2010
1952,Juruena,14.89,5105176,Mato Grosso,2010
1953,Anajás,11.98,1500701,Pará,2010
1954,Buritis,33.77,1100452,Rondônia,2010
1955,Dom Eliseu,37.24,1502939,Pará,2010
1956,Senador José Porfírio,28.31,1507805,Pará,2010
1957,Vargem Grande,1.88,2112704,Maranhão,2010
1958,Rio da Conceição,0.0,1718659,Tocantins,2010
1959,Itapecuru Mirim,23.2,2105401,Maranhão,2010
1960,Loreto,0.0,2106102,Maranhão,2010
1961,Benedito Leite,0.0,2101806,Maranhão,2010
1962,Jacundá,6.73,1503804,Pará,2010
1963,Porto Walter,13.3,1200393,Acre,2010
1964,Abel Figueiredo,1.74,1500131,Pará,2010
1965,Açailândia,14.34,2100055,Maranhão,2010
1966,Itacoatiara,19.07,1301902,Amazonas,2010
1967,São Miguel do Tocantins,1.23,1720200,Tocantins,2010
1968,Bom Lugar,0.0,2102077,Maranhão,2010
1969,Marianópolis do Tocantins,2.91,1712504,Tocantins,2010
1970,Santa Inês,0.0,2109908,Maranhão,2010
1971,Codó,3.77,2103307,Maranhão,2010
1972,Carlinda,0.3,5102793,Mato Grosso,2010
1973,Pindorama do Tocantins,0.0,1717008,Tocantins,2010
1974,Alto Parnaíba,0.0,2100501,Maranhão,2010
1975,Feliz Natal,27.85,5103700,Mato Grosso,2010
1976,São Félix do Araguaia,6.29,5107859,Mato Grosso,2010
1977,Pequizeiro,0.33,1716653,Tocantins,2010
1978,Eldorado do Carajás,22.0,1502954,Pará,2010
1979,Rio Crespo,2.11,1100262,Rondônia,2010
1980,Brasiléia,11.96,1200104,Acre,2010
1981,Tangará da Serra,1.36,5107958,Mato Grosso,2010
1982,Fonte Boa,2.18,1301605,Amazonas,2010
1983,São Miguel do Guamá,0.08,1507607,Pará,2010
1984,Nova Ipixuna,7.33,1504976,Pará,2010
1985,Filadélfia,0.0,1707702,Tocantins,2010
1986,São Domingos do Azeitão,0.0,2110658,Maranhão,2010
1987,Beruri,4.22,1300631,Amazonas,2010
1988,Espigão D'Oeste,3.05,1100098,Rondônia,2010
1989,Uiramutã,11.7,1400704,Roraima,2010
1990,Esperantinópolis,0.02,2104008,Maranhão,2010
1991,Apiacás,14.96,5100805,Mato Grosso,2010
1992,Tupiratins,0.0,1721307,Tocantins,2010
1993,Itanhangá,37.09,5104542,Mato Grosso,2010
1994,Barreirinha,13.58,1300508,Amazonas,2010
1995,Nobres,0.76,5105903,Mato Grosso,2010
1996,São Luís,1.26,2111300,Maranhão,2010
1997,Tucuruí,36.68,1508100,Pará,2010
1998,Paranã,0.0,1716208,Tocantins,2010
1999,Imperatriz,0.26,2105302,Maranhão,2010
2000,Benevides,0.05,1501501,Pará,2010
2001,São João do Carú,1.94,2111029,Maranhão,2010
2002,Cariri do Tocantins,0.0,1703867,Tocantins,2010
2003,Óbidos,44.46,1505106,Pará,2010
2004,Cidelândia,1.71,2103257,Maranhão,2010
2005,Xapuri,5.55,1200708,Acre,2010
2006,Porto Acre,11.96,1200807,Acre,2010
2007,Lavandeira,0.0,1712157,Tocantins,2010
2008,Ponte Alta do Bom Jesus,0.0,1717800,Tocantins,2010
2009,São Roberto,0.0,2111672,Maranhão,2010
2010,Alto Alegre do Pindaré,0.42,2100477,Maranhão,2010
2011,Sena Madureira,37.03,1200500,Acre,2010
2012,Abreulândia,0.0,1700251,Tocantins,2010
2013,Governador Luiz Rocha,8.34,2104628,Maranhão,2010
2014,Pedreiras,0.02,2108207,Maranhão,2010
2015,Xinguara,3.69,1508407,Pará,2010
2016,Itapuã do Oeste,3.18,1101104,Rondônia,2010
2017,São Sebastião da Boa Vista,2.1,1507706,Pará,2010
2018,Presidente Médici,0.0,2109239,Maranhão,2010
2019,São Francisco do Guaporé,14.45,1101492,Rondônia,2010
2020,Fátima,0.0,1707553,Tocantins,2010
2021,Paraibano,0.0,2107704,Maranhão,2010
2022,Placas,56.32,1505650,Pará,2010
2023,Vale do Paraíso,0.07,1101807,Rondônia,2010
2024,Manoel Urbano,8.19,1200344,Acre,2010
2025,Novo Progresso,50.78,1505031,Pará,2010
2026,Montes Altos,0.77,2107001,Maranhão,2010
2027,Chapada de Areia,0.0,1704600,Tocantins,2010
2028,Vale do Anari,3.56,1101757,Rondônia,2010
2029,Governador Edison Lobão,0.18,2104552,Maranhão,2010
2030,Dueré,0.13,1707306,Tocantins,2010
2031,Alenquer,27.53,1500404,Pará,2010
2032,Mazagão,1.18,1600402,Amapá,2010
2033,Curionópolis,3.65,1502772,Pará,2010
2034,Tailândia,48.58,1507953,Pará,2010
2035,Arapoema,0.26,1702307,Tocantins,2010
2036,Rondolândia,8.56,5107578,Mato Grosso,2010
2037,Buriticupu,13.37,2102325,Maranhão,2010
2038,São Paulo de Olivença,0.91,1303908,Amazonas,2010
2039,Cantá,35.18,1400175,Roraima,2010
2040,Apicum-Açu,0.0,2100832,Maranhão,2010
2041,Anamã,2.54,1300086,Amazonas,2010
2042,Sucupira,0.0,1720853,Tocantins,2010
2043,Presidente Médici,0.13,1100254,Rondônia,2010
2044,Pacajá,274.18,1505486,Pará,2010
2045,Paranatinga,19.93,5106307,Mato Grosso,2010
2046,Pimenta Bueno,4.09,1100189,Rondônia,2010
2047,Paço do Lumiar,0.29,2107506,Maranhão,2010
2048,Aparecida do Rio Negro,0.0,1701101,Tocantins,2010
2049,Matinha,0.11,2106508,Maranhão,2010
2050,Ulianópolis,19.22,1508126,Pará,2010
2051,Itupiranga,51.17,1503705,Pará,2010
2052,Rio Preto da Eva,3.89,1303569,Amazonas,2010
2053,Santa Rita do Trivelato,4.18,5107768,Mato Grosso,2010
2054,São João do Araguaia,4.86,1507508,Pará,2010
2055,Água Azul do Norte,7.15,1500347,Pará,2010
2056,Barra do Corda,78.61,2101608,Maranhão,2010
2057,Urucurituba,1.04,1304401,Amazonas,2010
2058,Santo Afonso,2.77,5107263,Mato Grosso,2010
2059,Muaná,1.69,1504901,Pará,2010
2060,Davinópolis,0.49,2103752,Maranhão,2010
2061,Colméia,0.19,1716703,Tocantins,2010
2062,Novo Repartimento,222.73,1505064,Pará,2010
2063,Monte Santo do Tocantins,0.0,1713700,Tocantins,2010
2064,Grajaú,103.06,2104800,Maranhão,2010
2065,Alto Alegre dos Parecis,3.09,1100379,Rondônia,2010
2066,Portel,56.09,1505809,Pará,2010
2067,Itaúba,2.79,5104559,Mato Grosso,2010
2068,Parecis,2.7,1101450,Rondônia,2010
2069,Colorado do Oeste,0.07,1100064,Rondônia,2010
2070,Presidente Kennedy,0.0,1718402,Tocantins,2010
2071,Anapu,77.51,1500859,Pará,2010
2072,Juarina,0.0,1711803,Tocantins,2010
2073,Novo Horizonte do Norte,0.07,5106273,Mato Grosso,2010
2074,Tonantins,0.87,1304237,Amazonas,2010
2075,João Lisboa,0.7,2105500,Maranhão,2010
2076,Porto Velho,132.88,1100205,Rondônia,2010
2077,Nova Olinda,0.08,1714880,Tocantins,2010
2078,Confresa,12.92,5103353,Mato Grosso,2010
2079,Curuá,7.36,1502855,Pará,2010
2080,Itapiranga,1.19,1302009,Amazonas,2010
2081,São Luís Gonzaga do Maranhão,0.02,2111409,Maranhão,2010
2082,Novo Santo Antônio,2.37,5106315,Mato Grosso,2010
2083,Novo Horizonte do Oeste,0.3,1100502,Rondônia,2010
2084,São Raimundo das Mangabeiras,0.0,2111607,Maranhão,2010
2085,Cândido Mendes,10.45,2102606,Maranhão,2010
2086,Amarante do Maranhão,13.16,2100600,Maranhão,2010
2087,Plácido de Castro,5.69,1200385,Acre,2010
2088,Serrano do Maranhão,0.07,2111789,Maranhão,2010
2089,Irituia,0.0,1503507,Pará,2010
2090,Pauini,5.08,1303502,Amazonas,2010
2091,Oeiras do Pará,56.79,1505205,Pará,2010
2092,Acrelândia,11.33,1200013,Acre,2010
2093,Almeirim,38.54,1500503,Pará,2010
2094,Ribeirão Cascalheira,5.69,5107180,Mato Grosso,2010
2095,Esperantina,0.71,1707405,Tocantins,2010
2096,Feijó,22.65,1200302,Acre,2010
2097,Couto Magalhães,1.26,1706001,Tocantins,2010
2098,Igarapé-Miri,18.19,1503309,Pará,2010
2099,Rurópolis,32.06,1506195,Pará,2010
2100,Porto Franco,0.81,2109007,Maranhão,2010
2101,Sampaio,0.0,1718808,Tocantins,2010
2102,Belém,0.91,1501402,Pará,2010
2103,Vitória do Mearim,0.95,2112902,Maranhão,2010
2104,Tupirama,0.0,1721257,Tocantins,2010
2105,São Domingos do Capim,1.07,1507201,Pará,2010
2106,Trizidela do Vale,0.03,2112233,Maranhão,2010
2107,Porto Alegre do Tocantins,0.0,1718006,Tocantins,2010
2108,Goiatins,0.0,1709005,Tocantins,2010
2109,Chapada da Natividade,0.0,1705102,Tocantins,2010
2110,São Sebastião do Tocantins,0.0,1720309,Tocantins,2010
2111,Amapá do Maranhão,8.12,2100550,Maranhão,2010
2112,Taguatinga,0.0,1720903,Tocantins,2010
2113,São Vicente Ferrer,0.0,2111706,Maranhão,2010
2114,Tocantínia,0.0,1721109,Tocantins,2010
2115,Pinheiro,0.5,2108603,Maranhão,2010
2116,Cristalândia,0.0,1706100,Tocantins,2010
2117,Aguiarnópolis,0.3,1700301,Tocantins,2010
2118,Piraquê,1.16,1717206,Tocantins,2010
2119,Bonito,1.36,1501600,Pará,2010
2120,Fortaleza dos Nogueiras,0.0,2104107,Maranhão,2010
2121,Terra Alta,0.41,1507961,Pará,2010
2122,Lago da Pedra,0.1,2105708,Maranhão,2010
2123,Balsas,0.0,2101400,Maranhão,2010
2124,Ipixuna do Pará,45.41,1503457,Pará,2010
2125,Santo Antônio dos Lopes,1.7,2110302,Maranhão,2010
2126,Serra do Navio,0.15,1600055,Amapá,2010
2127,Pau D'Arco,0.36,1716307,Tocantins,2010
2128,Concórdia do Pará,0.44,1502756,Pará,2010
2129,Lima Campos,0.45,2106003,Maranhão,2010
2130,São João do Paraíso,0.5,2111052,Maranhão,2010
2131,Boa Vista do Gurupi,5.75,2101970,Maranhão,2010
2132,Ponte Alta do Tocantins,0.0,1717909,Tocantins,2010
2133,Nazaré,0.27,1714302,Tocantins,2010
2134,Aveiro,17.93,1501006,Pará,2010
2135,Nova União,0.29,1101435,Rondônia,2010
2136,Boca do Acre,51.42,1300706,Amazonas,2010
2137,Luciara,0.71,5105309,Mato Grosso,2010
2138,Xambioá,6.45,1722107,Tocantins,2010
2139,Barcelos,3.39,1300409,Amazonas,2010
2140,Guaraí,2.12,1709302,Tocantins,2010
2141,Codajás,1.11,1301308,Amazonas,2010
2142,Querência,22.23,5107065,Mato Grosso,2010
2143,São Luiz,5.15,1400605,Roraima,2010
2144,Careiro,10.53,1301100,Amazonas,2010
2145,Pium,0.14,1717503,Tocantins,2010
2146,Brasnorte,11.69,5101902,Mato Grosso,2010
2147,Paranaíta,9.75,5106299,Mato Grosso,2010
2148,Oriximiná,37.53,1505304,Pará,2010
2149,Amajari,8.52,1400027,Roraima,2010
2150,Baião,22.77,1501204,Pará,2010
2151,Pacaraima,6.69,1400456,Roraima,2010
2152,Tabocão,0.0,1708254,Tocantins,2010
2153,São Salvador do Tocantins,0.0,1720259,Tocantins,2010
2154,Ipueiras,0.0,1709807,Tocantins,2010
2155,Juruá,2.9,1302207,Amazonas,2010
2156,Santana,0.31,1600600,Amapá,2010
2157,Jutaí,4.91,1302306,Amazonas,2010
2158,Crixás do Tocantins,0.0,1706258,Tocantins,2010
2159,Angico,0.29,1701051,Tocantins,2010
2160,Palestina do Pará,4.52,1505494,Pará,2010
2161,Alto Boa Vista,3.77,5100359,Mato Grosso,2010
2162,Turiaçu,4.6,2112407,Maranhão,2010
2163,Wanderlândia,0.38,1722081,Tocantins,2010
2164,Viana,0.28,2112803,Maranhão,2010
2165,Pedro Afonso,0.14,1716505,Tocantins,2010
2166,Riachinho,0.34,1718550,Tocantins,2010
2167,São Valério,0.0,1720499,Tocantins,2010
2168,Cachoeira do Piriá,58.76,1501956,Pará,2010
2169,Castanhal,1.52,1502400,Pará,2010
2170,Rondon do Pará,52.68,1506187,Pará,2010
2171,Barra do Ouro,0.0,1703073,Tocantins,2010
2172,Tomé-Açu,35.88,1508001,Pará,2010
2173,Poção de Pedras,0.0,2108900,Maranhão,2010
2174,São Bento,0.0,2110500,Maranhão,2010
2175,Godofredo Viana,1.45,2104305,Maranhão,2010
2176,Presidente Juscelino,3.7,2109205,Maranhão,2010
2177,São Pedro dos Crentes,0.0,2111573,Maranhão,2010
2178,Buriti do Tocantins,0.0,1703800,Tocantins,2010
2179,Centro Novo do Maranhão,19.53,2103174,Maranhão,2010
2180,Careiro da Várzea,19.3,1301159,Amazonas,2010
2181,Buriti Bravo,1.52,2102309,Maranhão,2010
2182,Pedro do Rosário,0.17,2108256,Maranhão,2010
2183,Palmeirante,0.0,1715705,Tocantins,2010
2184,Palmeiras do Tocantins,0.12,1713809,Tocantins,2010
2185,Carrasco Bonito,0.0,1703891,Tocantins,2010
2186,Conceição do Lago-Açu,0.0,2103554,Maranhão,2010
2187,Vitorino Freire,0.0,2113009,Maranhão,2010
2188,São Domingos do Araguaia,5.44,1507151,Pará,2010
2189,Almas,0.0,1700400,Tocantins,2010
2190,Lajeado,0.0,1712009,Tocantins,2010
2191,Feira Nova do Maranhão,0.0,2104073,Maranhão,2010
2192,Icatu,0.43,2105104,Maranhão,2010
2193,Cururupu,0.0,2103703,Maranhão,2010
2194,Itacajá,0.0,1710508,Tocantins,2010
2195,Luís Domingues,2.09,2106201,Maranhão,2010
2196,Campos Lindos,0.0,1703842,Tocantins,2010
2197,Aurora do Pará,10.81,1500958,Pará,2010
2198,Peri Mirim,0.0,2108405,Maranhão,2010
2199,Capinzal do Norte,1.45,2102754,Maranhão,2010
2200,Cachoeirinha,0.0,1703826,Tocantins,2010
2201,Bela Vista do Maranhão,0.0,2101772,Maranhão,2010
2202,Carmolândia,0.0,1703883,Tocantins,2010
2203,Santa Rita do Tocantins,0.0,1718899,Tocantins,2010
2204,Ministro Andreazza,0.22,1101203,Rondônia,2010
2205,Ponta de Pedras,0.08,1505700,Pará,2010
2206,Chupinguaia,3.06,1100924,Rondônia,2010
2207,Castanheira,8.71,5102850,Mato Grosso,2010
2208,Manaquiri,2.03,1302553,Amazonas,2010
2209,Marcelândia,5.85,5105580,Mato Grosso,2010
2210,Formoso do Araguaia,1.3,1708205,Tocantins,2010
2211,São Felipe D'Oeste,0.0,1101484,Rondônia,2010
2212,Brejinho de Nazaré,0.0,1703701,Tocantins,2010
2213,Juara,15.13,5105101,Mato Grosso,2010
2214,Guarantã do Norte,4.79,5104104,Mato Grosso,2010
2215,Nova Marilândia,2.88,5108857,Mato Grosso,2010
2216,Bernardo do Mearim,0.03,2101939,Maranhão,2010
2217,Terra Nova do Norte,4.8,5108055,Mato Grosso,2010
2218,Indiavaí,0.18,5104500,Mato Grosso,2010
2219,Soure,0.81,1507904,Pará,2010
2220,Caapiranga,5.57,1300839,Amazonas,2010
2221,Marabá,78.84,1504208,Pará,2010
2222,Nova Brasilândia D'Oeste,1.22,1100148,Rondônia,2010
2223,Campo Novo do Parecis,0.0,5102637,Mato Grosso,2010
2224,Guajará-Mirim,3.7,1100106,Rondônia,2010
2225,Mojuí dos Campos,12.75,1504752,Pará,2010
2226,Benjamin Constant,0.46,1300607,Amazonas,2010
2227,Dois Irmãos do Tocantins,0.35,1707207,Tocantins,2010
2228,Jaru,0.22,1100114,Rondônia,2010
2229,Jordão,6.8,1200328,Acre,2010
2230,Mucajaí,59.29,1400308,Roraima,2010
2231,Normandia,0.0,1400407,Roraima,2010
2232,Juína,9.85,5105150,Mato Grosso,2010
2233,Corumbiara,1.29,1100072,Rondônia,2010
2234,Urupá,0.21,1101708,Rondônia,2010
2235,Trairão,26.68,1508050,Pará,2010
2236,Atalaia do Norte,2.39,1300201,Amazonas,2010
2237,Nhamundá,13.72,1303007,Amazonas,2010
2238,Barra do Garças,0.0,5101803,Mato Grosso,2010
2239,São Domingos do Maranhão,17.51,2110708,Maranhão,2010
2240,Bagre,17.42,1501105,Pará,2010
2241,São Bento do Tocantins,0.32,1720101,Tocantins,2010
2242,Juruti,7.47,1503903,Pará,2010
2243,Colniza,78.1,5103254,Mato Grosso,2010
2244,Quatipuru,0.38,1506112,Pará,2010
2245,Salinópolis,2.14,1506203,Pará,2010
2246,Babaçulândia,0.0,1703008,Tocantins,2010
2247,Zé Doca,3.97,2114007,Maranhão,2010
2248,Sapucaia,0.1,1507755,Pará,2010
2249,Colares,0.16,1502608,Pará,2010
2250,Araguatins,9.43,1702208,Tocantins,2010
2251,Pio XII,0.0,2108702,Maranhão,2010
2252,Novo Jardim,0.0,1715259,Tocantins,2010
2253,Marechal Thaumaturgo,21.99,1200351,Acre,2010
2254,Teixeirópolis,0.0,1101559,Rondônia,2010
2255,São Francisco do Pará,0.84,1507409,Pará,2010
2256,Paulo Ramos,0.47,2108108,Maranhão,2010
2257,Nova Colinas,0.0,2107258,Maranhão,2010
2258,Santa Maria do Tocantins,0.0,1718881,Tocantins,2010
2259,Arraias,0.0,1702406,Tocantins,2010
2260,Salvaterra,5.0,1506302,Pará,2010
2261,Manicoré,62.88,1302702,Amazonas,2010
2262,Santa Maria do Pará,0.28,1506609,Pará,2010
2263,Cajapió,0.0,2102408,Maranhão,2010
2264,Bom Jardim,19.47,2102002,Maranhão,2010
2265,Peixe,0.0,1716604,Tocantins,2010
2266,Governador Archer,2.44,2104503,Maranhão,2010
2267,Curralinho,9.06,1502806,Pará,2010
2268,Talismã,0.0,1720978,Tocantins,2010
2269,Timbiras,0.08,2112100,Maranhão,2010
2270,Igarapé-Açu,0.56,1503200,Pará,2010
2271,Lago Verde,0.0,2105906,Maranhão,2010
2272,Itamarati,3.3,1301951,Amazonas,2010
2273,Lábrea,39.57,1302405,Amazonas,2010
2274,Luzinópolis,0.07,1712454,Tocantins,2010
2275,Brasilândia do Tocantins,0.0,1703602,Tocantins,2010
2276,Axixá,0.82,2101103,Maranhão,2010
2277,Brejo de Areia,0.21,2102150,Maranhão,2010
2278,Marituba,0.0,1504422,Pará,2010
2279,Recursolândia,0.0,1718501,Tocantins,2010
2280,Praia Norte,0.89,1718303,Tocantins,2010
2281,Sítio Novo,0.11,2111805,Maranhão,2010
2282,Ouro Preto do Oeste,0.0,1100155,Rondônia,2010
2283,São Félix do Tocantins,0.0,1720150,Tocantins,2010
2284,Marapanim,0.98,1504406,Pará,2010
2285,Bacabeira,6.24,2101251,Maranhão,2010
2286,Santarém Novo,0.23,1506906,Pará,2010
2287,Mirador,0.0,2106706,Maranhão,2010
2288,Vila Nova dos Martírios,0.92,2112852,Maranhão,2010
2289,Riachão,0.0,2109502,Maranhão,2010
2290,Ourém,0.16,1505403,Pará,2010
2291,São José dos Basílios,1.41,2111250,Maranhão,2010
2292,Governador Nunes Freire,0.36,2104677,Maranhão,2010
2293,Calçoene,11.89,1600204,Amapá,2010
2294,Alto Araguaia,0.0,5100300,Mato Grosso,2010
2295,Mirinzal,0.0,2106805,Maranhão,2010
2296,Jenipapo dos Vieiras,12.22,2105476,Maranhão,2010
2297,Santa Izabel do Pará,0.22,1506500,Pará,2010
2298,Combinado,0.0,1705557,Tocantins,2010
2299,Envira,10.08,1301506,Amazonas,2010
2300,Graça Aranha,4.28,2104701,Maranhão,2010
2301,Tocantinópolis,0.19,1721208,Tocantins,2010
2302,Amaturá,0.95,1300060,Amazonas,2010
2303,Cacaulândia,1.08,1100601,Rondônia,2010
2304,São Félix de Balsas,0.0,2110807,Maranhão,2010
2305,Colinas,4.65,2103505,Maranhão,2010
2306,Buritirana,4.61,2102358,Maranhão,2010
2307,Ananindeua,0.07,1500800,Pará,2010
2308,Presidente Figueiredo,9.25,1303536,Amazonas,2010
2309,Abaetetuba,3.83,1500107,Pará,2010
2310,Pindaré-Mirim,0.0,2108504,Maranhão,2010
2311,Centenário,0.0,1704105,Tocantins,2010
2312,Santa Terezinha do Tocantins,0.0,1720002,Tocantins,2010
2313,Vigia,0.32,1508209,Pará,2010
2314,Campo Novo de Rondônia,19.91,1100700,Rondônia,2010
2315,Santa Cruz do Xingu,4.97,5107743,Mato Grosso,2010
2316,Lajeado Novo,0.42,2105989,Maranhão,2010
2317,Afuá,1.73,1500305,Pará,2010
2318,Ribamar Fiquene,0.85,2109551,Maranhão,2010
2319,Peixoto de Azevedo,56.78,5106422,Mato Grosso,2011
2320,Pau D'Arco,2.48,1505551,Pará,2011
2321,Mâncio Lima,11.61,1200336,Acre,2011
2322,Alto Alegre,11.29,1400050,Roraima,2011
2323,Pedra Preta,0.0,5106372,Mato Grosso,2011
2324,Itaituba,89.41,1503606,Pará,2011
2325,Redenção,1.05,1506138,Pará,2011
2326,Iracema,7.17,1400282,Roraima,2011
2327,Santo Antônio do Leverger,0.77,5107800,Mato Grosso,2011
2328,Porto Esperidião,1.13,5106828,Mato Grosso,2011
2329,Nova Brasilândia,0.19,5106208,Mato Grosso,2011
2330,Caracaraí,22.13,1400209,Roraima,2011
2331,Ponte Branca,0.0,5106703,Mato Grosso,2011
2332,Cuiabá,0.15,5103403,Mato Grosso,2011
2333,Tucumã,1.65,1508084,Pará,2011
2334,Alto Paraguai,0.16,5100508,Mato Grosso,2011
2335,São Pedro da Cipa,0.0,5107404,Mato Grosso,2011
2336,Porto Estrela,0.0,5106851,Mato Grosso,2011
2337,Porto de Moz,19.36,1505908,Pará,2011
2338,Denise,0.0,5103452,Mato Grosso,2011
2339,Cáceres,1.21,5102504,Mato Grosso,2011
2340,Tesouro,0.0,5108105,Mato Grosso,2011
2341,Araguaiana,0.0,5101001,Mato Grosso,2011
2342,Matupá,28.93,5105606,Mato Grosso,2011
2343,Conquista D'Oeste,2.73,5103361,Mato Grosso,2011
2344,Vale de São Domingos,0.0,5108352,Mato Grosso,2011
2345,Juscimeira,0.16,5105200,Mato Grosso,2011
2346,Nova Guarita,1.28,5108808,Mato Grosso,2011
2347,Bonfim,3.83,1400159,Roraima,2011
2348,Tapauá,4.39,1304104,Amazonas,2011
2349,Salto do Céu,1.57,5107750,Mato Grosso,2011
2350,Campo Verde,0.21,5102678,Mato Grosso,2011
2351,Eirunepé,3.32,1301407,Amazonas,2011
2352,Curvelândia,0.0,5103437,Mato Grosso,2011
2353,Acorizal,0.0,5100102,Mato Grosso,2011
2354,Várzea Grande,0.0,5108402,Mato Grosso,2011
2355,Rosário Oeste,0.0,5107701,Mato Grosso,2011
2356,Rio Branco,0.0,5107206,Mato Grosso,2011
2357,Santo Antônio do Leste,0.0,5107792,Mato Grosso,2011
2358,Chapada dos Guimarães,0.37,5103007,Mato Grosso,2011
2359,Novo São Joaquim,0.0,5106281,Mato Grosso,2011
2360,Glória D'Oeste,0.0,5103957,Mato Grosso,2011
2361,São José do Povo,0.0,5107297,Mato Grosso,2011
2362,Mirassol d'Oeste,0.82,5105622,Mato Grosso,2011
2363,Nova Bandeirantes,48.44,5106158,Mato Grosso,2011
2364,Poconé,0.0,5106505,Mato Grosso,2011
2365,Conceição do Araguaia,5.17,1502707,Pará,2011
2366,Barra do Bugres,4.54,5101704,Mato Grosso,2011
2367,Guiratinga,0.0,5104203,Mato Grosso,2011
2368,Dom Aquino,0.0,5103601,Mato Grosso,2011
2369,Lambari D'Oeste,1.24,5105234,Mato Grosso,2011
2370,São José dos Quatro Marcos,1.0,5107107,Mato Grosso,2011
2371,Poxoréu,0.42,5107008,Mato Grosso,2011
2372,Floresta do Araguaia,4.01,1503044,Pará,2011
2373,Barão de Melgaço,1.83,5101605,Mato Grosso,2011
2374,Araputanga,0.28,5101258,Mato Grosso,2011
2375,Nova Olímpia,0.18,5106232,Mato Grosso,2011
2376,Rondonópolis,0.27,5107602,Mato Grosso,2011
2377,Nova Xavantina,0.0,5106257,Mato Grosso,2011
2378,Pontal do Araguaia,0.0,5106653,Mato Grosso,2011
2379,Jangada,0.0,5104906,Mato Grosso,2011
2380,Amapá,0.21,1600105,Amapá,2011
2381,Guajará,6.53,1301654,Amazonas,2011
2382,Vila Bela da Santíssima Trindade,17.77,5105507,Mato Grosso,2011
2383,Araguainha,0.0,5101209,Mato Grosso,2011
2384,Capixaba,9.46,1200179,Acre,2011
2385,Jauru,0.1,5105002,Mato Grosso,2011
2386,Ribeirãozinho,0.0,5107198,Mato Grosso,2011
2387,Reserva do Cabaçal,1.72,5107156,Mato Grosso,2011
2388,Figueirópolis D'Oeste,0.31,5103809,Mato Grosso,2011
2389,Alto Garças,0.0,5100409,Mato Grosso,2011
2390,Nossa Senhora do Livramento,0.09,5106109,Mato Grosso,2011
2391,Jaciara,0.08,5104807,Mato Grosso,2011
2392,Manaus,2.19,1302603,Amazonas,2011
2393,Pontes e Lacerda,3.12,5106752,Mato Grosso,2011
2394,Ipixuna,2.33,1301803,Amazonas,2011
2395,Primavera do Leste,0.0,5107040,Mato Grosso,2011
2396,Maraã,0.65,1302801,Amazonas,2011
2397,Torixoréu,0.0,5108204,Mato Grosso,2011
2398,General Carneiro,0.0,5103908,Mato Grosso,2011
2399,Nova Rosalândia,0.0,1715002,Tocantins,2011
2400,São Gabriel da Cachoeira,4.0,1303809,Amazonas,2011
2401,Ipiranga do Norte,11.37,5104526,Mato Grosso,2011
2402,Araguaína,1.39,1702109,Tocantins,2011
2403,São Geraldo do Araguaia,0.95,1507458,Pará,2011
2404,Augusto Corrêa,0.0,1500909,Pará,2011
2405,Uarini,1.33,1304260,Amazonas,2011
2406,Vilhena,7.88,1100304,Rondônia,2011
2407,Nova Lacerda,14.93,5106182,Mato Grosso,2011
2408,Itaporã do Tocantins,0.15,1711100,Tocantins,2011
2409,Lucas do Rio Verde,0.58,5105259,Mato Grosso,2011
2410,Nova Maringá,8.86,5108907,Mato Grosso,2011
2411,Goianésia do Pará,21.45,1503093,Pará,2011
2412,Bujari,9.57,1200138,Acre,2011
2413,Rio Maria,2.78,1506161,Pará,2011
2414,Divinópolis do Tocantins,0.0,1707108,Tocantins,2011
2415,Jacareacanga,28.14,1503754,Pará,2011
2416,Barrolândia,0.0,1703107,Tocantins,2011
2417,Diamantino,1.22,5103502,Mato Grosso,2011
2418,Santa Fé do Araguaia,0.68,1718865,Tocantins,2011
2419,Santa Carmem,10.19,5107248,Mato Grosso,2011
2420,Bannach,5.64,1501253,Pará,2011
2421,Canabrava do Norte,13.42,5102694,Mato Grosso,2011
2422,Pedra Branca do Amapari,1.34,1600154,Amapá,2011
2423,Oliveira de Fátima,0.0,1715507,Tocantins,2011
2424,Caseara,0.39,1703909,Tocantins,2011
2425,Santa Cruz do Arari,0.0,1506401,Pará,2011
2426,Tapurah,19.83,5108006,Mato Grosso,2011
2427,Parauapebas,2.34,1505536,Pará,2011
2428,Limoeiro do Ajuru,0.07,1504000,Pará,2011
2429,Theobroma,2.23,1101609,Rondônia,2011
2430,São Félix do Xingu,139.39,1507300,Pará,2011
2431,Comodoro,17.72,5103304,Mato Grosso,2011
2432,Goianorte,0.0,1708304,Tocantins,2011
2433,Governador Jorge Teixeira,2.15,1101005,Rondônia,2011
2434,Tabaporã,13.13,5107941,Mato Grosso,2011
2435,Epitaciolândia,7.11,1200252,Acre,2011
2436,Vera,1.68,5108501,Mato Grosso,2011
2437,Novo Mundo,15.19,5106265,Mato Grosso,2011
2438,Bernardo Sayão,0.0,1703206,Tocantins,2011
2439,Rolim de Moura,0.73,1100288,Rondônia,2011
2440,Seringueiras,7.87,1101500,Rondônia,2011
2441,Autazes,23.87,1300300,Amazonas,2011
2442,Ferreira Gomes,0.51,1600238,Amapá,2011
2443,Palmas,0.0,1721000,Tocantins,2011
2444,São Francisco do Brejão,1.15,2110856,Maranhão,2011
2445,Sambaíba,0.0,2109700,Maranhão,2011
2446,Novo Alegre,0.0,1715150,Tocantins,2011
2447,Santa Luzia D'Oeste,0.16,1100296,Rondônia,2011
2448,Tartarugalzinho,2.12,1600709,Amapá,2011
2449,Arenápolis,0.0,5101308,Mato Grosso,2011
2450,Gurupi,0.0,1709500,Tocantins,2011
2451,Lagoa da Confusão,3.69,1711902,Tocantins,2011
2452,Boa Vista,0.2,1400100,Roraima,2011
2453,Gurupá,0.58,1503101,Pará,2011
2454,São Pedro da Água Branca,0.23,2111532,Maranhão,2011
2455,Jaú do Tocantins,0.0,1711506,Tocantins,2011
2456,Araguaçu,0.0,1702000,Tocantins,2011
2457,Sandolândia,0.0,1718840,Tocantins,2011
2458,Altamira,249.9,1500602,Pará,2011
2459,Aliança do Tocantins,0.0,1700350,Tocantins,2011
2460,São Sebastião do Uatumã,2.68,1303957,Amazonas,2011
2461,Porto dos Gaúchos,20.11,5106802,Mato Grosso,2011
2462,Sapezal,0.29,5107875,Mato Grosso,2011
2463,Bragança,0.89,1501709,Pará,2011
2464,Nova Santa Helena,3.95,5106190,Mato Grosso,2011
2465,Alto Paraíso,15.36,1100403,Rondônia,2011
2466,Araguanã,0.24,1702158,Tocantins,2011
2467,São José do Rio Claro,12.03,5107305,Mato Grosso,2011
2468,Pimenteiras do Oeste,6.34,1101468,Rondônia,2011
2469,Mocajuba,0.57,1504604,Pará,2011
2470,Iranduba,2.82,1301852,Amazonas,2011
2471,Urucará,1.84,1304302,Amazonas,2011
2472,Santa Isabel do Rio Negro,1.87,1303601,Amazonas,2011
2473,Senador Guiomard,7.0,1200450,Acre,2011
2474,Figueirópolis,0.0,1707652,Tocantins,2011
2475,Coari,3.81,1301209,Amazonas,2011
2476,Carauari,0.46,1301001,Amazonas,2011
2477,Nova Mutum,9.49,5106224,Mato Grosso,2011
2478,Nova Nazaré,0.66,5106174,Mato Grosso,2011
2479,Brasil Novo,38.43,1501725,Pará,2011
2480,Apuí,48.52,1300144,Amazonas,2011
2481,Santa Terezinha,12.06,5107776,Mato Grosso,2011
2482,Campinápolis,0.0,5102603,Mato Grosso,2011
2483,Nova Mamoré,75.82,1100338,Rondônia,2011
2484,Castanheiras,0.73,1100908,Rondônia,2011
2485,União do Sul,11.13,5108303,Mato Grosso,2011
2486,Alvorada,0.0,1700707,Tocantins,2011
2487,Caroebe,14.79,1400233,Roraima,2011
2488,Coroatá,6.33,2103604,Maranhão,2011
2489,Pastos Bons,0.0,2108009,Maranhão,2011
2490,Lago do Junco,0.0,2105807,Maranhão,2011
2491,Matões do Norte,1.92,2106631,Maranhão,2011
2492,Cantanhede,4.36,2102705,Maranhão,2011
2493,Arame,11.83,2100956,Maranhão,2011
2494,Conceição do Tocantins,0.0,1705607,Tocantins,2011
2495,Tufilândia,0.0,2112274,Maranhão,2011
2496,Governador Newton Bello,1.45,2104651,Maranhão,2011
2497,Maranhãozinho,0.4,2106375,Maranhão,2011
2498,Igarapé Grande,0.0,2105203,Maranhão,2011
2499,Monção,1.64,2106904,Maranhão,2011
2500,Peritoró,4.77,2108454,Maranhão,2011
2501,Sucupira do Norte,0.0,2111904,Maranhão,2011
2502,Formosa da Serra Negra,0.08,2104099,Maranhão,2011
2503,Nova Iorque,0.0,2107308,Maranhão,2011
2504,Santa Filomena do Maranhão,1.09,2109759,Maranhão,2011
2505,Carutapera,2.07,2102903,Maranhão,2011
2506,Rio Branco,41.92,1200401,Acre,2011
2507,Satubinha,0.0,2111722,Maranhão,2011
2508,Cujubim,47.18,1100940,Rondônia,2011
2509,Fernando Falcão,2.24,2104081,Maranhão,2011
2510,Pirapemas,2.99,2108801,Maranhão,2011
2511,Centro do Guilherme,5.06,2103158,Maranhão,2011
2512,Oiapoque,2.09,1600501,Amapá,2011
2513,Darcinópolis,0.07,1706506,Tocantins,2011
2514,Alcântara,0.0,2100204,Maranhão,2011
2515,Arari,0.76,2101004,Maranhão,2011
2516,Cumaru do Norte,58.92,1502764,Pará,2011
2517,Miranda do Norte,1.17,2106755,Maranhão,2011
2518,Penalva,2.08,2108306,Maranhão,2011
2519,Brejo Grande do Araguaia,2.16,1501758,Pará,2011
2520,Medicilândia,29.06,1504455,Pará,2011
2521,Nova Timboteua,0.19,1505007,Pará,2011
2522,Central do Maranhão,0.0,2103125,Maranhão,2011
2523,Alto Alegre do Maranhão,0.74,2100436,Maranhão,2011
2524,Maurilândia do Tocantins,0.17,1712801,Tocantins,2011
2525,Paragominas,35.13,1505502,Pará,2011
2526,Morros,0.0,2107100,Maranhão,2011
2527,Itinga do Maranhão,4.38,2105427,Maranhão,2011
2528,Santa Helena,3.52,2109809,Maranhão,2011
2529,São João da Ponta,0.73,1507466,Pará,2011
2530,Cedral,0.0,2103109,Maranhão,2011
2531,São João Batista,0.0,2111003,Maranhão,2011
2532,São Raimundo do Doca Bezerra,0.0,2111631,Maranhão,2011
2533,Turilândia,9.76,2112456,Maranhão,2011
2534,São João de Pirabas,1.13,1507474,Pará,2011
2535,Lago dos Rodrigues,0.0,2105948,Maranhão,2011
2536,Lagoa do Tocantins,0.0,1711951,Tocantins,2011
2537,Dianópolis,0.0,1707009,Tocantins,2011
2538,Novo Acordo,0.0,1715101,Tocantins,2011
2539,Maracanã,0.59,1504307,Pará,2011
2540,Axixá do Tocantins,0.07,1702901,Tocantins,2011
2541,Cachoeira Grande,0.45,2102374,Maranhão,2011
2542,Anajatuba,0.52,2100709,Maranhão,2011
2543,Aurora do Tocantins,0.0,1702703,Tocantins,2011
2544,Itiquira,0.0,5104609,Mato Grosso,2011
2545,Mateiros,0.0,1712702,Tocantins,2011
2546,Natividade,0.0,1714203,Tocantins,2011
2547,Joselândia,0.67,2105609,Maranhão,2011
2548,Bom Jesus do Tocantins,0.0,1703305,Tocantins,2011
2549,Estreito,0.0,2104057,Maranhão,2011
2550,Lizarda,0.0,1712405,Tocantins,2011
2551,Ariquemes,3.7,1100023,Rondônia,2011
2552,Olho d'Água das Cunhãs,0.0,2107407,Maranhão,2011
2553,Cajari,0.89,2102507,Maranhão,2011
2554,Bom Jesus do Tocantins,2.29,1501576,Pará,2011
2555,Chaves,0.12,1502509,Pará,2011
2556,Governador Eugênio Barros,6.67,2104602,Maranhão,2011
2557,Barcarena,1.01,1501303,Pará,2011
2558,São João da Baliza,5.04,1400506,Roraima,2011
2559,Miracema do Tocantins,0.0,1713205,Tocantins,2011
2560,Rio dos Bois,0.0,1718709,Tocantins,2011
2561,Itaubal,0.42,1600253,Amapá,2011
2562,Tefé,3.42,1304203,Amazonas,2011
2563,Cláudia,11.68,5103056,Mato Grosso,2011
2564,Nortelândia,0.57,5106000,Mato Grosso,2011
2565,Anori,0.58,1300102,Amazonas,2011
2566,Água Boa,0.11,5100201,Mato Grosso,2011
2567,Miranorte,0.0,1713304,Tocantins,2011
2568,Rorainópolis,10.8,1400472,Roraima,2011
2569,Cocalinho,1.5,5103106,Mato Grosso,2011
2570,Costa Marques,17.48,1100080,Rondônia,2011
2571,Macapá,0.83,1600303,Amapá,2011
2572,Mirante da Serra,0.55,1101302,Rondônia,2011
2573,Monte Alegre,10.85,1504802,Pará,2011
2574,Santa Rosa do Purus,2.88,1200435,Acre,2011
2575,Palmeirópolis,0.0,1715754,Tocantins,2011
2576,Canaã dos Carajás,1.11,1502152,Pará,2011
2577,Guimarães,0.0,2104909,Maranhão,2011
2578,Belterra,1.57,1501451,Pará,2011
2579,Itapiratins,0.0,1710904,Tocantins,2011
2580,Araguanã,0.0,2100873,Maranhão,2011
2581,Viseu,3.7,1508308,Pará,2011
2582,Uruará,38.31,1508159,Pará,2011
2583,Junco do Maranhão,0.46,2105658,Maranhão,2011
2584,Novo Aripuanã,17.82,1303304,Amazonas,2011
2585,Cotriguaçu,21.37,5103379,Mato Grosso,2011
2586,Jatobá,1.06,2105450,Maranhão,2011
2587,Rio Sono,0.0,1718758,Tocantins,2011
2588,Tracuateua,0.26,1508035,Pará,2011
2589,Breu Branco,14.78,1501782,Pará,2011
2590,Santa Tereza do Tocantins,0.0,1719004,Tocantins,2011
2591,Maracaçumé,0.41,2106326,Maranhão,2011
2592,Parintins,4.9,1303403,Amazonas,2011
2593,Porto Grande,2.53,1600535,Amapá,2011
2594,Aragominas,2.57,1701309,Tocantins,2011
2595,Pugmil,0.0,1718451,Tocantins,2011
2596,Araguacema,0.63,1701903,Tocantins,2011
2597,Novo Airão,1.16,1303205,Amazonas,2011
2598,Breves,0.64,1501808,Pará,2011
2599,Acará,15.01,1500206,Pará,2011
2600,Augustinópolis,0.08,1702554,Tocantins,2011
2601,Canutama,25.65,1300904,Amazonas,2011
2602,Serra Nova Dourada,5.27,5107883,Mato Grosso,2011
2603,Humaitá,11.0,1301704,Amazonas,2011
2604,Borba,11.7,1300805,Amazonas,2011
2605,Ourilândia do Norte,5.54,1505437,Pará,2011
2606,Cerejeiras,1.68,1100056,Rondônia,2011
2607,Mãe do Rio,0.06,1504059,Pará,2011
2608,Bom Jesus das Selvas,4.06,2102036,Maranhão,2011
2609,São João do Soter,0.0,2111078,Maranhão,2011
2610,Magalhães Barata,0.14,1504109,Pará,2011
2611,Senador Alexandre Costa,4.9,2111748,Maranhão,2011
2612,São Mateus do Maranhão,0.3,2111508,Maranhão,2011
2613,Marajá do Sena,4.09,2106359,Maranhão,2011
2614,Igarapé do Meio,0.0,2105153,Maranhão,2011
2615,Santa Rosa do Tocantins,0.0,1718907,Tocantins,2011
2616,Manacapuru,8.78,1302504,Amazonas,2011
2617,Alvarães,2.34,1300029,Amazonas,2011
2618,Cabixi,0.74,1100031,Rondônia,2011
2619,Candeias do Jamari,17.91,1100809,Rondônia,2011
2620,Nova Canaã do Norte,4.11,5106216,Mato Grosso,2011
2621,Moju,42.6,1504703,Pará,2011
2622,Maués,14.64,1302900,Amazonas,2011
2623,São Miguel do Guaporé,5.36,1100320,Rondônia,2011
2624,Santa Maria das Barreiras,32.94,1506583,Pará,2011
2625,Silves,1.74,1304005,Amazonas,2011
2626,Bandeirantes do Tocantins,0.05,1703057,Tocantins,2011
2627,Porto Alegre do Norte,3.79,5106778,Mato Grosso,2011
2628,Gaúcha do Norte,9.7,5103858,Mato Grosso,2011
2629,Nova Monte Verde,3.58,5108956,Mato Grosso,2011
2630,Cametá,1.38,1502103,Pará,2011
2631,Tarauacá,19.24,1200609,Acre,2011
2632,São José do Xingu,5.93,5107354,Mato Grosso,2011
2633,Nova Olinda do Norte,3.09,1303106,Amazonas,2011
2634,Pracuúba,0.66,1600550,Amapá,2011
2635,Bom Jesus do Araguaia,12.23,5101852,Mato Grosso,2011
2636,Santo Antônio do Içá,2.78,1303700,Amazonas,2011
2637,Tabatinga,0.87,1304062,Amazonas,2011
2638,Vitória do Xingu,53.12,1508357,Pará,2011
2639,Campos de Júlio,0.07,5102686,Mato Grosso,2011
2640,Aripuanã,34.05,5101407,Mato Grosso,2011
2641,Alvorada D'Oeste,2.29,1100346,Rondônia,2011
2642,Nova Ubiratã,94.14,5106240,Mato Grosso,2011
2643,Cruzeiro do Sul,12.69,1200203,Acre,2011
2644,Alta Floresta,5.66,5100250,Mato Grosso,2011
2645,Faro,3.01,1503002,Pará,2011
2646,Canarana,1.96,5102702,Mato Grosso,2011
2647,Cachoeira do Arari,0.21,1502004,Pará,2011
2648,Paraíso do Tocantins,0.0,1716109,Tocantins,2011
2649,Primavera de Rondônia,0.0,1101476,Rondônia,2011
2650,Cutias,0.35,1600212,Amapá,2011
2651,Cacoal,2.31,1100049,Rondônia,2011
2652,Piçarra,3.52,1505635,Pará,2011
2653,Vitória do Jari,1.1,1600808,Amapá,2011
2654,Porto Nacional,0.0,1718204,Tocantins,2011
2655,Assis Brasil,2.82,1200054,Acre,2011
2656,Planalto da Serra,0.19,5106455,Mato Grosso,2011
2657,Colinas do Tocantins,0.16,1705508,Tocantins,2011
2658,Colíder,0.48,5103205,Mato Grosso,2011
2659,Sinop,8.0,5107909,Mato Grosso,2011
2660,Muricilândia,0.62,1713957,Tocantins,2011
2661,Alta Floresta D'Oeste,6.81,1100015,Rondônia,2011
2662,Sorriso,0.71,5107925,Mato Grosso,2011
2663,Inhangapi,0.0,1503408,Pará,2011
2664,Bacabal,0.06,2101202,Maranhão,2011
2665,Primavera,0.58,1506104,Pará,2011
2666,Presidente Sarney,3.6,2109270,Maranhão,2011
2667,Lagoa Grande do Maranhão,0.75,2105963,Maranhão,2011
2668,Campestre do Maranhão,0.5,2102556,Maranhão,2011
2669,Dom Pedro,1.86,2103802,Maranhão,2011
2670,Itaguatins,2.29,1710706,Tocantins,2011
2671,Nova Olinda do Maranhão,4.65,2107357,Maranhão,2011
2672,Ananás,3.67,1701002,Tocantins,2011
2673,Santa Luzia do Paruá,0.54,2110039,Maranhão,2011
2674,Palmeirândia,0.12,2107605,Maranhão,2011
2675,Nova Esperança do Piriá,33.1,1504950,Pará,2011
2676,Alto Taquari,0.0,5100607,Mato Grosso,2011
2677,Ji-Paraná,1.21,1100122,Rondônia,2011
2678,Boa Vista do Ramos,1.39,1300680,Amazonas,2011
2679,Carolina,0.0,2102804,Maranhão,2011
2680,Japurá,1.33,1302108,Amazonas,2011
2681,Santa Bárbara do Pará,0.1,1506351,Pará,2011
2682,Monte do Carmo,0.0,1713601,Tocantins,2011
2683,Prainha,18.16,1506005,Pará,2011
2684,Tuntum,5.51,2112308,Maranhão,2011
2685,Curuçá,0.41,1502905,Pará,2011
2686,Taipas do Tocantins,0.0,1720937,Tocantins,2011
2687,Itaipava do Grajaú,2.28,2105351,Maranhão,2011
2688,Laranjal do Jari,1.73,1600279,Amapá,2011
2689,Senador La Rocque,2.37,2111763,Maranhão,2011
2690,Santa Luzia,3.93,2110005,Maranhão,2011
2691,Santana do Araguaia,33.12,1506708,Pará,2011
2692,Santo Antônio do Tauá,0.31,1507003,Pará,2011
2693,Tasso Fragoso,0.0,2112001,Maranhão,2011
2694,Porto Rico do Maranhão,0.0,2109056,Maranhão,2011
2695,Silvanópolis,0.0,1720655,Tocantins,2011
2696,Sítio Novo do Tocantins,0.98,1720804,Tocantins,2011
2697,Santa Luzia do Pará,0.34,1506559,Pará,2011
2698,Raposa,0.0,2109452,Maranhão,2011
2699,Vila Rica,12.5,5108600,Mato Grosso,2011
2700,Olinda Nova do Maranhão,0.0,2107456,Maranhão,2011
2701,Presidente Vargas,0.7,2109304,Maranhão,2011
2702,Bacurituba,0.0,2101350,Maranhão,2011
2703,Gonçalves Dias,9.73,2104404,Maranhão,2011
2704,São José de Ribamar,0.46,2111201,Maranhão,2011
2705,Altamira do Maranhão,0.0,2100402,Maranhão,2011
2706,Garrafão do Norte,9.83,1503077,Pará,2011
2707,Fortuna,3.42,2104206,Maranhão,2011
2708,São Caetano de Odivelas,0.4,1507102,Pará,2011
2709,Machadinho D'Oeste,54.29,1100130,Rondônia,2011
2710,Bequimão,0.0,2101905,Maranhão,2011
2711,Rosário,2.48,2109601,Maranhão,2011
2712,Capitão Poço,9.21,1502301,Pará,2011
2713,Bujaru,1.65,1501907,Pará,2011
2714,Monte Negro,10.24,1101401,Rondônia,2011
2715,Rodrigues Alves,4.7,1200427,Acre,2011
2716,Terra Santa,1.39,1507979,Pará,2011
2717,Bacuri,0.0,2101301,Maranhão,2011
2718,Santa Rita,1.62,2110203,Maranhão,2011
2719,Capanema,1.42,1502202,Pará,2011
2720,Presidente Dutra,0.98,2109106,Maranhão,2011
2721,Santarém,10.95,1506807,Pará,2011
2722,Melgaço,0.43,1504505,Pará,2011
2723,Peixe-Boi,0.39,1505601,Pará,2011
2724,Passagem Franca,0.0,2107902,Maranhão,2011
2725,Juruena,6.22,5105176,Mato Grosso,2011
2726,Anajás,0.31,1500701,Pará,2011
2727,Buritis,42.32,1100452,Rondônia,2011
2728,Dom Eliseu,24.61,1502939,Pará,2011
2729,Senador José Porfírio,100.47,1507805,Pará,2011
2730,Vargem Grande,0.75,2112704,Maranhão,2011
2731,Rio da Conceição,0.0,1718659,Tocantins,2011
2732,Itapecuru Mirim,6.4,2105401,Maranhão,2011
2733,Loreto,0.0,2106102,Maranhão,2011
2734,Benedito Leite,0.0,2101806,Maranhão,2011
2735,Jacundá,2.3,1503804,Pará,2011
2736,Porto Walter,10.58,1200393,Acre,2011
2737,Abel Figueiredo,0.44,1500131,Pará,2011
2738,Açailândia,8.41,2100055,Maranhão,2011
2739,Itacoatiara,17.55,1301902,Amazonas,2011
2740,São Miguel do Tocantins,0.66,1720200,Tocantins,2011
2741,Bom Lugar,0.0,2102077,Maranhão,2011
2742,Marianópolis do Tocantins,1.17,1712504,Tocantins,2011
2743,Santa Inês,0.0,2109908,Maranhão,2011
2744,Codó,5.29,2103307,Maranhão,2011
2745,Carlinda,0.75,5102793,Mato Grosso,2011
2746,Pindorama do Tocantins,0.0,1717008,Tocantins,2011
2747,Alto Parnaíba,0.0,2100501,Maranhão,2011
2748,Feliz Natal,27.47,5103700,Mato Grosso,2011
2749,São Félix do Araguaia,19.14,5107859,Mato Grosso,2011
2750,Pequizeiro,0.11,1716653,Tocantins,2011
2751,Eldorado do Carajás,5.3,1502954,Pará,2011
2752,Rio Crespo,2.72,1100262,Rondônia,2011
2753,Brasiléia,14.52,1200104,Acre,2011
2754,Tangará da Serra,0.46,5107958,Mato Grosso,2011
2755,Fonte Boa,0.96,1301605,Amazonas,2011
2756,São Miguel do Guamá,1.34,1507607,Pará,2011
2757,Nova Ipixuna,5.32,1504976,Pará,2011
2758,Filadélfia,0.0,1707702,Tocantins,2011
2759,São Domingos do Azeitão,0.0,2110658,Maranhão,2011
2760,Beruri,2.09,1300631,Amazonas,2011
2761,Espigão D'Oeste,1.49,1100098,Rondônia,2011
2762,Uiramutã,0.7,1400704,Roraima,2011
2763,Esperantinópolis,0.0,2104008,Maranhão,2011
2764,Apiacás,14.1,5100805,Mato Grosso,2011
2765,Tupiratins,0.0,1721307,Tocantins,2011
2766,Itanhangá,46.78,5104542,Mato Grosso,2011
2767,Barreirinha,4.95,1300508,Amazonas,2011
2768,Nobres,0.43,5105903,Mato Grosso,2011
2769,São Luís,1.55,2111300,Maranhão,2011
2770,Tucuruí,8.89,1508100,Pará,2011
2771,Paranã,0.0,1716208,Tocantins,2011
2772,Imperatriz,0.89,2105302,Maranhão,2011
2773,Benevides,0.0,1501501,Pará,2011
2774,São João do Carú,4.37,2111029,Maranhão,2011
2775,Cariri do Tocantins,0.0,1703867,Tocantins,2011
2776,Óbidos,15.61,1505106,Pará,2011
2777,Cidelândia,2.35,2103257,Maranhão,2011
2778,Xapuri,14.76,1200708,Acre,2011
2779,Porto Acre,16.16,1200807,Acre,2011
2780,Lavandeira,0.0,1712157,Tocantins,2011
2781,Ponte Alta do Bom Jesus,0.0,1717800,Tocantins,2011
2782,São Roberto,0.0,2111672,Maranhão,2011
2783,Alto Alegre do Pindaré,0.0,2100477,Maranhão,2011
2784,Sena Madureira,39.39,1200500,Acre,2011
2785,Abreulândia,0.0,1700251,Tocantins,2011
2786,Governador Luiz Rocha,3.99,2104628,Maranhão,2011
2787,Pedreiras,0.13,2108207,Maranhão,2011
2788,Xinguara,0.83,1508407,Pará,2011
2789,Itapuã do Oeste,13.81,1101104,Rondônia,2011
2790,São Sebastião da Boa Vista,0.0,1507706,Pará,2011
2791,Presidente Médici,0.28,2109239,Maranhão,2011
2792,São Francisco do Guaporé,14.03,1101492,Rondônia,2011
2793,Fátima,0.0,1707553,Tocantins,2011
2794,Paraibano,0.0,2107704,Maranhão,2011
2795,Placas,39.96,1505650,Pará,2011
2796,Vale do Paraíso,0.25,1101807,Rondônia,2011
2797,Manoel Urbano,8.01,1200344,Acre,2011
2798,Novo Progresso,53.14,1505031,Pará,2011
2799,Montes Altos,0.79,2107001,Maranhão,2011
2800,Chapada de Areia,0.0,1704600,Tocantins,2011
2801,Vale do Anari,6.98,1101757,Rondônia,2011
2802,Governador Edison Lobão,0.15,2104552,Maranhão,2011
2803,Dueré,0.0,1707306,Tocantins,2011
2804,Alenquer,21.87,1500404,Pará,2011
2805,Mazagão,1.52,1600402,Amapá,2011
2806,Curionópolis,0.26,1502772,Pará,2011
2807,Tailândia,19.04,1507953,Pará,2011
2808,Arapoema,0.19,1702307,Tocantins,2011
2809,Rondolândia,7.01,5107578,Mato Grosso,2011
2810,Buriticupu,3.25,2102325,Maranhão,2011
2811,São Paulo de Olivença,0.93,1303908,Amazonas,2011
2812,Cantá,8.64,1400175,Roraima,2011
2813,Apicum-Açu,0.0,2100832,Maranhão,2011
2814,Anamã,0.87,1300086,Amazonas,2011
2815,Sucupira,0.0,1720853,Tocantins,2011
2816,Presidente Médici,0.67,1100254,Rondônia,2011
2817,Pacajá,196.72,1505486,Pará,2011
2818,Paranatinga,4.2,5106307,Mato Grosso,2011
2819,Pimenta Bueno,4.26,1100189,Rondônia,2011
2820,Paço do Lumiar,0.86,2107506,Maranhão,2011
2821,Aparecida do Rio Negro,0.0,1701101,Tocantins,2011
2822,Matinha,0.48,2106508,Maranhão,2011
2823,Ulianópolis,22.88,1508126,Pará,2011
2824,Itupiranga,58.94,1503705,Pará,2011
2825,Rio Preto da Eva,5.58,1303569,Amazonas,2011
2826,Santa Rita do Trivelato,0.52,5107768,Mato Grosso,2011
2827,São João do Araguaia,3.07,1507508,Pará,2011
2828,Água Azul do Norte,7.52,1500347,Pará,2011
2829,Barra do Corda,17.24,2101608,Maranhão,2011
2830,Urucurituba,0.56,1304401,Amazonas,2011
2831,Santo Afonso,2.34,5107263,Mato Grosso,2011
2832,Muaná,0.12,1504901,Pará,2011
2833,Davinópolis,1.29,2103752,Maranhão,2011
2834,Colméia,0.0,1716703,Tocantins,2011
2835,Novo Repartimento,181.86,1505064,Pará,2011
2836,Monte Santo do Tocantins,0.0,1713700,Tocantins,2011
2837,Grajaú,57.75,2104800,Maranhão,2011
2838,Alto Alegre dos Parecis,8.34,1100379,Rondônia,2011
2839,Portel,73.02,1505809,Pará,2011
2840,Itaúba,8.56,5104559,Mato Grosso,2011
2841,Parecis,7.57,1101450,Rondônia,2011
2842,Colorado do Oeste,0.74,1100064,Rondônia,2011
2843,Presidente Kennedy,0.53,1718402,Tocantins,2011
2844,Anapu,223.27,1500859,Pará,2011
2845,Juarina,0.0,1711803,Tocantins,2011
2846,Novo Horizonte do Norte,0.39,5106273,Mato Grosso,2011
2847,Tonantins,0.99,1304237,Amazonas,2011
2848,João Lisboa,1.23,2105500,Maranhão,2011
2849,Porto Velho,318.9,1100205,Rondônia,2011
2850,Nova Olinda,0.07,1714880,Tocantins,2011
2851,Confresa,24.97,5103353,Mato Grosso,2011
2852,Curuá,3.35,1502855,Pará,2011
2853,Itapiranga,1.11,1302009,Amazonas,2011
2854,São Luís Gonzaga do Maranhão,0.15,2111409,Maranhão,2011
2855,Novo Santo Antônio,12.14,5106315,Mato Grosso,2011
2856,Novo Horizonte do Oeste,0.6,1100502,Rondônia,2011
2857,São Raimundo das Mangabeiras,0.0,2111607,Maranhão,2011
2858,Cândido Mendes,0.86,2102606,Maranhão,2011
2859,Amarante do Maranhão,15.28,2100600,Maranhão,2011
2860,Plácido de Castro,6.95,1200385,Acre,2011
2861,Serrano do Maranhão,0.0,2111789,Maranhão,2011
2862,Irituia,4.88,1503507,Pará,2011
2863,Pauini,5.71,1303502,Amazonas,2011
2864,Oeiras do Pará,6.47,1505205,Pará,2011
2865,Acrelândia,15.94,1200013,Acre,2011
2866,Almeirim,6.49,1500503,Pará,2011
2867,Ribeirão Cascalheira,8.31,5107180,Mato Grosso,2011
2868,Esperantina,0.13,1707405,Tocantins,2011
2869,Feijó,23.32,1200302,Acre,2011
2870,Couto Magalhães,0.21,1706001,Tocantins,2011
2871,Igarapé-Miri,2.72,1503309,Pará,2011
2872,Rurópolis,40.98,1506195,Pará,2011
2873,Porto Franco,1.36,2109007,Maranhão,2011
2874,Sampaio,0.08,1718808,Tocantins,2011
2875,Belém,0.25,1501402,Pará,2011
2876,Vitória do Mearim,0.84,2112902,Maranhão,2011
2877,Tupirama,0.0,1721257,Tocantins,2011
2878,São Domingos do Capim,3.0,1507201,Pará,2011
2879,Trizidela do Vale,0.02,2112233,Maranhão,2011
2880,Porto Alegre do Tocantins,0.0,1718006,Tocantins,2011
2881,Goiatins,0.0,1709005,Tocantins,2011
2882,Chapada da Natividade,0.0,1705102,Tocantins,2011
2883,São Sebastião do Tocantins,0.0,1720309,Tocantins,2011
2884,Amapá do Maranhão,3.18,2100550,Maranhão,2011
2885,Taguatinga,0.0,1720903,Tocantins,2011
2886,São Vicente Ferrer,0.0,2111706,Maranhão,2011
2887,Tocantínia,0.0,1721109,Tocantins,2011
2888,Pinheiro,1.82,2108603,Maranhão,2011
2889,Cristalândia,0.0,1706100,Tocantins,2011
2890,Aguiarnópolis,0.13,1700301,Tocantins,2011
2891,Piraquê,1.03,1717206,Tocantins,2011
2892,Bonito,1.73,1501600,Pará,2011
2893,Fortaleza dos Nogueiras,0.0,2104107,Maranhão,2011
2894,Terra Alta,0.16,1507961,Pará,2011
2895,Lago da Pedra,0.0,2105708,Maranhão,2011
2896,Balsas,0.0,2101400,Maranhão,2011
2897,Ipixuna do Pará,14.35,1503457,Pará,2011
2898,Santo Antônio dos Lopes,1.68,2110302,Maranhão,2011
2899,Serra do Navio,0.08,1600055,Amapá,2011
2900,Pau D'Arco,0.21,1716307,Tocantins,2011
2901,Concórdia do Pará,0.56,1502756,Pará,2011
2902,Lima Campos,0.57,2106003,Maranhão,2011
2903,São João do Paraíso,0.82,2111052,Maranhão,2011
2904,Boa Vista do Gurupi,1.21,2101970,Maranhão,2011
2905,Ponte Alta do Tocantins,0.0,1717909,Tocantins,2011
2906,Nazaré,0.08,1714302,Tocantins,2011
2907,Aveiro,34.5,1501006,Pará,2011
2908,Nova União,1.09,1101435,Rondônia,2011
2909,Boca do Acre,58.6,1300706,Amazonas,2011
2910,Luciara,0.0,5105309,Mato Grosso,2011
2911,Xambioá,1.59,1722107,Tocantins,2011
2912,Barcelos,1.54,1300409,Amazonas,2011
2913,Guaraí,0.92,1709302,Tocantins,2011
2914,Codajás,0.81,1301308,Amazonas,2011
2915,Querência,14.8,5107065,Mato Grosso,2011
2916,São Luiz,5.42,1400605,Roraima,2011
2917,Careiro,4.8,1301100,Amazonas,2011
2918,Pium,0.0,1717503,Tocantins,2011
2919,Brasnorte,13.52,5101902,Mato Grosso,2011
2920,Paranaíta,16.1,5106299,Mato Grosso,2011
2921,Oriximiná,12.29,1505304,Pará,2011
2922,Amajari,12.6,1400027,Roraima,2011
2923,Baião,7.45,1501204,Pará,2011
2924,Pacaraima,0.23,1400456,Roraima,2011
2925,Tabocão,0.0,1708254,Tocantins,2011
2926,São Salvador do Tocantins,0.0,1720259,Tocantins,2011
2927,Ipueiras,0.0,1709807,Tocantins,2011
2928,Juruá,0.55,1302207,Amazonas,2011
2929,Santana,0.1,1600600,Amapá,2011
2930,Jutaí,3.07,1302306,Amazonas,2011
2931,Crixás do Tocantins,0.0,1706258,Tocantins,2011
2932,Angico,0.05,1701051,Tocantins,2011
2933,Palestina do Pará,1.02,1505494,Pará,2011
2934,Alto Boa Vista,19.7,5100359,Mato Grosso,2011
2935,Turiaçu,1.14,2112407,Maranhão,2011
2936,Wanderlândia,0.59,1722081,Tocantins,2011
2937,Viana,0.45,2112803,Maranhão,2011
2938,Pedro Afonso,0.15,1716505,Tocantins,2011
2939,Riachinho,0.19,1718550,Tocantins,2011
2940,São Valério,0.0,1720499,Tocantins,2011
2941,Cachoeira do Piriá,24.35,1501956,Pará,2011
2942,Castanhal,0.98,1502400,Pará,2011
2943,Rondon do Pará,26.36,1506187,Pará,2011
2944,Barra do Ouro,0.0,1703073,Tocantins,2011
2945,Tomé-Açu,6.25,1508001,Pará,2011
2946,Poção de Pedras,0.01,2108900,Maranhão,2011
2947,São Bento,0.0,2110500,Maranhão,2011
2948,Godofredo Viana,0.69,2104305,Maranhão,2011
2949,Presidente Juscelino,2.67,2109205,Maranhão,2011
2950,São Pedro dos Crentes,0.0,2111573,Maranhão,2011
2951,Buriti do Tocantins,0.0,1703800,Tocantins,2011
2952,Centro Novo do Maranhão,29.4,2103174,Maranhão,2011
2953,Careiro da Várzea,12.2,1301159,Amazonas,2011
2954,Buriti Bravo,1.6,2102309,Maranhão,2011
2955,Pedro do Rosário,0.97,2108256,Maranhão,2011
2956,Palmeirante,0.0,1715705,Tocantins,2011
2957,Palmeiras do Tocantins,0.06,1713809,Tocantins,2011
2958,Carrasco Bonito,0.0,1703891,Tocantins,2011
2959,Conceição do Lago-Açu,0.0,2103554,Maranhão,2011
2960,Vitorino Freire,0.0,2113009,Maranhão,2011
2961,São Domingos do Araguaia,1.93,1507151,Pará,2011
2962,Almas,0.0,1700400,Tocantins,2011
2963,Lajeado,0.0,1712009,Tocantins,2011
2964,Feira Nova do Maranhão,0.0,2104073,Maranhão,2011
2965,Icatu,0.15,2105104,Maranhão,2011
2966,Cururupu,0.0,2103703,Maranhão,2011
2967,Itacajá,0.0,1710508,Tocantins,2011
2968,Luís Domingues,2.04,2106201,Maranhão,2011
2969,Campos Lindos,0.0,1703842,Tocantins,2011
2970,Aurora do Pará,6.79,1500958,Pará,2011
2971,Peri Mirim,0.08,2108405,Maranhão,2011
2972,Capinzal do Norte,1.93,2102754,Maranhão,2011
2973,Cachoeirinha,0.15,1703826,Tocantins,2011
2974,Bela Vista do Maranhão,0.0,2101772,Maranhão,2011
2975,Carmolândia,0.48,1703883,Tocantins,2011
2976,Santa Rita do Tocantins,0.07,1718899,Tocantins,2011
2977,Ministro Andreazza,0.41,1101203,Rondônia,2011
2978,Ponta de Pedras,0.22,1505700,Pará,2011
2979,Chupinguaia,4.24,1100924,Rondônia,2011
2980,Castanheira,6.83,5102850,Mato Grosso,2011
2981,Manaquiri,1.66,1302553,Amazonas,2011
2982,Marcelândia,20.65,5105580,Mato Grosso,2011
2983,Formoso do Araguaia,1.24,1708205,Tocantins,2011
2984,São Felipe D'Oeste,0.0,1101484,Rondônia,2011
2985,Brejinho de Nazaré,0.0,1703701,Tocantins,2011
2986,Juara,56.82,5105101,Mato Grosso,2011
2987,Guarantã do Norte,9.21,5104104,Mato Grosso,2011
2988,Nova Marilândia,3.99,5108857,Mato Grosso,2011
2989,Bernardo do Mearim,0.21,2101939,Maranhão,2011
2990,Terra Nova do Norte,4.48,5108055,Mato Grosso,2011
2991,Indiavaí,0.0,5104500,Mato Grosso,2011
2992,Soure,0.0,1507904,Pará,2011
2993,Caapiranga,0.93,1300839,Amazonas,2011
2994,Marabá,64.59,1504208,Pará,2011
2995,Nova Brasilândia D'Oeste,4.84,1100148,Rondônia,2011
2996,Campo Novo do Parecis,1.19,5102637,Mato Grosso,2011
2997,Guajará-Mirim,6.15,1100106,Rondônia,2011
2998,Mojuí dos Campos,10.87,1504752,Pará,2011
2999,Benjamin Constant,0.89,1300607,Amazonas,2011
3000,Dois Irmãos do Tocantins,0.15,1707207,Tocantins,2011
3001,Jaru,0.88,1100114,Rondônia,2011
3002,Jordão,5.98,1200328,Acre,2011
3003,Mucajaí,26.78,1400308,Roraima,2011
3004,Normandia,0.0,1400407,Roraima,2011
3005,Juína,7.33,5105150,Mato Grosso,2011
3006,Corumbiara,3.15,1100072,Rondônia,2011
3007,Urupá,1.16,1101708,Rondônia,2011
3008,Trairão,49.64,1508050,Pará,2011
3009,Atalaia do Norte,1.58,1300201,Amazonas,2011
3010,Nhamundá,4.04,1303007,Amazonas,2011
3011,Barra do Garças,0.0,5101803,Mato Grosso,2011
3012,São Domingos do Maranhão,7.3,2110708,Maranhão,2011
3013,Bagre,2.33,1501105,Pará,2011
3014,São Bento do Tocantins,0.1,1720101,Tocantins,2011
3015,Juruti,6.11,1503903,Pará,2011
3016,Colniza,86.88,5103254,Mato Grosso,2011
3017,Quatipuru,0.0,1506112,Pará,2011
3018,Salinópolis,0.4,1506203,Pará,2011
3019,Babaçulândia,0.0,1703008,Tocantins,2011
3020,Zé Doca,6.53,2114007,Maranhão,2011
3021,Sapucaia,0.0,1507755,Pará,2011
3022,Colares,0.15,1502608,Pará,2011
3023,Araguatins,2.65,1702208,Tocantins,2011
3024,Pio XII,0.0,2108702,Maranhão,2011
3025,Novo Jardim,0.0,1715259,Tocantins,2011
3026,Marechal Thaumaturgo,10.89,1200351,Acre,2011
3027,Teixeirópolis,0.15,1101559,Rondônia,2011
3028,São Francisco do Pará,0.17,1507409,Pará,2011
3029,Paulo Ramos,0.3,2108108,Maranhão,2011
3030,Nova Colinas,0.0,2107258,Maranhão,2011
3031,Santa Maria do Tocantins,0.0,1718881,Tocantins,2011
3032,Arraias,0.0,1702406,Tocantins,2011
3033,Salvaterra,1.06,1506302,Pará,2011
3034,Manicoré,54.64,1302702,Amazonas,2011
3035,Santa Maria do Pará,0.0,1506609,Pará,2011
3036,Cajapió,0.0,2102408,Maranhão,2011
3037,Bom Jardim,8.71,2102002,Maranhão,2011
3038,Peixe,0.0,1716604,Tocantins,2011
3039,Governador Archer,0.8,2104503,Maranhão,2011
3040,Curralinho,1.37,1502806,Pará,2011
3041,Talismã,0.0,1720978,Tocantins,2011
3042,Timbiras,0.12,2112100,Maranhão,2011
3043,Igarapé-Açu,0.06,1503200,Pará,2011
3044,Lago Verde,0.0,2105906,Maranhão,2011
3045,Itamarati,1.47,1301951,Amazonas,2011
3046,Lábrea,75.08,1302405,Amazonas,2011
3047,Luzinópolis,0.0,1712454,Tocantins,2011
3048,Brasilândia do Tocantins,0.0,1703602,Tocantins,2011
3049,Axixá,0.18,2101103,Maranhão,2011
3050,Brejo de Areia,0.72,2102150,Maranhão,2011
3051,Marituba,0.07,1504422,Pará,2011
3052,Recursolândia,0.09,1718501,Tocantins,2011
3053,Praia Norte,2.41,1718303,Tocantins,2011
3054,Sítio Novo,0.07,2111805,Maranhão,2011
3055,Ouro Preto do Oeste,0.18,1100155,Rondônia,2011
3056,São Félix do Tocantins,0.0,1720150,Tocantins,2011
3057,Marapanim,0.23,1504406,Pará,2011
3058,Bacabeira,4.71,2101251,Maranhão,2011
3059,Santarém Novo,0.18,1506906,Pará,2011
3060,Mirador,0.0,2106706,Maranhão,2011
3061,Vila Nova dos Martírios,1.02,2112852,Maranhão,2011
3062,Riachão,0.0,2109502,Maranhão,2011
3063,Ourém,1.2,1505403,Pará,2011
3064,São José dos Basílios,0.53,2111250,Maranhão,2011
3065,Governador Nunes Freire,0.46,2104677,Maranhão,2011
3066,Calçoene,1.03,1600204,Amapá,2011
3067,Alto Araguaia,0.0,5100300,Mato Grosso,2011
3068,Mirinzal,0.0,2106805,Maranhão,2011
3069,Jenipapo dos Vieiras,3.3,2105476,Maranhão,2011
3070,Santa Izabel do Pará,0.36,1506500,Pará,2011
3071,Combinado,0.0,1705557,Tocantins,2011
3072,Envira,7.06,1301506,Amazonas,2011
3073,Graça Aranha,3.37,2104701,Maranhão,2011
3074,Tocantinópolis,0.38,1721208,Tocantins,2011
3075,Amaturá,1.51,1300060,Amazonas,2011
3076,Cacaulândia,1.3,1100601,Rondônia,2011
3077,São Félix de Balsas,0.0,2110807,Maranhão,2011
3078,Colinas,2.23,2103505,Maranhão,2011
3079,Buritirana,5.61,2102358,Maranhão,2011
3080,Ananindeua,0.0,1500800,Pará,2011
3081,Presidente Figueiredo,11.68,1303536,Amazonas,2011
3082,Abaetetuba,0.83,1500107,Pará,2011
3083,Pindaré-Mirim,0.0,2108504,Maranhão,2011
3084,Centenário,0.0,1704105,Tocantins,2011
3085,Santa Terezinha do Tocantins,0.0,1720002,Tocantins,2011
3086,Vigia,0.24,1508209,Pará,2011
3087,Campo Novo de Rondônia,26.63,1100700,Rondônia,2011
3088,Santa Cruz do Xingu,2.28,5107743,Mato Grosso,2011
3089,Lajeado Novo,0.58,2105989,Maranhão,2011
3090,Afuá,0.0,1500305,Pará,2011
3091,Ribamar Fiquene,0.44,2109551,Maranhão,2011
3092,Peixoto de Azevedo,38.91,5106422,Mato Grosso,2012
3093,Pau D'Arco,1.25,1505551,Pará,2012
3094,Mâncio Lima,3.29,1200336,Acre,2012
3095,Alto Alegre,7.01,1400050,Roraima,2012
3096,Pedra Preta,0.0,5106372,Mato Grosso,2012
3097,Itaituba,94.68,1503606,Pará,2012
3098,Redenção,2.3,1506138,Pará,2012
3099,Iracema,5.86,1400282,Roraima,2012
3100,Santo Antônio do Leverger,0.21,5107800,Mato Grosso,2012
3101,Porto Esperidião,0.4,5106828,Mato Grosso,2012
3102,Nova Brasilândia,0.47,5106208,Mato Grosso,2012
3103,Caracaraí,21.99,1400209,Roraima,2012
3104,Ponte Branca,0.0,5106703,Mato Grosso,2012
3105,Cuiabá,0.0,5103403,Mato Grosso,2012
3106,Tucumã,0.96,1508084,Pará,2012
3107,Alto Paraguai,0.0,5100508,Mato Grosso,2012
3108,São Pedro da Cipa,0.0,5107404,Mato Grosso,2012
3109,Porto Estrela,0.0,5106851,Mato Grosso,2012
3110,Porto de Moz,20.53,1505908,Pará,2012
3111,Denise,0.0,5103452,Mato Grosso,2012
3112,Cáceres,1.47,5102504,Mato Grosso,2012
3113,Tesouro,0.0,5108105,Mato Grosso,2012
3114,Araguaiana,0.33,5101001,Mato Grosso,2012
3115,Matupá,13.72,5105606,Mato Grosso,2012
3116,Conquista D'Oeste,0.22,5103361,Mato Grosso,2012
3117,Vale de São Domingos,0.33,5108352,Mato Grosso,2012
3118,Juscimeira,0.07,5105200,Mato Grosso,2012
3119,Nova Guarita,1.17,5108808,Mato Grosso,2012
3120,Bonfim,2.5,1400159,Roraima,2012
3121,Tapauá,0.67,1304104,Amazonas,2012
3122,Salto do Céu,1.93,5107750,Mato Grosso,2012
3123,Campo Verde,0.0,5102678,Mato Grosso,2012
3124,Eirunepé,0.89,1301407,Amazonas,2012
3125,Curvelândia,0.0,5103437,Mato Grosso,2012
3126,Acorizal,0.0,5100102,Mato Grosso,2012
3127,Várzea Grande,0.0,5108402,Mato Grosso,2012
3128,Rosário Oeste,0.0,5107701,Mato Grosso,2012
3129,Rio Branco,0.0,5107206,Mato Grosso,2012
3130,Santo Antônio do Leste,0.1,5107792,Mato Grosso,2012
3131,Chapada dos Guimarães,0.49,5103007,Mato Grosso,2012
3132,Novo São Joaquim,0.0,5106281,Mato Grosso,2012
3133,Glória D'Oeste,0.0,5103957,Mato Grosso,2012
3134,São José do Povo,0.0,5107297,Mato Grosso,2012
3135,Mirassol d'Oeste,0.97,5105622,Mato Grosso,2012
3136,Nova Bandeirantes,33.86,5106158,Mato Grosso,2012
3137,Poconé,0.41,5106505,Mato Grosso,2012
3138,Conceição do Araguaia,7.32,1502707,Pará,2012
3139,Barra do Bugres,3.07,5101704,Mato Grosso,2012
3140,Guiratinga,0.0,5104203,Mato Grosso,2012
3141,Dom Aquino,0.0,5103601,Mato Grosso,2012
3142,Lambari D'Oeste,0.67,5105234,Mato Grosso,2012
3143,São José dos Quatro Marcos,0.61,5107107,Mato Grosso,2012
3144,Poxoréu,0.49,5107008,Mato Grosso,2012
3145,Floresta do Araguaia,5.38,1503044,Pará,2012
3146,Barão de Melgaço,3.25,5101605,Mato Grosso,2012
3147,Araputanga,0.0,5101258,Mato Grosso,2012
3148,Nova Olímpia,0.08,5106232,Mato Grosso,2012
3149,Rondonópolis,0.06,5107602,Mato Grosso,2012
3150,Nova Xavantina,0.0,5106257,Mato Grosso,2012
3151,Pontal do Araguaia,0.0,5106653,Mato Grosso,2012
3152,Jangada,0.0,5104906,Mato Grosso,2012
3153,Amapá,0.0,1600105,Amapá,2012
3154,Guajará,4.94,1301654,Amazonas,2012
3155,Vila Bela da Santíssima Trindade,11.35,5105507,Mato Grosso,2012
3156,Araguainha,0.0,5101209,Mato Grosso,2012
3157,Capixaba,15.11,1200179,Acre,2012
3158,Jauru,0.16,5105002,Mato Grosso,2012
3159,Ribeirãozinho,0.0,5107198,Mato Grosso,2012
3160,Reserva do Cabaçal,0.42,5107156,Mato Grosso,2012
3161,Figueirópolis D'Oeste,0.0,5103809,Mato Grosso,2012
3162,Alto Garças,0.0,5100409,Mato Grosso,2012
3163,Nossa Senhora do Livramento,0.42,5106109,Mato Grosso,2012
3164,Jaciara,0.23,5104807,Mato Grosso,2012
3165,Manaus,3.89,1302603,Amazonas,2012
3166,Pontes e Lacerda,1.8,5106752,Mato Grosso,2012
3167,Ipixuna,6.34,1301803,Amazonas,2012
3168,Primavera do Leste,0.0,5107040,Mato Grosso,2012
3169,Maraã,0.76,1302801,Amazonas,2012
3170,Torixoréu,0.0,5108204,Mato Grosso,2012
3171,General Carneiro,0.0,5103908,Mato Grosso,2012
3172,Nova Rosalândia,0.0,1715002,Tocantins,2012
3173,São Gabriel da Cachoeira,2.66,1303809,Amazonas,2012
3174,Ipiranga do Norte,1.15,5104526,Mato Grosso,2012
3175,Araguaína,1.45,1702109,Tocantins,2012
3176,São Geraldo do Araguaia,0.38,1507458,Pará,2012
3177,Augusto Corrêa,0.0,1500909,Pará,2012
3178,Uarini,2.03,1304260,Amazonas,2012
3179,Vilhena,8.73,1100304,Rondônia,2012
3180,Nova Lacerda,6.05,5106182,Mato Grosso,2012
3181,Itaporã do Tocantins,0.27,1711100,Tocantins,2012
3182,Lucas do Rio Verde,4.82,5105259,Mato Grosso,2012
3183,Nova Maringá,5.45,5108907,Mato Grosso,2012
3184,Goianésia do Pará,16.19,1503093,Pará,2012
3185,Bujari,10.11,1200138,Acre,2012
3186,Rio Maria,2.28,1506161,Pará,2012
3187,Divinópolis do Tocantins,0.0,1707108,Tocantins,2012
3188,Jacareacanga,32.72,1503754,Pará,2012
3189,Barrolândia,0.0,1703107,Tocantins,2012
3190,Diamantino,1.5,5103502,Mato Grosso,2012
3191,Santa Fé do Araguaia,0.6,1718865,Tocantins,2012
3192,Santa Carmem,2.85,5107248,Mato Grosso,2012
3193,Bannach,6.86,1501253,Pará,2012
3194,Canabrava do Norte,0.99,5102694,Mato Grosso,2012
3195,Pedra Branca do Amapari,0.79,1600154,Amapá,2012
3196,Oliveira de Fátima,0.0,1715507,Tocantins,2012
3197,Caseara,0.72,1703909,Tocantins,2012
3198,Santa Cruz do Arari,0.0,1506401,Pará,2012
3199,Tapurah,4.35,5108006,Mato Grosso,2012
3200,Parauapebas,4.24,1505536,Pará,2012
3201,Limoeiro do Ajuru,0.0,1504000,Pará,2012
3202,Theobroma,3.03,1101609,Rondônia,2012
3203,São Félix do Xingu,167.67,1507300,Pará,2012
3204,Comodoro,7.36,5103304,Mato Grosso,2012
3205,Goianorte,0.41,1708304,Tocantins,2012
3206,Governador Jorge Teixeira,1.38,1101005,Rondônia,2012
3207,Tabaporã,15.56,5107941,Mato Grosso,2012
3208,Epitaciolândia,12.33,1200252,Acre,2012
3209,Vera,2.92,5108501,Mato Grosso,2012
3210,Novo Mundo,4.18,5106265,Mato Grosso,2012
3211,Bernardo Sayão,0.0,1703206,Tocantins,2012
3212,Rolim de Moura,1.1,1100288,Rondônia,2012
3213,Seringueiras,12.58,1101500,Rondônia,2012
3214,Autazes,14.4,1300300,Amazonas,2012
3215,Ferreira Gomes,0.15,1600238,Amapá,2012
3216,Palmas,0.0,1721000,Tocantins,2012
3217,São Francisco do Brejão,0.6,2110856,Maranhão,2012
3218,Sambaíba,0.0,2109700,Maranhão,2012
3219,Novo Alegre,0.0,1715150,Tocantins,2012
3220,Santa Luzia D'Oeste,2.35,1100296,Rondônia,2012
3221,Tartarugalzinho,0.68,1600709,Amapá,2012
3222,Arenápolis,0.0,5101308,Mato Grosso,2012
3223,Gurupi,0.0,1709500,Tocantins,2012
3224,Lagoa da Confusão,10.08,1711902,Tocantins,2012
3225,Boa Vista,0.0,1400100,Roraima,2012
3226,Gurupá,3.4,1503101,Pará,2012
3227,São Pedro da Água Branca,0.0,2111532,Maranhão,2012
3228,Jaú do Tocantins,0.0,1711506,Tocantins,2012
3229,Araguaçu,0.0,1702000,Tocantins,2012
3230,Sandolândia,2.61,1718840,Tocantins,2012
3231,Altamira,228.96,1500602,Pará,2012
3232,Aliança do Tocantins,0.0,1700350,Tocantins,2012
3233,São Sebastião do Uatumã,0.93,1303957,Amazonas,2012
3234,Porto dos Gaúchos,7.19,5106802,Mato Grosso,2012
3235,Sapezal,0.41,5107875,Mato Grosso,2012
3236,Bragança,0.21,1501709,Pará,2012
3237,Nova Santa Helena,3.2,5106190,Mato Grosso,2012
3238,Alto Paraíso,13.1,1100403,Rondônia,2012
3239,Araguanã,0.55,1702158,Tocantins,2012
3240,São José do Rio Claro,7.85,5107305,Mato Grosso,2012
3241,Pimenteiras do Oeste,7.47,1101468,Rondônia,2012
3242,Mocajuba,0.31,1504604,Pará,2012
3243,Iranduba,1.02,1301852,Amazonas,2012
3244,Urucará,0.49,1304302,Amazonas,2012
3245,Santa Isabel do Rio Negro,1.39,1303601,Amazonas,2012
3246,Senador Guiomard,2.41,1200450,Acre,2012
3247,Figueirópolis,0.0,1707652,Tocantins,2012
3248,Coari,0.96,1301209,Amazonas,2012
3249,Carauari,0.53,1301001,Amazonas,2012
3250,Nova Mutum,11.31,5106224,Mato Grosso,2012
3251,Nova Nazaré,0.1,5106174,Mato Grosso,2012
3252,Brasil Novo,8.78,1501725,Pará,2012
3253,Apuí,73.88,1300144,Amazonas,2012
3254,Santa Terezinha,10.2,5107776,Mato Grosso,2012
3255,Campinápolis,0.0,5102603,Mato Grosso,2012
3256,Nova Mamoré,76.4,1100338,Rondônia,2012
3257,Castanheiras,0.0,1100908,Rondônia,2012
3258,União do Sul,15.8,5108303,Mato Grosso,2012
3259,Alvorada,0.0,1700707,Tocantins,2012
3260,Caroebe,11.34,1400233,Roraima,2012
3261,Coroatá,3.53,2103604,Maranhão,2012
3262,Pastos Bons,0.0,2108009,Maranhão,2012
3263,Lago do Junco,0.0,2105807,Maranhão,2012
3264,Matões do Norte,1.85,2106631,Maranhão,2012
3265,Cantanhede,2.59,2102705,Maranhão,2012
3266,Arame,29.85,2100956,Maranhão,2012
3267,Conceição do Tocantins,0.0,1705607,Tocantins,2012
3268,Tufilândia,0.0,2112274,Maranhão,2012
3269,Governador Newton Bello,0.0,2104651,Maranhão,2012
3270,Maranhãozinho,0.06,2106375,Maranhão,2012
3271,Igarapé Grande,0.0,2105203,Maranhão,2012
3272,Monção,0.97,2106904,Maranhão,2012
3273,Peritoró,1.21,2108454,Maranhão,2012
3274,Sucupira do Norte,0.0,2111904,Maranhão,2012
3275,Formosa da Serra Negra,0.27,2104099,Maranhão,2012
3276,Nova Iorque,0.0,2107308,Maranhão,2012
3277,Santa Filomena do Maranhão,0.74,2109759,Maranhão,2012
3278,Carutapera,0.09,2102903,Maranhão,2012
3279,Rio Branco,27.84,1200401,Acre,2012
3280,Satubinha,0.0,2111722,Maranhão,2012
3281,Cujubim,56.92,1100940,Rondônia,2012
3282,Fernando Falcão,1.54,2104081,Maranhão,2012
3283,Pirapemas,1.75,2108801,Maranhão,2012
3284,Centro do Guilherme,0.42,2103158,Maranhão,2012
3285,Oiapoque,2.37,1600501,Amapá,2012
3286,Darcinópolis,0.0,1706506,Tocantins,2012
3287,Alcântara,0.0,2100204,Maranhão,2012
3288,Arari,0.47,2101004,Maranhão,2012
3289,Cumaru do Norte,57.78,1502764,Pará,2012
3290,Miranda do Norte,0.43,2106755,Maranhão,2012
3291,Penalva,0.46,2108306,Maranhão,2012
3292,Brejo Grande do Araguaia,1.08,1501758,Pará,2012
3293,Medicilândia,20.86,1504455,Pará,2012
3294,Nova Timboteua,0.08,1505007,Pará,2012
3295,Central do Maranhão,0.0,2103125,Maranhão,2012
3296,Alto Alegre do Maranhão,0.79,2100436,Maranhão,2012
3297,Maurilândia do Tocantins,0.18,1712801,Tocantins,2012
3298,Paragominas,17.08,1505502,Pará,2012
3299,Morros,0.07,2107100,Maranhão,2012
3300,Itinga do Maranhão,6.15,2105427,Maranhão,2012
3301,Santa Helena,0.19,2109809,Maranhão,2012
3302,São João da Ponta,0.07,1507466,Pará,2012
3303,Cedral,0.0,2103109,Maranhão,2012
3304,São João Batista,0.0,2111003,Maranhão,2012
3305,São Raimundo do Doca Bezerra,0.35,2111631,Maranhão,2012
3306,Turilândia,0.45,2112456,Maranhão,2012
3307,São João de Pirabas,1.0,1507474,Pará,2012
3308,Lago dos Rodrigues,0.0,2105948,Maranhão,2012
3309,Lagoa do Tocantins,0.0,1711951,Tocantins,2012
3310,Dianópolis,0.0,1707009,Tocantins,2012
3311,Novo Acordo,0.0,1715101,Tocantins,2012
3312,Maracanã,0.41,1504307,Pará,2012
3313,Axixá do Tocantins,0.06,1702901,Tocantins,2012
3314,Cachoeira Grande,0.14,2102374,Maranhão,2012
3315,Anajatuba,0.0,2100709,Maranhão,2012
3316,Aurora do Tocantins,0.0,1702703,Tocantins,2012
3317,Itiquira,0.0,5104609,Mato Grosso,2012
3318,Mateiros,0.0,1712702,Tocantins,2012
3319,Natividade,0.0,1714203,Tocantins,2012
3320,Joselândia,1.49,2105609,Maranhão,2012
3321,Bom Jesus do Tocantins,0.0,1703305,Tocantins,2012
3322,Estreito,0.0,2104057,Maranhão,2012
3323,Lizarda,0.0,1712405,Tocantins,2012
3324,Ariquemes,7.11,1100023,Rondônia,2012
3325,Olho d'Água das Cunhãs,0.0,2107407,Maranhão,2012
3326,Cajari,0.37,2102507,Maranhão,2012
3327,Bom Jesus do Tocantins,1.79,1501576,Pará,2012
3328,Chaves,0.24,1502509,Pará,2012
3329,Governador Eugênio Barros,6.76,2104602,Maranhão,2012
3330,Barcarena,2.38,1501303,Pará,2012
3331,São João da Baliza,3.7,1400506,Roraima,2012
3332,Miracema do Tocantins,0.0,1713205,Tocantins,2012
3333,Rio dos Bois,0.0,1718709,Tocantins,2012
3334,Itaubal,0.24,1600253,Amapá,2012
3335,Tefé,2.91,1304203,Amazonas,2012
3336,Cláudia,3.95,5103056,Mato Grosso,2012
3337,Nortelândia,0.29,5106000,Mato Grosso,2012
3338,Anori,0.64,1300102,Amazonas,2012
3339,Água Boa,0.0,5100201,Mato Grosso,2012
3340,Miranorte,0.0,1713304,Tocantins,2012
3341,Rorainópolis,15.5,1400472,Roraima,2012
3342,Cocalinho,1.66,5103106,Mato Grosso,2012
3343,Costa Marques,17.14,1100080,Rondônia,2012
3344,Macapá,2.25,1600303,Amapá,2012
3345,Mirante da Serra,2.8,1101302,Rondônia,2012
3346,Monte Alegre,14.98,1504802,Pará,2012
3347,Santa Rosa do Purus,2.85,1200435,Acre,2012
3348,Palmeirópolis,0.0,1715754,Tocantins,2012
3349,Canaã dos Carajás,0.27,1502152,Pará,2012
3350,Guimarães,0.0,2104909,Maranhão,2012
3351,Belterra,2.29,1501451,Pará,2012
3352,Itapiratins,0.0,1710904,Tocantins,2012
3353,Araguanã,0.0,2100873,Maranhão,2012
3354,Viseu,0.43,1508308,Pará,2012
3355,Uruará,51.88,1508159,Pará,2012
3356,Junco do Maranhão,0.0,2105658,Maranhão,2012
3357,Novo Aripuanã,17.59,1303304,Amazonas,2012
3358,Cotriguaçu,44.09,5103379,Mato Grosso,2012
3359,Jatobá,2.42,2105450,Maranhão,2012
3360,Rio Sono,0.0,1718758,Tocantins,2012
3361,Tracuateua,0.0,1508035,Pará,2012
3362,Breu Branco,17.12,1501782,Pará,2012
3363,Santa Tereza do Tocantins,0.0,1719004,Tocantins,2012
3364,Maracaçumé,0.0,2106326,Maranhão,2012
3365,Parintins,1.33,1303403,Amazonas,2012
3366,Porto Grande,2.7,1600535,Amapá,2012
3367,Aragominas,1.84,1701309,Tocantins,2012
3368,Pugmil,0.0,1718451,Tocantins,2012
3369,Araguacema,0.38,1701903,Tocantins,2012
3370,Novo Airão,0.45,1303205,Amazonas,2012
3371,Breves,0.28,1501808,Pará,2012
3372,Acará,4.81,1500206,Pará,2012
3373,Augustinópolis,0.08,1702554,Tocantins,2012
3374,Canutama,52.65,1300904,Amazonas,2012
3375,Serra Nova Dourada,11.07,5107883,Mato Grosso,2012
3376,Humaitá,8.64,1301704,Amazonas,2012
3377,Borba,1.96,1300805,Amazonas,2012
3378,Ourilândia do Norte,4.62,1505437,Pará,2012
3379,Cerejeiras,1.26,1100056,Rondônia,2012
3380,Mãe do Rio,0.0,1504059,Pará,2012
3381,Bom Jesus das Selvas,3.91,2102036,Maranhão,2012
3382,São João do Soter,0.0,2111078,Maranhão,2012
3383,Magalhães Barata,0.0,1504109,Pará,2012
3384,Senador Alexandre Costa,4.53,2111748,Maranhão,2012
3385,São Mateus do Maranhão,0.24,2111508,Maranhão,2012
3386,Marajá do Sena,3.33,2106359,Maranhão,2012
3387,Igarapé do Meio,0.29,2105153,Maranhão,2012
3388,Santa Rosa do Tocantins,0.0,1718907,Tocantins,2012
3389,Manacapuru,1.44,1302504,Amazonas,2012
3390,Alvarães,0.74,1300029,Amazonas,2012
3391,Cabixi,0.7,1100031,Rondônia,2012
3392,Candeias do Jamari,17.62,1100809,Rondônia,2012
3393,Nova Canaã do Norte,0.71,5106216,Mato Grosso,2012
3394,Moju,43.07,1504703,Pará,2012
3395,Maués,10.95,1302900,Amazonas,2012
3396,São Miguel do Guaporé,12.78,1100320,Rondônia,2012
3397,Santa Maria das Barreiras,19.23,1506583,Pará,2012
3398,Silves,2.4,1304005,Amazonas,2012
3399,Bandeirantes do Tocantins,0.0,1703057,Tocantins,2012
3400,Porto Alegre do Norte,1.1,5106778,Mato Grosso,2012
3401,Gaúcha do Norte,10.32,5103858,Mato Grosso,2012
3402,Nova Monte Verde,5.14,5108956,Mato Grosso,2012
3403,Cametá,0.48,1502103,Pará,2012
3404,Tarauacá,28.83,1200609,Acre,2012
3405,São José do Xingu,19.07,5107354,Mato Grosso,2012
3406,Nova Olinda do Norte,2.17,1303106,Amazonas,2012
3407,Pracuúba,0.0,1600550,Amapá,2012
3408,Bom Jesus do Araguaia,1.87,5101852,Mato Grosso,2012
3409,Santo Antônio do Içá,0.24,1303700,Amazonas,2012
3410,Tabatinga,0.72,1304062,Amazonas,2012
3411,Vitória do Xingu,5.1,1508357,Pará,2012
3412,Campos de Júlio,0.0,5102686,Mato Grosso,2012
3413,Aripuanã,21.39,5101407,Mato Grosso,2012
3414,Alvorada D'Oeste,1.95,1100346,Rondônia,2012
3415,Nova Ubiratã,19.86,5106240,Mato Grosso,2012
3416,Cruzeiro do Sul,9.46,1200203,Acre,2012
3417,Alta Floresta,1.55,5100250,Mato Grosso,2012
3418,Faro,0.71,1503002,Pará,2012
3419,Canarana,7.08,5102702,Mato Grosso,2012
3420,Cachoeira do Arari,0.0,1502004,Pará,2012
3421,Paraíso do Tocantins,0.0,1716109,Tocantins,2012
3422,Primavera de Rondônia,0.34,1101476,Rondônia,2012
3423,Cutias,0.0,1600212,Amapá,2012
3424,Cacoal,3.34,1100049,Rondônia,2012
3425,Piçarra,2.33,1505635,Pará,2012
3426,Vitória do Jari,0.97,1600808,Amapá,2012
3427,Porto Nacional,0.0,1718204,Tocantins,2012
3428,Assis Brasil,2.4,1200054,Acre,2012
3429,Planalto da Serra,0.0,5106455,Mato Grosso,2012
3430,Colinas do Tocantins,0.0,1705508,Tocantins,2012
3431,Colíder,1.99,5103205,Mato Grosso,2012
3432,Sinop,5.95,5107909,Mato Grosso,2012
3433,Muricilândia,0.45,1713957,Tocantins,2012
3434,Alta Floresta D'Oeste,5.26,1100015,Rondônia,2012
3435,Sorriso,1.71,5107925,Mato Grosso,2012
3436,Inhangapi,0.06,1503408,Pará,2012
3437,Bacabal,0.01,2101202,Maranhão,2012
3438,Primavera,0.09,1506104,Pará,2012
3439,Presidente Sarney,0.09,2109270,Maranhão,2012
3440,Lagoa Grande do Maranhão,1.97,2105963,Maranhão,2012
3441,Campestre do Maranhão,0.2,2102556,Maranhão,2012
3442,Dom Pedro,3.38,2103802,Maranhão,2012
3443,Itaguatins,1.28,1710706,Tocantins,2012
3444,Nova Olinda do Maranhão,1.26,2107357,Maranhão,2012
3445,Ananás,0.33,1701002,Tocantins,2012
3446,Santa Luzia do Paruá,0.0,2110039,Maranhão,2012
3447,Palmeirândia,0.0,2107605,Maranhão,2012
3448,Nova Esperança do Piriá,2.57,1504950,Pará,2012
3449,Alto Taquari,0.0,5100607,Mato Grosso,2012
3450,Ji-Paraná,1.54,1100122,Rondônia,2012
3451,Boa Vista do Ramos,0.3,1300680,Amazonas,2012
3452,Carolina,0.0,2102804,Maranhão,2012
3453,Japurá,0.38,1302108,Amazonas,2012
3454,Santa Bárbara do Pará,0.0,1506351,Pará,2012
3455,Monte do Carmo,0.0,1713601,Tocantins,2012
3456,Prainha,26.38,1506005,Pará,2012
3457,Tuntum,10.24,2112308,Maranhão,2012
3458,Curuçá,0.07,1502905,Pará,2012
3459,Taipas do Tocantins,0.0,1720937,Tocantins,2012
3460,Itaipava do Grajaú,3.01,2105351,Maranhão,2012
3461,Laranjal do Jari,3.37,1600279,Amapá,2012
3462,Senador La Rocque,2.21,2111763,Maranhão,2012
3463,Santa Luzia,1.41,2110005,Maranhão,2012
3464,Santana do Araguaia,22.95,1506708,Pará,2012
3465,Santo Antônio do Tauá,0.0,1507003,Pará,2012
3466,Tasso Fragoso,0.0,2112001,Maranhão,2012
3467,Porto Rico do Maranhão,0.0,2109056,Maranhão,2012
3468,Silvanópolis,0.0,1720655,Tocantins,2012
3469,Sítio Novo do Tocantins,0.46,1720804,Tocantins,2012
3470,Santa Luzia do Pará,0.0,1506559,Pará,2012
3471,Raposa,0.07,2109452,Maranhão,2012
3472,Vila Rica,11.59,5108600,Mato Grosso,2012
3473,Olinda Nova do Maranhão,0.0,2107456,Maranhão,2012
3474,Presidente Vargas,0.07,2109304,Maranhão,2012
3475,Bacurituba,0.0,2101350,Maranhão,2012
3476,Gonçalves Dias,18.38,2104404,Maranhão,2012
3477,São José de Ribamar,0.61,2111201,Maranhão,2012
3478,Altamira do Maranhão,0.0,2100402,Maranhão,2012
3479,Garrafão do Norte,0.86,1503077,Pará,2012
3480,Fortuna,2.63,2104206,Maranhão,2012
3481,São Caetano de Odivelas,0.0,1507102,Pará,2012
3482,Machadinho D'Oeste,65.64,1100130,Rondônia,2012
3483,Bequimão,0.0,2101905,Maranhão,2012
3484,Rosário,1.09,2109601,Maranhão,2012
3485,Capitão Poço,0.61,1502301,Pará,2012
3486,Bujaru,0.87,1501907,Pará,2012
3487,Monte Negro,8.51,1101401,Rondônia,2012
3488,Rodrigues Alves,4.5,1200427,Acre,2012
3489,Terra Santa,0.64,1507979,Pará,2012
3490,Bacuri,0.0,2101301,Maranhão,2012
3491,Santa Rita,2.49,2110203,Maranhão,2012
3492,Capanema,0.0,1502202,Pará,2012
3493,Presidente Dutra,3.48,2109106,Maranhão,2012
3494,Santarém,7.04,1506807,Pará,2012
3495,Melgaço,2.19,1504505,Pará,2012
3496,Peixe-Boi,0.34,1505601,Pará,2012
3497,Passagem Franca,0.0,2107902,Maranhão,2012
3498,Juruena,10.19,5105176,Mato Grosso,2012
3499,Anajás,0.09,1500701,Pará,2012
3500,Buritis,21.53,1100452,Rondônia,2012
3501,Dom Eliseu,29.44,1502939,Pará,2012
3502,Senador José Porfírio,19.16,1507805,Pará,2012
3503,Vargem Grande,0.25,2112704,Maranhão,2012
3504,Rio da Conceição,0.0,1718659,Tocantins,2012
3505,Itapecuru Mirim,2.9,2105401,Maranhão,2012
3506,Loreto,0.0,2106102,Maranhão,2012
3507,Benedito Leite,0.0,2101806,Maranhão,2012
3508,Jacundá,0.9,1503804,Pará,2012
3509,Porto Walter,5.67,1200393,Acre,2012
3510,Abel Figueiredo,0.0,1500131,Pará,2012
3511,Açailândia,5.52,2100055,Maranhão,2012
3512,Itacoatiara,6.08,1301902,Amazonas,2012
3513,São Miguel do Tocantins,0.95,1720200,Tocantins,2012
3514,Bom Lugar,0.0,2102077,Maranhão,2012
3515,Marianópolis do Tocantins,1.34,1712504,Tocantins,2012
3516,Santa Inês,0.0,2109908,Maranhão,2012
3517,Codó,7.16,2103307,Maranhão,2012
3518,Carlinda,0.14,5102793,Mato Grosso,2012
3519,Pindorama do Tocantins,0.0,1717008,Tocantins,2012
3520,Alto Parnaíba,0.0,2100501,Maranhão,2012
3521,Feliz Natal,20.09,5103700,Mato Grosso,2012
3522,São Félix do Araguaia,17.65,5107859,Mato Grosso,2012
3523,Pequizeiro,0.22,1716653,Tocantins,2012
3524,Eldorado do Carajás,2.62,1502954,Pará,2012
3525,Rio Crespo,3.45,1100262,Rondônia,2012
3526,Brasiléia,12.89,1200104,Acre,2012
3527,Tangará da Serra,0.2,5107958,Mato Grosso,2012
3528,Fonte Boa,0.13,1301605,Amazonas,2012
3529,São Miguel do Guamá,1.24,1507607,Pará,2012
3530,Nova Ipixuna,2.58,1504976,Pará,2012
3531,Filadélfia,0.0,1707702,Tocantins,2012
3532,São Domingos do Azeitão,0.0,2110658,Maranhão,2012
3533,Beruri,0.93,1300631,Amazonas,2012
3534,Espigão D'Oeste,7.23,1100098,Rondônia,2012
3535,Uiramutã,0.0,1400704,Roraima,2012
3536,Esperantinópolis,0.01,2104008,Maranhão,2012
3537,Apiacás,12.14,5100805,Mato Grosso,2012
3538,Tupiratins,0.0,1721307,Tocantins,2012
3539,Itanhangá,25.03,5104542,Mato Grosso,2012
3540,Barreirinha,2.77,1300508,Amazonas,2012
3541,Nobres,5.66,5105903,Mato Grosso,2012
3542,São Luís,0.25,2111300,Maranhão,2012
3543,Tucuruí,8.55,1508100,Pará,2012
3544,Paranã,0.0,1716208,Tocantins,2012
3545,Imperatriz,1.03,2105302,Maranhão,2012
3546,Benevides,0.0,1501501,Pará,2012
3547,São João do Carú,0.56,2111029,Maranhão,2012
3548,Cariri do Tocantins,0.0,1703867,Tocantins,2012
3549,Óbidos,10.01,1505106,Pará,2012
3550,Cidelândia,1.34,2103257,Maranhão,2012
3551,Xapuri,18.33,1200708,Acre,2012
3552,Porto Acre,12.73,1200807,Acre,2012
3553,Lavandeira,0.0,1712157,Tocantins,2012
3554,Ponte Alta do Bom Jesus,0.0,1717800,Tocantins,2012
3555,São Roberto,0.0,2111672,Maranhão,2012
3556,Alto Alegre do Pindaré,0.86,2100477,Maranhão,2012
3557,Sena Madureira,38.45,1200500,Acre,2012
3558,Abreulândia,0.0,1700251,Tocantins,2012
3559,Governador Luiz Rocha,8.22,2104628,Maranhão,2012
3560,Pedreiras,0.08,2108207,Maranhão,2012
3561,Xinguara,1.44,1508407,Pará,2012
3562,Itapuã do Oeste,12.33,1101104,Rondônia,2012
3563,São Sebastião da Boa Vista,0.08,1507706,Pará,2012
3564,Presidente Médici,0.0,2109239,Maranhão,2012
3565,São Francisco do Guaporé,9.33,1101492,Rondônia,2012
3566,Fátima,0.0,1707553,Tocantins,2012
3567,Paraibano,0.0,2107704,Maranhão,2012
3568,Placas,79.58,1505650,Pará,2012
3569,Vale do Paraíso,0.63,1101807,Rondônia,2012
3570,Manoel Urbano,13.68,1200344,Acre,2012
3571,Novo Progresso,74.0,1505031,Pará,2012
3572,Montes Altos,0.39,2107001,Maranhão,2012
3573,Chapada de Areia,0.0,1704600,Tocantins,2012
3574,Vale do Anari,11.96,1101757,Rondônia,2012
3575,Governador Edison Lobão,0.09,2104552,Maranhão,2012
3576,Dueré,0.0,1707306,Tocantins,2012
3577,Alenquer,14.86,1500404,Pará,2012
3578,Mazagão,4.49,1600402,Amapá,2012
3579,Curionópolis,0.48,1502772,Pará,2012
3580,Tailândia,8.98,1507953,Pará,2012
3581,Arapoema,0.48,1702307,Tocantins,2012
3582,Rondolândia,20.14,5107578,Mato Grosso,2012
3583,Buriticupu,5.38,2102325,Maranhão,2012
3584,São Paulo de Olivença,0.57,1303908,Amazonas,2012
3585,Cantá,12.36,1400175,Roraima,2012
3586,Apicum-Açu,0.0,2100832,Maranhão,2012
3587,Anamã,0.65,1300086,Amazonas,2012
3588,Sucupira,0.0,1720853,Tocantins,2012
3589,Presidente Médici,0.13,1100254,Rondônia,2012
3590,Pacajá,33.66,1505486,Pará,2012
3591,Paranatinga,10.3,5106307,Mato Grosso,2012
3592,Pimenta Bueno,32.6,1100189,Rondônia,2012
3593,Paço do Lumiar,2.15,2107506,Maranhão,2012
3594,Aparecida do Rio Negro,0.0,1701101,Tocantins,2012
3595,Matinha,0.0,2106508,Maranhão,2012
3596,Ulianópolis,30.67,1508126,Pará,2012
3597,Itupiranga,42.41,1503705,Pará,2012
3598,Rio Preto da Eva,2.93,1303569,Amazonas,2012
3599,Santa Rita do Trivelato,0.0,5107768,Mato Grosso,2012
3600,São João do Araguaia,2.08,1507508,Pará,2012
3601,Água Azul do Norte,5.98,1500347,Pará,2012
3602,Barra do Corda,29.9,2101608,Maranhão,2012
3603,Urucurituba,0.0,1304401,Amazonas,2012
3604,Santo Afonso,2.59,5107263,Mato Grosso,2012
3605,Muaná,0.09,1504901,Pará,2012
3606,Davinópolis,0.35,2103752,Maranhão,2012
3607,Colméia,0.66,1716703,Tocantins,2012
3608,Novo Repartimento,120.85,1505064,Pará,2012
3609,Monte Santo do Tocantins,0.0,1713700,Tocantins,2012
3610,Grajaú,45.68,2104800,Maranhão,2012
3611,Alto Alegre dos Parecis,2.85,1100379,Rondônia,2012
3612,Portel,12.35,1505809,Pará,2012
3613,Itaúba,2.05,5104559,Mato Grosso,2012
3614,Parecis,19.88,1101450,Rondônia,2012
3615,Colorado do Oeste,0.18,1100064,Rondônia,2012
3616,Presidente Kennedy,0.31,1718402,Tocantins,2012
3617,Anapu,15.83,1500859,Pará,2012
3618,Juarina,0.0,1711803,Tocantins,2012
3619,Novo Horizonte do Norte,0.08,5106273,Mato Grosso,2012
3620,Tonantins,0.26,1304237,Amazonas,2012
3621,João Lisboa,0.62,2105500,Maranhão,2012
3622,Porto Velho,192.99,1100205,Rondônia,2012
3623,Nova Olinda,0.03,1714880,Tocantins,2012
3624,Confresa,49.46,5103353,Mato Grosso,2012
3625,Curuá,2.11,1502855,Pará,2012
3626,Itapiranga,0.39,1302009,Amazonas,2012
3627,São Luís Gonzaga do Maranhão,0.19,2111409,Maranhão,2012
3628,Novo Santo Antônio,2.61,5106315,Mato Grosso,2012
3629,Novo Horizonte do Oeste,0.29,1100502,Rondônia,2012
3630,São Raimundo das Mangabeiras,0.0,2111607,Maranhão,2012
3631,Cândido Mendes,0.4,2102606,Maranhão,2012
3632,Amarante do Maranhão,6.79,2100600,Maranhão,2012
3633,Plácido de Castro,3.87,1200385,Acre,2012
3634,Serrano do Maranhão,0.0,2111789,Maranhão,2012
3635,Irituia,0.21,1503507,Pará,2012
3636,Pauini,9.51,1303502,Amazonas,2012
3637,Oeiras do Pará,3.25,1505205,Pará,2012
3638,Acrelândia,4.16,1200013,Acre,2012
3639,Almeirim,19.49,1500503,Pará,2012
3640,Ribeirão Cascalheira,2.53,5107180,Mato Grosso,2012
3641,Esperantina,0.27,1707405,Tocantins,2012
3642,Feijó,30.84,1200302,Acre,2012
3643,Couto Magalhães,0.54,1706001,Tocantins,2012
3644,Igarapé-Miri,1.03,1503309,Pará,2012
3645,Rurópolis,40.62,1506195,Pará,2012
3646,Porto Franco,2.45,2109007,Maranhão,2012
3647,Sampaio,0.26,1718808,Tocantins,2012
3648,Belém,0.23,1501402,Pará,2012
3649,Vitória do Mearim,0.38,2112902,Maranhão,2012
3650,Tupirama,0.0,1721257,Tocantins,2012
3651,São Domingos do Capim,0.88,1507201,Pará,2012
3652,Trizidela do Vale,0.0,2112233,Maranhão,2012
3653,Porto Alegre do Tocantins,0.0,1718006,Tocantins,2012
3654,Goiatins,0.0,1709005,Tocantins,2012
3655,Chapada da Natividade,0.0,1705102,Tocantins,2012
3656,São Sebastião do Tocantins,0.0,1720309,Tocantins,2012
3657,Amapá do Maranhão,0.48,2100550,Maranhão,2012
3658,Taguatinga,0.0,1720903,Tocantins,2012
3659,São Vicente Ferrer,0.0,2111706,Maranhão,2012
3660,Tocantínia,0.0,1721109,Tocantins,2012
3661,Pinheiro,0.0,2108603,Maranhão,2012
3662,Cristalândia,0.0,1706100,Tocantins,2012
3663,Aguiarnópolis,0.09,1700301,Tocantins,2012
3664,Piraquê,0.0,1717206,Tocantins,2012
3665,Bonito,0.0,1501600,Pará,2012
3666,Fortaleza dos Nogueiras,0.0,2104107,Maranhão,2012
3667,Terra Alta,0.42,1507961,Pará,2012
3668,Lago da Pedra,0.0,2105708,Maranhão,2012
3669,Balsas,0.0,2101400,Maranhão,2012
3670,Ipixuna do Pará,8.98,1503457,Pará,2012
3671,Santo Antônio dos Lopes,0.59,2110302,Maranhão,2012
3672,Serra do Navio,0.0,1600055,Amapá,2012
3673,Pau D'Arco,0.22,1716307,Tocantins,2012
3674,Concórdia do Pará,0.59,1502756,Pará,2012
3675,Lima Campos,0.57,2106003,Maranhão,2012
3676,São João do Paraíso,1.18,2111052,Maranhão,2012
3677,Boa Vista do Gurupi,0.27,2101970,Maranhão,2012
3678,Ponte Alta do Tocantins,0.0,1717909,Tocantins,2012
3679,Nazaré,0.17,1714302,Tocantins,2012
3680,Aveiro,15.9,1501006,Pará,2012
3681,Nova União,0.68,1101435,Rondônia,2012
3682,Boca do Acre,53.51,1300706,Amazonas,2012
3683,Luciara,0.4,5105309,Mato Grosso,2012
3684,Xambioá,1.38,1722107,Tocantins,2012
3685,Barcelos,1.27,1300409,Amazonas,2012
3686,Guaraí,3.08,1709302,Tocantins,2012
3687,Codajás,0.55,1301308,Amazonas,2012
3688,Querência,38.72,5107065,Mato Grosso,2012
3689,São Luiz,4.3,1400605,Roraima,2012
3690,Careiro,1.29,1301100,Amazonas,2012
3691,Pium,0.0,1717503,Tocantins,2012
3692,Brasnorte,9.55,5101902,Mato Grosso,2012
3693,Paranaíta,6.12,5106299,Mato Grosso,2012
3694,Oriximiná,4.53,1505304,Pará,2012
3695,Amajari,5.28,1400027,Roraima,2012
3696,Baião,7.94,1501204,Pará,2012
3697,Pacaraima,0.0,1400456,Roraima,2012
3698,Tabocão,0.0,1708254,Tocantins,2012
3699,São Salvador do Tocantins,0.0,1720259,Tocantins,2012
3700,Ipueiras,0.0,1709807,Tocantins,2012
3701,Juruá,0.42,1302207,Amazonas,2012
3702,Santana,0.19,1600600,Amapá,2012
3703,Jutaí,0.67,1302306,Amazonas,2012
3704,Crixás do Tocantins,0.0,1706258,Tocantins,2012
3705,Angico,0.0,1701051,Tocantins,2012
3706,Palestina do Pará,1.14,1505494,Pará,2012
3707,Alto Boa Vista,4.83,5100359,Mato Grosso,2012
3708,Turiaçu,0.0,2112407,Maranhão,2012
3709,Wanderlândia,0.0,1722081,Tocantins,2012
3710,Viana,0.26,2112803,Maranhão,2012
3711,Pedro Afonso,2.69,1716505,Tocantins,2012
3712,Riachinho,0.0,1718550,Tocantins,2012
3713,São Valério,0.0,1720499,Tocantins,2012
3714,Cachoeira do Piriá,3.26,1501956,Pará,2012
3715,Castanhal,0.55,1502400,Pará,2012
3716,Rondon do Pará,13.87,1506187,Pará,2012
3717,Barra do Ouro,0.0,1703073,Tocantins,2012
3718,Tomé-Açu,1.01,1508001,Pará,2012
3719,Poção de Pedras,0.0,2108900,Maranhão,2012
3720,São Bento,0.0,2110500,Maranhão,2012
3721,Godofredo Viana,0.4,2104305,Maranhão,2012
3722,Presidente Juscelino,0.63,2109205,Maranhão,2012
3723,São Pedro dos Crentes,0.0,2111573,Maranhão,2012
3724,Buriti do Tocantins,0.0,1703800,Tocantins,2012
3725,Centro Novo do Maranhão,7.03,2103174,Maranhão,2012
3726,Careiro da Várzea,4.8,1301159,Amazonas,2012
3727,Buriti Bravo,0.83,2102309,Maranhão,2012
3728,Pedro do Rosário,0.0,2108256,Maranhão,2012
3729,Palmeirante,0.07,1715705,Tocantins,2012
3730,Palmeiras do Tocantins,0.0,1713809,Tocantins,2012
3731,Carrasco Bonito,0.0,1703891,Tocantins,2012
3732,Conceição do Lago-Açu,0.0,2103554,Maranhão,2012
3733,Vitorino Freire,0.0,2113009,Maranhão,2012
3734,São Domingos do Araguaia,0.87,1507151,Pará,2012
3735,Almas,0.0,1700400,Tocantins,2012
3736,Lajeado,0.0,1712009,Tocantins,2012
3737,Feira Nova do Maranhão,0.0,2104073,Maranhão,2012
3738,Icatu,0.0,2105104,Maranhão,2012
3739,Cururupu,0.0,2103703,Maranhão,2012
3740,Itacajá,0.0,1710508,Tocantins,2012
3741,Luís Domingues,0.13,2106201,Maranhão,2012
3742,Campos Lindos,0.0,1703842,Tocantins,2012
3743,Aurora do Pará,0.88,1500958,Pará,2012
3744,Peri Mirim,0.0,2108405,Maranhão,2012
3745,Capinzal do Norte,1.21,2102754,Maranhão,2012
3746,Cachoeirinha,0.72,1703826,Tocantins,2012
3747,Bela Vista do Maranhão,0.0,2101772,Maranhão,2012
3748,Carmolândia,0.0,1703883,Tocantins,2012
3749,Santa Rita do Tocantins,0.0,1718899,Tocantins,2012
3750,Ministro Andreazza,0.75,1101203,Rondônia,2012
3751,Ponta de Pedras,0.0,1505700,Pará,2012
3752,Chupinguaia,17.41,1100924,Rondônia,2012
3753,Castanheira,11.43,5102850,Mato Grosso,2012
3754,Manaquiri,0.07,1302553,Amazonas,2012
3755,Marcelândia,12.41,5105580,Mato Grosso,2012
3756,Formoso do Araguaia,7.78,1708205,Tocantins,2012
3757,São Felipe D'Oeste,0.47,1101484,Rondônia,2012
3758,Brejinho de Nazaré,0.0,1703701,Tocantins,2012
3759,Juara,15.82,5105101,Mato Grosso,2012
3760,Guarantã do Norte,4.01,5104104,Mato Grosso,2012
3761,Nova Marilândia,3.06,5108857,Mato Grosso,2012
3762,Bernardo do Mearim,0.66,2101939,Maranhão,2012
3763,Terra Nova do Norte,4.32,5108055,Mato Grosso,2012
3764,Indiavaí,0.0,5104500,Mato Grosso,2012
3765,Soure,0.0,1507904,Pará,2012
3766,Caapiranga,0.45,1300839,Amazonas,2012
3767,Marabá,52.62,1504208,Pará,2012
3768,Nova Brasilândia D'Oeste,2.19,1100148,Rondônia,2012
3769,Campo Novo do Parecis,0.0,5102637,Mato Grosso,2012
3770,Guajará-Mirim,6.86,1100106,Rondônia,2012
3771,Mojuí dos Campos,11.37,1504752,Pará,2012
3772,Benjamin Constant,0.25,1300607,Amazonas,2012
3773,Dois Irmãos do Tocantins,0.16,1707207,Tocantins,2012
3774,Jaru,0.42,1100114,Rondônia,2012
3775,Jordão,7.03,1200328,Acre,2012
3776,Mucajaí,17.56,1400308,Roraima,2012
3777,Normandia,0.0,1400407,Roraima,2012
3778,Juína,14.06,5105150,Mato Grosso,2012
3779,Corumbiara,2.38,1100072,Rondônia,2012
3780,Urupá,0.84,1101708,Rondônia,2012
3781,Trairão,42.25,1508050,Pará,2012
3782,Atalaia do Norte,1.54,1300201,Amazonas,2012
3783,Nhamundá,2.65,1303007,Amazonas,2012
3784,Barra do Garças,0.0,5101803,Mato Grosso,2012
3785,São Domingos do Maranhão,19.45,2110708,Maranhão,2012
3786,Bagre,0.93,1501105,Pará,2012
3787,São Bento do Tocantins,0.15,1720101,Tocantins,2012
3788,Juruti,1.43,1503903,Pará,2012
3789,Colniza,80.31,5103254,Mato Grosso,2012
3790,Quatipuru,0.1,1506112,Pará,2012
3791,Salinópolis,0.29,1506203,Pará,2012
3792,Babaçulândia,0.0,1703008,Tocantins,2012
3793,Zé Doca,1.54,2114007,Maranhão,2012
3794,Sapucaia,0.0,1507755,Pará,2012
3795,Colares,0.0,1502608,Pará,2012
3796,Araguatins,1.78,1702208,Tocantins,2012
3797,Pio XII,0.0,2108702,Maranhão,2012
3798,Novo Jardim,0.0,1715259,Tocantins,2012
3799,Marechal Thaumaturgo,3.67,1200351,Acre,2012
3800,Teixeirópolis,0.15,1101559,Rondônia,2012
3801,São Francisco do Pará,0.24,1507409,Pará,2012
3802,Paulo Ramos,0.17,2108108,Maranhão,2012
3803,Nova Colinas,0.0,2107258,Maranhão,2012
3804,Santa Maria do Tocantins,0.0,1718881,Tocantins,2012
3805,Arraias,0.0,1702406,Tocantins,2012
3806,Salvaterra,0.44,1506302,Pará,2012
3807,Manicoré,60.46,1302702,Amazonas,2012
3808,Santa Maria do Pará,0.21,1506609,Pará,2012
3809,Cajapió,0.0,2102408,Maranhão,2012
3810,Bom Jardim,21.29,2102002,Maranhão,2012
3811,Peixe,0.0,1716604,Tocantins,2012
3812,Governador Archer,1.52,2104503,Maranhão,2012
3813,Curralinho,0.45,1502806,Pará,2012
3814,Talismã,0.0,1720978,Tocantins,2012
3815,Timbiras,0.19,2112100,Maranhão,2012
3816,Igarapé-Açu,0.14,1503200,Pará,2012
3817,Lago Verde,0.0,2105906,Maranhão,2012
3818,Itamarati,1.45,1301951,Amazonas,2012
3819,Lábrea,83.61,1302405,Amazonas,2012
3820,Luzinópolis,0.06,1712454,Tocantins,2012
3821,Brasilândia do Tocantins,0.28,1703602,Tocantins,2012
3822,Axixá,0.07,2101103,Maranhão,2012
3823,Brejo de Areia,0.22,2102150,Maranhão,2012
3824,Marituba,0.0,1504422,Pará,2012
3825,Recursolândia,0.37,1718501,Tocantins,2012
3826,Praia Norte,1.13,1718303,Tocantins,2012
3827,Sítio Novo,0.0,2111805,Maranhão,2012
3828,Ouro Preto do Oeste,0.57,1100155,Rondônia,2012
3829,São Félix do Tocantins,0.0,1720150,Tocantins,2012
3830,Marapanim,0.0,1504406,Pará,2012
3831,Bacabeira,2.36,2101251,Maranhão,2012
3832,Santarém Novo,0.0,1506906,Pará,2012
3833,Mirador,0.0,2106706,Maranhão,2012
3834,Vila Nova dos Martírios,2.26,2112852,Maranhão,2012
3835,Riachão,0.0,2109502,Maranhão,2012
3836,Ourém,0.0,1505403,Pará,2012
3837,São José dos Basílios,0.34,2111250,Maranhão,2012
3838,Governador Nunes Freire,0.0,2104677,Maranhão,2012
3839,Calçoene,1.11,1600204,Amapá,2012
3840,Alto Araguaia,0.0,5100300,Mato Grosso,2012
3841,Mirinzal,0.0,2106805,Maranhão,2012
3842,Jenipapo dos Vieiras,5.2,2105476,Maranhão,2012
3843,Santa Izabel do Pará,0.07,1506500,Pará,2012
3844,Combinado,0.0,1705557,Tocantins,2012
3845,Envira,6.68,1301506,Amazonas,2012
3846,Graça Aranha,5.38,2104701,Maranhão,2012
3847,Tocantinópolis,0.6,1721208,Tocantins,2012
3848,Amaturá,0.19,1300060,Amazonas,2012
3849,Cacaulândia,0.91,1100601,Rondônia,2012
3850,São Félix de Balsas,0.0,2110807,Maranhão,2012
3851,Colinas,3.08,2103505,Maranhão,2012
3852,Buritirana,1.79,2102358,Maranhão,2012
3853,Ananindeua,0.08,1500800,Pará,2012
3854,Presidente Figueiredo,5.36,1303536,Amazonas,2012
3855,Abaetetuba,2.24,1500107,Pará,2012
3856,Pindaré-Mirim,0.0,2108504,Maranhão,2012
3857,Centenário,0.0,1704105,Tocantins,2012
3858,Santa Terezinha do Tocantins,0.12,1720002,Tocantins,2012
3859,Vigia,0.23,1508209,Pará,2012
3860,Campo Novo de Rondônia,13.56,1100700,Rondônia,2012
3861,Santa Cruz do Xingu,0.64,5107743,Mato Grosso,2012
3862,Lajeado Novo,0.33,2105989,Maranhão,2012
3863,Afuá,0.15,1500305,Pará,2012
3864,Ribamar Fiquene,0.52,2109551,Maranhão,2012
3865,Peixoto de Azevedo,51.64,5106422,Mato Grosso,2013
3866,Pau D'Arco,1.5,1505551,Pará,2013
3867,Mâncio Lima,2.6,1200336,Acre,2013
3868,Alto Alegre,15.47,1400050,Roraima,2013
3869,Pedra Preta,0.0,5106372,Mato Grosso,2013
3870,Itaituba,188.23,1503606,Pará,2013
3871,Redenção,1.31,1506138,Pará,2013
3872,Iracema,16.77,1400282,Roraima,2013
3873,Santo Antônio do Leverger,0.08,5107800,Mato Grosso,2013
3874,Porto Esperidião,0.0,5106828,Mato Grosso,2013
3875,Nova Brasilândia,0.0,5106208,Mato Grosso,2013
3876,Caracaraí,13.67,1400209,Roraima,2013
3877,Ponte Branca,0.0,5106703,Mato Grosso,2013
3878,Cuiabá,0.08,5103403,Mato Grosso,2013
3879,Tucumã,1.61,1508084,Pará,2013
3880,Alto Paraguai,0.0,5100508,Mato Grosso,2013
3881,São Pedro da Cipa,0.0,5107404,Mato Grosso,2013
3882,Porto Estrela,0.15,5106851,Mato Grosso,2013
3883,Porto de Moz,16.01,1505908,Pará,2013
3884,Denise,0.0,5103452,Mato Grosso,2013
3885,Cáceres,5.28,5102504,Mato Grosso,2013
3886,Tesouro,0.0,5108105,Mato Grosso,2013
3887,Araguaiana,0.22,5101001,Mato Grosso,2013
3888,Matupá,17.14,5105606,Mato Grosso,2013
3889,Conquista D'Oeste,0.14,5103361,Mato Grosso,2013
3890,Vale de São Domingos,1.35,5108352,Mato Grosso,2013
3891,Juscimeira,0.09,5105200,Mato Grosso,2013
3892,Nova Guarita,1.65,5108808,Mato Grosso,2013
3893,Bonfim,2.66,1400159,Roraima,2013
3894,Tapauá,2.57,1304104,Amazonas,2013
3895,Salto do Céu,0.13,5107750,Mato Grosso,2013
3896,Campo Verde,0.18,5102678,Mato Grosso,2013
3897,Eirunepé,1.42,1301407,Amazonas,2013
3898,Curvelândia,0.11,5103437,Mato Grosso,2013
3899,Acorizal,0.0,5100102,Mato Grosso,2013
3900,Várzea Grande,0.0,5108402,Mato Grosso,2013
3901,Rosário Oeste,0.13,5107701,Mato Grosso,2013
3902,Rio Branco,0.0,5107206,Mato Grosso,2013
3903,Santo Antônio do Leste,0.0,5107792,Mato Grosso,2013
3904,Chapada dos Guimarães,0.0,5103007,Mato Grosso,2013
3905,Novo São Joaquim,0.0,5106281,Mato Grosso,2013
3906,Glória D'Oeste,0.0,5103957,Mato Grosso,2013
3907,São José do Povo,0.0,5107297,Mato Grosso,2013
3908,Mirassol d'Oeste,1.01,5105622,Mato Grosso,2013
3909,Nova Bandeirantes,63.11,5106158,Mato Grosso,2013
3910,Poconé,0.38,5106505,Mato Grosso,2013
3911,Conceição do Araguaia,5.85,1502707,Pará,2013
3912,Barra do Bugres,2.47,5101704,Mato Grosso,2013
3913,Guiratinga,0.0,5104203,Mato Grosso,2013
3914,Dom Aquino,0.0,5103601,Mato Grosso,2013
3915,Lambari D'Oeste,0.0,5105234,Mato Grosso,2013
3916,São José dos Quatro Marcos,0.32,5107107,Mato Grosso,2013
3917,Poxoréu,0.3,5107008,Mato Grosso,2013
3918,Floresta do Araguaia,4.97,1503044,Pará,2013
3919,Barão de Melgaço,0.4,5101605,Mato Grosso,2013
3920,Araputanga,0.66,5101258,Mato Grosso,2013
3921,Nova Olímpia,0.0,5106232,Mato Grosso,2013
3922,Rondonópolis,0.0,5107602,Mato Grosso,2013
3923,Nova Xavantina,0.07,5106257,Mato Grosso,2013
3924,Pontal do Araguaia,0.0,5106653,Mato Grosso,2013
3925,Jangada,0.0,5104906,Mato Grosso,2013
3926,Amapá,0.45,1600105,Amapá,2013
3927,Guajará,3.05,1301654,Amazonas,2013
3928,Vila Bela da Santíssima Trindade,10.0,5105507,Mato Grosso,2013
3929,Araguainha,0.0,5101209,Mato Grosso,2013
3930,Capixaba,5.76,1200179,Acre,2013
3931,Jauru,0.08,5105002,Mato Grosso,2013
3932,Ribeirãozinho,0.0,5107198,Mato Grosso,2013
3933,Reserva do Cabaçal,0.21,5107156,Mato Grosso,2013
3934,Figueirópolis D'Oeste,0.0,5103809,Mato Grosso,2013
3935,Alto Garças,0.0,5100409,Mato Grosso,2013
3936,Nossa Senhora do Livramento,0.0,5106109,Mato Grosso,2013
3937,Jaciara,0.0,5104807,Mato Grosso,2013
3938,Manaus,2.31,1302603,Amazonas,2013
3939,Pontes e Lacerda,2.79,5106752,Mato Grosso,2013
3940,Ipixuna,6.46,1301803,Amazonas,2013
3941,Primavera do Leste,0.0,5107040,Mato Grosso,2013
3942,Maraã,1.16,1302801,Amazonas,2013
3943,Torixoréu,0.0,5108204,Mato Grosso,2013
3944,General Carneiro,0.0,5103908,Mato Grosso,2013
3945,Nova Rosalândia,0.0,1715002,Tocantins,2013
3946,São Gabriel da Cachoeira,1.34,1303809,Amazonas,2013
3947,Ipiranga do Norte,2.75,5104526,Mato Grosso,2013
3948,Araguaína,10.11,1702109,Tocantins,2013
3949,São Geraldo do Araguaia,2.19,1507458,Pará,2013
3950,Augusto Corrêa,0.0,1500909,Pará,2013
3951,Uarini,0.6,1304260,Amazonas,2013
3952,Vilhena,7.99,1100304,Rondônia,2013
3953,Nova Lacerda,13.84,5106182,Mato Grosso,2013
3954,Itaporã do Tocantins,0.42,1711100,Tocantins,2013
3955,Lucas do Rio Verde,3.1,5105259,Mato Grosso,2013
3956,Nova Maringá,44.2,5108907,Mato Grosso,2013
3957,Goianésia do Pará,38.35,1503093,Pará,2013
3958,Bujari,8.37,1200138,Acre,2013
3959,Rio Maria,8.69,1506161,Pará,2013
3960,Divinópolis do Tocantins,0.01,1707108,Tocantins,2013
3961,Jacareacanga,22.43,1503754,Pará,2013
3962,Barrolândia,0.0,1703107,Tocantins,2013
3963,Diamantino,1.9,5103502,Mato Grosso,2013
3964,Santa Fé do Araguaia,0.51,1718865,Tocantins,2013
3965,Santa Carmem,24.97,5107248,Mato Grosso,2013
3966,Bannach,4.59,1501253,Pará,2013
3967,Canabrava do Norte,11.01,5102694,Mato Grosso,2013
3968,Pedra Branca do Amapari,3.09,1600154,Amapá,2013
3969,Oliveira de Fátima,0.0,1715507,Tocantins,2013
3970,Caseara,29.33,1703909,Tocantins,2013
3971,Santa Cruz do Arari,0.0,1506401,Pará,2013
3972,Tapurah,16.14,5108006,Mato Grosso,2013
3973,Parauapebas,4.12,1505536,Pará,2013
3974,Limoeiro do Ajuru,0.0,1504000,Pará,2013
3975,Theobroma,4.94,1101609,Rondônia,2013
3976,São Félix do Xingu,221.32,1507300,Pará,2013
3977,Comodoro,30.7,5103304,Mato Grosso,2013
3978,Goianorte,0.66,1708304,Tocantins,2013
3979,Governador Jorge Teixeira,3.83,1101005,Rondônia,2013
3980,Tabaporã,30.21,5107941,Mato Grosso,2013
3981,Epitaciolândia,6.4,1200252,Acre,2013
3982,Vera,1.52,5108501,Mato Grosso,2013
3983,Novo Mundo,14.06,5106265,Mato Grosso,2013
3984,Bernardo Sayão,0.0,1703206,Tocantins,2013
3985,Rolim de Moura,0.6,1100288,Rondônia,2013
3986,Seringueiras,10.07,1101500,Rondônia,2013
3987,Autazes,9.27,1300300,Amazonas,2013
3988,Ferreira Gomes,0.3,1600238,Amapá,2013
3989,Palmas,0.0,1721000,Tocantins,2013
3990,São Francisco do Brejão,0.0,2110856,Maranhão,2013
3991,Sambaíba,0.0,2109700,Maranhão,2013
3992,Novo Alegre,0.0,1715150,Tocantins,2013
3993,Santa Luzia D'Oeste,0.41,1100296,Rondônia,2013
3994,Tartarugalzinho,4.04,1600709,Amapá,2013
3995,Arenápolis,0.35,5101308,Mato Grosso,2013
3996,Gurupi,0.0,1709500,Tocantins,2013
3997,Lagoa da Confusão,11.63,1711902,Tocantins,2013
3998,Boa Vista,0.19,1400100,Roraima,2013
3999,Gurupá,0.65,1503101,Pará,2013
4000,São Pedro da Água Branca,0.21,2111532,Maranhão,2013
4001,Jaú do Tocantins,0.0,1711506,Tocantins,2013
4002,Araguaçu,0.0,1702000,Tocantins,2013
4003,Sandolândia,0.0,1718840,Tocantins,2013
4004,Altamira,296.54,1500602,Pará,2013
4005,Aliança do Tocantins,0.0,1700350,Tocantins,2013
4006,São Sebastião do Uatumã,4.03,1303957,Amazonas,2013
4007,Porto dos Gaúchos,13.31,5106802,Mato Grosso,2013
4008,Sapezal,1.4,5107875,Mato Grosso,2013
4009,Bragança,0.0,1501709,Pará,2013
4010,Nova Santa Helena,5.21,5106190,Mato Grosso,2013
4011,Alto Paraíso,27.36,1100403,Rondônia,2013
4012,Araguanã,0.0,1702158,Tocantins,2013
4013,São José do Rio Claro,17.48,5107305,Mato Grosso,2013
4014,Pimenteiras do Oeste,1.2,1101468,Rondônia,2013
4015,Mocajuba,0.16,1504604,Pará,2013
4016,Iranduba,2.26,1301852,Amazonas,2013
4017,Urucará,2.27,1304302,Amazonas,2013
4018,Santa Isabel do Rio Negro,0.14,1303601,Amazonas,2013
4019,Senador Guiomard,4.14,1200450,Acre,2013
4020,Figueirópolis,0.0,1707652,Tocantins,2013
4021,Coari,4.05,1301209,Amazonas,2013
4022,Carauari,0.92,1301001,Amazonas,2013
4023,Nova Mutum,6.61,5106224,Mato Grosso,2013
4024,Nova Nazaré,0.19,5106174,Mato Grosso,2013
4025,Brasil Novo,31.83,1501725,Pará,2013
4026,Apuí,86.11,1300144,Amazonas,2013
4027,Santa Terezinha,13.98,5107776,Mato Grosso,2013
4028,Campinápolis,0.0,5102603,Mato Grosso,2013
4029,Nova Mamoré,131.55,1100338,Rondônia,2013
4030,Castanheiras,0.34,1100908,Rondônia,2013
4031,União do Sul,12.96,5108303,Mato Grosso,2013
4032,Alvorada,0.0,1700707,Tocantins,2013
4033,Caroebe,9.04,1400233,Roraima,2013
4034,Coroatá,0.0,2103604,Maranhão,2013
4035,Pastos Bons,0.0,2108009,Maranhão,2013
4036,Lago do Junco,0.0,2105807,Maranhão,2013
4037,Matões do Norte,0.97,2106631,Maranhão,2013
4038,Cantanhede,0.13,2102705,Maranhão,2013
4039,Arame,6.51,2100956,Maranhão,2013
4040,Conceição do Tocantins,0.0,1705607,Tocantins,2013
4041,Tufilândia,0.0,2112274,Maranhão,2013
4042,Governador Newton Bello,0.21,2104651,Maranhão,2013
4043,Maranhãozinho,0.0,2106375,Maranhão,2013
4044,Igarapé Grande,0.0,2105203,Maranhão,2013
4045,Monção,2.41,2106904,Maranhão,2013
4046,Peritoró,0.0,2108454,Maranhão,2013
4047,Sucupira do Norte,0.0,2111904,Maranhão,2013
4048,Formosa da Serra Negra,0.17,2104099,Maranhão,2013
4049,Nova Iorque,0.0,2107308,Maranhão,2013
4050,Santa Filomena do Maranhão,1.0,2109759,Maranhão,2013
4051,Carutapera,0.0,2102903,Maranhão,2013
4052,Rio Branco,19.63,1200401,Acre,2013
4053,Satubinha,0.0,2111722,Maranhão,2013
4054,Cujubim,55.13,1100940,Rondônia,2013
4055,Fernando Falcão,0.76,2104081,Maranhão,2013
4056,Pirapemas,0.0,2108801,Maranhão,2013
4057,Centro do Guilherme,0.35,2103158,Maranhão,2013
4058,Oiapoque,4.95,1600501,Amapá,2013
4059,Darcinópolis,0.11,1706506,Tocantins,2013
4060,Alcântara,0.0,2100204,Maranhão,2013
4061,Arari,0.63,2101004,Maranhão,2013
4062,Cumaru do Norte,37.8,1502764,Pará,2013
4063,Miranda do Norte,1.27,2106755,Maranhão,2013
4064,Penalva,1.44,2108306,Maranhão,2013
4065,Brejo Grande do Araguaia,2.55,1501758,Pará,2013
4066,Medicilândia,38.01,1504455,Pará,2013
4067,Nova Timboteua,0.41,1505007,Pará,2013
4068,Central do Maranhão,0.0,2103125,Maranhão,2013
4069,Alto Alegre do Maranhão,0.0,2100436,Maranhão,2013
4070,Maurilândia do Tocantins,0.08,1712801,Tocantins,2013
4071,Paragominas,30.59,1505502,Pará,2013
4072,Morros,0.66,2107100,Maranhão,2013
4073,Itinga do Maranhão,20.26,2105427,Maranhão,2013
4074,Santa Helena,2.05,2109809,Maranhão,2013
4075,São João da Ponta,0.67,1507466,Pará,2013
4076,Cedral,0.0,2103109,Maranhão,2013
4077,São João Batista,0.0,2111003,Maranhão,2013
4078,São Raimundo do Doca Bezerra,0.0,2111631,Maranhão,2013
4079,Turilândia,0.4,2112456,Maranhão,2013
4080,São João de Pirabas,1.26,1507474,Pará,2013
4081,Lago dos Rodrigues,0.0,2105948,Maranhão,2013
4082,Lagoa do Tocantins,0.0,1711951,Tocantins,2013
4083,Dianópolis,0.0,1707009,Tocantins,2013
4084,Novo Acordo,0.0,1715101,Tocantins,2013
4085,Maracanã,1.33,1504307,Pará,2013
4086,Axixá do Tocantins,0.0,1702901,Tocantins,2013
4087,Cachoeira Grande,1.03,2102374,Maranhão,2013
4088,Anajatuba,0.1,2100709,Maranhão,2013
4089,Aurora do Tocantins,0.0,1702703,Tocantins,2013
4090,Itiquira,0.0,5104609,Mato Grosso,2013
4091,Mateiros,0.0,1712702,Tocantins,2013
4092,Natividade,0.0,1714203,Tocantins,2013
4093,Joselândia,1.02,2105609,Maranhão,2013
4094,Bom Jesus do Tocantins,0.0,1703305,Tocantins,2013
4095,Estreito,0.15,2104057,Maranhão,2013
4096,Lizarda,0.0,1712405,Tocantins,2013
4097,Ariquemes,12.36,1100023,Rondônia,2013
4098,Olho d'Água das Cunhãs,0.0,2107407,Maranhão,2013
4099,Cajari,2.22,2102507,Maranhão,2013
4100,Bom Jesus do Tocantins,6.02,1501576,Pará,2013
4101,Chaves,0.07,1502509,Pará,2013
4102,Governador Eugênio Barros,7.54,2104602,Maranhão,2013
4103,Barcarena,0.82,1501303,Pará,2013
4104,São João da Baliza,6.66,1400506,Roraima,2013
4105,Miracema do Tocantins,0.0,1713205,Tocantins,2013
4106,Rio dos Bois,0.0,1718709,Tocantins,2013
4107,Itaubal,0.0,1600253,Amapá,2013
4108,Tefé,2.0,1304203,Amazonas,2013
4109,Cláudia,19.45,5103056,Mato Grosso,2013
4110,Nortelândia,0.15,5106000,Mato Grosso,2013
4111,Anori,0.76,1300102,Amazonas,2013
4112,Água Boa,0.0,5100201,Mato Grosso,2013
4113,Miranorte,0.0,1713304,Tocantins,2013
4114,Rorainópolis,22.81,1400472,Roraima,2013
4115,Cocalinho,2.11,5103106,Mato Grosso,2013
4116,Costa Marques,30.67,1100080,Rondônia,2013
4117,Macapá,1.37,1600303,Amapá,2013
4118,Mirante da Serra,1.3,1101302,Rondônia,2013
4119,Monte Alegre,9.67,1504802,Pará,2013
4120,Santa Rosa do Purus,1.24,1200435,Acre,2013
4121,Palmeirópolis,0.0,1715754,Tocantins,2013
4122,Canaã dos Carajás,0.35,1502152,Pará,2013
4123,Guimarães,0.0,2104909,Maranhão,2013
4124,Belterra,0.68,1501451,Pará,2013
4125,Itapiratins,0.0,1710904,Tocantins,2013
4126,Araguanã,2.08,2100873,Maranhão,2013
4127,Viseu,0.91,1508308,Pará,2013
4128,Uruará,47.3,1508159,Pará,2013
4129,Junco do Maranhão,0.0,2105658,Maranhão,2013
4130,Novo Aripuanã,42.86,1303304,Amazonas,2013
4131,Cotriguaçu,42.6,5103379,Mato Grosso,2013
4132,Jatobá,5.32,2105450,Maranhão,2013
4133,Rio Sono,0.0,1718758,Tocantins,2013
4134,Tracuateua,0.0,1508035,Pará,2013
4135,Breu Branco,11.18,1501782,Pará,2013
4136,Santa Tereza do Tocantins,0.0,1719004,Tocantins,2013
4137,Maracaçumé,0.0,2106326,Maranhão,2013
4138,Parintins,3.85,1303403,Amazonas,2013
4139,Porto Grande,1.87,1600535,Amapá,2013
4140,Aragominas,3.2,1701309,Tocantins,2013
4141,Pugmil,0.0,1718451,Tocantins,2013
4142,Araguacema,1.41,1701903,Tocantins,2013
4143,Novo Airão,0.61,1303205,Amazonas,2013
4144,Breves,1.25,1501808,Pará,2013
4145,Acará,18.27,1500206,Pará,2013
4146,Augustinópolis,0.0,1702554,Tocantins,2013
4147,Canutama,29.46,1300904,Amazonas,2013
4148,Serra Nova Dourada,16.17,5107883,Mato Grosso,2013
4149,Humaitá,10.69,1301704,Amazonas,2013
4150,Borba,2.41,1300805,Amazonas,2013
4151,Ourilândia do Norte,4.45,1505437,Pará,2013
4152,Cerejeiras,0.64,1100056,Rondônia,2013
4153,Mãe do Rio,0.0,1504059,Pará,2013
4154,Bom Jesus das Selvas,20.09,2102036,Maranhão,2013
4155,São João do Soter,0.0,2111078,Maranhão,2013
4156,Magalhães Barata,0.58,1504109,Pará,2013
4157,Senador Alexandre Costa,2.52,2111748,Maranhão,2013
4158,São Mateus do Maranhão,0.0,2111508,Maranhão,2013
4159,Marajá do Sena,0.73,2106359,Maranhão,2013
4160,Igarapé do Meio,0.52,2105153,Maranhão,2013
4161,Santa Rosa do Tocantins,0.0,1718907,Tocantins,2013
4162,Manacapuru,1.81,1302504,Amazonas,2013
4163,Alvarães,0.79,1300029,Amazonas,2013
4164,Cabixi,1.39,1100031,Rondônia,2013
4165,Candeias do Jamari,46.91,1100809,Rondônia,2013
4166,Nova Canaã do Norte,2.06,5106216,Mato Grosso,2013
4167,Moju,35.93,1504703,Pará,2013
4168,Maués,15.59,1302900,Amazonas,2013
4169,São Miguel do Guaporé,7.71,1100320,Rondônia,2013
4170,Santa Maria das Barreiras,20.85,1506583,Pará,2013
4171,Silves,0.87,1304005,Amazonas,2013
4172,Bandeirantes do Tocantins,0.0,1703057,Tocantins,2013
4173,Porto Alegre do Norte,1.53,5106778,Mato Grosso,2013
4174,Gaúcha do Norte,25.24,5103858,Mato Grosso,2013
4175,Nova Monte Verde,3.01,5108956,Mato Grosso,2013
4176,Cametá,0.4,1502103,Pará,2013
4177,Tarauacá,13.94,1200609,Acre,2013
4178,São José do Xingu,1.66,5107354,Mato Grosso,2013
4179,Nova Olinda do Norte,0.85,1303106,Amazonas,2013
4180,Pracuúba,2.09,1600550,Amapá,2013
4181,Bom Jesus do Araguaia,0.28,5101852,Mato Grosso,2013
4182,Santo Antônio do Içá,0.0,1303700,Amazonas,2013
4183,Tabatinga,0.23,1304062,Amazonas,2013
4184,Vitória do Xingu,9.27,1508357,Pará,2013
4185,Campos de Júlio,0.51,5102686,Mato Grosso,2013
4186,Aripuanã,40.01,5101407,Mato Grosso,2013
4187,Alvorada D'Oeste,1.42,1100346,Rondônia,2013
4188,Nova Ubiratã,9.69,5106240,Mato Grosso,2013
4189,Cruzeiro do Sul,5.48,1200203,Acre,2013
4190,Alta Floresta,7.0,5100250,Mato Grosso,2013
4191,Faro,1.35,1503002,Pará,2013
4192,Canarana,2.57,5102702,Mato Grosso,2013
4193,Cachoeira do Arari,0.08,1502004,Pará,2013
4194,Paraíso do Tocantins,0.0,1716109,Tocantins,2013
4195,Primavera de Rondônia,1.05,1101476,Rondônia,2013
4196,Cutias,0.22,1600212,Amapá,2013
4197,Cacoal,1.81,1100049,Rondônia,2013
4198,Piçarra,3.55,1505635,Pará,2013
4199,Vitória do Jari,0.69,1600808,Amapá,2013
4200,Porto Nacional,0.0,1718204,Tocantins,2013
4201,Assis Brasil,4.8,1200054,Acre,2013
4202,Planalto da Serra,0.0,5106455,Mato Grosso,2013
4203,Colinas do Tocantins,0.0,1705508,Tocantins,2013
4204,Colíder,1.09,5103205,Mato Grosso,2013
4205,Sinop,20.49,5107909,Mato Grosso,2013
4206,Muricilândia,0.26,1713957,Tocantins,2013
4207,Alta Floresta D'Oeste,6.65,1100015,Rondônia,2013
4208,Sorriso,0.58,5107925,Mato Grosso,2013
4209,Inhangapi,0.24,1503408,Pará,2013
4210,Bacabal,0.0,2101202,Maranhão,2013
4211,Primavera,0.23,1506104,Pará,2013
4212,Presidente Sarney,0.58,2109270,Maranhão,2013
4213,Lagoa Grande do Maranhão,0.25,2105963,Maranhão,2013
4214,Campestre do Maranhão,0.56,2102556,Maranhão,2013
4215,Dom Pedro,0.59,2103802,Maranhão,2013
4216,Itaguatins,0.58,1710706,Tocantins,2013
4217,Nova Olinda do Maranhão,14.77,2107357,Maranhão,2013
4218,Ananás,0.31,1701002,Tocantins,2013
4219,Santa Luzia do Paruá,0.0,2110039,Maranhão,2013
4220,Palmeirândia,0.0,2107605,Maranhão,2013
4221,Nova Esperança do Piriá,6.82,1504950,Pará,2013
4222,Alto Taquari,0.0,5100607,Mato Grosso,2013
4223,Ji-Paraná,2.81,1100122,Rondônia,2013
4224,Boa Vista do Ramos,0.69,1300680,Amazonas,2013
4225,Carolina,0.0,2102804,Maranhão,2013
4226,Japurá,0.15,1302108,Amazonas,2013
4227,Santa Bárbara do Pará,0.24,1506351,Pará,2013
4228,Monte do Carmo,0.0,1713601,Tocantins,2013
4229,Prainha,27.56,1506005,Pará,2013
4230,Tuntum,7.04,2112308,Maranhão,2013
4231,Curuçá,2.3,1502905,Pará,2013
4232,Taipas do Tocantins,0.0,1720937,Tocantins,2013
4233,Itaipava do Grajaú,0.36,2105351,Maranhão,2013
4234,Laranjal do Jari,0.78,1600279,Amapá,2013
4235,Senador La Rocque,0.44,2111763,Maranhão,2013
4236,Santa Luzia,0.75,2110005,Maranhão,2013
4237,Santana do Araguaia,39.03,1506708,Pará,2013
4238,Santo Antônio do Tauá,0.46,1507003,Pará,2013
4239,Tasso Fragoso,0.0,2112001,Maranhão,2013
4240,Porto Rico do Maranhão,0.0,2109056,Maranhão,2013
4241,Silvanópolis,0.0,1720655,Tocantins,2013
4242,Sítio Novo do Tocantins,0.14,1720804,Tocantins,2013
4243,Santa Luzia do Pará,0.0,1506559,Pará,2013
4244,Raposa,0.09,2109452,Maranhão,2013
4245,Vila Rica,7.93,5108600,Mato Grosso,2013
4246,Olinda Nova do Maranhão,0.0,2107456,Maranhão,2013
4247,Presidente Vargas,0.4,2109304,Maranhão,2013
4248,Bacurituba,0.0,2101350,Maranhão,2013
4249,Gonçalves Dias,13.35,2104404,Maranhão,2013
4250,São José de Ribamar,0.0,2111201,Maranhão,2013
4251,Altamira do Maranhão,0.0,2100402,Maranhão,2013
4252,Garrafão do Norte,0.34,1503077,Pará,2013
4253,Fortuna,7.8,2104206,Maranhão,2013
4254,São Caetano de Odivelas,0.48,1507102,Pará,2013
4255,Machadinho D'Oeste,81.06,1100130,Rondônia,2013
4256,Bequimão,0.0,2101905,Maranhão,2013
4257,Rosário,2.5,2109601,Maranhão,2013
4258,Capitão Poço,1.13,1502301,Pará,2013
4259,Bujaru,2.62,1501907,Pará,2013
4260,Monte Negro,25.76,1101401,Rondônia,2013
4261,Rodrigues Alves,3.7,1200427,Acre,2013
4262,Terra Santa,2.98,1507979,Pará,2013
4263,Bacuri,0.0,2101301,Maranhão,2013
4264,Santa Rita,3.54,2110203,Maranhão,2013
4265,Capanema,0.13,1502202,Pará,2013
4266,Presidente Dutra,2.05,2109106,Maranhão,2013
4267,Santarém,6.05,1506807,Pará,2013
4268,Melgaço,0.64,1504505,Pará,2013
4269,Peixe-Boi,0.49,1505601,Pará,2013
4270,Passagem Franca,0.0,2107902,Maranhão,2013
4271,Juruena,12.07,5105176,Mato Grosso,2013
4272,Anajás,0.0,1500701,Pará,2013
4273,Buritis,50.89,1100452,Rondônia,2013
4274,Dom Eliseu,10.32,1502939,Pará,2013
4275,Senador José Porfírio,14.55,1507805,Pará,2013
4276,Vargem Grande,0.0,2112704,Maranhão,2013
4277,Rio da Conceição,0.0,1718659,Tocantins,2013
4278,Itapecuru Mirim,6.74,2105401,Maranhão,2013
4279,Loreto,0.0,2106102,Maranhão,2013
4280,Benedito Leite,0.0,2101806,Maranhão,2013
4281,Jacundá,1.85,1503804,Pará,2013
4282,Porto Walter,1.65,1200393,Acre,2013
4283,Abel Figueiredo,0.36,1500131,Pará,2013
4284,Açailândia,5.69,2100055,Maranhão,2013
4285,Itacoatiara,4.09,1301902,Amazonas,2013
4286,São Miguel do Tocantins,0.16,1720200,Tocantins,2013
4287,Bom Lugar,0.0,2102077,Maranhão,2013
4288,Marianópolis do Tocantins,1.66,1712504,Tocantins,2013
4289,Santa Inês,0.0,2109908,Maranhão,2013
4290,Codó,0.0,2103307,Maranhão,2013
4291,Carlinda,4.38,5102793,Mato Grosso,2013
4292,Pindorama do Tocantins,0.0,1717008,Tocantins,2013
4293,Alto Parnaíba,0.0,2100501,Maranhão,2013
4294,Feliz Natal,21.93,5103700,Mato Grosso,2013
4295,São Félix do Araguaia,16.13,5107859,Mato Grosso,2013
4296,Pequizeiro,0.0,1716653,Tocantins,2013
4297,Eldorado do Carajás,4.65,1502954,Pará,2013
4298,Rio Crespo,5.16,1100262,Rondônia,2013
4299,Brasiléia,17.19,1200104,Acre,2013
4300,Tangará da Serra,0.88,5107958,Mato Grosso,2013
4301,Fonte Boa,0.18,1301605,Amazonas,2013
4302,São Miguel do Guamá,0.82,1507607,Pará,2013
4303,Nova Ipixuna,2.2,1504976,Pará,2013
4304,Filadélfia,0.0,1707702,Tocantins,2013
4305,São Domingos do Azeitão,0.0,2110658,Maranhão,2013
4306,Beruri,2.4,1300631,Amazonas,2013
4307,Espigão D'Oeste,2.29,1100098,Rondônia,2013
4308,Uiramutã,0.83,1400704,Roraima,2013
4309,Esperantinópolis,0.0,2104008,Maranhão,2013
4310,Apiacás,18.59,5100805,Mato Grosso,2013
4311,Tupiratins,0.0,1721307,Tocantins,2013
4312,Itanhangá,24.44,5104542,Mato Grosso,2013
4313,Barreirinha,3.1,1300508,Amazonas,2013
4314,Nobres,0.93,5105903,Mato Grosso,2013
4315,São Luís,0.27,2111300,Maranhão,2013
4316,Tucuruí,0.82,1508100,Pará,2013
4317,Paranã,0.0,1716208,Tocantins,2013
4318,Imperatriz,0.17,2105302,Maranhão,2013
4319,Benevides,0.16,1501501,Pará,2013
4320,São João do Carú,2.27,2111029,Maranhão,2013
4321,Cariri do Tocantins,0.0,1703867,Tocantins,2013
4322,Óbidos,15.49,1505106,Pará,2013
4323,Cidelândia,0.93,2103257,Maranhão,2013
4324,Xapuri,10.73,1200708,Acre,2013
4325,Porto Acre,3.77,1200807,Acre,2013
4326,Lavandeira,0.0,1712157,Tocantins,2013
4327,Ponte Alta do Bom Jesus,0.0,1717800,Tocantins,2013
4328,São Roberto,0.0,2111672,Maranhão,2013
4329,Alto Alegre do Pindaré,0.01,2100477,Maranhão,2013
4330,Sena Madureira,31.99,1200500,Acre,2013
4331,Abreulândia,0.0,1700251,Tocantins,2013
4332,Governador Luiz Rocha,6.44,2104628,Maranhão,2013
4333,Pedreiras,0.0,2108207,Maranhão,2013
4334,Xinguara,0.64,1508407,Pará,2013
4335,Itapuã do Oeste,16.77,1101104,Rondônia,2013
4336,São Sebastião da Boa Vista,0.26,1507706,Pará,2013
4337,Presidente Médici,0.0,2109239,Maranhão,2013
4338,São Francisco do Guaporé,16.08,1101492,Rondônia,2013
4339,Fátima,0.0,1707553,Tocantins,2013
4340,Paraibano,0.0,2107704,Maranhão,2013
4341,Placas,24.8,1505650,Pará,2013
4342,Vale do Paraíso,0.24,1101807,Rondônia,2013
4343,Manoel Urbano,16.33,1200344,Acre,2013
4344,Novo Progresso,164.23,1505031,Pará,2013
4345,Montes Altos,0.2,2107001,Maranhão,2013
4346,Chapada de Areia,0.0,1704600,Tocantins,2013
4347,Vale do Anari,8.58,1101757,Rondônia,2013
4348,Governador Edison Lobão,0.5,2104552,Maranhão,2013
4349,Dueré,0.09,1707306,Tocantins,2013
4350,Alenquer,17.81,1500404,Pará,2013
4351,Mazagão,0.97,1600402,Amapá,2013
4352,Curionópolis,0.0,1502772,Pará,2013
4353,Tailândia,33.27,1507953,Pará,2013
4354,Arapoema,0.0,1702307,Tocantins,2013
4355,Rondolândia,13.15,5107578,Mato Grosso,2013
4356,Buriticupu,9.75,2102325,Maranhão,2013
4357,São Paulo de Olivença,0.26,1303908,Amazonas,2013
4358,Cantá,9.55,1400175,Roraima,2013
4359,Apicum-Açu,0.0,2100832,Maranhão,2013
4360,Anamã,0.72,1300086,Amazonas,2013
4361,Sucupira,0.0,1720853,Tocantins,2013
4362,Presidente Médici,0.51,1100254,Rondônia,2013
4363,Pacajá,29.86,1505486,Pará,2013
4364,Paranatinga,19.94,5106307,Mato Grosso,2013
4365,Pimenta Bueno,6.46,1100189,Rondônia,2013
4366,Paço do Lumiar,0.14,2107506,Maranhão,2013
4367,Aparecida do Rio Negro,0.0,1701101,Tocantins,2013
4368,Matinha,0.29,2106508,Maranhão,2013
4369,Ulianópolis,11.12,1508126,Pará,2013
4370,Itupiranga,62.47,1503705,Pará,2013
4371,Rio Preto da Eva,0.61,1303569,Amazonas,2013
4372,Santa Rita do Trivelato,2.85,5107768,Mato Grosso,2013
4373,São João do Araguaia,3.37,1507508,Pará,2013
4374,Água Azul do Norte,5.3,1500347,Pará,2013
4375,Barra do Corda,13.39,2101608,Maranhão,2013
4376,Urucurituba,0.8,1304401,Amazonas,2013
4377,Santo Afonso,6.4,5107263,Mato Grosso,2013
4378,Muaná,0.0,1504901,Pará,2013
4379,Davinópolis,0.0,2103752,Maranhão,2013
4380,Colméia,0.22,1716703,Tocantins,2013
4381,Novo Repartimento,150.4,1505064,Pará,2013
4382,Monte Santo do Tocantins,0.19,1713700,Tocantins,2013
4383,Grajaú,23.9,2104800,Maranhão,2013
4384,Alto Alegre dos Parecis,4.8,1100379,Rondônia,2013
4385,Portel,16.99,1505809,Pará,2013
4386,Itaúba,5.03,5104559,Mato Grosso,2013
4387,Parecis,4.74,1101450,Rondônia,2013
4388,Colorado do Oeste,0.55,1100064,Rondônia,2013
4389,Presidente Kennedy,0.0,1718402,Tocantins,2013
4390,Anapu,19.16,1500859,Pará,2013
4391,Juarina,0.0,1711803,Tocantins,2013
4392,Novo Horizonte do Norte,0.07,5106273,Mato Grosso,2013
4393,Tonantins,0.0,1304237,Amazonas,2013
4394,João Lisboa,0.0,2105500,Maranhão,2013
4395,Porto Velho,305.08,1100205,Rondônia,2013
4396,Nova Olinda,0.0,1714880,Tocantins,2013
4397,Confresa,19.6,5103353,Mato Grosso,2013
4398,Curuá,1.42,1502855,Pará,2013
4399,Itapiranga,1.35,1302009,Amazonas,2013
4400,São Luís Gonzaga do Maranhão,0.0,2111409,Maranhão,2013
4401,Novo Santo Antônio,4.78,5106315,Mato Grosso,2013
4402,Novo Horizonte do Oeste,0.4,1100502,Rondônia,2013
4403,São Raimundo das Mangabeiras,0.0,2111607,Maranhão,2013
4404,Cândido Mendes,0.57,2102606,Maranhão,2013
4405,Amarante do Maranhão,11.62,2100600,Maranhão,2013
4406,Plácido de Castro,4.9,1200385,Acre,2013
4407,Serrano do Maranhão,0.18,2111789,Maranhão,2013
4408,Irituia,0.9,1503507,Pará,2013
4409,Pauini,4.76,1303502,Amazonas,2013
4410,Oeiras do Pará,2.33,1505205,Pará,2013
4411,Acrelândia,9.48,1200013,Acre,2013
4412,Almeirim,9.18,1500503,Pará,2013
4413,Ribeirão Cascalheira,1.97,5107180,Mato Grosso,2013
4414,Esperantina,0.3,1707405,Tocantins,2013
4415,Feijó,23.75,1200302,Acre,2013
4416,Couto Magalhães,0.21,1706001,Tocantins,2013
4417,Igarapé-Miri,0.98,1503309,Pará,2013
4418,Rurópolis,18.76,1506195,Pará,2013
4419,Porto Franco,0.81,2109007,Maranhão,2013
4420,Sampaio,0.0,1718808,Tocantins,2013
4421,Belém,0.0,1501402,Pará,2013
4422,Vitória do Mearim,1.3,2112902,Maranhão,2013
4423,Tupirama,0.0,1721257,Tocantins,2013
4424,São Domingos do Capim,1.96,1507201,Pará,2013
4425,Trizidela do Vale,0.0,2112233,Maranhão,2013
4426,Porto Alegre do Tocantins,0.0,1718006,Tocantins,2013
4427,Goiatins,0.0,1709005,Tocantins,2013
4428,Chapada da Natividade,0.0,1705102,Tocantins,2013
4429,São Sebastião do Tocantins,0.0,1720309,Tocantins,2013
4430,Amapá do Maranhão,0.35,2100550,Maranhão,2013
4431,Taguatinga,0.0,1720903,Tocantins,2013
4432,São Vicente Ferrer,0.0,2111706,Maranhão,2013
4433,Tocantínia,0.0,1721109,Tocantins,2013
4434,Pinheiro,1.23,2108603,Maranhão,2013
4435,Cristalândia,0.0,1706100,Tocantins,2013
4436,Aguiarnópolis,0.0,1700301,Tocantins,2013
4437,Piraquê,0.79,1717206,Tocantins,2013
4438,Bonito,0.56,1501600,Pará,2013
4439,Fortaleza dos Nogueiras,0.0,2104107,Maranhão,2013
4440,Terra Alta,0.15,1507961,Pará,2013
4441,Lago da Pedra,0.0,2105708,Maranhão,2013
4442,Balsas,0.0,2101400,Maranhão,2013
4443,Ipixuna do Pará,18.31,1503457,Pará,2013
4444,Santo Antônio dos Lopes,0.0,2110302,Maranhão,2013
4445,Serra do Navio,0.27,1600055,Amapá,2013
4446,Pau D'Arco,0.18,1716307,Tocantins,2013
4447,Concórdia do Pará,0.56,1502756,Pará,2013
4448,Lima Campos,0.0,2106003,Maranhão,2013
4449,São João do Paraíso,0.4,2111052,Maranhão,2013
4450,Boa Vista do Gurupi,0.0,2101970,Maranhão,2013
4451,Ponte Alta do Tocantins,0.0,1717909,Tocantins,2013
4452,Nazaré,0.0,1714302,Tocantins,2013
4453,Aveiro,14.07,1501006,Pará,2013
4454,Nova União,0.44,1101435,Rondônia,2013
4455,Boca do Acre,33.6,1300706,Amazonas,2013
4456,Luciara,0.1,5105309,Mato Grosso,2013
4457,Xambioá,0.18,1722107,Tocantins,2013
4458,Barcelos,0.98,1300409,Amazonas,2013
4459,Guaraí,4.68,1709302,Tocantins,2013
4460,Codajás,1.07,1301308,Amazonas,2013
4461,Querência,14.0,5107065,Mato Grosso,2013
4462,São Luiz,6.79,1400605,Roraima,2013
4463,Careiro,3.97,1301100,Amazonas,2013
4464,Pium,0.0,1717503,Tocantins,2013
4465,Brasnorte,11.95,5101902,Mato Grosso,2013
4466,Paranaíta,12.99,5106299,Mato Grosso,2013
4467,Oriximiná,8.59,1505304,Pará,2013
4468,Amajari,5.16,1400027,Roraima,2013
4469,Baião,6.25,1501204,Pará,2013
4470,Pacaraima,0.3,1400456,Roraima,2013
4471,Tabocão,0.0,1708254,Tocantins,2013
4472,São Salvador do Tocantins,0.0,1720259,Tocantins,2013
4473,Ipueiras,0.0,1709807,Tocantins,2013
4474,Juruá,0.41,1302207,Amazonas,2013
4475,Santana,0.16,1600600,Amapá,2013
4476,Jutaí,1.37,1302306,Amazonas,2013
4477,Crixás do Tocantins,0.0,1706258,Tocantins,2013
4478,Angico,0.41,1701051,Tocantins,2013
4479,Palestina do Pará,1.85,1505494,Pará,2013
4480,Alto Boa Vista,2.07,5100359,Mato Grosso,2013
4481,Turiaçu,0.84,2112407,Maranhão,2013
4482,Wanderlândia,0.23,1722081,Tocantins,2013
4483,Viana,2.04,2112803,Maranhão,2013
4484,Pedro Afonso,1.27,1716505,Tocantins,2013
4485,Riachinho,0.15,1718550,Tocantins,2013
4486,São Valério,0.0,1720499,Tocantins,2013
4487,Cachoeira do Piriá,5.04,1501956,Pará,2013
4488,Castanhal,1.23,1502400,Pará,2013
4489,Rondon do Pará,29.26,1506187,Pará,2013
4490,Barra do Ouro,0.0,1703073,Tocantins,2013
4491,Tomé-Açu,13.59,1508001,Pará,2013
4492,Poção de Pedras,0.0,2108900,Maranhão,2013
4493,São Bento,0.0,2110500,Maranhão,2013
4494,Godofredo Viana,0.71,2104305,Maranhão,2013
4495,Presidente Juscelino,2.16,2109205,Maranhão,2013
4496,São Pedro dos Crentes,0.0,2111573,Maranhão,2013
4497,Buriti do Tocantins,0.0,1703800,Tocantins,2013
4498,Centro Novo do Maranhão,12.02,2103174,Maranhão,2013
4499,Careiro da Várzea,2.81,1301159,Amazonas,2013
4500,Buriti Bravo,1.9,2102309,Maranhão,2013
4501,Pedro do Rosário,0.88,2108256,Maranhão,2013
4502,Palmeirante,0.07,1715705,Tocantins,2013
4503,Palmeiras do Tocantins,0.17,1713809,Tocantins,2013
4504,Carrasco Bonito,0.0,1703891,Tocantins,2013
4505,Conceição do Lago-Açu,0.0,2103554,Maranhão,2013
4506,Vitorino Freire,0.0,2113009,Maranhão,2013
4507,São Domingos do Araguaia,2.35,1507151,Pará,2013
4508,Almas,0.0,1700400,Tocantins,2013
4509,Lajeado,0.0,1712009,Tocantins,2013
4510,Feira Nova do Maranhão,0.0,2104073,Maranhão,2013
4511,Icatu,0.16,2105104,Maranhão,2013
4512,Cururupu,0.0,2103703,Maranhão,2013
4513,Itacajá,0.0,1710508,Tocantins,2013
4514,Luís Domingues,0.53,2106201,Maranhão,2013
4515,Campos Lindos,0.0,1703842,Tocantins,2013
4516,Aurora do Pará,4.7,1500958,Pará,2013
4517,Peri Mirim,0.0,2108405,Maranhão,2013
4518,Capinzal do Norte,0.0,2102754,Maranhão,2013
4519,Cachoeirinha,0.0,1703826,Tocantins,2013
4520,Bela Vista do Maranhão,0.0,2101772,Maranhão,2013
4521,Carmolândia,0.0,1703883,Tocantins,2013
4522,Santa Rita do Tocantins,0.0,1718899,Tocantins,2013
4523,Ministro Andreazza,0.11,1101203,Rondônia,2013
4524,Ponta de Pedras,0.0,1505700,Pará,2013
4525,Chupinguaia,4.77,1100924,Rondônia,2013
4526,Castanheira,8.02,5102850,Mato Grosso,2013
4527,Manaquiri,0.65,1302553,Amazonas,2013
4528,Marcelândia,36.61,5105580,Mato Grosso,2013
4529,Formoso do Araguaia,3.41,1708205,Tocantins,2013
4530,São Felipe D'Oeste,0.17,1101484,Rondônia,2013
4531,Brejinho de Nazaré,0.0,1703701,Tocantins,2013
4532,Juara,15.91,5105101,Mato Grosso,2013
4533,Guarantã do Norte,8.02,5104104,Mato Grosso,2013
4534,Nova Marilândia,2.71,5108857,Mato Grosso,2013
4535,Bernardo do Mearim,0.0,2101939,Maranhão,2013
4536,Terra Nova do Norte,7.67,5108055,Mato Grosso,2013
4537,Indiavaí,0.0,5104500,Mato Grosso,2013
4538,Soure,0.0,1507904,Pará,2013
4539,Caapiranga,0.44,1300839,Amazonas,2013
4540,Marabá,80.96,1504208,Pará,2013
4541,Nova Brasilândia D'Oeste,1.82,1100148,Rondônia,2013
4542,Campo Novo do Parecis,0.01,5102637,Mato Grosso,2013
4543,Guajará-Mirim,24.29,1100106,Rondônia,2013
4544,Mojuí dos Campos,3.94,1504752,Pará,2013
4545,Benjamin Constant,1.42,1300607,Amazonas,2013
4546,Dois Irmãos do Tocantins,0.2,1707207,Tocantins,2013
4547,Jaru,0.3,1100114,Rondônia,2013
4548,Jordão,2.22,1200328,Acre,2013
4549,Mucajaí,38.51,1400308,Roraima,2013
4550,Normandia,0.0,1400407,Roraima,2013
4551,Juína,27.54,5105150,Mato Grosso,2013
4552,Corumbiara,0.71,1100072,Rondônia,2013
4553,Urupá,0.69,1101708,Rondônia,2013
4554,Trairão,42.52,1508050,Pará,2013
4555,Atalaia do Norte,0.89,1300201,Amazonas,2013
4556,Nhamundá,2.58,1303007,Amazonas,2013
4557,Barra do Garças,0.0,5101803,Mato Grosso,2013
4558,São Domingos do Maranhão,14.38,2110708,Maranhão,2013
4559,Bagre,0.53,1501105,Pará,2013
4560,São Bento do Tocantins,0.46,1720101,Tocantins,2013
4561,Juruti,2.29,1503903,Pará,2013
4562,Colniza,155.88,5103254,Mato Grosso,2013
4563,Quatipuru,0.0,1506112,Pará,2013
4564,Salinópolis,1.72,1506203,Pará,2013
4565,Babaçulândia,0.0,1703008,Tocantins,2013
4566,Zé Doca,4.65,2114007,Maranhão,2013
4567,Sapucaia,0.0,1507755,Pará,2013
4568,Colares,0.0,1502608,Pará,2013
4569,Araguatins,1.8,1702208,Tocantins,2013
4570,Pio XII,0.0,2108702,Maranhão,2013
4571,Novo Jardim,0.0,1715259,Tocantins,2013
4572,Marechal Thaumaturgo,2.16,1200351,Acre,2013
4573,Teixeirópolis,0.0,1101559,Rondônia,2013
4574,São Francisco do Pará,0.46,1507409,Pará,2013
4575,Paulo Ramos,0.0,2108108,Maranhão,2013
4576,Nova Colinas,0.0,2107258,Maranhão,2013
4577,Santa Maria do Tocantins,0.0,1718881,Tocantins,2013
4578,Arraias,0.0,1702406,Tocantins,2013
4579,Salvaterra,0.53,1506302,Pará,2013
4580,Manicoré,42.89,1302702,Amazonas,2013
4581,Santa Maria do Pará,0.94,1506609,Pará,2013
4582,Cajapió,0.0,2102408,Maranhão,2013
4583,Bom Jardim,14.25,2102002,Maranhão,2013
4584,Peixe,0.0,1716604,Tocantins,2013
4585,Governador Archer,0.74,2104503,Maranhão,2013
4586,Curralinho,1.69,1502806,Pará,2013
4587,Talismã,0.0,1720978,Tocantins,2013
4588,Timbiras,0.0,2112100,Maranhão,2013
4589,Igarapé-Açu,0.8,1503200,Pará,2013
4590,Lago Verde,0.0,2105906,Maranhão,2013
4591,Itamarati,1.55,1301951,Amazonas,2013
4592,Lábrea,116.83,1302405,Amazonas,2013
4593,Luzinópolis,0.1,1712454,Tocantins,2013
4594,Brasilândia do Tocantins,0.14,1703602,Tocantins,2013
4595,Axixá,0.44,2101103,Maranhão,2013
4596,Brejo de Areia,0.0,2102150,Maranhão,2013
4597,Marituba,0.0,1504422,Pará,2013
4598,Recursolândia,0.34,1718501,Tocantins,2013
4599,Praia Norte,0.64,1718303,Tocantins,2013
4600,Sítio Novo,0.1,2111805,Maranhão,2013
4601,Ouro Preto do Oeste,0.58,1100155,Rondônia,2013
4602,São Félix do Tocantins,0.0,1720150,Tocantins,2013
4603,Marapanim,1.37,1504406,Pará,2013
4604,Bacabeira,2.14,2101251,Maranhão,2013
4605,Santarém Novo,0.08,1506906,Pará,2013
4606,Mirador,0.0,2106706,Maranhão,2013
4607,Vila Nova dos Martírios,0.47,2112852,Maranhão,2013
4608,Riachão,0.0,2109502,Maranhão,2013
4609,Ourém,0.08,1505403,Pará,2013
4610,São José dos Basílios,0.25,2111250,Maranhão,2013
4611,Governador Nunes Freire,0.0,2104677,Maranhão,2013
4612,Calçoene,2.99,1600204,Amapá,2013
4613,Alto Araguaia,0.0,5100300,Mato Grosso,2013
4614,Mirinzal,0.07,2106805,Maranhão,2013
4615,Jenipapo dos Vieiras,3.41,2105476,Maranhão,2013
4616,Santa Izabel do Pará,0.98,1506500,Pará,2013
4617,Combinado,0.0,1705557,Tocantins,2013
4618,Envira,5.39,1301506,Amazonas,2013
4619,Graça Aranha,1.91,2104701,Maranhão,2013
4620,Tocantinópolis,0.33,1721208,Tocantins,2013
4621,Amaturá,0.0,1300060,Amazonas,2013
4622,Cacaulândia,4.06,1100601,Rondônia,2013
4623,São Félix de Balsas,0.0,2110807,Maranhão,2013
4624,Colinas,4.51,2103505,Maranhão,2013
4625,Buritirana,0.75,2102358,Maranhão,2013
4626,Ananindeua,0.0,1500800,Pará,2013
4627,Presidente Figueiredo,4.1,1303536,Amazonas,2013
4628,Abaetetuba,0.42,1500107,Pará,2013
4629,Pindaré-Mirim,0.0,2108504,Maranhão,2013
4630,Centenário,0.0,1704105,Tocantins,2013
4631,Santa Terezinha do Tocantins,0.0,1720002,Tocantins,2013
4632,Vigia,0.58,1508209,Pará,2013
4633,Campo Novo de Rondônia,37.28,1100700,Rondônia,2013
4634,Santa Cruz do Xingu,0.38,5107743,Mato Grosso,2013
4635,Lajeado Novo,0.07,2105989,Maranhão,2013
4636,Afuá,0.07,1500305,Pará,2013
4637,Ribamar Fiquene,0.23,2109551,Maranhão,2013
4638,Peixoto de Azevedo,23.47,5106422,Mato Grosso,2014
4639,Pau D'Arco,1.0,1505551,Pará,2014
4640,Mâncio Lima,2.97,1200336,Acre,2014
4641,Alto Alegre,6.59,1400050,Roraima,2014
4642,Pedra Preta,0.0,5106372,Mato Grosso,2014
4643,Itaituba,99.53,1503606,Pará,2014
4644,Redenção,0.39,1506138,Pará,2014
4645,Iracema,21.83,1400282,Roraima,2014
4646,Santo Antônio do Leverger,1.3,5107800,Mato Grosso,2014
4647,Porto Esperidião,1.18,5106828,Mato Grosso,2014
4648,Nova Brasilândia,0.39,5106208,Mato Grosso,2014
4649,Caracaraí,33.36,1400209,Roraima,2014
4650,Ponte Branca,0.0,5106703,Mato Grosso,2014
4651,Cuiabá,0.21,5103403,Mato Grosso,2014
4652,Tucumã,2.71,1508084,Pará,2014
4653,Alto Paraguai,0.0,5100508,Mato Grosso,2014
4654,São Pedro da Cipa,0.08,5107404,Mato Grosso,2014
4655,Porto Estrela,0.1,5106851,Mato Grosso,2014
4656,Porto de Moz,21.65,1505908,Pará,2014
4657,Denise,0.0,5103452,Mato Grosso,2014
4658,Cáceres,2.54,5102504,Mato Grosso,2014
4659,Tesouro,0.0,5108105,Mato Grosso,2014
4660,Araguaiana,0.08,5101001,Mato Grosso,2014
4661,Matupá,19.03,5105606,Mato Grosso,2014
4662,Conquista D'Oeste,0.48,5103361,Mato Grosso,2014
4663,Vale de São Domingos,0.14,5108352,Mato Grosso,2014
4664,Juscimeira,0.0,5105200,Mato Grosso,2014
4665,Nova Guarita,1.58,5108808,Mato Grosso,2014
4666,Bonfim,2.13,1400159,Roraima,2014
4667,Tapauá,2.67,1304104,Amazonas,2014
4668,Salto do Céu,1.66,5107750,Mato Grosso,2014
4669,Campo Verde,0.28,5102678,Mato Grosso,2014
4670,Eirunepé,3.07,1301407,Amazonas,2014
4671,Curvelândia,0.0,5103437,Mato Grosso,2014
4672,Acorizal,0.0,5100102,Mato Grosso,2014
4673,Várzea Grande,0.0,5108402,Mato Grosso,2014
4674,Rosário Oeste,0.3,5107701,Mato Grosso,2014
4675,Rio Branco,0.0,5107206,Mato Grosso,2014
4676,Santo Antônio do Leste,0.0,5107792,Mato Grosso,2014
4677,Chapada dos Guimarães,0.73,5103007,Mato Grosso,2014
4678,Novo São Joaquim,0.0,5106281,Mato Grosso,2014
4679,Glória D'Oeste,0.0,5103957,Mato Grosso,2014
4680,São José do Povo,0.0,5107297,Mato Grosso,2014
4681,Mirassol d'Oeste,0.07,5105622,Mato Grosso,2014
4682,Nova Bandeirantes,70.27,5106158,Mato Grosso,2014
4683,Poconé,0.72,5106505,Mato Grosso,2014
4684,Conceição do Araguaia,4.28,1502707,Pará,2014
4685,Barra do Bugres,2.83,5101704,Mato Grosso,2014
4686,Guiratinga,0.0,5104203,Mato Grosso,2014
4687,Dom Aquino,0.0,5103601,Mato Grosso,2014
4688,Lambari D'Oeste,0.54,5105234,Mato Grosso,2014
4689,São José dos Quatro Marcos,0.32,5107107,Mato Grosso,2014
4690,Poxoréu,0.3,5107008,Mato Grosso,2014
4691,Floresta do Araguaia,4.03,1503044,Pará,2014
4692,Barão de Melgaço,1.31,5101605,Mato Grosso,2014
4693,Araputanga,0.81,5101258,Mato Grosso,2014
4694,Nova Olímpia,0.41,5106232,Mato Grosso,2014
4695,Rondonópolis,0.07,5107602,Mato Grosso,2014
4696,Nova Xavantina,0.0,5106257,Mato Grosso,2014
4697,Pontal do Araguaia,0.0,5106653,Mato Grosso,2014
4698,Jangada,0.0,5104906,Mato Grosso,2014
4699,Amapá,0.68,1600105,Amapá,2014
4700,Guajará,1.19,1301654,Amazonas,2014
4701,Vila Bela da Santíssima Trindade,12.88,5105507,Mato Grosso,2014
4702,Araguainha,0.0,5101209,Mato Grosso,2014
4703,Capixaba,9.62,1200179,Acre,2014
4704,Jauru,0.66,5105002,Mato Grosso,2014
4705,Ribeirãozinho,0.0,5107198,Mato Grosso,2014
4706,Reserva do Cabaçal,0.51,5107156,Mato Grosso,2014
4707,Figueirópolis D'Oeste,0.0,5103809,Mato Grosso,2014
4708,Alto Garças,0.0,5100409,Mato Grosso,2014
4709,Nossa Senhora do Livramento,0.09,5106109,Mato Grosso,2014
4710,Jaciara,0.0,5104807,Mato Grosso,2014
4711,Manaus,2.28,1302603,Amazonas,2014
4712,Pontes e Lacerda,2.75,5106752,Mato Grosso,2014
4713,Ipixuna,1.15,1301803,Amazonas,2014
4714,Primavera do Leste,0.0,5107040,Mato Grosso,2014
4715,Maraã,2.33,1302801,Amazonas,2014
4716,Torixoréu,0.0,5108204,Mato Grosso,2014
4717,General Carneiro,0.0,5103908,Mato Grosso,2014
4718,Nova Rosalândia,0.0,1715002,Tocantins,2014
4719,São Gabriel da Cachoeira,2.02,1303809,Amazonas,2014
4720,Ipiranga do Norte,3.67,5104526,Mato Grosso,2014
4721,Araguaína,0.13,1702109,Tocantins,2014
4722,São Geraldo do Araguaia,1.47,1507458,Pará,2014
4723,Augusto Corrêa,0.0,1500909,Pará,2014
4724,Uarini,8.59,1304260,Amazonas,2014
4725,Vilhena,7.48,1100304,Rondônia,2014
4726,Nova Lacerda,18.36,5106182,Mato Grosso,2014
4727,Itaporã do Tocantins,0.34,1711100,Tocantins,2014
4728,Lucas do Rio Verde,1.45,5105259,Mato Grosso,2014
4729,Nova Maringá,36.0,5108907,Mato Grosso,2014
4730,Goianésia do Pará,23.27,1503093,Pará,2014
4731,Bujari,8.99,1200138,Acre,2014
4732,Rio Maria,3.96,1506161,Pará,2014
4733,Divinópolis do Tocantins,0.0,1707108,Tocantins,2014
4734,Jacareacanga,24.19,1503754,Pará,2014
4735,Barrolândia,0.0,1703107,Tocantins,2014
4736,Diamantino,4.78,5103502,Mato Grosso,2014
4737,Santa Fé do Araguaia,0.39,1718865,Tocantins,2014
4738,Santa Carmem,8.77,5107248,Mato Grosso,2014
4739,Bannach,2.72,1501253,Pará,2014
4740,Canabrava do Norte,1.71,5102694,Mato Grosso,2014
4741,Pedra Branca do Amapari,5.08,1600154,Amapá,2014
4742,Oliveira de Fátima,0.0,1715507,Tocantins,2014
4743,Caseara,5.33,1703909,Tocantins,2014
4744,Santa Cruz do Arari,0.0,1506401,Pará,2014
4745,Tapurah,7.86,5108006,Mato Grosso,2014
4746,Parauapebas,1.42,1505536,Pará,2014
4747,Limoeiro do Ajuru,0.0,1504000,Pará,2014
4748,Theobroma,3.54,1101609,Rondônia,2014
4749,São Félix do Xingu,152.79,1507300,Pará,2014
4750,Comodoro,15.81,5103304,Mato Grosso,2014
4751,Goianorte,0.06,1708304,Tocantins,2014
4752,Governador Jorge Teixeira,1.93,1101005,Rondônia,2014
4753,Tabaporã,16.1,5107941,Mato Grosso,2014
4754,Epitaciolândia,8.91,1200252,Acre,2014
4755,Vera,10.42,5108501,Mato Grosso,2014
4756,Novo Mundo,15.22,5106265,Mato Grosso,2014
4757,Bernardo Sayão,0.0,1703206,Tocantins,2014
4758,Rolim de Moura,0.54,1100288,Rondônia,2014
4759,Seringueiras,7.77,1101500,Rondônia,2014
4760,Autazes,14.77,1300300,Amazonas,2014
4761,Ferreira Gomes,0.63,1600238,Amapá,2014
4762,Palmas,0.0,1721000,Tocantins,2014
4763,São Francisco do Brejão,1.07,2110856,Maranhão,2014
4764,Sambaíba,0.0,2109700,Maranhão,2014
4765,Novo Alegre,0.0,1715150,Tocantins,2014
4766,Santa Luzia D'Oeste,0.27,1100296,Rondônia,2014
4767,Tartarugalzinho,2.26,1600709,Amapá,2014
4768,Arenápolis,0.09,5101308,Mato Grosso,2014
4769,Gurupi,0.0,1709500,Tocantins,2014
4770,Lagoa da Confusão,7.02,1711902,Tocantins,2014
4771,Boa Vista,0.31,1400100,Roraima,2014
4772,Gurupá,1.93,1503101,Pará,2014
4773,São Pedro da Água Branca,0.13,2111532,Maranhão,2014
4774,Jaú do Tocantins,0.0,1711506,Tocantins,2014
4775,Araguaçu,0.0,1702000,Tocantins,2014
4776,Sandolândia,0.0,1718840,Tocantins,2014
4777,Altamira,294.23,1500602,Pará,2014
4778,Aliança do Tocantins,0.0,1700350,Tocantins,2014
4779,São Sebastião do Uatumã,4.86,1303957,Amazonas,2014
4780,Porto dos Gaúchos,16.61,5106802,Mato Grosso,2014
4781,Sapezal,0.2,5107875,Mato Grosso,2014
4782,Bragança,1.12,1501709,Pará,2014
4783,Nova Santa Helena,4.16,5106190,Mato Grosso,2014
4784,Alto Paraíso,13.98,1100403,Rondônia,2014
4785,Araguanã,0.2,1702158,Tocantins,2014
4786,São José do Rio Claro,16.3,5107305,Mato Grosso,2014
4787,Pimenteiras do Oeste,1.21,1101468,Rondônia,2014
4788,Mocajuba,0.23,1504604,Pará,2014
4789,Iranduba,2.8,1301852,Amazonas,2014
4790,Urucará,1.39,1304302,Amazonas,2014
4791,Santa Isabel do Rio Negro,0.9,1303601,Amazonas,2014
4792,Senador Guiomard,3.98,1200450,Acre,2014
4793,Figueirópolis,0.0,1707652,Tocantins,2014
4794,Coari,3.38,1301209,Amazonas,2014
4795,Carauari,1.11,1301001,Amazonas,2014
4796,Nova Mutum,5.6,5106224,Mato Grosso,2014
4797,Nova Nazaré,0.56,5106174,Mato Grosso,2014
4798,Brasil Novo,8.63,1501725,Pará,2014
4799,Apuí,80.04,1300144,Amazonas,2014
4800,Santa Terezinha,5.65,5107776,Mato Grosso,2014
4801,Campinápolis,0.0,5102603,Mato Grosso,2014
4802,Nova Mamoré,135.35,1100338,Rondônia,2014
4803,Castanheiras,1.21,1100908,Rondônia,2014
4804,União do Sul,16.71,5108303,Mato Grosso,2014
4805,Alvorada,0.0,1700707,Tocantins,2014
4806,Caroebe,17.26,1400233,Roraima,2014
4807,Coroatá,0.0,2103604,Maranhão,2014
4808,Pastos Bons,0.0,2108009,Maranhão,2014
4809,Lago do Junco,0.0,2105807,Maranhão,2014
4810,Matões do Norte,0.85,2106631,Maranhão,2014
4811,Cantanhede,0.34,2102705,Maranhão,2014
4812,Arame,29.05,2100956,Maranhão,2014
4813,Conceição do Tocantins,0.0,1705607,Tocantins,2014
4814,Tufilândia,0.0,2112274,Maranhão,2014
4815,Governador Newton Bello,0.55,2104651,Maranhão,2014
4816,Maranhãozinho,0.32,2106375,Maranhão,2014
4817,Igarapé Grande,0.0,2105203,Maranhão,2014
4818,Monção,0.89,2106904,Maranhão,2014
4819,Peritoró,0.0,2108454,Maranhão,2014
4820,Sucupira do Norte,0.0,2111904,Maranhão,2014
4821,Formosa da Serra Negra,0.07,2104099,Maranhão,2014
4822,Nova Iorque,0.0,2107308,Maranhão,2014
4823,Santa Filomena do Maranhão,0.23,2109759,Maranhão,2014
4824,Carutapera,1.15,2102903,Maranhão,2014
4825,Rio Branco,32.88,1200401,Acre,2014
4826,Satubinha,0.0,2111722,Maranhão,2014
4827,Cujubim,40.15,1100940,Rondônia,2014
4828,Fernando Falcão,0.96,2104081,Maranhão,2014
4829,Pirapemas,0.0,2108801,Maranhão,2014
4830,Centro do Guilherme,3.09,2103158,Maranhão,2014
4831,Oiapoque,2.55,1600501,Amapá,2014
4832,Darcinópolis,0.0,1706506,Tocantins,2014
4833,Alcântara,0.0,2100204,Maranhão,2014
4834,Arari,0.71,2101004,Maranhão,2014
4835,Cumaru do Norte,25.49,1502764,Pará,2014
4836,Miranda do Norte,0.52,2106755,Maranhão,2014
4837,Penalva,0.25,2108306,Maranhão,2014
4838,Brejo Grande do Araguaia,2.76,1501758,Pará,2014
4839,Medicilândia,17.2,1504455,Pará,2014
4840,Nova Timboteua,0.0,1505007,Pará,2014
4841,Central do Maranhão,0.0,2103125,Maranhão,2014
4842,Alto Alegre do Maranhão,0.0,2100436,Maranhão,2014
4843,Maurilândia do Tocantins,0.09,1712801,Tocantins,2014
4844,Paragominas,19.74,1505502,Pará,2014
4845,Morros,0.0,2107100,Maranhão,2014
4846,Itinga do Maranhão,0.28,2105427,Maranhão,2014
4847,Santa Helena,1.79,2109809,Maranhão,2014
4848,São João da Ponta,0.13,1507466,Pará,2014
4849,Cedral,0.0,2103109,Maranhão,2014
4850,São João Batista,0.0,2111003,Maranhão,2014
4851,São Raimundo do Doca Bezerra,0.0,2111631,Maranhão,2014
4852,Turilândia,4.09,2112456,Maranhão,2014
4853,São João de Pirabas,1.8,1507474,Pará,2014
4854,Lago dos Rodrigues,0.0,2105948,Maranhão,2014
4855,Lagoa do Tocantins,0.0,1711951,Tocantins,2014
4856,Dianópolis,0.0,1707009,Tocantins,2014
4857,Novo Acordo,0.0,1715101,Tocantins,2014
4858,Maracanã,0.19,1504307,Pará,2014
4859,Axixá do Tocantins,0.36,1702901,Tocantins,2014
4860,Cachoeira Grande,0.0,2102374,Maranhão,2014
4861,Anajatuba,0.0,2100709,Maranhão,2014
4862,Aurora do Tocantins,0.0,1702703,Tocantins,2014
4863,Itiquira,0.17,5104609,Mato Grosso,2014
4864,Mateiros,0.0,1712702,Tocantins,2014
4865,Natividade,0.0,1714203,Tocantins,2014
4866,Joselândia,1.54,2105609,Maranhão,2014
4867,Bom Jesus do Tocantins,0.16,1703305,Tocantins,2014
4868,Estreito,0.0,2104057,Maranhão,2014
4869,Lizarda,0.0,1712405,Tocantins,2014
4870,Ariquemes,10.35,1100023,Rondônia,2014
4871,Olho d'Água das Cunhãs,0.0,2107407,Maranhão,2014
4872,Cajari,0.16,2102507,Maranhão,2014
4873,Bom Jesus do Tocantins,5.64,1501576,Pará,2014
4874,Chaves,0.17,1502509,Pará,2014
4875,Governador Eugênio Barros,5.65,2104602,Maranhão,2014
4876,Barcarena,1.0,1501303,Pará,2014
4877,São João da Baliza,6.74,1400506,Roraima,2014
4878,Miracema do Tocantins,0.0,1713205,Tocantins,2014
4879,Rio dos Bois,0.0,1718709,Tocantins,2014
4880,Itaubal,0.25,1600253,Amapá,2014
4881,Tefé,15.51,1304203,Amazonas,2014
4882,Cláudia,21.51,5103056,Mato Grosso,2014
4883,Nortelândia,0.33,5106000,Mato Grosso,2014
4884,Anori,0.58,1300102,Amazonas,2014
4885,Água Boa,0.1,5100201,Mato Grosso,2014
4886,Miranorte,0.0,1713304,Tocantins,2014
4887,Rorainópolis,19.39,1400472,Roraima,2014
4888,Cocalinho,1.37,5103106,Mato Grosso,2014
4889,Costa Marques,13.87,1100080,Rondônia,2014
4890,Macapá,2.64,1600303,Amapá,2014
4891,Mirante da Serra,1.4,1101302,Rondônia,2014
4892,Monte Alegre,15.1,1504802,Pará,2014
4893,Santa Rosa do Purus,3.92,1200435,Acre,2014
4894,Palmeirópolis,0.0,1715754,Tocantins,2014
4895,Canaã dos Carajás,1.39,1502152,Pará,2014
4896,Guimarães,0.0,2104909,Maranhão,2014
4897,Belterra,1.24,1501451,Pará,2014
4898,Itapiratins,0.0,1710904,Tocantins,2014
4899,Araguanã,0.0,2100873,Maranhão,2014
4900,Viseu,3.28,1508308,Pará,2014
4901,Uruará,14.41,1508159,Pará,2014
4902,Junco do Maranhão,0.07,2105658,Maranhão,2014
4903,Novo Aripuanã,25.73,1303304,Amazonas,2014
4904,Cotriguaçu,45.89,5103379,Mato Grosso,2014
4905,Jatobá,2.74,2105450,Maranhão,2014
4906,Rio Sono,0.0,1718758,Tocantins,2014
4907,Tracuateua,0.46,1508035,Pará,2014
4908,Breu Branco,6.53,1501782,Pará,2014
4909,Santa Tereza do Tocantins,0.0,1719004,Tocantins,2014
4910,Maracaçumé,0.49,2106326,Maranhão,2014
4911,Parintins,5.69,1303403,Amazonas,2014
4912,Porto Grande,2.45,1600535,Amapá,2014
4913,Aragominas,1.33,1701309,Tocantins,2014
4914,Pugmil,0.0,1718451,Tocantins,2014
4915,Araguacema,0.22,1701903,Tocantins,2014
4916,Novo Airão,1.17,1303205,Amazonas,2014
4917,Breves,0.51,1501808,Pará,2014
4918,Acará,5.83,1500206,Pará,2014
4919,Augustinópolis,0.6,1702554,Tocantins,2014
4920,Canutama,16.25,1300904,Amazonas,2014
4921,Serra Nova Dourada,3.02,5107883,Mato Grosso,2014
4922,Humaitá,13.64,1301704,Amazonas,2014
4923,Borba,2.41,1300805,Amazonas,2014
4924,Ourilândia do Norte,5.73,1505437,Pará,2014
4925,Cerejeiras,2.65,1100056,Rondônia,2014
4926,Mãe do Rio,0.0,1504059,Pará,2014
4927,Bom Jesus das Selvas,7.85,2102036,Maranhão,2014
4928,São João do Soter,0.0,2111078,Maranhão,2014
4929,Magalhães Barata,0.0,1504109,Pará,2014
4930,Senador Alexandre Costa,2.14,2111748,Maranhão,2014
4931,São Mateus do Maranhão,0.0,2111508,Maranhão,2014
4932,Marajá do Sena,3.02,2106359,Maranhão,2014
4933,Igarapé do Meio,0.09,2105153,Maranhão,2014
4934,Santa Rosa do Tocantins,0.0,1718907,Tocantins,2014
4935,Manacapuru,3.52,1302504,Amazonas,2014
4936,Alvarães,6.32,1300029,Amazonas,2014
4937,Cabixi,5.0,1100031,Rondônia,2014
4938,Candeias do Jamari,39.21,1100809,Rondônia,2014
4939,Nova Canaã do Norte,12.44,5106216,Mato Grosso,2014
4940,Moju,24.78,1504703,Pará,2014
4941,Maués,13.65,1302900,Amazonas,2014
4942,São Miguel do Guaporé,10.88,1100320,Rondônia,2014
4943,Santa Maria das Barreiras,19.67,1506583,Pará,2014
4944,Silves,1.33,1304005,Amazonas,2014
4945,Bandeirantes do Tocantins,0.0,1703057,Tocantins,2014
4946,Porto Alegre do Norte,1.63,5106778,Mato Grosso,2014
4947,Gaúcha do Norte,32.39,5103858,Mato Grosso,2014
4948,Nova Monte Verde,5.26,5108956,Mato Grosso,2014
4949,Cametá,0.34,1502103,Pará,2014
4950,Tarauacá,36.42,1200609,Acre,2014
4951,São José do Xingu,2.47,5107354,Mato Grosso,2014
4952,Nova Olinda do Norte,2.55,1303106,Amazonas,2014
4953,Pracuúba,1.0,1600550,Amapá,2014
4954,Bom Jesus do Araguaia,2.5,5101852,Mato Grosso,2014
4955,Santo Antônio do Içá,0.0,1303700,Amazonas,2014
4956,Tabatinga,3.74,1304062,Amazonas,2014
4957,Vitória do Xingu,16.91,1508357,Pará,2014
4958,Campos de Júlio,0.0,5102686,Mato Grosso,2014
4959,Aripuanã,39.89,5101407,Mato Grosso,2014
4960,Alvorada D'Oeste,2.36,1100346,Rondônia,2014
4961,Nova Ubiratã,15.55,5106240,Mato Grosso,2014
4962,Cruzeiro do Sul,10.65,1200203,Acre,2014
4963,Alta Floresta,9.79,5100250,Mato Grosso,2014
4964,Faro,2.44,1503002,Pará,2014
4965,Canarana,7.68,5102702,Mato Grosso,2014
4966,Cachoeira do Arari,0.0,1502004,Pará,2014
4967,Paraíso do Tocantins,0.0,1716109,Tocantins,2014
4968,Primavera de Rondônia,0.19,1101476,Rondônia,2014
4969,Cutias,1.41,1600212,Amapá,2014
4970,Cacoal,4.28,1100049,Rondônia,2014
4971,Piçarra,5.07,1505635,Pará,2014
4972,Vitória do Jari,0.64,1600808,Amapá,2014
4973,Porto Nacional,0.0,1718204,Tocantins,2014
4974,Assis Brasil,7.68,1200054,Acre,2014
4975,Planalto da Serra,0.1,5106455,Mato Grosso,2014
4976,Colinas do Tocantins,0.0,1705508,Tocantins,2014
4977,Colíder,1.52,5103205,Mato Grosso,2014
4978,Sinop,3.96,5107909,Mato Grosso,2014
4979,Muricilândia,0.17,1713957,Tocantins,2014
4980,Alta Floresta D'Oeste,10.3,1100015,Rondônia,2014
4981,Sorriso,0.16,5107925,Mato Grosso,2014
4982,Inhangapi,0.0,1503408,Pará,2014
4983,Bacabal,0.0,2101202,Maranhão,2014
4984,Primavera,0.16,1506104,Pará,2014
4985,Presidente Sarney,0.26,2109270,Maranhão,2014
4986,Lagoa Grande do Maranhão,0.67,2105963,Maranhão,2014
4987,Campestre do Maranhão,0.51,2102556,Maranhão,2014
4988,Dom Pedro,0.79,2103802,Maranhão,2014
4989,Itaguatins,1.81,1710706,Tocantins,2014
4990,Nova Olinda do Maranhão,2.16,2107357,Maranhão,2014
4991,Ananás,1.78,1701002,Tocantins,2014
4992,Santa Luzia do Paruá,0.06,2110039,Maranhão,2014
4993,Palmeirândia,0.09,2107605,Maranhão,2014
4994,Nova Esperança do Piriá,13.55,1504950,Pará,2014
4995,Alto Taquari,0.0,5100607,Mato Grosso,2014
4996,Ji-Paraná,0.54,1100122,Rondônia,2014
4997,Boa Vista do Ramos,1.78,1300680,Amazonas,2014
4998,Carolina,0.0,2102804,Maranhão,2014
4999,Japurá,0.53,1302108,Amazonas,2014
5000,Santa Bárbara do Pará,0.0,1506351,Pará,2014
5001,Monte do Carmo,0.0,1713601,Tocantins,2014
5002,Prainha,37.4,1506005,Pará,2014
5003,Tuntum,8.39,2112308,Maranhão,2014
5004,Curuçá,0.14,1502905,Pará,2014
5005,Taipas do Tocantins,0.0,1720937,Tocantins,2014
5006,Itaipava do Grajaú,2.04,2105351,Maranhão,2014
5007,Laranjal do Jari,3.67,1600279,Amapá,2014
5008,Senador La Rocque,1.86,2111763,Maranhão,2014
5009,Santa Luzia,1.3,2110005,Maranhão,2014
5010,Santana do Araguaia,23.75,1506708,Pará,2014
5011,Santo Antônio do Tauá,0.08,1507003,Pará,2014
5012,Tasso Fragoso,0.0,2112001,Maranhão,2014
5013,Porto Rico do Maranhão,0.0,2109056,Maranhão,2014
5014,Silvanópolis,0.0,1720655,Tocantins,2014
5015,Sítio Novo do Tocantins,0.42,1720804,Tocantins,2014
5016,Santa Luzia do Pará,0.75,1506559,Pará,2014
5017,Raposa,0.08,2109452,Maranhão,2014
5018,Vila Rica,4.96,5108600,Mato Grosso,2014
5019,Olinda Nova do Maranhão,0.0,2107456,Maranhão,2014
5020,Presidente Vargas,0.1,2109304,Maranhão,2014
5021,Bacurituba,0.0,2101350,Maranhão,2014
5022,Gonçalves Dias,7.15,2104404,Maranhão,2014
5023,São José de Ribamar,0.32,2111201,Maranhão,2014
5024,Altamira do Maranhão,0.0,2100402,Maranhão,2014
5025,Garrafão do Norte,3.96,1503077,Pará,2014
5026,Fortuna,9.1,2104206,Maranhão,2014
5027,São Caetano de Odivelas,0.0,1507102,Pará,2014
5028,Machadinho D'Oeste,61.15,1100130,Rondônia,2014
5029,Bequimão,0.0,2101905,Maranhão,2014
5030,Rosário,1.21,2109601,Maranhão,2014
5031,Capitão Poço,1.21,1502301,Pará,2014
5032,Bujaru,0.08,1501907,Pará,2014
5033,Monte Negro,13.82,1101401,Rondônia,2014
5034,Rodrigues Alves,1.13,1200427,Acre,2014
5035,Terra Santa,3.9,1507979,Pará,2014
5036,Bacuri,0.0,2101301,Maranhão,2014
5037,Santa Rita,1.99,2110203,Maranhão,2014
5038,Capanema,0.28,1502202,Pará,2014
5039,Presidente Dutra,1.16,2109106,Maranhão,2014
5040,Santarém,11.21,1506807,Pará,2014
5041,Melgaço,1.56,1504505,Pará,2014
5042,Peixe-Boi,0.0,1505601,Pará,2014
5043,Passagem Franca,0.0,2107902,Maranhão,2014
5044,Juruena,6.17,5105176,Mato Grosso,2014
5045,Anajás,0.0,1500701,Pará,2014
5046,Buritis,56.83,1100452,Rondônia,2014
5047,Dom Eliseu,5.83,1502939,Pará,2014
5048,Senador José Porfírio,28.24,1507805,Pará,2014
5049,Vargem Grande,0.13,2112704,Maranhão,2014
5050,Rio da Conceição,0.0,1718659,Tocantins,2014
5051,Itapecuru Mirim,3.35,2105401,Maranhão,2014
5052,Loreto,0.0,2106102,Maranhão,2014
5053,Benedito Leite,0.0,2101806,Maranhão,2014
5054,Jacundá,1.96,1503804,Pará,2014
5055,Porto Walter,9.22,1200393,Acre,2014
5056,Abel Figueiredo,0.42,1500131,Pará,2014
5057,Açailândia,7.34,2100055,Maranhão,2014
5058,Itacoatiara,7.84,1301902,Amazonas,2014
5059,São Miguel do Tocantins,0.42,1720200,Tocantins,2014
5060,Bom Lugar,0.0,2102077,Maranhão,2014
5061,Marianópolis do Tocantins,1.77,1712504,Tocantins,2014
5062,Santa Inês,0.0,2109908,Maranhão,2014
5063,Codó,0.0,2103307,Maranhão,2014
5064,Carlinda,1.44,5102793,Mato Grosso,2014
5065,Pindorama do Tocantins,0.0,1717008,Tocantins,2014
5066,Alto Parnaíba,0.0,2100501,Maranhão,2014
5067,Feliz Natal,49.48,5103700,Mato Grosso,2014
5068,São Félix do Araguaia,22.36,5107859,Mato Grosso,2014
5069,Pequizeiro,0.13,1716653,Tocantins,2014
5070,Eldorado do Carajás,4.11,1502954,Pará,2014
5071,Rio Crespo,4.62,1100262,Rondônia,2014
5072,Brasiléia,33.42,1200104,Acre,2014
5073,Tangará da Serra,1.35,5107958,Mato Grosso,2014
5074,Fonte Boa,1.64,1301605,Amazonas,2014
5075,São Miguel do Guamá,0.22,1507607,Pará,2014
5076,Nova Ipixuna,2.16,1504976,Pará,2014
5077,Filadélfia,0.0,1707702,Tocantins,2014
5078,São Domingos do Azeitão,0.0,2110658,Maranhão,2014
5079,Beruri,2.5,1300631,Amazonas,2014
5080,Espigão D'Oeste,2.72,1100098,Rondônia,2014
5081,Uiramutã,1.11,1400704,Roraima,2014
5082,Esperantinópolis,0.0,2104008,Maranhão,2014
5083,Apiacás,11.97,5100805,Mato Grosso,2014
5084,Tupiratins,0.0,1721307,Tocantins,2014
5085,Itanhangá,19.38,5104542,Mato Grosso,2014
5086,Barreirinha,6.37,1300508,Amazonas,2014
5087,Nobres,8.75,5105903,Mato Grosso,2014
5088,São Luís,2.15,2111300,Maranhão,2014
5089,Tucuruí,3.53,1508100,Pará,2014
5090,Paranã,0.0,1716208,Tocantins,2014
5091,Imperatriz,0.51,2105302,Maranhão,2014
5092,Benevides,0.0,1501501,Pará,2014
5093,São João do Carú,0.67,2111029,Maranhão,2014
5094,Cariri do Tocantins,0.0,1703867,Tocantins,2014
5095,Óbidos,23.0,1505106,Pará,2014
5096,Cidelândia,1.98,2103257,Maranhão,2014
5097,Xapuri,18.32,1200708,Acre,2014
5098,Porto Acre,10.29,1200807,Acre,2014
5099,Lavandeira,0.0,1712157,Tocantins,2014
5100,Ponte Alta do Bom Jesus,0.0,1717800,Tocantins,2014
5101,São Roberto,0.0,2111672,Maranhão,2014
5102,Alto Alegre do Pindaré,0.06,2100477,Maranhão,2014
5103,Sena Madureira,52.36,1200500,Acre,2014
5104,Abreulândia,0.0,1700251,Tocantins,2014
5105,Governador Luiz Rocha,8.78,2104628,Maranhão,2014
5106,Pedreiras,0.0,2108207,Maranhão,2014
5107,Xinguara,2.21,1508407,Pará,2014
5108,Itapuã do Oeste,8.96,1101104,Rondônia,2014
5109,São Sebastião da Boa Vista,0.0,1507706,Pará,2014
5110,Presidente Médici,0.0,2109239,Maranhão,2014
5111,São Francisco do Guaporé,6.77,1101492,Rondônia,2014
5112,Fátima,0.0,1707553,Tocantins,2014
5113,Paraibano,0.0,2107704,Maranhão,2014
5114,Placas,53.36,1505650,Pará,2014
5115,Vale do Paraíso,1.53,1101807,Rondônia,2014
5116,Manoel Urbano,18.46,1200344,Acre,2014
5117,Novo Progresso,115.43,1505031,Pará,2014
5118,Montes Altos,1.11,2107001,Maranhão,2014
5119,Chapada de Areia,0.0,1704600,Tocantins,2014
5120,Vale do Anari,10.92,1101757,Rondônia,2014
5121,Governador Edison Lobão,0.19,2104552,Maranhão,2014
5122,Dueré,0.0,1707306,Tocantins,2014
5123,Alenquer,16.44,1500404,Pará,2014
5124,Mazagão,3.18,1600402,Amapá,2014
5125,Curionópolis,0.0,1502772,Pará,2014
5126,Tailândia,9.89,1507953,Pará,2014
5127,Arapoema,1.31,1702307,Tocantins,2014
5128,Rondolândia,5.07,5107578,Mato Grosso,2014
5129,Buriticupu,8.38,2102325,Maranhão,2014
5130,São Paulo de Olivença,0.65,1303908,Amazonas,2014
5131,Cantá,16.94,1400175,Roraima,2014
5132,Apicum-Açu,0.0,2100832,Maranhão,2014
5133,Anamã,0.55,1300086,Amazonas,2014
5134,Sucupira,0.0,1720853,Tocantins,2014
5135,Presidente Médici,0.71,1100254,Rondônia,2014
5136,Pacajá,78.51,1505486,Pará,2014
5137,Paranatinga,4.41,5106307,Mato Grosso,2014
5138,Pimenta Bueno,3.81,1100189,Rondônia,2014
5139,Paço do Lumiar,1.4,2107506,Maranhão,2014
5140,Aparecida do Rio Negro,0.0,1701101,Tocantins,2014
5141,Matinha,0.1,2106508,Maranhão,2014
5142,Ulianópolis,2.95,1508126,Pará,2014
5143,Itupiranga,48.57,1503705,Pará,2014
5144,Rio Preto da Eva,1.16,1303569,Amazonas,2014
5145,Santa Rita do Trivelato,0.51,5107768,Mato Grosso,2014
5146,São João do Araguaia,4.52,1507508,Pará,2014
5147,Água Azul do Norte,13.49,1500347,Pará,2014
5148,Barra do Corda,23.66,2101608,Maranhão,2014
5149,Urucurituba,0.86,1304401,Amazonas,2014
5150,Santo Afonso,2.03,5107263,Mato Grosso,2014
5151,Muaná,0.0,1504901,Pará,2014
5152,Davinópolis,1.01,2103752,Maranhão,2014
5153,Colméia,0.0,1716703,Tocantins,2014
5154,Novo Repartimento,77.78,1505064,Pará,2014
5155,Monte Santo do Tocantins,0.0,1713700,Tocantins,2014
5156,Grajaú,25.27,2104800,Maranhão,2014
5157,Alto Alegre dos Parecis,5.12,1100379,Rondônia,2014
5158,Portel,60.68,1505809,Pará,2014
5159,Itaúba,24.91,5104559,Mato Grosso,2014
5160,Parecis,4.05,1101450,Rondônia,2014
5161,Colorado do Oeste,0.59,1100064,Rondônia,2014
5162,Presidente Kennedy,0.55,1718402,Tocantins,2014
5163,Anapu,32.1,1500859,Pará,2014
5164,Juarina,0.0,1711803,Tocantins,2014
5165,Novo Horizonte do Norte,1.18,5106273,Mato Grosso,2014
5166,Tonantins,0.49,1304237,Amazonas,2014
5167,João Lisboa,0.71,2105500,Maranhão,2014
5168,Porto Velho,221.92,1100205,Rondônia,2014
5169,Nova Olinda,0.0,1714880,Tocantins,2014
5170,Confresa,23.76,5103353,Mato Grosso,2014
5171,Curuá,5.89,1502855,Pará,2014
5172,Itapiranga,0.81,1302009,Amazonas,2014
5173,São Luís Gonzaga do Maranhão,0.0,2111409,Maranhão,2014
5174,Novo Santo Antônio,3.9,5106315,Mato Grosso,2014
5175,Novo Horizonte do Oeste,0.41,1100502,Rondônia,2014
5176,São Raimundo das Mangabeiras,0.0,2111607,Maranhão,2014
5177,Cândido Mendes,2.09,2102606,Maranhão,2014
5178,Amarante do Maranhão,11.94,2100600,Maranhão,2014
5179,Plácido de Castro,7.39,1200385,Acre,2014
5180,Serrano do Maranhão,0.14,2111789,Maranhão,2014
5181,Irituia,0.07,1503507,Pará,2014
5182,Pauini,9.45,1303502,Amazonas,2014
5183,Oeiras do Pará,1.87,1505205,Pará,2014
5184,Acrelândia,18.9,1200013,Acre,2014
5185,Almeirim,23.48,1500503,Pará,2014
5186,Ribeirão Cascalheira,4.04,5107180,Mato Grosso,2014
5187,Esperantina,0.0,1707405,Tocantins,2014
5188,Feijó,37.31,1200302,Acre,2014
5189,Couto Magalhães,0.25,1706001,Tocantins,2014
5190,Igarapé-Miri,0.26,1503309,Pará,2014
5191,Rurópolis,34.87,1506195,Pará,2014
5192,Porto Franco,1.5,2109007,Maranhão,2014
5193,Sampaio,0.0,1718808,Tocantins,2014
5194,Belém,0.0,1501402,Pará,2014
5195,Vitória do Mearim,0.0,2112902,Maranhão,2014
5196,Tupirama,0.0,1721257,Tocantins,2014
5197,São Domingos do Capim,0.94,1507201,Pará,2014
5198,Trizidela do Vale,0.0,2112233,Maranhão,2014
5199,Porto Alegre do Tocantins,0.0,1718006,Tocantins,2014
5200,Goiatins,0.0,1709005,Tocantins,2014
5201,Chapada da Natividade,0.0,1705102,Tocantins,2014
5202,São Sebastião do Tocantins,0.0,1720309,Tocantins,2014
5203,Amapá do Maranhão,1.79,2100550,Maranhão,2014
5204,Taguatinga,0.0,1720903,Tocantins,2014
5205,São Vicente Ferrer,0.0,2111706,Maranhão,2014
5206,Tocantínia,0.0,1721109,Tocantins,2014
5207,Pinheiro,0.73,2108603,Maranhão,2014
5208,Cristalândia,0.0,1706100,Tocantins,2014
5209,Aguiarnópolis,0.2,1700301,Tocantins,2014
5210,Piraquê,0.61,1717206,Tocantins,2014
5211,Bonito,0.28,1501600,Pará,2014
5212,Fortaleza dos Nogueiras,0.0,2104107,Maranhão,2014
5213,Terra Alta,0.19,1507961,Pará,2014
5214,Lago da Pedra,0.0,2105708,Maranhão,2014
5215,Balsas,0.0,2101400,Maranhão,2014
5216,Ipixuna do Pará,6.36,1503457,Pará,2014
5217,Santo Antônio dos Lopes,0.0,2110302,Maranhão,2014
5218,Serra do Navio,0.43,1600055,Amapá,2014
5219,Pau D'Arco,0.38,1716307,Tocantins,2014
5220,Concórdia do Pará,0.28,1502756,Pará,2014
5221,Lima Campos,0.0,2106003,Maranhão,2014
5222,São João do Paraíso,0.3,2111052,Maranhão,2014
5223,Boa Vista do Gurupi,0.46,2101970,Maranhão,2014
5224,Ponte Alta do Tocantins,0.0,1717909,Tocantins,2014
5225,Nazaré,0.68,1714302,Tocantins,2014
5226,Aveiro,29.79,1501006,Pará,2014
5227,Nova União,1.53,1101435,Rondônia,2014
5228,Boca do Acre,72.57,1300706,Amazonas,2014
5229,Luciara,1.1,5105309,Mato Grosso,2014
5230,Xambioá,3.74,1722107,Tocantins,2014
5231,Barcelos,1.82,1300409,Amazonas,2014
5232,Guaraí,4.34,1709302,Tocantins,2014
5233,Codajás,3.08,1301308,Amazonas,2014
5234,Querência,15.4,5107065,Mato Grosso,2014
5235,São Luiz,3.89,1400605,Roraima,2014
5236,Careiro,0.53,1301100,Amazonas,2014
5237,Pium,0.0,1717503,Tocantins,2014
5238,Brasnorte,16.63,5101902,Mato Grosso,2014
5239,Paranaíta,39.48,5106299,Mato Grosso,2014
5240,Oriximiná,8.67,1505304,Pará,2014
5241,Amajari,11.32,1400027,Roraima,2014
5242,Baião,3.8,1501204,Pará,2014
5243,Pacaraima,0.41,1400456,Roraima,2014
5244,Tabocão,0.0,1708254,Tocantins,2014
5245,São Salvador do Tocantins,0.0,1720259,Tocantins,2014
5246,Ipueiras,0.0,1709807,Tocantins,2014
5247,Juruá,3.31,1302207,Amazonas,2014
5248,Santana,0.48,1600600,Amapá,2014
5249,Jutaí,2.58,1302306,Amazonas,2014
5250,Crixás do Tocantins,0.0,1706258,Tocantins,2014
5251,Angico,0.0,1701051,Tocantins,2014
5252,Palestina do Pará,1.75,1505494,Pará,2014
5253,Alto Boa Vista,1.04,5100359,Mato Grosso,2014
5254,Turiaçu,11.98,2112407,Maranhão,2014
5255,Wanderlândia,0.31,1722081,Tocantins,2014
5256,Viana,0.29,2112803,Maranhão,2014
5257,Pedro Afonso,2.27,1716505,Tocantins,2014
5258,Riachinho,0.45,1718550,Tocantins,2014
5259,São Valério,0.0,1720499,Tocantins,2014
5260,Cachoeira do Piriá,10.51,1501956,Pará,2014
5261,Castanhal,0.2,1502400,Pará,2014
5262,Rondon do Pará,22.42,1506187,Pará,2014
5263,Barra do Ouro,0.0,1703073,Tocantins,2014
5264,Tomé-Açu,7.65,1508001,Pará,2014
5265,Poção de Pedras,0.0,2108900,Maranhão,2014
5266,São Bento,0.0,2110500,Maranhão,2014
5267,Godofredo Viana,1.15,2104305,Maranhão,2014
5268,Presidente Juscelino,0.43,2109205,Maranhão,2014
5269,São Pedro dos Crentes,0.0,2111573,Maranhão,2014
5270,Buriti do Tocantins,0.16,1703800,Tocantins,2014
5271,Centro Novo do Maranhão,14.94,2103174,Maranhão,2014
5272,Careiro da Várzea,3.78,1301159,Amazonas,2014
5273,Buriti Bravo,2.47,2102309,Maranhão,2014
5274,Pedro do Rosário,0.0,2108256,Maranhão,2014
5275,Palmeirante,0.0,1715705,Tocantins,2014
5276,Palmeiras do Tocantins,0.0,1713809,Tocantins,2014
5277,Carrasco Bonito,0.0,1703891,Tocantins,2014
5278,Conceição do Lago-Açu,0.0,2103554,Maranhão,2014
5279,Vitorino Freire,0.0,2113009,Maranhão,2014
5280,São Domingos do Araguaia,2.45,1507151,Pará,2014
5281,Almas,0.0,1700400,Tocantins,2014
5282,Lajeado,0.0,1712009,Tocantins,2014
5283,Feira Nova do Maranhão,0.0,2104073,Maranhão,2014
5284,Icatu,0.21,2105104,Maranhão,2014
5285,Cururupu,0.0,2103703,Maranhão,2014
5286,Itacajá,0.0,1710508,Tocantins,2014
5287,Luís Domingues,0.68,2106201,Maranhão,2014
5288,Campos Lindos,0.0,1703842,Tocantins,2014
5289,Aurora do Pará,0.86,1500958,Pará,2014
5290,Peri Mirim,0.16,2108405,Maranhão,2014
5291,Capinzal do Norte,0.0,2102754,Maranhão,2014
5292,Cachoeirinha,0.37,1703826,Tocantins,2014
5293,Bela Vista do Maranhão,0.0,2101772,Maranhão,2014
5294,Carmolândia,0.07,1703883,Tocantins,2014
5295,Santa Rita do Tocantins,0.0,1718899,Tocantins,2014
5296,Ministro Andreazza,0.52,1101203,Rondônia,2014
5297,Ponta de Pedras,0.0,1505700,Pará,2014
5298,Chupinguaia,5.24,1100924,Rondônia,2014
5299,Castanheira,5.31,5102850,Mato Grosso,2014
5300,Manaquiri,0.07,1302553,Amazonas,2014
5301,Marcelândia,35.1,5105580,Mato Grosso,2014
5302,Formoso do Araguaia,0.91,1708205,Tocantins,2014
5303,São Felipe D'Oeste,0.12,1101484,Rondônia,2014
5304,Brejinho de Nazaré,0.0,1703701,Tocantins,2014
5305,Juara,27.93,5105101,Mato Grosso,2014
5306,Guarantã do Norte,7.35,5104104,Mato Grosso,2014
5307,Nova Marilândia,1.06,5108857,Mato Grosso,2014
5308,Bernardo do Mearim,0.0,2101939,Maranhão,2014
5309,Terra Nova do Norte,3.42,5108055,Mato Grosso,2014
5310,Indiavaí,0.0,5104500,Mato Grosso,2014
5311,Soure,0.0,1507904,Pará,2014
5312,Caapiranga,1.26,1300839,Amazonas,2014
5313,Marabá,38.35,1504208,Pará,2014
5314,Nova Brasilândia D'Oeste,2.01,1100148,Rondônia,2014
5315,Campo Novo do Parecis,0.52,5102637,Mato Grosso,2014
5316,Guajará-Mirim,10.27,1100106,Rondônia,2014
5317,Mojuí dos Campos,6.17,1504752,Pará,2014
5318,Benjamin Constant,0.3,1300607,Amazonas,2014
5319,Dois Irmãos do Tocantins,0.0,1707207,Tocantins,2014
5320,Jaru,1.24,1100114,Rondônia,2014
5321,Jordão,6.91,1200328,Acre,2014
5322,Mucajaí,47.77,1400308,Roraima,2014
5323,Normandia,0.0,1400407,Roraima,2014
5324,Juína,33.19,5105150,Mato Grosso,2014
5325,Corumbiara,1.74,1100072,Rondônia,2014
5326,Urupá,0.81,1101708,Rondônia,2014
5327,Trairão,43.85,1508050,Pará,2014
5328,Atalaia do Norte,0.39,1300201,Amazonas,2014
5329,Nhamundá,2.7,1303007,Amazonas,2014
5330,Barra do Garças,0.0,5101803,Mato Grosso,2014
5331,São Domingos do Maranhão,11.13,2110708,Maranhão,2014
5332,Bagre,0.25,1501105,Pará,2014
5333,São Bento do Tocantins,0.75,1720101,Tocantins,2014
5334,Juruti,12.86,1503903,Pará,2014
5335,Colniza,145.63,5103254,Mato Grosso,2014
5336,Quatipuru,0.0,1506112,Pará,2014
5337,Salinópolis,0.0,1506203,Pará,2014
5338,Babaçulândia,0.0,1703008,Tocantins,2014
5339,Zé Doca,4.84,2114007,Maranhão,2014
5340,Sapucaia,0.0,1507755,Pará,2014
5341,Colares,0.0,1502608,Pará,2014
5342,Araguatins,3.96,1702208,Tocantins,2014
5343,Pio XII,0.0,2108702,Maranhão,2014
5344,Novo Jardim,0.0,1715259,Tocantins,2014
5345,Marechal Thaumaturgo,8.86,1200351,Acre,2014
5346,Teixeirópolis,0.0,1101559,Rondônia,2014
5347,São Francisco do Pará,0.08,1507409,Pará,2014
5348,Paulo Ramos,0.0,2108108,Maranhão,2014
5349,Nova Colinas,0.0,2107258,Maranhão,2014
5350,Santa Maria do Tocantins,0.0,1718881,Tocantins,2014
5351,Arraias,0.0,1702406,Tocantins,2014
5352,Salvaterra,0.54,1506302,Pará,2014
5353,Manicoré,29.3,1302702,Amazonas,2014
5354,Santa Maria do Pará,0.09,1506609,Pará,2014
5355,Cajapió,0.0,2102408,Maranhão,2014
5356,Bom Jardim,3.73,2102002,Maranhão,2014
5357,Peixe,0.0,1716604,Tocantins,2014
5358,Governador Archer,0.93,2104503,Maranhão,2014
5359,Curralinho,0.18,1502806,Pará,2014
5360,Talismã,0.0,1720978,Tocantins,2014
5361,Timbiras,0.0,2112100,Maranhão,2014
5362,Igarapé-Açu,0.0,1503200,Pará,2014
5363,Lago Verde,0.0,2105906,Maranhão,2014
5364,Itamarati,3.2,1301951,Amazonas,2014
5365,Lábrea,132.54,1302405,Amazonas,2014
5366,Luzinópolis,0.0,1712454,Tocantins,2014
5367,Brasilândia do Tocantins,0.0,1703602,Tocantins,2014
5368,Axixá,0.15,2101103,Maranhão,2014
5369,Brejo de Areia,0.56,2102150,Maranhão,2014
5370,Marituba,0.0,1504422,Pará,2014
5371,Recursolândia,0.0,1718501,Tocantins,2014
5372,Praia Norte,1.03,1718303,Tocantins,2014
5373,Sítio Novo,0.1,2111805,Maranhão,2014
5374,Ouro Preto do Oeste,0.3,1100155,Rondônia,2014
5375,São Félix do Tocantins,0.0,1720150,Tocantins,2014
5376,Marapanim,0.28,1504406,Pará,2014
5377,Bacabeira,0.74,2101251,Maranhão,2014
5378,Santarém Novo,0.08,1506906,Pará,2014
5379,Mirador,0.0,2106706,Maranhão,2014
5380,Vila Nova dos Martírios,1.77,2112852,Maranhão,2014
5381,Riachão,0.0,2109502,Maranhão,2014
5382,Ourém,0.1,1505403,Pará,2014
5383,São José dos Basílios,1.52,2111250,Maranhão,2014
5384,Governador Nunes Freire,0.05,2104677,Maranhão,2014
5385,Calçoene,1.75,1600204,Amapá,2014
5386,Alto Araguaia,0.0,5100300,Mato Grosso,2014
5387,Mirinzal,0.0,2106805,Maranhão,2014
5388,Jenipapo dos Vieiras,3.06,2105476,Maranhão,2014
5389,Santa Izabel do Pará,0.15,1506500,Pará,2014
5390,Combinado,0.0,1705557,Tocantins,2014
5391,Envira,8.82,1301506,Amazonas,2014
5392,Graça Aranha,2.21,2104701,Maranhão,2014
5393,Tocantinópolis,0.0,1721208,Tocantins,2014
5394,Amaturá,0.0,1300060,Amazonas,2014
5395,Cacaulândia,2.5,1100601,Rondônia,2014
5396,São Félix de Balsas,0.0,2110807,Maranhão,2014
5397,Colinas,3.23,2103505,Maranhão,2014
5398,Buritirana,3.94,2102358,Maranhão,2014
5399,Ananindeua,0.0,1500800,Pará,2014
5400,Presidente Figueiredo,6.63,1303536,Amazonas,2014
5401,Abaetetuba,0.24,1500107,Pará,2014
5402,Pindaré-Mirim,0.0,2108504,Maranhão,2014
5403,Centenário,0.0,1704105,Tocantins,2014
5404,Santa Terezinha do Tocantins,0.0,1720002,Tocantins,2014
5405,Vigia,0.0,1508209,Pará,2014
5406,Campo Novo de Rondônia,17.37,1100700,Rondônia,2014
5407,Santa Cruz do Xingu,9.02,5107743,Mato Grosso,2014
5408,Lajeado Novo,0.14,2105989,Maranhão,2014
5409,Afuá,0.17,1500305,Pará,2014
5410,Ribamar Fiquene,0.18,2109551,Maranhão,2014
5411,Peixoto de Azevedo,37.47,5106422,Mato Grosso,2015
5412,Pau D'Arco,0.61,1505551,Pará,2015
5413,Mâncio Lima,2.29,1200336,Acre,2015
5414,Alto Alegre,6.91,1400050,Roraima,2015
5415,Pedra Preta,0.0,5106372,Mato Grosso,2015
5416,Itaituba,90.19,1503606,Pará,2015
5417,Redenção,0.19,1506138,Pará,2015
5418,Iracema,10.5,1400282,Roraima,2015
5419,Santo Antônio do Leverger,2.8,5107800,Mato Grosso,2015
5420,Porto Esperidião,3.88,5106828,Mato Grosso,2015
5421,Nova Brasilândia,0.14,5106208,Mato Grosso,2015
5422,Caracaraí,19.7,1400209,Roraima,2015
5423,Ponte Branca,0.0,5106703,Mato Grosso,2015
5424,Cuiabá,0.0,5103403,Mato Grosso,2015
5425,Tucumã,4.2,1508084,Pará,2015
5426,Alto Paraguai,0.25,5100508,Mato Grosso,2015
5427,São Pedro da Cipa,0.0,5107404,Mato Grosso,2015
5428,Porto Estrela,0.13,5106851,Mato Grosso,2015
5429,Porto de Moz,21.69,1505908,Pará,2015
5430,Denise,0.0,5103452,Mato Grosso,2015
5431,Cáceres,8.13,5102504,Mato Grosso,2015
5432,Tesouro,0.0,5108105,Mato Grosso,2015
5433,Araguaiana,0.07,5101001,Mato Grosso,2015
5434,Matupá,15.09,5105606,Mato Grosso,2015
5435,Conquista D'Oeste,0.55,5103361,Mato Grosso,2015
5436,Vale de São Domingos,0.84,5108352,Mato Grosso,2015
5437,Juscimeira,0.1,5105200,Mato Grosso,2015
5438,Nova Guarita,2.32,5108808,Mato Grosso,2015
5439,Bonfim,8.3,1400159,Roraima,2015
5440,Tapauá,0.49,1304104,Amazonas,2015
5441,Salto do Céu,0.1,5107750,Mato Grosso,2015
5442,Campo Verde,0.0,5102678,Mato Grosso,2015
5443,Eirunepé,0.15,1301407,Amazonas,2015
5444,Curvelândia,0.0,5103437,Mato Grosso,2015
5445,Acorizal,0.0,5100102,Mato Grosso,2015
5446,Várzea Grande,0.0,5108402,Mato Grosso,2015
5447,Rosário Oeste,0.21,5107701,Mato Grosso,2015
5448,Rio Branco,0.12,5107206,Mato Grosso,2015
5449,Santo Antônio do Leste,0.0,5107792,Mato Grosso,2015
5450,Chapada dos Guimarães,0.32,5103007,Mato Grosso,2015
5451,Novo São Joaquim,0.0,5106281,Mato Grosso,2015
5452,Glória D'Oeste,0.11,5103957,Mato Grosso,2015
5453,São José do Povo,0.0,5107297,Mato Grosso,2015
5454,Mirassol d'Oeste,0.54,5105622,Mato Grosso,2015
5455,Nova Bandeirantes,36.44,5106158,Mato Grosso,2015
5456,Poconé,0.0,5106505,Mato Grosso,2015
5457,Conceição do Araguaia,1.67,1502707,Pará,2015
5458,Barra do Bugres,4.52,5101704,Mato Grosso,2015
5459,Guiratinga,0.0,5104203,Mato Grosso,2015
5460,Dom Aquino,0.0,5103601,Mato Grosso,2015
5461,Lambari D'Oeste,2.12,5105234,Mato Grosso,2015
5462,São José dos Quatro Marcos,0.57,5107107,Mato Grosso,2015
5463,Poxoréu,1.09,5107008,Mato Grosso,2015
5464,Floresta do Araguaia,3.24,1503044,Pará,2015
5465,Barão de Melgaço,1.55,5101605,Mato Grosso,2015
5466,Araputanga,0.0,5101258,Mato Grosso,2015
5467,Nova Olímpia,0.16,5106232,Mato Grosso,2015
5468,Rondonópolis,0.95,5107602,Mato Grosso,2015
5469,Nova Xavantina,0.0,5106257,Mato Grosso,2015
5470,Pontal do Araguaia,0.0,5106653,Mato Grosso,2015
5471,Jangada,0.0,5104906,Mato Grosso,2015
5472,Amapá,0.31,1600105,Amapá,2015
5473,Guajará,4.46,1301654,Amazonas,2015
5474,Vila Bela da Santíssima Trindade,7.65,5105507,Mato Grosso,2015
5475,Araguainha,0.0,5101209,Mato Grosso,2015
5476,Capixaba,6.09,1200179,Acre,2015
5477,Jauru,0.59,5105002,Mato Grosso,2015
5478,Ribeirãozinho,0.0,5107198,Mato Grosso,2015
5479,Reserva do Cabaçal,4.19,5107156,Mato Grosso,2015
5480,Figueirópolis D'Oeste,0.08,5103809,Mato Grosso,2015
5481,Alto Garças,0.0,5100409,Mato Grosso,2015
5482,Nossa Senhora do Livramento,0.45,5106109,Mato Grosso,2015
5483,Jaciara,0.16,5104807,Mato Grosso,2015
5484,Manaus,1.8,1302603,Amazonas,2015
5485,Pontes e Lacerda,2.23,5106752,Mato Grosso,2015
5486,Ipixuna,4.26,1301803,Amazonas,2015
5487,Primavera do Leste,0.0,5107040,Mato Grosso,2015
5488,Maraã,0.08,1302801,Amazonas,2015
5489,Torixoréu,0.0,5108204,Mato Grosso,2015
5490,General Carneiro,0.0,5103908,Mato Grosso,2015
5491,Nova Rosalândia,0.0,1715002,Tocantins,2015
5492,São Gabriel da Cachoeira,0.53,1303809,Amazonas,2015
5493,Ipiranga do Norte,5.2,5104526,Mato Grosso,2015
5494,Araguaína,2.07,1702109,Tocantins,2015
5495,São Geraldo do Araguaia,0.67,1507458,Pará,2015
5496,Augusto Corrêa,0.19,1500909,Pará,2015
5497,Uarini,0.45,1304260,Amazonas,2015
5498,Vilhena,15.87,1100304,Rondônia,2015
5499,Nova Lacerda,12.62,5106182,Mato Grosso,2015
5500,Itaporã do Tocantins,0.31,1711100,Tocantins,2015
5501,Lucas do Rio Verde,7.03,5105259,Mato Grosso,2015
5502,Nova Maringá,40.99,5108907,Mato Grosso,2015
5503,Goianésia do Pará,24.64,1503093,Pará,2015
5504,Bujari,9.36,1200138,Acre,2015
5505,Rio Maria,4.84,1506161,Pará,2015
5506,Divinópolis do Tocantins,0.0,1707108,Tocantins,2015
5507,Jacareacanga,31.41,1503754,Pará,2015
5508,Barrolândia,0.0,1703107,Tocantins,2015
5509,Diamantino,5.54,5103502,Mato Grosso,2015
5510,Santa Fé do Araguaia,0.11,1718865,Tocantins,2015
5511,Santa Carmem,7.74,5107248,Mato Grosso,2015
5512,Bannach,22.56,1501253,Pará,2015
5513,Canabrava do Norte,2.42,5102694,Mato Grosso,2015
5514,Pedra Branca do Amapari,1.13,1600154,Amapá,2015
5515,Oliveira de Fátima,0.0,1715507,Tocantins,2015
5516,Caseara,3.53,1703909,Tocantins,2015
5517,Santa Cruz do Arari,0.0,1506401,Pará,2015
5518,Tapurah,18.5,5108006,Mato Grosso,2015
5519,Parauapebas,1.79,1505536,Pará,2015
5520,Limoeiro do Ajuru,0.0,1504000,Pará,2015
5521,Theobroma,4.44,1101609,Rondônia,2015
5522,São Félix do Xingu,199.4,1507300,Pará,2015
5523,Comodoro,33.39,5103304,Mato Grosso,2015
5524,Goianorte,0.29,1708304,Tocantins,2015
5525,Governador Jorge Teixeira,3.6,1101005,Rondônia,2015
5526,Tabaporã,10.93,5107941,Mato Grosso,2015
5527,Epitaciolândia,9.71,1200252,Acre,2015
5528,Vera,7.18,5108501,Mato Grosso,2015
5529,Novo Mundo,22.41,5106265,Mato Grosso,2015
5530,Bernardo Sayão,0.0,1703206,Tocantins,2015
5531,Rolim de Moura,0.29,1100288,Rondônia,2015
5532,Seringueiras,6.87,1101500,Rondônia,2015
5533,Autazes,23.2,1300300,Amazonas,2015
5534,Ferreira Gomes,3.58,1600238,Amapá,2015
5535,Palmas,0.0,1721000,Tocantins,2015
5536,São Francisco do Brejão,0.88,2110856,Maranhão,2015
5537,Sambaíba,0.0,2109700,Maranhão,2015
5538,Novo Alegre,0.0,1715150,Tocantins,2015
5539,Santa Luzia D'Oeste,0.62,1100296,Rondônia,2015
5540,Tartarugalzinho,2.89,1600709,Amapá,2015
5541,Arenápolis,0.07,5101308,Mato Grosso,2015
5542,Gurupi,0.0,1709500,Tocantins,2015
5543,Lagoa da Confusão,7.29,1711902,Tocantins,2015
5544,Boa Vista,0.1,1400100,Roraima,2015
5545,Gurupá,0.24,1503101,Pará,2015
5546,São Pedro da Água Branca,0.0,2111532,Maranhão,2015
5547,Jaú do Tocantins,0.0,1711506,Tocantins,2015
5548,Araguaçu,0.0,1702000,Tocantins,2015
5549,Sandolândia,0.0,1718840,Tocantins,2015
5550,Altamira,308.2,1500602,Pará,2015
5551,Aliança do Tocantins,0.0,1700350,Tocantins,2015
5552,São Sebastião do Uatumã,1.73,1303957,Amazonas,2015
5553,Porto dos Gaúchos,31.81,5106802,Mato Grosso,2015
5554,Sapezal,0.24,5107875,Mato Grosso,2015
5555,Bragança,0.51,1501709,Pará,2015
5556,Nova Santa Helena,1.85,5106190,Mato Grosso,2015
5557,Alto Paraíso,23.5,1100403,Rondônia,2015
5558,Araguanã,0.0,1702158,Tocantins,2015
5559,São José do Rio Claro,22.62,5107305,Mato Grosso,2015
5560,Pimenteiras do Oeste,4.44,1101468,Rondônia,2015
5561,Mocajuba,0.0,1504604,Pará,2015
5562,Iranduba,3.67,1301852,Amazonas,2015
5563,Urucará,0.39,1304302,Amazonas,2015
5564,Santa Isabel do Rio Negro,0.5,1303601,Amazonas,2015
5565,Senador Guiomard,4.89,1200450,Acre,2015
5566,Figueirópolis,0.0,1707652,Tocantins,2015
5567,Coari,0.72,1301209,Amazonas,2015
5568,Carauari,0.35,1301001,Amazonas,2015
5569,Nova Mutum,13.66,5106224,Mato Grosso,2015
5570,Nova Nazaré,0.14,5106174,Mato Grosso,2015
5571,Brasil Novo,10.76,1501725,Pará,2015
5572,Apuí,107.01,1300144,Amazonas,2015
5573,Santa Terezinha,7.3,5107776,Mato Grosso,2015
5574,Campinápolis,0.0,5102603,Mato Grosso,2015
5575,Nova Mamoré,146.93,1100338,Rondônia,2015
5576,Castanheiras,1.54,1100908,Rondônia,2015
5577,União do Sul,38.57,5108303,Mato Grosso,2015
5578,Alvorada,0.0,1700707,Tocantins,2015
5579,Caroebe,20.36,1400233,Roraima,2015
5580,Coroatá,0.73,2103604,Maranhão,2015
5581,Pastos Bons,0.0,2108009,Maranhão,2015
5582,Lago do Junco,0.0,2105807,Maranhão,2015
5583,Matões do Norte,1.8,2106631,Maranhão,2015
5584,Cantanhede,0.35,2102705,Maranhão,2015
5585,Arame,6.9,2100956,Maranhão,2015
5586,Conceição do Tocantins,0.0,1705607,Tocantins,2015
5587,Tufilândia,0.0,2112274,Maranhão,2015
5588,Governador Newton Bello,0.08,2104651,Maranhão,2015
5589,Maranhãozinho,0.0,2106375,Maranhão,2015
5590,Igarapé Grande,0.0,2105203,Maranhão,2015
5591,Monção,0.22,2106904,Maranhão,2015
5592,Peritoró,1.25,2108454,Maranhão,2015
5593,Sucupira do Norte,0.0,2111904,Maranhão,2015
5594,Formosa da Serra Negra,0.0,2104099,Maranhão,2015
5595,Nova Iorque,0.0,2107308,Maranhão,2015
5596,Santa Filomena do Maranhão,0.87,2109759,Maranhão,2015
5597,Carutapera,1.73,2102903,Maranhão,2015
5598,Rio Branco,30.27,1200401,Acre,2015
5599,Satubinha,0.0,2111722,Maranhão,2015
5600,Cujubim,64.98,1100940,Rondônia,2015
5601,Fernando Falcão,0.5,2104081,Maranhão,2015
5602,Pirapemas,0.58,2108801,Maranhão,2015
5603,Centro do Guilherme,0.52,2103158,Maranhão,2015
5604,Oiapoque,1.27,1600501,Amapá,2015
5605,Darcinópolis,0.0,1706506,Tocantins,2015
5606,Alcântara,0.0,2100204,Maranhão,2015
5607,Arari,0.4,2101004,Maranhão,2015
5608,Cumaru do Norte,40.65,1502764,Pará,2015
5609,Miranda do Norte,0.26,2106755,Maranhão,2015
5610,Penalva,0.25,2108306,Maranhão,2015
5611,Brejo Grande do Araguaia,1.21,1501758,Pará,2015
5612,Medicilândia,17.95,1504455,Pará,2015
5613,Nova Timboteua,0.27,1505007,Pará,2015
5614,Central do Maranhão,0.0,2103125,Maranhão,2015
5615,Alto Alegre do Maranhão,0.0,2100436,Maranhão,2015
5616,Maurilândia do Tocantins,0.07,1712801,Tocantins,2015
5617,Paragominas,24.02,1505502,Pará,2015
5618,Morros,0.0,2107100,Maranhão,2015
5619,Itinga do Maranhão,6.61,2105427,Maranhão,2015
5620,Santa Helena,0.1,2109809,Maranhão,2015
5621,São João da Ponta,0.58,1507466,Pará,2015
5622,Cedral,0.0,2103109,Maranhão,2015
5623,São João Batista,0.0,2111003,Maranhão,2015
5624,São Raimundo do Doca Bezerra,0.0,2111631,Maranhão,2015
5625,Turilândia,0.0,2112456,Maranhão,2015
5626,São João de Pirabas,3.23,1507474,Pará,2015
5627,Lago dos Rodrigues,0.0,2105948,Maranhão,2015
5628,Lagoa do Tocantins,0.0,1711951,Tocantins,2015
5629,Dianópolis,0.0,1707009,Tocantins,2015
5630,Novo Acordo,0.0,1715101,Tocantins,2015
5631,Maracanã,0.64,1504307,Pará,2015
5632,Axixá do Tocantins,0.07,1702901,Tocantins,2015
5633,Cachoeira Grande,0.0,2102374,Maranhão,2015
5634,Anajatuba,0.0,2100709,Maranhão,2015
5635,Aurora do Tocantins,0.0,1702703,Tocantins,2015
5636,Itiquira,0.0,5104609,Mato Grosso,2015
5637,Mateiros,0.0,1712702,Tocantins,2015
5638,Natividade,0.0,1714203,Tocantins,2015
5639,Joselândia,1.83,2105609,Maranhão,2015
5640,Bom Jesus do Tocantins,0.56,1703305,Tocantins,2015
5641,Estreito,0.1,2104057,Maranhão,2015
5642,Lizarda,0.0,1712405,Tocantins,2015
5643,Ariquemes,10.18,1100023,Rondônia,2015
5644,Olho d'Água das Cunhãs,0.0,2107407,Maranhão,2015
5645,Cajari,0.19,2102507,Maranhão,2015
5646,Bom Jesus do Tocantins,5.45,1501576,Pará,2015
5647,Chaves,0.75,1502509,Pará,2015
5648,Governador Eugênio Barros,4.27,2104602,Maranhão,2015
5649,Barcarena,0.34,1501303,Pará,2015
5650,São João da Baliza,3.5,1400506,Roraima,2015
5651,Miracema do Tocantins,0.0,1713205,Tocantins,2015
5652,Rio dos Bois,0.0,1718709,Tocantins,2015
5653,Itaubal,0.0,1600253,Amapá,2015
5654,Tefé,2.25,1304203,Amazonas,2015
5655,Cláudia,20.8,5103056,Mato Grosso,2015
5656,Nortelândia,0.7,5106000,Mato Grosso,2015
5657,Anori,0.54,1300102,Amazonas,2015
5658,Água Boa,0.92,5100201,Mato Grosso,2015
5659,Miranorte,0.0,1713304,Tocantins,2015
5660,Rorainópolis,23.26,1400472,Roraima,2015
5661,Cocalinho,7.07,5103106,Mato Grosso,2015
5662,Costa Marques,24.02,1100080,Rondônia,2015
5663,Macapá,3.09,1600303,Amapá,2015
5664,Mirante da Serra,2.72,1101302,Rondônia,2015
5665,Monte Alegre,10.96,1504802,Pará,2015
5666,Santa Rosa do Purus,2.24,1200435,Acre,2015
5667,Palmeirópolis,0.0,1715754,Tocantins,2015
5668,Canaã dos Carajás,2.67,1502152,Pará,2015
5669,Guimarães,0.0,2104909,Maranhão,2015
5670,Belterra,11.02,1501451,Pará,2015
5671,Itapiratins,0.0,1710904,Tocantins,2015
5672,Araguanã,0.0,2100873,Maranhão,2015
5673,Viseu,4.11,1508308,Pará,2015
5674,Uruará,52.98,1508159,Pará,2015
5675,Junco do Maranhão,0.09,2105658,Maranhão,2015
5676,Novo Aripuanã,53.2,1303304,Amazonas,2015
5677,Cotriguaçu,58.2,5103379,Mato Grosso,2015
5678,Jatobá,1.76,2105450,Maranhão,2015
5679,Rio Sono,0.0,1718758,Tocantins,2015
5680,Tracuateua,0.26,1508035,Pará,2015
5681,Breu Branco,16.03,1501782,Pará,2015
5682,Santa Tereza do Tocantins,0.0,1719004,Tocantins,2015
5683,Maracaçumé,0.61,2106326,Maranhão,2015
5684,Parintins,3.17,1303403,Amazonas,2015
5685,Porto Grande,0.63,1600535,Amapá,2015
5686,Aragominas,1.75,1701309,Tocantins,2015
5687,Pugmil,0.0,1718451,Tocantins,2015
5688,Araguacema,4.5,1701903,Tocantins,2015
5689,Novo Airão,0.58,1303205,Amazonas,2015
5690,Breves,0.91,1501808,Pará,2015
5691,Acará,7.01,1500206,Pará,2015
5692,Augustinópolis,0.31,1702554,Tocantins,2015
5693,Canutama,14.19,1300904,Amazonas,2015
5694,Serra Nova Dourada,3.93,5107883,Mato Grosso,2015
5695,Humaitá,9.11,1301704,Amazonas,2015
5696,Borba,4.06,1300805,Amazonas,2015
5697,Ourilândia do Norte,5.42,1505437,Pará,2015
5698,Cerejeiras,2.93,1100056,Rondônia,2015
5699,Mãe do Rio,0.16,1504059,Pará,2015
5700,Bom Jesus das Selvas,13.57,2102036,Maranhão,2015
5701,São João do Soter,0.0,2111078,Maranhão,2015
5702,Magalhães Barata,0.28,1504109,Pará,2015
5703,Senador Alexandre Costa,0.76,2111748,Maranhão,2015
5704,São Mateus do Maranhão,0.25,2111508,Maranhão,2015
5705,Marajá do Sena,0.42,2106359,Maranhão,2015
5706,Igarapé do Meio,0.0,2105153,Maranhão,2015
5707,Santa Rosa do Tocantins,0.0,1718907,Tocantins,2015
5708,Manacapuru,7.97,1302504,Amazonas,2015
5709,Alvarães,0.61,1300029,Amazonas,2015
5710,Cabixi,7.19,1100031,Rondônia,2015
5711,Candeias do Jamari,47.63,1100809,Rondônia,2015
5712,Nova Canaã do Norte,19.12,5106216,Mato Grosso,2015
5713,Moju,25.54,1504703,Pará,2015
5714,Maués,10.0,1302900,Amazonas,2015
5715,São Miguel do Guaporé,4.85,1100320,Rondônia,2015
5716,Santa Maria das Barreiras,13.15,1506583,Pará,2015
5717,Silves,0.71,1304005,Amazonas,2015
5718,Bandeirantes do Tocantins,0.0,1703057,Tocantins,2015
5719,Porto Alegre do Norte,3.88,5106778,Mato Grosso,2015
5720,Gaúcha do Norte,10.75,5103858,Mato Grosso,2015
5721,Nova Monte Verde,6.26,5108956,Mato Grosso,2015
5722,Cametá,0.29,1502103,Pará,2015
5723,Tarauacá,3.82,1200609,Acre,2015
5724,São José do Xingu,12.0,5107354,Mato Grosso,2015
5725,Nova Olinda do Norte,5.56,1303106,Amazonas,2015
5726,Pracuúba,0.86,1600550,Amapá,2015
5727,Bom Jesus do Araguaia,18.81,5101852,Mato Grosso,2015
5728,Santo Antônio do Içá,0.07,1303700,Amazonas,2015
5729,Tabatinga,0.24,1304062,Amazonas,2015
5730,Vitória do Xingu,47.68,1508357,Pará,2015
5731,Campos de Júlio,0.13,5102686,Mato Grosso,2015
5732,Aripuanã,52.09,5101407,Mato Grosso,2015
5733,Alvorada D'Oeste,1.55,1100346,Rondônia,2015
5734,Nova Ubiratã,28.11,5106240,Mato Grosso,2015
5735,Cruzeiro do Sul,3.43,1200203,Acre,2015
5736,Alta Floresta,8.97,5100250,Mato Grosso,2015
5737,Faro,3.21,1503002,Pará,2015
5738,Canarana,1.53,5102702,Mato Grosso,2015
5739,Cachoeira do Arari,0.0,1502004,Pará,2015
5740,Paraíso do Tocantins,0.0,1716109,Tocantins,2015
5741,Primavera de Rondônia,0.22,1101476,Rondônia,2015
5742,Cutias,0.49,1600212,Amapá,2015
5743,Cacoal,2.32,1100049,Rondônia,2015
5744,Piçarra,3.09,1505635,Pará,2015
5745,Vitória do Jari,0.39,1600808,Amapá,2015
5746,Porto Nacional,0.0,1718204,Tocantins,2015
5747,Assis Brasil,5.94,1200054,Acre,2015
5748,Planalto da Serra,0.31,5106455,Mato Grosso,2015
5749,Colinas do Tocantins,0.0,1705508,Tocantins,2015
5750,Colíder,11.29,5103205,Mato Grosso,2015
5751,Sinop,5.2,5107909,Mato Grosso,2015
5752,Muricilândia,4.34,1713957,Tocantins,2015
5753,Alta Floresta D'Oeste,5.06,1100015,Rondônia,2015
5754,Sorriso,0.75,5107925,Mato Grosso,2015
5755,Inhangapi,0.0,1503408,Pará,2015
5756,Bacabal,0.0,2101202,Maranhão,2015
5757,Primavera,0.49,1506104,Pará,2015
5758,Presidente Sarney,0.0,2109270,Maranhão,2015
5759,Lagoa Grande do Maranhão,0.38,2105963,Maranhão,2015
5760,Campestre do Maranhão,1.0,2102556,Maranhão,2015
5761,Dom Pedro,0.71,2103802,Maranhão,2015
5762,Itaguatins,1.03,1710706,Tocantins,2015
5763,Nova Olinda do Maranhão,3.88,2107357,Maranhão,2015
5764,Ananás,1.98,1701002,Tocantins,2015
5765,Santa Luzia do Paruá,0.0,2110039,Maranhão,2015
5766,Palmeirândia,0.0,2107605,Maranhão,2015
5767,Nova Esperança do Piriá,2.73,1504950,Pará,2015
5768,Alto Taquari,0.0,5100607,Mato Grosso,2015
5769,Ji-Paraná,1.29,1100122,Rondônia,2015
5770,Boa Vista do Ramos,0.54,1300680,Amazonas,2015
5771,Carolina,0.0,2102804,Maranhão,2015
5772,Japurá,0.0,1302108,Amazonas,2015
5773,Santa Bárbara do Pará,0.11,1506351,Pará,2015
5774,Monte do Carmo,0.0,1713601,Tocantins,2015
5775,Prainha,55.13,1506005,Pará,2015
5776,Tuntum,8.89,2112308,Maranhão,2015
5777,Curuçá,0.24,1502905,Pará,2015
5778,Taipas do Tocantins,0.0,1720937,Tocantins,2015
5779,Itaipava do Grajaú,0.39,2105351,Maranhão,2015
5780,Laranjal do Jari,1.52,1600279,Amapá,2015
5781,Senador La Rocque,1.29,2111763,Maranhão,2015
5782,Santa Luzia,1.32,2110005,Maranhão,2015
5783,Santana do Araguaia,16.56,1506708,Pará,2015
5784,Santo Antônio do Tauá,0.22,1507003,Pará,2015
5785,Tasso Fragoso,0.0,2112001,Maranhão,2015
5786,Porto Rico do Maranhão,0.0,2109056,Maranhão,2015
5787,Silvanópolis,0.0,1720655,Tocantins,2015
5788,Sítio Novo do Tocantins,0.07,1720804,Tocantins,2015
5789,Santa Luzia do Pará,0.0,1506559,Pará,2015
5790,Raposa,0.0,2109452,Maranhão,2015
5791,Vila Rica,6.34,5108600,Mato Grosso,2015
5792,Olinda Nova do Maranhão,0.0,2107456,Maranhão,2015
5793,Presidente Vargas,0.27,2109304,Maranhão,2015
5794,Bacurituba,0.0,2101350,Maranhão,2015
5795,Gonçalves Dias,8.35,2104404,Maranhão,2015
5796,São José de Ribamar,0.14,2111201,Maranhão,2015
5797,Altamira do Maranhão,0.0,2100402,Maranhão,2015
5798,Garrafão do Norte,1.26,1503077,Pará,2015
5799,Fortuna,2.62,2104206,Maranhão,2015
5800,São Caetano de Odivelas,0.23,1507102,Pará,2015
5801,Machadinho D'Oeste,97.23,1100130,Rondônia,2015
5802,Bequimão,0.0,2101905,Maranhão,2015
5803,Rosário,0.9,2109601,Maranhão,2015
5804,Capitão Poço,1.21,1502301,Pará,2015
5805,Bujaru,1.11,1501907,Pará,2015
5806,Monte Negro,13.87,1101401,Rondônia,2015
5807,Rodrigues Alves,2.36,1200427,Acre,2015
5808,Terra Santa,4.55,1507979,Pará,2015
5809,Bacuri,0.0,2101301,Maranhão,2015
5810,Santa Rita,2.13,2110203,Maranhão,2015
5811,Capanema,1.29,1502202,Pará,2015
5812,Presidente Dutra,2.2,2109106,Maranhão,2015
5813,Santarém,22.17,1506807,Pará,2015
5814,Melgaço,0.26,1504505,Pará,2015
5815,Peixe-Boi,1.62,1505601,Pará,2015
5816,Passagem Franca,0.0,2107902,Maranhão,2015
5817,Juruena,7.1,5105176,Mato Grosso,2015
5818,Anajás,0.11,1500701,Pará,2015
5819,Buritis,54.36,1100452,Rondônia,2015
5820,Dom Eliseu,6.85,1502939,Pará,2015
5821,Senador José Porfírio,58.62,1507805,Pará,2015
5822,Vargem Grande,0.0,2112704,Maranhão,2015
5823,Rio da Conceição,0.0,1718659,Tocantins,2015
5824,Itapecuru Mirim,1.11,2105401,Maranhão,2015
5825,Loreto,0.0,2106102,Maranhão,2015
5826,Benedito Leite,0.0,2101806,Maranhão,2015
5827,Jacundá,3.29,1503804,Pará,2015
5828,Porto Walter,1.48,1200393,Acre,2015
5829,Abel Figueiredo,0.16,1500131,Pará,2015
5830,Açailândia,8.0,2100055,Maranhão,2015
5831,Itacoatiara,5.95,1301902,Amazonas,2015
5832,São Miguel do Tocantins,0.75,1720200,Tocantins,2015
5833,Bom Lugar,0.0,2102077,Maranhão,2015
5834,Marianópolis do Tocantins,8.76,1712504,Tocantins,2015
5835,Santa Inês,0.0,2109908,Maranhão,2015
5836,Codó,1.36,2103307,Maranhão,2015
5837,Carlinda,2.43,5102793,Mato Grosso,2015
5838,Pindorama do Tocantins,0.0,1717008,Tocantins,2015
5839,Alto Parnaíba,0.0,2100501,Maranhão,2015
5840,Feliz Natal,84.07,5103700,Mato Grosso,2015
5841,São Félix do Araguaia,20.66,5107859,Mato Grosso,2015
5842,Pequizeiro,0.0,1716653,Tocantins,2015
5843,Eldorado do Carajás,4.53,1502954,Pará,2015
5844,Rio Crespo,8.59,1100262,Rondônia,2015
5845,Brasiléia,22.06,1200104,Acre,2015
5846,Tangará da Serra,0.75,5107958,Mato Grosso,2015
5847,Fonte Boa,0.72,1301605,Amazonas,2015
5848,São Miguel do Guamá,1.53,1507607,Pará,2015
5849,Nova Ipixuna,3.67,1504976,Pará,2015
5850,Filadélfia,0.0,1707702,Tocantins,2015
5851,São Domingos do Azeitão,0.0,2110658,Maranhão,2015
5852,Beruri,2.42,1300631,Amazonas,2015
5853,Espigão D'Oeste,1.48,1100098,Rondônia,2015
5854,Uiramutã,0.09,1400704,Roraima,2015
5855,Esperantinópolis,0.0,2104008,Maranhão,2015
5856,Apiacás,16.43,5100805,Mato Grosso,2015
5857,Tupiratins,0.0,1721307,Tocantins,2015
5858,Itanhangá,32.89,5104542,Mato Grosso,2015
5859,Barreirinha,5.78,1300508,Amazonas,2015
5860,Nobres,0.1,5105903,Mato Grosso,2015
5861,São Luís,1.12,2111300,Maranhão,2015
5862,Tucuruí,23.22,1508100,Pará,2015
5863,Paranã,0.0,1716208,Tocantins,2015
5864,Imperatriz,0.3,2105302,Maranhão,2015
5865,Benevides,0.11,1501501,Pará,2015
5866,São João do Carú,0.0,2111029,Maranhão,2015
5867,Cariri do Tocantins,0.0,1703867,Tocantins,2015
5868,Óbidos,13.21,1505106,Pará,2015
5869,Cidelândia,1.57,2103257,Maranhão,2015
5870,Xapuri,17.6,1200708,Acre,2015
5871,Porto Acre,7.95,1200807,Acre,2015
5872,Lavandeira,0.0,1712157,Tocantins,2015
5873,Ponte Alta do Bom Jesus,0.0,1717800,Tocantins,2015
5874,São Roberto,0.0,2111672,Maranhão,2015
5875,Alto Alegre do Pindaré,0.2,2100477,Maranhão,2015
5876,Sena Madureira,42.24,1200500,Acre,2015
5877,Abreulândia,0.07,1700251,Tocantins,2015
5878,Governador Luiz Rocha,3.64,2104628,Maranhão,2015
5879,Pedreiras,0.0,2108207,Maranhão,2015
5880,Xinguara,1.12,1508407,Pará,2015
5881,Itapuã do Oeste,8.85,1101104,Rondônia,2015
5882,São Sebastião da Boa Vista,0.0,1507706,Pará,2015
5883,Presidente Médici,0.0,2109239,Maranhão,2015
5884,São Francisco do Guaporé,10.46,1101492,Rondônia,2015
5885,Fátima,0.0,1707553,Tocantins,2015
5886,Paraibano,0.0,2107704,Maranhão,2015
5887,Placas,88.86,1505650,Pará,2015
5888,Vale do Paraíso,1.18,1101807,Rondônia,2015
5889,Manoel Urbano,19.17,1200344,Acre,2015
5890,Novo Progresso,169.63,1505031,Pará,2015
5891,Montes Altos,0.31,2107001,Maranhão,2015
5892,Chapada de Areia,0.0,1704600,Tocantins,2015
5893,Vale do Anari,14.17,1101757,Rondônia,2015
5894,Governador Edison Lobão,0.0,2104552,Maranhão,2015
5895,Dueré,0.63,1707306,Tocantins,2015
5896,Alenquer,15.13,1500404,Pará,2015
5897,Mazagão,1.94,1600402,Amapá,2015
5898,Curionópolis,0.46,1502772,Pará,2015
5899,Tailândia,6.7,1507953,Pará,2015
5900,Arapoema,0.0,1702307,Tocantins,2015
5901,Rondolândia,2.35,5107578,Mato Grosso,2015
5902,Buriticupu,6.53,2102325,Maranhão,2015
5903,São Paulo de Olivença,0.37,1303908,Amazonas,2015
5904,Cantá,24.15,1400175,Roraima,2015
5905,Apicum-Açu,0.0,2100832,Maranhão,2015
5906,Anamã,1.01,1300086,Amazonas,2015
5907,Sucupira,0.0,1720853,Tocantins,2015
5908,Presidente Médici,0.31,1100254,Rondônia,2015
5909,Pacajá,165.64,1505486,Pará,2015
5910,Paranatinga,19.63,5106307,Mato Grosso,2015
5911,Pimenta Bueno,6.58,1100189,Rondônia,2015
5912,Paço do Lumiar,0.99,2107506,Maranhão,2015
5913,Aparecida do Rio Negro,0.0,1701101,Tocantins,2015
5914,Matinha,0.0,2106508,Maranhão,2015
5915,Ulianópolis,22.48,1508126,Pará,2015
5916,Itupiranga,27.79,1503705,Pará,2015
5917,Rio Preto da Eva,1.65,1303569,Amazonas,2015
5918,Santa Rita do Trivelato,0.42,5107768,Mato Grosso,2015
5919,São João do Araguaia,4.93,1507508,Pará,2015
5920,Água Azul do Norte,9.55,1500347,Pará,2015
5921,Barra do Corda,9.51,2101608,Maranhão,2015
5922,Urucurituba,0.15,1304401,Amazonas,2015
5923,Santo Afonso,4.2,5107263,Mato Grosso,2015
5924,Muaná,0.0,1504901,Pará,2015
5925,Davinópolis,0.59,2103752,Maranhão,2015
5926,Colméia,0.0,1716703,Tocantins,2015
5927,Novo Repartimento,73.56,1505064,Pará,2015
5928,Monte Santo do Tocantins,0.0,1713700,Tocantins,2015
5929,Grajaú,12.53,2104800,Maranhão,2015
5930,Alto Alegre dos Parecis,3.65,1100379,Rondônia,2015
5931,Portel,109.67,1505809,Pará,2015
5932,Itaúba,65.14,5104559,Mato Grosso,2015
5933,Parecis,5.49,1101450,Rondônia,2015
5934,Colorado do Oeste,5.63,1100064,Rondônia,2015
5935,Presidente Kennedy,0.16,1718402,Tocantins,2015
5936,Anapu,95.11,1500859,Pará,2015
5937,Juarina,0.0,1711803,Tocantins,2015
5938,Novo Horizonte do Norte,0.42,5106273,Mato Grosso,2015
5939,Tonantins,0.0,1304237,Amazonas,2015
5940,João Lisboa,0.85,2105500,Maranhão,2015
5941,Porto Velho,285.3,1100205,Rondônia,2015
5942,Nova Olinda,0.0,1714880,Tocantins,2015
5943,Confresa,20.88,5103353,Mato Grosso,2015
5944,Curuá,3.79,1502855,Pará,2015
5945,Itapiranga,0.82,1302009,Amazonas,2015
5946,São Luís Gonzaga do Maranhão,0.0,2111409,Maranhão,2015
5947,Novo Santo Antônio,6.5,5106315,Mato Grosso,2015
5948,Novo Horizonte do Oeste,0.9,1100502,Rondônia,2015
5949,São Raimundo das Mangabeiras,0.0,2111607,Maranhão,2015
5950,Cândido Mendes,2.75,2102606,Maranhão,2015
5951,Amarante do Maranhão,8.74,2100600,Maranhão,2015
5952,Plácido de Castro,5.15,1200385,Acre,2015
5953,Serrano do Maranhão,0.07,2111789,Maranhão,2015
5954,Irituia,1.88,1503507,Pará,2015
5955,Pauini,6.47,1303502,Amazonas,2015
5956,Oeiras do Pará,1.93,1505205,Pará,2015
5957,Acrelândia,14.76,1200013,Acre,2015
5958,Almeirim,12.14,1500503,Pará,2015
5959,Ribeirão Cascalheira,12.86,5107180,Mato Grosso,2015
5960,Esperantina,0.0,1707405,Tocantins,2015
5961,Feijó,10.62,1200302,Acre,2015
5962,Couto Magalhães,0.18,1706001,Tocantins,2015
5963,Igarapé-Miri,0.58,1503309,Pará,2015
5964,Rurópolis,30.88,1506195,Pará,2015
5965,Porto Franco,2.02,2109007,Maranhão,2015
5966,Sampaio,0.11,1718808,Tocantins,2015
5967,Belém,0.27,1501402,Pará,2015
5968,Vitória do Mearim,0.0,2112902,Maranhão,2015
5969,Tupirama,0.0,1721257,Tocantins,2015
5970,São Domingos do Capim,1.77,1507201,Pará,2015
5971,Trizidela do Vale,0.0,2112233,Maranhão,2015
5972,Porto Alegre do Tocantins,0.0,1718006,Tocantins,2015
5973,Goiatins,0.0,1709005,Tocantins,2015
5974,Chapada da Natividade,0.0,1705102,Tocantins,2015
5975,São Sebastião do Tocantins,0.0,1720309,Tocantins,2015
5976,Amapá do Maranhão,3.1,2100550,Maranhão,2015
5977,Taguatinga,0.0,1720903,Tocantins,2015
5978,São Vicente Ferrer,0.0,2111706,Maranhão,2015
5979,Tocantínia,0.0,1721109,Tocantins,2015
5980,Pinheiro,0.34,2108603,Maranhão,2015
5981,Cristalândia,0.0,1706100,Tocantins,2015
5982,Aguiarnópolis,0.48,1700301,Tocantins,2015
5983,Piraquê,1.14,1717206,Tocantins,2015
5984,Bonito,0.82,1501600,Pará,2015
5985,Fortaleza dos Nogueiras,0.0,2104107,Maranhão,2015
5986,Terra Alta,0.0,1507961,Pará,2015
5987,Lago da Pedra,0.0,2105708,Maranhão,2015
5988,Balsas,0.0,2101400,Maranhão,2015
5989,Ipixuna do Pará,13.99,1503457,Pará,2015
5990,Santo Antônio dos Lopes,0.71,2110302,Maranhão,2015
5991,Serra do Navio,0.08,1600055,Amapá,2015
5992,Pau D'Arco,0.52,1716307,Tocantins,2015
5993,Concórdia do Pará,0.49,1502756,Pará,2015
5994,Lima Campos,0.11,2106003,Maranhão,2015
5995,São João do Paraíso,0.26,2111052,Maranhão,2015
5996,Boa Vista do Gurupi,1.51,2101970,Maranhão,2015
5997,Ponte Alta do Tocantins,0.0,1717909,Tocantins,2015
5998,Nazaré,0.0,1714302,Tocantins,2015
5999,Aveiro,16.04,1501006,Pará,2015
6000,Nova União,0.16,1101435,Rondônia,2015
6001,Boca do Acre,46.18,1300706,Amazonas,2015
6002,Luciara,0.46,5105309,Mato Grosso,2015
6003,Xambioá,1.54,1722107,Tocantins,2015
6004,Barcelos,0.25,1300409,Amazonas,2015
6005,Guaraí,1.65,1709302,Tocantins,2015
6006,Codajás,0.96,1301308,Amazonas,2015
6007,Querência,18.56,5107065,Mato Grosso,2015
6008,São Luiz,4.21,1400605,Roraima,2015
6009,Careiro,5.12,1301100,Amazonas,2015
6010,Pium,0.0,1717503,Tocantins,2015
6011,Brasnorte,31.24,5101902,Mato Grosso,2015
6012,Paranaíta,23.44,5106299,Mato Grosso,2015
6013,Oriximiná,13.49,1505304,Pará,2015
6014,Amajari,11.28,1400027,Roraima,2015
6015,Baião,4.45,1501204,Pará,2015
6016,Pacaraima,0.09,1400456,Roraima,2015
6017,Tabocão,0.0,1708254,Tocantins,2015
6018,São Salvador do Tocantins,0.0,1720259,Tocantins,2015
6019,Ipueiras,0.0,1709807,Tocantins,2015
6020,Juruá,0.23,1302207,Amazonas,2015
6021,Santana,0.0,1600600,Amapá,2015
6022,Jutaí,1.12,1302306,Amazonas,2015
6023,Crixás do Tocantins,0.0,1706258,Tocantins,2015
6024,Angico,0.16,1701051,Tocantins,2015
6025,Palestina do Pará,1.22,1505494,Pará,2015
6026,Alto Boa Vista,0.53,5100359,Mato Grosso,2015
6027,Turiaçu,1.63,2112407,Maranhão,2015
6028,Wanderlândia,0.32,1722081,Tocantins,2015
6029,Viana,0.0,2112803,Maranhão,2015
6030,Pedro Afonso,0.27,1716505,Tocantins,2015
6031,Riachinho,0.73,1718550,Tocantins,2015
6032,São Valério,0.0,1720499,Tocantins,2015
6033,Cachoeira do Piriá,12.63,1501956,Pará,2015
6034,Castanhal,0.67,1502400,Pará,2015
6035,Rondon do Pará,18.95,1506187,Pará,2015
6036,Barra do Ouro,0.0,1703073,Tocantins,2015
6037,Tomé-Açu,4.93,1508001,Pará,2015
6038,Poção de Pedras,0.0,2108900,Maranhão,2015
6039,São Bento,0.0,2110500,Maranhão,2015
6040,Godofredo Viana,1.32,2104305,Maranhão,2015
6041,Presidente Juscelino,0.41,2109205,Maranhão,2015
6042,São Pedro dos Crentes,0.0,2111573,Maranhão,2015
6043,Buriti do Tocantins,0.0,1703800,Tocantins,2015
6044,Centro Novo do Maranhão,3.53,2103174,Maranhão,2015
6045,Careiro da Várzea,9.51,1301159,Amazonas,2015
6046,Buriti Bravo,3.37,2102309,Maranhão,2015
6047,Pedro do Rosário,0.69,2108256,Maranhão,2015
6048,Palmeirante,0.0,1715705,Tocantins,2015
6049,Palmeiras do Tocantins,0.1,1713809,Tocantins,2015
6050,Carrasco Bonito,0.0,1703891,Tocantins,2015
6051,Conceição do Lago-Açu,0.0,2103554,Maranhão,2015
6052,Vitorino Freire,0.0,2113009,Maranhão,2015
6053,São Domingos do Araguaia,0.89,1507151,Pará,2015
6054,Almas,0.0,1700400,Tocantins,2015
6055,Lajeado,0.0,1712009,Tocantins,2015
6056,Feira Nova do Maranhão,0.0,2104073,Maranhão,2015
6057,Icatu,0.0,2105104,Maranhão,2015
6058,Cururupu,0.0,2103703,Maranhão,2015
6059,Itacajá,0.0,1710508,Tocantins,2015
6060,Luís Domingues,0.09,2106201,Maranhão,2015
6061,Campos Lindos,0.0,1703842,Tocantins,2015
6062,Aurora do Pará,0.92,1500958,Pará,2015
6063,Peri Mirim,0.0,2108405,Maranhão,2015
6064,Capinzal do Norte,1.77,2102754,Maranhão,2015
6065,Cachoeirinha,0.49,1703826,Tocantins,2015
6066,Bela Vista do Maranhão,0.0,2101772,Maranhão,2015
6067,Carmolândia,0.2,1703883,Tocantins,2015
6068,Santa Rita do Tocantins,2.4,1718899,Tocantins,2015
6069,Ministro Andreazza,0.32,1101203,Rondônia,2015
6070,Ponta de Pedras,0.0,1505700,Pará,2015
6071,Chupinguaia,4.8,1100924,Rondônia,2015
6072,Castanheira,9.19,5102850,Mato Grosso,2015
6073,Manaquiri,3.08,1302553,Amazonas,2015
6074,Marcelândia,44.78,5105580,Mato Grosso,2015
6075,Formoso do Araguaia,0.4,1708205,Tocantins,2015
6076,São Felipe D'Oeste,0.19,1101484,Rondônia,2015
6077,Brejinho de Nazaré,0.0,1703701,Tocantins,2015
6078,Juara,46.04,5105101,Mato Grosso,2015
6079,Guarantã do Norte,11.5,5104104,Mato Grosso,2015
6080,Nova Marilândia,2.75,5108857,Mato Grosso,2015
6081,Bernardo do Mearim,0.0,2101939,Maranhão,2015
6082,Terra Nova do Norte,2.24,5108055,Mato Grosso,2015
6083,Indiavaí,0.0,5104500,Mato Grosso,2015
6084,Soure,0.31,1507904,Pará,2015
6085,Caapiranga,3.66,1300839,Amazonas,2015
6086,Marabá,45.64,1504208,Pará,2015
6087,Nova Brasilândia D'Oeste,1.33,1100148,Rondônia,2015
6088,Campo Novo do Parecis,0.0,5102637,Mato Grosso,2015
6089,Guajará-Mirim,21.13,1100106,Rondônia,2015
6090,Mojuí dos Campos,31.92,1504752,Pará,2015
6091,Benjamin Constant,0.92,1300607,Amazonas,2015
6092,Dois Irmãos do Tocantins,0.0,1707207,Tocantins,2015
6093,Jaru,1.94,1100114,Rondônia,2015
6094,Jordão,0.93,1200328,Acre,2015
6095,Mucajaí,21.87,1400308,Roraima,2015
6096,Normandia,0.0,1400407,Roraima,2015
6097,Juína,51.81,5105150,Mato Grosso,2015
6098,Corumbiara,3.24,1100072,Rondônia,2015
6099,Urupá,1.02,1101708,Rondônia,2015
6100,Trairão,24.87,1508050,Pará,2015
6101,Atalaia do Norte,0.09,1300201,Amazonas,2015
6102,Nhamundá,4.88,1303007,Amazonas,2015
6103,Barra do Garças,0.0,5101803,Mato Grosso,2015
6104,São Domingos do Maranhão,8.39,2110708,Maranhão,2015
6105,Bagre,0.74,1501105,Pará,2015
6106,São Bento do Tocantins,0.2,1720101,Tocantins,2015
6107,Juruti,8.33,1503903,Pará,2015
6108,Colniza,249.84,5103254,Mato Grosso,2015
6109,Quatipuru,1.22,1506112,Pará,2015
6110,Salinópolis,1.17,1506203,Pará,2015
6111,Babaçulândia,0.0,1703008,Tocantins,2015
6112,Zé Doca,0.51,2114007,Maranhão,2015
6113,Sapucaia,0.86,1507755,Pará,2015
6114,Colares,0.0,1502608,Pará,2015
6115,Araguatins,3.64,1702208,Tocantins,2015
6116,Pio XII,0.0,2108702,Maranhão,2015
6117,Novo Jardim,0.0,1715259,Tocantins,2015
6118,Marechal Thaumaturgo,0.47,1200351,Acre,2015
6119,Teixeirópolis,0.38,1101559,Rondônia,2015
6120,São Francisco do Pará,0.08,1507409,Pará,2015
6121,Paulo Ramos,0.0,2108108,Maranhão,2015
6122,Nova Colinas,0.0,2107258,Maranhão,2015
6123,Santa Maria do Tocantins,0.0,1718881,Tocantins,2015
6124,Arraias,0.0,1702406,Tocantins,2015
6125,Salvaterra,0.07,1506302,Pará,2015
6126,Manicoré,72.45,1302702,Amazonas,2015
6127,Santa Maria do Pará,0.09,1506609,Pará,2015
6128,Cajapió,0.0,2102408,Maranhão,2015
6129,Bom Jardim,30.87,2102002,Maranhão,2015
6130,Peixe,0.0,1716604,Tocantins,2015
6131,Governador Archer,1.02,2104503,Maranhão,2015
6132,Curralinho,0.09,1502806,Pará,2015
6133,Talismã,0.0,1720978,Tocantins,2015
6134,Timbiras,0.0,2112100,Maranhão,2015
6135,Igarapé-Açu,0.3,1503200,Pará,2015
6136,Lago Verde,0.0,2105906,Maranhão,2015
6137,Itamarati,1.03,1301951,Amazonas,2015
6138,Lábrea,236.8,1302405,Amazonas,2015
6139,Luzinópolis,0.0,1712454,Tocantins,2015
6140,Brasilândia do Tocantins,0.0,1703602,Tocantins,2015
6141,Axixá,0.16,2101103,Maranhão,2015
6142,Brejo de Areia,0.2,2102150,Maranhão,2015
6143,Marituba,0.0,1504422,Pará,2015
6144,Recursolândia,0.15,1718501,Tocantins,2015
6145,Praia Norte,1.94,1718303,Tocantins,2015
6146,Sítio Novo,0.21,2111805,Maranhão,2015
6147,Ouro Preto do Oeste,0.25,1100155,Rondônia,2015
6148,São Félix do Tocantins,0.0,1720150,Tocantins,2015
6149,Marapanim,1.45,1504406,Pará,2015
6150,Bacabeira,0.22,2101251,Maranhão,2015
6151,Santarém Novo,0.0,1506906,Pará,2015
6152,Mirador,0.0,2106706,Maranhão,2015
6153,Vila Nova dos Martírios,0.27,2112852,Maranhão,2015
6154,Riachão,0.0,2109502,Maranhão,2015
6155,Ourém,0.33,1505403,Pará,2015
6156,São José dos Basílios,1.4,2111250,Maranhão,2015
6157,Governador Nunes Freire,0.48,2104677,Maranhão,2015
6158,Calçoene,0.93,1600204,Amapá,2015
6159,Alto Araguaia,0.0,5100300,Mato Grosso,2015
6160,Mirinzal,0.0,2106805,Maranhão,2015
6161,Jenipapo dos Vieiras,2.39,2105476,Maranhão,2015
6162,Santa Izabel do Pará,0.47,1506500,Pará,2015
6163,Combinado,0.0,1705557,Tocantins,2015
6164,Envira,5.09,1301506,Amazonas,2015
6165,Graça Aranha,1.29,2104701,Maranhão,2015
6166,Tocantinópolis,0.01,1721208,Tocantins,2015
6167,Amaturá,0.58,1300060,Amazonas,2015
6168,Cacaulândia,4.33,1100601,Rondônia,2015
6169,São Félix de Balsas,0.0,2110807,Maranhão,2015
6170,Colinas,2.88,2103505,Maranhão,2015
6171,Buritirana,2.82,2102358,Maranhão,2015
6172,Ananindeua,0.0,1500800,Pará,2015
6173,Presidente Figueiredo,7.65,1303536,Amazonas,2015
6174,Abaetetuba,0.59,1500107,Pará,2015
6175,Pindaré-Mirim,0.0,2108504,Maranhão,2015
6176,Centenário,0.0,1704105,Tocantins,2015
6177,Santa Terezinha do Tocantins,0.0,1720002,Tocantins,2015
6178,Vigia,1.27,1508209,Pará,2015
6179,Campo Novo de Rondônia,20.62,1100700,Rondônia,2015
6180,Santa Cruz do Xingu,3.7,5107743,Mato Grosso,2015
6181,Lajeado Novo,0.77,2105989,Maranhão,2015
6182,Afuá,0.0,1500305,Pará,2015
6183,Ribamar Fiquene,0.1,2109551,Maranhão,2015
6184,Peixoto de Azevedo,36.16,5106422,Mato Grosso,2016
6185,Pau D'Arco,0.56,1505551,Pará,2016
6186,Mâncio Lima,2.99,1200336,Acre,2016
6187,Alto Alegre,24.46,1400050,Roraima,2016
6188,Pedra Preta,0.0,5106372,Mato Grosso,2016
6189,Itaituba,129.63,1503606,Pará,2016
6190,Redenção,0.63,1506138,Pará,2016
6191,Iracema,21.42,1400282,Roraima,2016
6192,Santo Antônio do Leverger,1.07,5107800,Mato Grosso,2016
6193,Porto Esperidião,0.77,5106828,Mato Grosso,2016
6194,Nova Brasilândia,0.15,5106208,Mato Grosso,2016
6195,Caracaraí,38.12,1400209,Roraima,2016
6196,Ponte Branca,0.0,5106703,Mato Grosso,2016
6197,Cuiabá,0.0,5103403,Mato Grosso,2016
6198,Tucumã,2.84,1508084,Pará,2016
6199,Alto Paraguai,0.08,5100508,Mato Grosso,2016
6200,São Pedro da Cipa,0.0,5107404,Mato Grosso,2016
6201,Porto Estrela,0.47,5106851,Mato Grosso,2016
6202,Porto de Moz,20.86,1505908,Pará,2016
6203,Denise,0.08,5103452,Mato Grosso,2016
6204,Cáceres,5.87,5102504,Mato Grosso,2016
6205,Tesouro,0.0,5108105,Mato Grosso,2016
6206,Araguaiana,0.19,5101001,Mato Grosso,2016
6207,Matupá,17.63,5105606,Mato Grosso,2016
6208,Conquista D'Oeste,0.0,5103361,Mato Grosso,2016
6209,Vale de São Domingos,0.09,5108352,Mato Grosso,2016
6210,Juscimeira,0.08,5105200,Mato Grosso,2016
6211,Nova Guarita,1.68,5108808,Mato Grosso,2016
6212,Bonfim,2.9,1400159,Roraima,2016
6213,Tapauá,2.98,1304104,Amazonas,2016
6214,Salto do Céu,0.08,5107750,Mato Grosso,2016
6215,Campo Verde,0.24,5102678,Mato Grosso,2016
6216,Eirunepé,1.72,1301407,Amazonas,2016
6217,Curvelândia,0.0,5103437,Mato Grosso,2016
6218,Acorizal,0.0,5100102,Mato Grosso,2016
6219,Várzea Grande,0.0,5108402,Mato Grosso,2016
6220,Rosário Oeste,0.0,5107701,Mato Grosso,2016
6221,Rio Branco,0.0,5107206,Mato Grosso,2016
6222,Santo Antônio do Leste,0.0,5107792,Mato Grosso,2016
6223,Chapada dos Guimarães,0.07,5103007,Mato Grosso,2016
6224,Novo São Joaquim,0.0,5106281,Mato Grosso,2016
6225,Glória D'Oeste,0.0,5103957,Mato Grosso,2016
6226,São José do Povo,0.0,5107297,Mato Grosso,2016
6227,Mirassol d'Oeste,1.1,5105622,Mato Grosso,2016
6228,Nova Bandeirantes,81.9,5106158,Mato Grosso,2016
6229,Poconé,0.0,5106505,Mato Grosso,2016
6230,Conceição do Araguaia,6.78,1502707,Pará,2016
6231,Barra do Bugres,2.92,5101704,Mato Grosso,2016
6232,Guiratinga,0.0,5104203,Mato Grosso,2016
6233,Dom Aquino,0.0,5103601,Mato Grosso,2016
6234,Lambari D'Oeste,1.39,5105234,Mato Grosso,2016
6235,São José dos Quatro Marcos,0.12,5107107,Mato Grosso,2016
6236,Poxoréu,0.5,5107008,Mato Grosso,2016
6237,Floresta do Araguaia,3.13,1503044,Pará,2016
6238,Barão de Melgaço,1.66,5101605,Mato Grosso,2016
6239,Araputanga,0.0,5101258,Mato Grosso,2016
6240,Nova Olímpia,0.86,5106232,Mato Grosso,2016
6241,Rondonópolis,1.38,5107602,Mato Grosso,2016
6242,Nova Xavantina,0.06,5106257,Mato Grosso,2016
6243,Pontal do Araguaia,0.0,5106653,Mato Grosso,2016
6244,Jangada,0.0,5104906,Mato Grosso,2016
6245,Amapá,0.14,1600105,Amapá,2016
6246,Guajará,5.76,1301654,Amazonas,2016
6247,Vila Bela da Santíssima Trindade,14.22,5105507,Mato Grosso,2016
6248,Araguainha,0.0,5101209,Mato Grosso,2016
6249,Capixaba,16.65,1200179,Acre,2016
6250,Jauru,0.36,5105002,Mato Grosso,2016
6251,Ribeirãozinho,0.0,5107198,Mato Grosso,2016
6252,Reserva do Cabaçal,1.0,5107156,Mato Grosso,2016
6253,Figueirópolis D'Oeste,0.0,5103809,Mato Grosso,2016
6254,Alto Garças,0.0,5100409,Mato Grosso,2016
6255,Nossa Senhora do Livramento,0.0,5106109,Mato Grosso,2016
6256,Jaciara,0.0,5104807,Mato Grosso,2016
6257,Manaus,1.21,1302603,Amazonas,2016
6258,Pontes e Lacerda,2.37,5106752,Mato Grosso,2016
6259,Ipixuna,4.76,1301803,Amazonas,2016
6260,Primavera do Leste,0.0,5107040,Mato Grosso,2016
6261,Maraã,1.72,1302801,Amazonas,2016
6262,Torixoréu,0.0,5108204,Mato Grosso,2016
6263,General Carneiro,0.0,5103908,Mato Grosso,2016
6264,Nova Rosalândia,0.0,1715002,Tocantins,2016
6265,São Gabriel da Cachoeira,1.67,1303809,Amazonas,2016
6266,Ipiranga do Norte,3.81,5104526,Mato Grosso,2016
6267,Araguaína,1.8,1702109,Tocantins,2016
6268,São Geraldo do Araguaia,3.06,1507458,Pará,2016
6269,Augusto Corrêa,0.0,1500909,Pará,2016
6270,Uarini,5.14,1304260,Amazonas,2016
6271,Vilhena,13.74,1100304,Rondônia,2016
6272,Nova Lacerda,17.51,5106182,Mato Grosso,2016
6273,Itaporã do Tocantins,2.04,1711100,Tocantins,2016
6274,Lucas do Rio Verde,0.69,5105259,Mato Grosso,2016
6275,Nova Maringá,23.6,5108907,Mato Grosso,2016
6276,Goianésia do Pará,20.63,1503093,Pará,2016
6277,Bujari,17.29,1200138,Acre,2016
6278,Rio Maria,7.34,1506161,Pará,2016
6279,Divinópolis do Tocantins,0.09,1707108,Tocantins,2016
6280,Jacareacanga,48.79,1503754,Pará,2016
6281,Barrolândia,0.0,1703107,Tocantins,2016
6282,Diamantino,3.45,5103502,Mato Grosso,2016
6283,Santa Fé do Araguaia,0.82,1718865,Tocantins,2016
6284,Santa Carmem,20.35,5107248,Mato Grosso,2016
6285,Bannach,10.9,1501253,Pará,2016
6286,Canabrava do Norte,2.67,5102694,Mato Grosso,2016
6287,Pedra Branca do Amapari,1.4,1600154,Amapá,2016
6288,Oliveira de Fátima,0.0,1715507,Tocantins,2016
6289,Caseara,0.13,1703909,Tocantins,2016
6290,Santa Cruz do Arari,0.0,1506401,Pará,2016
6291,Tapurah,7.4,5108006,Mato Grosso,2016
6292,Parauapebas,5.9,1505536,Pará,2016
6293,Limoeiro do Ajuru,0.18,1504000,Pará,2016
6294,Theobroma,4.35,1101609,Rondônia,2016
6295,São Félix do Xingu,314.95,1507300,Pará,2016
6296,Comodoro,20.85,5103304,Mato Grosso,2016
6297,Goianorte,0.67,1708304,Tocantins,2016
6298,Governador Jorge Teixeira,4.32,1101005,Rondônia,2016
6299,Tabaporã,9.75,5107941,Mato Grosso,2016
6300,Epitaciolândia,7.31,1200252,Acre,2016
6301,Vera,2.07,5108501,Mato Grosso,2016
6302,Novo Mundo,20.12,5106265,Mato Grosso,2016
6303,Bernardo Sayão,0.18,1703206,Tocantins,2016
6304,Rolim de Moura,0.33,1100288,Rondônia,2016
6305,Seringueiras,7.38,1101500,Rondônia,2016
6306,Autazes,6.27,1300300,Amazonas,2016
6307,Ferreira Gomes,0.96,1600238,Amapá,2016
6308,Palmas,0.0,1721000,Tocantins,2016
6309,São Francisco do Brejão,0.31,2110856,Maranhão,2016
6310,Sambaíba,0.0,2109700,Maranhão,2016
6311,Novo Alegre,0.0,1715150,Tocantins,2016
6312,Santa Luzia D'Oeste,0.46,1100296,Rondônia,2016
6313,Tartarugalzinho,1.1,1600709,Amapá,2016
6314,Arenápolis,0.0,5101308,Mato Grosso,2016
6315,Gurupi,0.0,1709500,Tocantins,2016
6316,Lagoa da Confusão,1.44,1711902,Tocantins,2016
6317,Boa Vista,0.06,1400100,Roraima,2016
6318,Gurupá,1.25,1503101,Pará,2016
6319,São Pedro da Água Branca,0.58,2111532,Maranhão,2016
6320,Jaú do Tocantins,0.0,1711506,Tocantins,2016
6321,Araguaçu,0.0,1702000,Tocantins,2016
6322,Sandolândia,0.0,1718840,Tocantins,2016
6323,Altamira,408.65,1500602,Pará,2016
6324,Aliança do Tocantins,0.0,1700350,Tocantins,2016
6325,São Sebastião do Uatumã,0.79,1303957,Amazonas,2016
6326,Porto dos Gaúchos,8.63,5106802,Mato Grosso,2016
6327,Sapezal,0.15,5107875,Mato Grosso,2016
6328,Bragança,0.0,1501709,Pará,2016
6329,Nova Santa Helena,2.19,5106190,Mato Grosso,2016
6330,Alto Paraíso,46.96,1100403,Rondônia,2016
6331,Araguanã,0.0,1702158,Tocantins,2016
6332,São José do Rio Claro,8.14,5107305,Mato Grosso,2016
6333,Pimenteiras do Oeste,8.48,1101468,Rondônia,2016
6334,Mocajuba,0.31,1504604,Pará,2016
6335,Iranduba,1.64,1301852,Amazonas,2016
6336,Urucará,0.3,1304302,Amazonas,2016
6337,Santa Isabel do Rio Negro,0.51,1303601,Amazonas,2016
6338,Senador Guiomard,9.11,1200450,Acre,2016
6339,Figueirópolis,0.0,1707652,Tocantins,2016
6340,Coari,3.26,1301209,Amazonas,2016
6341,Carauari,1.16,1301001,Amazonas,2016
6342,Nova Mutum,3.6,5106224,Mato Grosso,2016
6343,Nova Nazaré,0.07,5106174,Mato Grosso,2016
6344,Brasil Novo,6.59,1501725,Pará,2016
6345,Apuí,161.35,1300144,Amazonas,2016
6346,Santa Terezinha,21.62,5107776,Mato Grosso,2016
6347,Campinápolis,0.0,5102603,Mato Grosso,2016
6348,Nova Mamoré,144.18,1100338,Rondônia,2016
6349,Castanheiras,4.93,1100908,Rondônia,2016
6350,União do Sul,24.09,5108303,Mato Grosso,2016
6351,Alvorada,0.0,1700707,Tocantins,2016
6352,Caroebe,25.89,1400233,Roraima,2016
6353,Coroatá,2.52,2103604,Maranhão,2016
6354,Pastos Bons,0.0,2108009,Maranhão,2016
6355,Lago do Junco,0.0,2105807,Maranhão,2016
6356,Matões do Norte,1.04,2106631,Maranhão,2016
6357,Cantanhede,0.51,2102705,Maranhão,2016
6358,Arame,11.96,2100956,Maranhão,2016
6359,Conceição do Tocantins,0.0,1705607,Tocantins,2016
6360,Tufilândia,0.0,2112274,Maranhão,2016
6361,Governador Newton Bello,0.26,2104651,Maranhão,2016
6362,Maranhãozinho,0.0,2106375,Maranhão,2016
6363,Igarapé Grande,0.0,2105203,Maranhão,2016
6364,Monção,0.47,2106904,Maranhão,2016
6365,Peritoró,0.99,2108454,Maranhão,2016
6366,Sucupira do Norte,0.0,2111904,Maranhão,2016
6367,Formosa da Serra Negra,0.19,2104099,Maranhão,2016
6368,Nova Iorque,0.0,2107308,Maranhão,2016
6369,Santa Filomena do Maranhão,0.24,2109759,Maranhão,2016
6370,Carutapera,0.26,2102903,Maranhão,2016
6371,Rio Branco,52.38,1200401,Acre,2016
6372,Satubinha,0.0,2111722,Maranhão,2016
6373,Cujubim,84.77,1100940,Rondônia,2016
6374,Fernando Falcão,1.44,2104081,Maranhão,2016
6375,Pirapemas,0.15,2108801,Maranhão,2016
6376,Centro do Guilherme,1.21,2103158,Maranhão,2016
6377,Oiapoque,0.5,1600501,Amapá,2016
6378,Darcinópolis,0.0,1706506,Tocantins,2016
6379,Alcântara,0.0,2100204,Maranhão,2016
6380,Arari,0.68,2101004,Maranhão,2016
6381,Cumaru do Norte,32.64,1502764,Pará,2016
6382,Miranda do Norte,1.2,2106755,Maranhão,2016
6383,Penalva,0.7,2108306,Maranhão,2016
6384,Brejo Grande do Araguaia,2.3,1501758,Pará,2016
6385,Medicilândia,7.97,1504455,Pará,2016
6386,Nova Timboteua,0.47,1505007,Pará,2016
6387,Central do Maranhão,0.0,2103125,Maranhão,2016
6388,Alto Alegre do Maranhão,0.07,2100436,Maranhão,2016
6389,Maurilândia do Tocantins,0.0,1712801,Tocantins,2016
6390,Paragominas,19.9,1505502,Pará,2016
6391,Morros,0.0,2107100,Maranhão,2016
6392,Itinga do Maranhão,18.18,2105427,Maranhão,2016
6393,Santa Helena,0.8,2109809,Maranhão,2016
6394,São João da Ponta,0.37,1507466,Pará,2016
6395,Cedral,0.0,2103109,Maranhão,2016
6396,São João Batista,0.0,2111003,Maranhão,2016
6397,São Raimundo do Doca Bezerra,0.22,2111631,Maranhão,2016
6398,Turilândia,1.76,2112456,Maranhão,2016
6399,São João de Pirabas,1.08,1507474,Pará,2016
6400,Lago dos Rodrigues,0.0,2105948,Maranhão,2016
6401,Lagoa do Tocantins,0.0,1711951,Tocantins,2016
6402,Dianópolis,0.0,1707009,Tocantins,2016
6403,Novo Acordo,0.0,1715101,Tocantins,2016
6404,Maracanã,0.64,1504307,Pará,2016
6405,Axixá do Tocantins,0.0,1702901,Tocantins,2016
6406,Cachoeira Grande,0.0,2102374,Maranhão,2016
6407,Anajatuba,0.09,2100709,Maranhão,2016
6408,Aurora do Tocantins,0.0,1702703,Tocantins,2016
6409,Itiquira,0.0,5104609,Mato Grosso,2016
6410,Mateiros,0.0,1712702,Tocantins,2016
6411,Natividade,0.0,1714203,Tocantins,2016
6412,Joselândia,0.97,2105609,Maranhão,2016
6413,Bom Jesus do Tocantins,0.45,1703305,Tocantins,2016
6414,Estreito,0.0,2104057,Maranhão,2016
6415,Lizarda,0.0,1712405,Tocantins,2016
6416,Ariquemes,31.39,1100023,Rondônia,2016
6417,Olho d'Água das Cunhãs,0.0,2107407,Maranhão,2016
6418,Cajari,1.25,2102507,Maranhão,2016
6419,Bom Jesus do Tocantins,8.02,1501576,Pará,2016
6420,Chaves,0.0,1502509,Pará,2016
6421,Governador Eugênio Barros,5.26,2104602,Maranhão,2016
6422,Barcarena,0.7,1501303,Pará,2016
6423,São João da Baliza,6.22,1400506,Roraima,2016
6424,Miracema do Tocantins,0.0,1713205,Tocantins,2016
6425,Rio dos Bois,0.0,1718709,Tocantins,2016
6426,Itaubal,0.0,1600253,Amapá,2016
6427,Tefé,8.1,1304203,Amazonas,2016
6428,Cláudia,13.64,5103056,Mato Grosso,2016
6429,Nortelândia,0.17,5106000,Mato Grosso,2016
6430,Anori,0.35,1300102,Amazonas,2016
6431,Água Boa,0.59,5100201,Mato Grosso,2016
6432,Miranorte,0.52,1713304,Tocantins,2016
6433,Rorainópolis,25.3,1400472,Roraima,2016
6434,Cocalinho,4.36,5103106,Mato Grosso,2016
6435,Costa Marques,24.74,1100080,Rondônia,2016
6436,Macapá,1.67,1600303,Amapá,2016
6437,Mirante da Serra,2.84,1101302,Rondônia,2016
6438,Monte Alegre,23.49,1504802,Pará,2016
6439,Santa Rosa do Purus,2.1,1200435,Acre,2016
6440,Palmeirópolis,0.0,1715754,Tocantins,2016
6441,Canaã dos Carajás,2.06,1502152,Pará,2016
6442,Guimarães,0.0,2104909,Maranhão,2016
6443,Belterra,4.52,1501451,Pará,2016
6444,Itapiratins,0.0,1710904,Tocantins,2016
6445,Araguanã,0.0,2100873,Maranhão,2016
6446,Viseu,2.18,1508308,Pará,2016
6447,Uruará,63.8,1508159,Pará,2016
6448,Junco do Maranhão,0.21,2105658,Maranhão,2016
6449,Novo Aripuanã,152.45,1303304,Amazonas,2016
6450,Cotriguaçu,50.74,5103379,Mato Grosso,2016
6451,Jatobá,1.8,2105450,Maranhão,2016
6452,Rio Sono,0.0,1718758,Tocantins,2016
6453,Tracuateua,0.0,1508035,Pará,2016
6454,Breu Branco,9.2,1501782,Pará,2016
6455,Santa Tereza do Tocantins,0.0,1719004,Tocantins,2016
6456,Maracaçumé,0.14,2106326,Maranhão,2016
6457,Parintins,1.16,1303403,Amazonas,2016
6458,Porto Grande,0.8,1600535,Amapá,2016
6459,Aragominas,1.32,1701309,Tocantins,2016
6460,Pugmil,0.0,1718451,Tocantins,2016
6461,Araguacema,4.1,1701903,Tocantins,2016
6462,Novo Airão,0.89,1303205,Amazonas,2016
6463,Breves,1.86,1501808,Pará,2016
6464,Acará,7.21,1500206,Pará,2016
6465,Augustinópolis,0.0,1702554,Tocantins,2016
6466,Canutama,26.38,1300904,Amazonas,2016
6467,Serra Nova Dourada,2.14,5107883,Mato Grosso,2016
6468,Humaitá,17.52,1301704,Amazonas,2016
6469,Borba,1.56,1300805,Amazonas,2016
6470,Ourilândia do Norte,7.55,1505437,Pará,2016
6471,Cerejeiras,6.33,1100056,Rondônia,2016
6472,Mãe do Rio,0.43,1504059,Pará,2016
6473,Bom Jesus das Selvas,11.92,2102036,Maranhão,2016
6474,São João do Soter,0.0,2111078,Maranhão,2016
6475,Magalhães Barata,0.0,1504109,Pará,2016
6476,Senador Alexandre Costa,2.1,2111748,Maranhão,2016
6477,São Mateus do Maranhão,0.0,2111508,Maranhão,2016
6478,Marajá do Sena,6.07,2106359,Maranhão,2016
6479,Igarapé do Meio,0.08,2105153,Maranhão,2016
6480,Santa Rosa do Tocantins,0.0,1718907,Tocantins,2016
6481,Manacapuru,4.3,1302504,Amazonas,2016
6482,Alvarães,3.95,1300029,Amazonas,2016
6483,Cabixi,6.85,1100031,Rondônia,2016
6484,Candeias do Jamari,97.5,1100809,Rondônia,2016
6485,Nova Canaã do Norte,9.74,5106216,Mato Grosso,2016
6486,Moju,30.28,1504703,Pará,2016
6487,Maués,38.38,1302900,Amazonas,2016
6488,São Miguel do Guaporé,17.49,1100320,Rondônia,2016
6489,Santa Maria das Barreiras,18.5,1506583,Pará,2016
6490,Silves,1.38,1304005,Amazonas,2016
6491,Bandeirantes do Tocantins,0.0,1703057,Tocantins,2016
6492,Porto Alegre do Norte,0.92,5106778,Mato Grosso,2016
6493,Gaúcha do Norte,58.08,5103858,Mato Grosso,2016
6494,Nova Monte Verde,18.45,5108956,Mato Grosso,2016
6495,Cametá,0.41,1502103,Pará,2016
6496,Tarauacá,13.43,1200609,Acre,2016
6497,São José do Xingu,1.36,5107354,Mato Grosso,2016
6498,Nova Olinda do Norte,3.75,1303106,Amazonas,2016
6499,Pracuúba,0.24,1600550,Amapá,2016
6500,Bom Jesus do Araguaia,11.08,5101852,Mato Grosso,2016
6501,Santo Antônio do Içá,0.97,1303700,Amazonas,2016
6502,Tabatinga,1.81,1304062,Amazonas,2016
6503,Vitória do Xingu,10.65,1508357,Pará,2016
6504,Campos de Júlio,1.16,5102686,Mato Grosso,2016
6505,Aripuanã,83.51,5101407,Mato Grosso,2016
6506,Alvorada D'Oeste,1.8,1100346,Rondônia,2016
6507,Nova Ubiratã,23.51,5106240,Mato Grosso,2016
6508,Cruzeiro do Sul,9.26,1200203,Acre,2016
6509,Alta Floresta,8.74,5100250,Mato Grosso,2016
6510,Faro,0.87,1503002,Pará,2016
6511,Canarana,0.67,5102702,Mato Grosso,2016
6512,Cachoeira do Arari,0.08,1502004,Pará,2016
6513,Paraíso do Tocantins,0.0,1716109,Tocantins,2016
6514,Primavera de Rondônia,0.0,1101476,Rondônia,2016
6515,Cutias,1.32,1600212,Amapá,2016
6516,Cacoal,2.7,1100049,Rondônia,2016
6517,Piçarra,3.16,1505635,Pará,2016
6518,Vitória do Jari,1.33,1600808,Amapá,2016
6519,Porto Nacional,0.0,1718204,Tocantins,2016
6520,Assis Brasil,2.89,1200054,Acre,2016
6521,Planalto da Serra,0.0,5106455,Mato Grosso,2016
6522,Colinas do Tocantins,0.0,1705508,Tocantins,2016
6523,Colíder,2.5,5103205,Mato Grosso,2016
6524,Sinop,4.93,5107909,Mato Grosso,2016
6525,Muricilândia,0.54,1713957,Tocantins,2016
6526,Alta Floresta D'Oeste,15.57,1100015,Rondônia,2016
6527,Sorriso,0.88,5107925,Mato Grosso,2016
6528,Inhangapi,0.07,1503408,Pará,2016
6529,Bacabal,0.0,2101202,Maranhão,2016
6530,Primavera,0.14,1506104,Pará,2016
6531,Presidente Sarney,0.24,2109270,Maranhão,2016
6532,Lagoa Grande do Maranhão,0.78,2105963,Maranhão,2016
6533,Campestre do Maranhão,0.28,2102556,Maranhão,2016
6534,Dom Pedro,2.69,2103802,Maranhão,2016
6535,Itaguatins,0.47,1710706,Tocantins,2016
6536,Nova Olinda do Maranhão,0.63,2107357,Maranhão,2016
6537,Ananás,0.2,1701002,Tocantins,2016
6538,Santa Luzia do Paruá,0.0,2110039,Maranhão,2016
6539,Palmeirândia,0.0,2107605,Maranhão,2016
6540,Nova Esperança do Piriá,7.37,1504950,Pará,2016
6541,Alto Taquari,0.0,5100607,Mato Grosso,2016
6542,Ji-Paraná,2.97,1100122,Rondônia,2016
6543,Boa Vista do Ramos,0.45,1300680,Amazonas,2016
6544,Carolina,0.0,2102804,Maranhão,2016
6545,Japurá,0.24,1302108,Amazonas,2016
6546,Santa Bárbara do Pará,0.08,1506351,Pará,2016
6547,Monte do Carmo,0.0,1713601,Tocantins,2016
6548,Prainha,47.03,1506005,Pará,2016
6549,Tuntum,7.69,2112308,Maranhão,2016
6550,Curuçá,0.97,1502905,Pará,2016
6551,Taipas do Tocantins,0.0,1720937,Tocantins,2016
6552,Itaipava do Grajaú,0.57,2105351,Maranhão,2016
6553,Laranjal do Jari,0.73,1600279,Amapá,2016
6554,Senador La Rocque,1.94,2111763,Maranhão,2016
6555,Santa Luzia,5.11,2110005,Maranhão,2016
6556,Santana do Araguaia,19.91,1506708,Pará,2016
6557,Santo Antônio do Tauá,0.0,1507003,Pará,2016
6558,Tasso Fragoso,0.0,2112001,Maranhão,2016
6559,Porto Rico do Maranhão,0.0,2109056,Maranhão,2016
6560,Silvanópolis,0.0,1720655,Tocantins,2016
6561,Sítio Novo do Tocantins,0.17,1720804,Tocantins,2016
6562,Santa Luzia do Pará,0.0,1506559,Pará,2016
6563,Raposa,0.0,2109452,Maranhão,2016
6564,Vila Rica,5.73,5108600,Mato Grosso,2016
6565,Olinda Nova do Maranhão,0.0,2107456,Maranhão,2016
6566,Presidente Vargas,0.42,2109304,Maranhão,2016
6567,Bacurituba,0.0,2101350,Maranhão,2016
6568,Gonçalves Dias,6.68,2104404,Maranhão,2016
6569,São José de Ribamar,0.0,2111201,Maranhão,2016
6570,Altamira do Maranhão,0.0,2100402,Maranhão,2016
6571,Garrafão do Norte,0.99,1503077,Pará,2016
6572,Fortuna,5.46,2104206,Maranhão,2016
6573,São Caetano de Odivelas,1.31,1507102,Pará,2016
6574,Machadinho D'Oeste,92.73,1100130,Rondônia,2016
6575,Bequimão,0.0,2101905,Maranhão,2016
6576,Rosário,0.07,2109601,Maranhão,2016
6577,Capitão Poço,1.06,1502301,Pará,2016
6578,Bujaru,0.68,1501907,Pará,2016
6579,Monte Negro,22.8,1101401,Rondônia,2016
6580,Rodrigues Alves,4.79,1200427,Acre,2016
6581,Terra Santa,3.04,1507979,Pará,2016
6582,Bacuri,0.0,2101301,Maranhão,2016
6583,Santa Rita,2.07,2110203,Maranhão,2016
6584,Capanema,0.1,1502202,Pará,2016
6585,Presidente Dutra,1.74,2109106,Maranhão,2016
6586,Santarém,6.87,1506807,Pará,2016
6587,Melgaço,0.6,1504505,Pará,2016
6588,Peixe-Boi,0.53,1505601,Pará,2016
6589,Passagem Franca,0.0,2107902,Maranhão,2016
6590,Juruena,11.18,5105176,Mato Grosso,2016
6591,Anajás,0.38,1500701,Pará,2016
6592,Buritis,81.29,1100452,Rondônia,2016
6593,Dom Eliseu,7.32,1502939,Pará,2016
6594,Senador José Porfírio,68.17,1507805,Pará,2016
6595,Vargem Grande,0.0,2112704,Maranhão,2016
6596,Rio da Conceição,0.0,1718659,Tocantins,2016
6597,Itapecuru Mirim,1.63,2105401,Maranhão,2016
6598,Loreto,0.0,2106102,Maranhão,2016
6599,Benedito Leite,0.0,2101806,Maranhão,2016
6600,Jacundá,2.15,1503804,Pará,2016
6601,Porto Walter,4.3,1200393,Acre,2016
6602,Abel Figueiredo,0.5,1500131,Pará,2016
6603,Açailândia,7.36,2100055,Maranhão,2016
6604,Itacoatiara,7.93,1301902,Amazonas,2016
6605,São Miguel do Tocantins,0.78,1720200,Tocantins,2016
6606,Bom Lugar,0.0,2102077,Maranhão,2016
6607,Marianópolis do Tocantins,7.33,1712504,Tocantins,2016
6608,Santa Inês,0.0,2109908,Maranhão,2016
6609,Codó,2.23,2103307,Maranhão,2016
6610,Carlinda,5.06,5102793,Mato Grosso,2016
6611,Pindorama do Tocantins,0.0,1717008,Tocantins,2016
6612,Alto Parnaíba,0.0,2100501,Maranhão,2016
6613,Feliz Natal,79.3,5103700,Mato Grosso,2016
6614,São Félix do Araguaia,6.39,5107859,Mato Grosso,2016
6615,Pequizeiro,0.7,1716653,Tocantins,2016
6616,Eldorado do Carajás,10.56,1502954,Pará,2016
6617,Rio Crespo,9.22,1100262,Rondônia,2016
6618,Brasiléia,17.71,1200104,Acre,2016
6619,Tangará da Serra,0.85,5107958,Mato Grosso,2016
6620,Fonte Boa,1.47,1301605,Amazonas,2016
6621,São Miguel do Guamá,1.21,1507607,Pará,2016
6622,Nova Ipixuna,4.49,1504976,Pará,2016
6623,Filadélfia,0.0,1707702,Tocantins,2016
6624,São Domingos do Azeitão,0.0,2110658,Maranhão,2016
6625,Beruri,2.15,1300631,Amazonas,2016
6626,Espigão D'Oeste,2.56,1100098,Rondônia,2016
6627,Uiramutã,0.07,1400704,Roraima,2016
6628,Esperantinópolis,0.0,2104008,Maranhão,2016
6629,Apiacás,18.14,5100805,Mato Grosso,2016
6630,Tupiratins,0.0,1721307,Tocantins,2016
6631,Itanhangá,5.34,5104542,Mato Grosso,2016
6632,Barreirinha,1.73,1300508,Amazonas,2016
6633,Nobres,2.32,5105903,Mato Grosso,2016
6634,São Luís,0.62,2111300,Maranhão,2016
6635,Tucuruí,9.08,1508100,Pará,2016
6636,Paranã,0.0,1716208,Tocantins,2016
6637,Imperatriz,0.16,2105302,Maranhão,2016
6638,Benevides,0.0,1501501,Pará,2016
6639,São João do Carú,0.2,2111029,Maranhão,2016
6640,Cariri do Tocantins,0.0,1703867,Tocantins,2016
6641,Óbidos,10.18,1505106,Pará,2016
6642,Cidelândia,0.75,2103257,Maranhão,2016
6643,Xapuri,32.68,1200708,Acre,2016
6644,Porto Acre,15.33,1200807,Acre,2016
6645,Lavandeira,0.0,1712157,Tocantins,2016
6646,Ponte Alta do Bom Jesus,0.0,1717800,Tocantins,2016
6647,São Roberto,0.0,2111672,Maranhão,2016
6648,Alto Alegre do Pindaré,0.19,2100477,Maranhão,2016
6649,Sena Madureira,56.02,1200500,Acre,2016
6650,Abreulândia,2.22,1700251,Tocantins,2016
6651,Governador Luiz Rocha,2.84,2104628,Maranhão,2016
6652,Pedreiras,0.0,2108207,Maranhão,2016
6653,Xinguara,0.18,1508407,Pará,2016
6654,Itapuã do Oeste,16.14,1101104,Rondônia,2016
6655,São Sebastião da Boa Vista,0.14,1507706,Pará,2016
6656,Presidente Médici,0.0,2109239,Maranhão,2016
6657,São Francisco do Guaporé,7.26,1101492,Rondônia,2016
6658,Fátima,0.0,1707553,Tocantins,2016
6659,Paraibano,0.0,2107704,Maranhão,2016
6660,Placas,67.65,1505650,Pará,2016
6661,Vale do Paraíso,3.98,1101807,Rondônia,2016
6662,Manoel Urbano,26.92,1200344,Acre,2016
6663,Novo Progresso,140.58,1505031,Pará,2016
6664,Montes Altos,0.5,2107001,Maranhão,2016
6665,Chapada de Areia,0.17,1704600,Tocantins,2016
6666,Vale do Anari,19.56,1101757,Rondônia,2016
6667,Governador Edison Lobão,0.0,2104552,Maranhão,2016
6668,Dueré,8.1,1707306,Tocantins,2016
6669,Alenquer,16.2,1500404,Pará,2016
6670,Mazagão,1.3,1600402,Amapá,2016
6671,Curionópolis,0.46,1502772,Pará,2016
6672,Tailândia,13.71,1507953,Pará,2016
6673,Arapoema,2.08,1702307,Tocantins,2016
6674,Rondolândia,14.92,5107578,Mato Grosso,2016
6675,Buriticupu,6.29,2102325,Maranhão,2016
6676,São Paulo de Olivença,1.59,1303908,Amazonas,2016
6677,Cantá,22.82,1400175,Roraima,2016
6678,Apicum-Açu,0.0,2100832,Maranhão,2016
6679,Anamã,0.0,1300086,Amazonas,2016
6680,Sucupira,0.0,1720853,Tocantins,2016
6681,Presidente Médici,0.65,1100254,Rondônia,2016
6682,Pacajá,140.54,1505486,Pará,2016
6683,Paranatinga,12.84,5106307,Mato Grosso,2016
6684,Pimenta Bueno,10.19,1100189,Rondônia,2016
6685,Paço do Lumiar,0.2,2107506,Maranhão,2016
6686,Aparecida do Rio Negro,0.0,1701101,Tocantins,2016
6687,Matinha,0.0,2106508,Maranhão,2016
6688,Ulianópolis,18.1,1508126,Pará,2016
6689,Itupiranga,87.57,1503705,Pará,2016
6690,Rio Preto da Eva,3.95,1303569,Amazonas,2016
6691,Santa Rita do Trivelato,1.67,5107768,Mato Grosso,2016
6692,São João do Araguaia,6.6,1507508,Pará,2016
6693,Água Azul do Norte,9.05,1500347,Pará,2016
6694,Barra do Corda,17.59,2101608,Maranhão,2016
6695,Urucurituba,0.08,1304401,Amazonas,2016
6696,Santo Afonso,1.98,5107263,Mato Grosso,2016
6697,Muaná,0.0,1504901,Pará,2016
6698,Davinópolis,0.85,2103752,Maranhão,2016
6699,Colméia,0.47,1716703,Tocantins,2016
6700,Novo Repartimento,224.92,1505064,Pará,2016
6701,Monte Santo do Tocantins,0.14,1713700,Tocantins,2016
6702,Grajaú,9.03,2104800,Maranhão,2016
6703,Alto Alegre dos Parecis,5.12,1100379,Rondônia,2016
6704,Portel,178.44,1505809,Pará,2016
6705,Itaúba,19.9,5104559,Mato Grosso,2016
6706,Parecis,7.42,1101450,Rondônia,2016
6707,Colorado do Oeste,1.19,1100064,Rondônia,2016
6708,Presidente Kennedy,0.54,1718402,Tocantins,2016
6709,Anapu,85.49,1500859,Pará,2016
6710,Juarina,0.15,1711803,Tocantins,2016
6711,Novo Horizonte do Norte,0.96,5106273,Mato Grosso,2016
6712,Tonantins,0.27,1304237,Amazonas,2016
6713,João Lisboa,1.11,2105500,Maranhão,2016
6714,Porto Velho,305.31,1100205,Rondônia,2016
6715,Nova Olinda,0.06,1714880,Tocantins,2016
6716,Confresa,18.31,5103353,Mato Grosso,2016
6717,Curuá,5.64,1502855,Pará,2016
6718,Itapiranga,0.0,1302009,Amazonas,2016
6719,São Luís Gonzaga do Maranhão,0.08,2111409,Maranhão,2016
6720,Novo Santo Antônio,4.7,5106315,Mato Grosso,2016
6721,Novo Horizonte do Oeste,1.3,1100502,Rondônia,2016
6722,São Raimundo das Mangabeiras,0.0,2111607,Maranhão,2016
6723,Cândido Mendes,0.29,2102606,Maranhão,2016
6724,Amarante do Maranhão,7.04,2100600,Maranhão,2016
6725,Plácido de Castro,7.86,1200385,Acre,2016
6726,Serrano do Maranhão,0.0,2111789,Maranhão,2016
6727,Irituia,1.81,1503507,Pará,2016
6728,Pauini,5.58,1303502,Amazonas,2016
6729,Oeiras do Pará,3.62,1505205,Pará,2016
6730,Acrelândia,23.81,1200013,Acre,2016
6731,Almeirim,14.97,1500503,Pará,2016
6732,Ribeirão Cascalheira,1.89,5107180,Mato Grosso,2016
6733,Esperantina,0.46,1707405,Tocantins,2016
6734,Feijó,38.63,1200302,Acre,2016
6735,Couto Magalhães,0.45,1706001,Tocantins,2016
6736,Igarapé-Miri,0.15,1503309,Pará,2016
6737,Rurópolis,27.83,1506195,Pará,2016
6738,Porto Franco,1.93,2109007,Maranhão,2016
6739,Sampaio,0.26,1718808,Tocantins,2016
6740,Belém,0.28,1501402,Pará,2016
6741,Vitória do Mearim,0.23,2112902,Maranhão,2016
6742,Tupirama,0.0,1721257,Tocantins,2016
6743,São Domingos do Capim,2.71,1507201,Pará,2016
6744,Trizidela do Vale,0.0,2112233,Maranhão,2016
6745,Porto Alegre do Tocantins,0.0,1718006,Tocantins,2016
6746,Goiatins,0.0,1709005,Tocantins,2016
6747,Chapada da Natividade,0.0,1705102,Tocantins,2016
6748,São Sebastião do Tocantins,0.0,1720309,Tocantins,2016
6749,Amapá do Maranhão,0.37,2100550,Maranhão,2016
6750,Taguatinga,0.0,1720903,Tocantins,2016
6751,São Vicente Ferrer,0.0,2111706,Maranhão,2016
6752,Tocantínia,0.0,1721109,Tocantins,2016
6753,Pinheiro,0.11,2108603,Maranhão,2016
6754,Cristalândia,0.0,1706100,Tocantins,2016
6755,Aguiarnópolis,0.17,1700301,Tocantins,2016
6756,Piraquê,0.41,1717206,Tocantins,2016
6757,Bonito,0.76,1501600,Pará,2016
6758,Fortaleza dos Nogueiras,0.0,2104107,Maranhão,2016
6759,Terra Alta,0.34,1507961,Pará,2016
6760,Lago da Pedra,0.0,2105708,Maranhão,2016
6761,Balsas,0.0,2101400,Maranhão,2016
6762,Ipixuna do Pará,11.3,1503457,Pará,2016
6763,Santo Antônio dos Lopes,1.12,2110302,Maranhão,2016
6764,Serra do Navio,0.09,1600055,Amapá,2016
6765,Pau D'Arco,0.94,1716307,Tocantins,2016
6766,Concórdia do Pará,0.24,1502756,Pará,2016
6767,Lima Campos,0.07,2106003,Maranhão,2016
6768,São João do Paraíso,0.32,2111052,Maranhão,2016
6769,Boa Vista do Gurupi,0.62,2101970,Maranhão,2016
6770,Ponte Alta do Tocantins,0.0,1717909,Tocantins,2016
6771,Nazaré,0.36,1714302,Tocantins,2016
6772,Aveiro,13.39,1501006,Pará,2016
6773,Nova União,0.84,1101435,Rondônia,2016
6774,Boca do Acre,88.42,1300706,Amazonas,2016
6775,Luciara,0.22,5105309,Mato Grosso,2016
6776,Xambioá,1.97,1722107,Tocantins,2016
6777,Barcelos,1.0,1300409,Amazonas,2016
6778,Guaraí,0.2,1709302,Tocantins,2016
6779,Codajás,1.07,1301308,Amazonas,2016
6780,Querência,21.5,5107065,Mato Grosso,2016
6781,São Luiz,6.79,1400605,Roraima,2016
6782,Careiro,1.48,1301100,Amazonas,2016
6783,Pium,0.2,1717503,Tocantins,2016
6784,Brasnorte,26.62,5101902,Mato Grosso,2016
6785,Paranaíta,50.52,5106299,Mato Grosso,2016
6786,Oriximiná,11.69,1505304,Pará,2016
6787,Amajari,8.97,1400027,Roraima,2016
6788,Baião,5.64,1501204,Pará,2016
6789,Pacaraima,0.14,1400456,Roraima,2016
6790,Tabocão,0.0,1708254,Tocantins,2016
6791,São Salvador do Tocantins,0.0,1720259,Tocantins,2016
6792,Ipueiras,0.0,1709807,Tocantins,2016
6793,Juruá,0.85,1302207,Amazonas,2016
6794,Santana,0.25,1600600,Amapá,2016
6795,Jutaí,1.62,1302306,Amazonas,2016
6796,Crixás do Tocantins,0.0,1706258,Tocantins,2016
6797,Angico,0.0,1701051,Tocantins,2016
6798,Palestina do Pará,2.33,1505494,Pará,2016
6799,Alto Boa Vista,1.05,5100359,Mato Grosso,2016
6800,Turiaçu,1.0,2112407,Maranhão,2016
6801,Wanderlândia,1.28,1722081,Tocantins,2016
6802,Viana,0.07,2112803,Maranhão,2016
6803,Pedro Afonso,0.19,1716505,Tocantins,2016
6804,Riachinho,0.3,1718550,Tocantins,2016
6805,São Valério,0.0,1720499,Tocantins,2016
6806,Cachoeira do Piriá,9.16,1501956,Pará,2016
6807,Castanhal,0.84,1502400,Pará,2016
6808,Rondon do Pará,26.43,1506187,Pará,2016
6809,Barra do Ouro,0.0,1703073,Tocantins,2016
6810,Tomé-Açu,7.28,1508001,Pará,2016
6811,Poção de Pedras,0.0,2108900,Maranhão,2016
6812,São Bento,0.0,2110500,Maranhão,2016
6813,Godofredo Viana,0.3,2104305,Maranhão,2016
6814,Presidente Juscelino,1.03,2109205,Maranhão,2016
6815,São Pedro dos Crentes,0.0,2111573,Maranhão,2016
6816,Buriti do Tocantins,0.0,1703800,Tocantins,2016
6817,Centro Novo do Maranhão,4.77,2103174,Maranhão,2016
6818,Careiro da Várzea,8.24,1301159,Amazonas,2016
6819,Buriti Bravo,0.77,2102309,Maranhão,2016
6820,Pedro do Rosário,0.94,2108256,Maranhão,2016
6821,Palmeirante,0.0,1715705,Tocantins,2016
6822,Palmeiras do Tocantins,0.2,1713809,Tocantins,2016
6823,Carrasco Bonito,0.0,1703891,Tocantins,2016
6824,Conceição do Lago-Açu,0.0,2103554,Maranhão,2016
6825,Vitorino Freire,0.0,2113009,Maranhão,2016
6826,São Domingos do Araguaia,2.58,1507151,Pará,2016
6827,Almas,0.0,1700400,Tocantins,2016
6828,Lajeado,0.0,1712009,Tocantins,2016
6829,Feira Nova do Maranhão,0.0,2104073,Maranhão,2016
6830,Icatu,0.08,2105104,Maranhão,2016
6831,Cururupu,0.0,2103703,Maranhão,2016
6832,Itacajá,0.0,1710508,Tocantins,2016
6833,Luís Domingues,0.0,2106201,Maranhão,2016
6834,Campos Lindos,0.0,1703842,Tocantins,2016
6835,Aurora do Pará,1.51,1500958,Pará,2016
6836,Peri Mirim,0.0,2108405,Maranhão,2016
6837,Capinzal do Norte,0.32,2102754,Maranhão,2016
6838,Cachoeirinha,0.32,1703826,Tocantins,2016
6839,Bela Vista do Maranhão,0.0,2101772,Maranhão,2016
6840,Carmolândia,0.0,1703883,Tocantins,2016
6841,Santa Rita do Tocantins,1.15,1718899,Tocantins,2016
6842,Ministro Andreazza,0.24,1101203,Rondônia,2016
6843,Ponta de Pedras,0.0,1505700,Pará,2016
6844,Chupinguaia,8.79,1100924,Rondônia,2016
6845,Castanheira,11.65,5102850,Mato Grosso,2016
6846,Manaquiri,0.99,1302553,Amazonas,2016
6847,Marcelândia,55.23,5105580,Mato Grosso,2016
6848,Formoso do Araguaia,0.44,1708205,Tocantins,2016
6849,São Felipe D'Oeste,0.1,1101484,Rondônia,2016
6850,Brejinho de Nazaré,0.0,1703701,Tocantins,2016
6851,Juara,38.57,5105101,Mato Grosso,2016
6852,Guarantã do Norte,14.71,5104104,Mato Grosso,2016
6853,Nova Marilândia,0.23,5108857,Mato Grosso,2016
6854,Bernardo do Mearim,0.12,2101939,Maranhão,2016
6855,Terra Nova do Norte,6.0,5108055,Mato Grosso,2016
6856,Indiavaí,0.0,5104500,Mato Grosso,2016
6857,Soure,0.0,1507904,Pará,2016
6858,Caapiranga,0.7,1300839,Amazonas,2016
6859,Marabá,99.51,1504208,Pará,2016
6860,Nova Brasilândia D'Oeste,2.15,1100148,Rondônia,2016
6861,Campo Novo do Parecis,0.8,5102637,Mato Grosso,2016
6862,Guajará-Mirim,13.02,1100106,Rondônia,2016
6863,Mojuí dos Campos,10.16,1504752,Pará,2016
6864,Benjamin Constant,0.23,1300607,Amazonas,2016
6865,Dois Irmãos do Tocantins,2.67,1707207,Tocantins,2016
6866,Jaru,1.66,1100114,Rondônia,2016
6867,Jordão,2.14,1200328,Acre,2016
6868,Mucajaí,45.24,1400308,Roraima,2016
6869,Normandia,0.0,1400407,Roraima,2016
6870,Juína,51.46,5105150,Mato Grosso,2016
6871,Corumbiara,1.73,1100072,Rondônia,2016
6872,Urupá,1.12,1101708,Rondônia,2016
6873,Trairão,40.5,1508050,Pará,2016
6874,Atalaia do Norte,1.03,1300201,Amazonas,2016
6875,Nhamundá,1.41,1303007,Amazonas,2016
6876,Barra do Garças,0.0,5101803,Mato Grosso,2016
6877,São Domingos do Maranhão,6.34,2110708,Maranhão,2016
6878,Bagre,1.75,1501105,Pará,2016
6879,São Bento do Tocantins,0.19,1720101,Tocantins,2016
6880,Juruti,3.98,1503903,Pará,2016
6881,Colniza,223.11,5103254,Mato Grosso,2016
6882,Quatipuru,0.09,1506112,Pará,2016
6883,Salinópolis,0.21,1506203,Pará,2016
6884,Babaçulândia,0.0,1703008,Tocantins,2016
6885,Zé Doca,2.01,2114007,Maranhão,2016
6886,Sapucaia,1.03,1507755,Pará,2016
6887,Colares,0.1,1502608,Pará,2016
6888,Araguatins,2.72,1702208,Tocantins,2016
6889,Pio XII,0.0,2108702,Maranhão,2016
6890,Novo Jardim,0.0,1715259,Tocantins,2016
6891,Marechal Thaumaturgo,2.54,1200351,Acre,2016
6892,Teixeirópolis,0.07,1101559,Rondônia,2016
6893,São Francisco do Pará,0.31,1507409,Pará,2016
6894,Paulo Ramos,0.22,2108108,Maranhão,2016
6895,Nova Colinas,0.0,2107258,Maranhão,2016
6896,Santa Maria do Tocantins,0.0,1718881,Tocantins,2016
6897,Arraias,0.0,1702406,Tocantins,2016
6898,Salvaterra,0.25,1506302,Pará,2016
6899,Manicoré,85.98,1302702,Amazonas,2016
6900,Santa Maria do Pará,0.25,1506609,Pará,2016
6901,Cajapió,0.0,2102408,Maranhão,2016
6902,Bom Jardim,31.37,2102002,Maranhão,2016
6903,Peixe,0.0,1716604,Tocantins,2016
6904,Governador Archer,5.12,2104503,Maranhão,2016
6905,Curralinho,0.98,1502806,Pará,2016
6906,Talismã,0.0,1720978,Tocantins,2016
6907,Timbiras,0.06,2112100,Maranhão,2016
6908,Igarapé-Açu,0.1,1503200,Pará,2016
6909,Lago Verde,0.0,2105906,Maranhão,2016
6910,Itamarati,0.58,1301951,Amazonas,2016
6911,Lábrea,310.24,1302405,Amazonas,2016
6912,Luzinópolis,0.0,1712454,Tocantins,2016
6913,Brasilândia do Tocantins,0.0,1703602,Tocantins,2016
6914,Axixá,0.1,2101103,Maranhão,2016
6915,Brejo de Areia,0.55,2102150,Maranhão,2016
6916,Marituba,0.0,1504422,Pará,2016
6917,Recursolândia,0.0,1718501,Tocantins,2016
6918,Praia Norte,0.5,1718303,Tocantins,2016
6919,Sítio Novo,0.0,2111805,Maranhão,2016
6920,Ouro Preto do Oeste,8.35,1100155,Rondônia,2016
6921,São Félix do Tocantins,0.0,1720150,Tocantins,2016
6922,Marapanim,0.51,1504406,Pará,2016
6923,Bacabeira,0.26,2101251,Maranhão,2016
6924,Santarém Novo,0.14,1506906,Pará,2016
6925,Mirador,0.0,2106706,Maranhão,2016
6926,Vila Nova dos Martírios,0.21,2112852,Maranhão,2016
6927,Riachão,0.0,2109502,Maranhão,2016
6928,Ourém,0.69,1505403,Pará,2016
6929,São José dos Basílios,0.35,2111250,Maranhão,2016
6930,Governador Nunes Freire,0.0,2104677,Maranhão,2016
6931,Calçoene,0.57,1600204,Amapá,2016
6932,Alto Araguaia,0.0,5100300,Mato Grosso,2016
6933,Mirinzal,0.0,2106805,Maranhão,2016
6934,Jenipapo dos Vieiras,3.45,2105476,Maranhão,2016
6935,Santa Izabel do Pará,0.83,1506500,Pará,2016
6936,Combinado,0.0,1705557,Tocantins,2016
6937,Envira,4.37,1301506,Amazonas,2016
6938,Graça Aranha,1.03,2104701,Maranhão,2016
6939,Tocantinópolis,0.18,1721208,Tocantins,2016
6940,Amaturá,0.23,1300060,Amazonas,2016
6941,Cacaulândia,6.34,1100601,Rondônia,2016
6942,São Félix de Balsas,0.0,2110807,Maranhão,2016
6943,Colinas,1.9,2103505,Maranhão,2016
6944,Buritirana,2.75,2102358,Maranhão,2016
6945,Ananindeua,0.0,1500800,Pará,2016
6946,Presidente Figueiredo,6.41,1303536,Amazonas,2016
6947,Abaetetuba,0.39,1500107,Pará,2016
6948,Pindaré-Mirim,0.0,2108504,Maranhão,2016
6949,Centenário,0.0,1704105,Tocantins,2016
6950,Santa Terezinha do Tocantins,0.2,1720002,Tocantins,2016
6951,Vigia,0.24,1508209,Pará,2016
6952,Campo Novo de Rondônia,33.14,1100700,Rondônia,2016
6953,Santa Cruz do Xingu,16.72,5107743,Mato Grosso,2016
6954,Lajeado Novo,0.08,2105989,Maranhão,2016
6955,Afuá,0.0,1500305,Pará,2016
6956,Ribamar Fiquene,6.32,2109551,Maranhão,2016
6957,Peixoto de Azevedo,39.7,5106422,Mato Grosso,2017
6958,Pau D'Arco,0.48,1505551,Pará,2017
6959,Mâncio Lima,1.83,1200336,Acre,2017
6960,Alto Alegre,1.8,1400050,Roraima,2017
6961,Pedra Preta,0.0,5106372,Mato Grosso,2017
6962,Itaituba,79.97,1503606,Pará,2017
6963,Redenção,0.34,1506138,Pará,2017
6964,Iracema,11.06,1400282,Roraima,2017
6965,Santo Antônio do Leverger,0.81,5107800,Mato Grosso,2017
6966,Porto Esperidião,0.28,5106828,Mato Grosso,2017
6967,Nova Brasilândia,0.64,5106208,Mato Grosso,2017
6968,Caracaraí,22.41,1400209,Roraima,2017
6969,Ponte Branca,0.0,5106703,Mato Grosso,2017
6970,Cuiabá,0.0,5103403,Mato Grosso,2017
6971,Tucumã,3.91,1508084,Pará,2017
6972,Alto Paraguai,0.0,5100508,Mato Grosso,2017
6973,São Pedro da Cipa,0.0,5107404,Mato Grosso,2017
6974,Porto Estrela,0.23,5106851,Mato Grosso,2017
6975,Porto de Moz,15.06,1505908,Pará,2017
6976,Denise,0.62,5103452,Mato Grosso,2017
6977,Cáceres,8.28,5102504,Mato Grosso,2017
6978,Tesouro,0.0,5108105,Mato Grosso,2017
6979,Araguaiana,0.0,5101001,Mato Grosso,2017
6980,Matupá,8.44,5105606,Mato Grosso,2017
6981,Conquista D'Oeste,0.21,5103361,Mato Grosso,2017
6982,Vale de São Domingos,0.2,5108352,Mato Grosso,2017
6983,Juscimeira,0.0,5105200,Mato Grosso,2017
6984,Nova Guarita,2.34,5108808,Mato Grosso,2017
6985,Bonfim,1.71,1400159,Roraima,2017
6986,Tapauá,4.26,1304104,Amazonas,2017
6987,Salto do Céu,0.1,5107750,Mato Grosso,2017
6988,Campo Verde,0.3,5102678,Mato Grosso,2017
6989,Eirunepé,2.83,1301407,Amazonas,2017
6990,Curvelândia,0.0,5103437,Mato Grosso,2017
6991,Acorizal,0.0,5100102,Mato Grosso,2017
6992,Várzea Grande,0.0,5108402,Mato Grosso,2017
6993,Rosário Oeste,0.0,5107701,Mato Grosso,2017
6994,Rio Branco,0.0,5107206,Mato Grosso,2017
6995,Santo Antônio do Leste,0.0,5107792,Mato Grosso,2017
6996,Chapada dos Guimarães,0.0,5103007,Mato Grosso,2017
6997,Novo São Joaquim,0.0,5106281,Mato Grosso,2017
6998,Glória D'Oeste,0.08,5103957,Mato Grosso,2017
6999,São José do Povo,0.0,5107297,Mato Grosso,2017
7000,Mirassol d'Oeste,1.12,5105622,Mato Grosso,2017
7001,Nova Bandeirantes,48.9,5106158,Mato Grosso,2017
7002,Poconé,0.38,5106505,Mato Grosso,2017
7003,Conceição do Araguaia,3.03,1502707,Pará,2017
7004,Barra do Bugres,7.31,5101704,Mato Grosso,2017
7005,Guiratinga,0.0,5104203,Mato Grosso,2017
7006,Dom Aquino,0.0,5103601,Mato Grosso,2017
7007,Lambari D'Oeste,1.13,5105234,Mato Grosso,2017
7008,São José dos Quatro Marcos,0.0,5107107,Mato Grosso,2017
7009,Poxoréu,0.0,5107008,Mato Grosso,2017
7010,Floresta do Araguaia,3.97,1503044,Pará,2017
7011,Barão de Melgaço,0.34,5101605,Mato Grosso,2017
7012,Araputanga,0.0,5101258,Mato Grosso,2017
7013,Nova Olímpia,0.26,5106232,Mato Grosso,2017
7014,Rondonópolis,0.69,5107602,Mato Grosso,2017
7015,Nova Xavantina,0.37,5106257,Mato Grosso,2017
7016,Pontal do Araguaia,0.0,5106653,Mato Grosso,2017
7017,Jangada,0.0,5104906,Mato Grosso,2017
7018,Amapá,0.16,1600105,Amapá,2017
7019,Guajará,4.84,1301654,Amazonas,2017
7020,Vila Bela da Santíssima Trindade,17.05,5105507,Mato Grosso,2017
7021,Araguainha,0.0,5101209,Mato Grosso,2017
7022,Capixaba,11.57,1200179,Acre,2017
7023,Jauru,0.67,5105002,Mato Grosso,2017
7024,Ribeirãozinho,0.0,5107198,Mato Grosso,2017
7025,Reserva do Cabaçal,1.25,5107156,Mato Grosso,2017
7026,Figueirópolis D'Oeste,0.0,5103809,Mato Grosso,2017
7027,Alto Garças,0.0,5100409,Mato Grosso,2017
7028,Nossa Senhora do Livramento,0.0,5106109,Mato Grosso,2017
7029,Jaciara,0.0,5104807,Mato Grosso,2017
7030,Manaus,1.98,1302603,Amazonas,2017
7031,Pontes e Lacerda,4.51,5106752,Mato Grosso,2017
7032,Ipixuna,2.25,1301803,Amazonas,2017
7033,Primavera do Leste,0.0,5107040,Mato Grosso,2017
7034,Maraã,0.95,1302801,Amazonas,2017
7035,Torixoréu,0.0,5108204,Mato Grosso,2017
7036,General Carneiro,0.0,5103908,Mato Grosso,2017
7037,Nova Rosalândia,0.0,1715002,Tocantins,2017
7038,São Gabriel da Cachoeira,0.94,1303809,Amazonas,2017
7039,Ipiranga do Norte,1.21,5104526,Mato Grosso,2017
7040,Araguaína,0.93,1702109,Tocantins,2017
7041,São Geraldo do Araguaia,1.89,1507458,Pará,2017
7042,Augusto Corrêa,0.0,1500909,Pará,2017
7043,Uarini,2.56,1304260,Amazonas,2017
7044,Vilhena,14.72,1100304,Rondônia,2017
7045,Nova Lacerda,14.79,5106182,Mato Grosso,2017
7046,Itaporã do Tocantins,0.0,1711100,Tocantins,2017
7047,Lucas do Rio Verde,1.1,5105259,Mato Grosso,2017
7048,Nova Maringá,49.06,5108907,Mato Grosso,2017
7049,Goianésia do Pará,23.6,1503093,Pará,2017
7050,Bujari,7.63,1200138,Acre,2017
7051,Rio Maria,6.22,1506161,Pará,2017
7052,Divinópolis do Tocantins,0.09,1707108,Tocantins,2017
7053,Jacareacanga,35.24,1503754,Pará,2017
7054,Barrolândia,0.0,1703107,Tocantins,2017
7055,Diamantino,6.94,5103502,Mato Grosso,2017
7056,Santa Fé do Araguaia,4.66,1718865,Tocantins,2017
7057,Santa Carmem,27.1,5107248,Mato Grosso,2017
7058,Bannach,5.47,1501253,Pará,2017
7059,Canabrava do Norte,1.2,5102694,Mato Grosso,2017
7060,Pedra Branca do Amapari,1.45,1600154,Amapá,2017
7061,Oliveira de Fátima,0.0,1715507,Tocantins,2017
7062,Caseara,0.16,1703909,Tocantins,2017
7063,Santa Cruz do Arari,0.0,1506401,Pará,2017
7064,Tapurah,7.23,5108006,Mato Grosso,2017
7065,Parauapebas,1.52,1505536,Pará,2017
7066,Limoeiro do Ajuru,0.15,1504000,Pará,2017
7067,Theobroma,3.31,1101609,Rondônia,2017
7068,São Félix do Xingu,236.65,1507300,Pará,2017
7069,Comodoro,25.26,5103304,Mato Grosso,2017
7070,Goianorte,0.56,1708304,Tocantins,2017
7071,Governador Jorge Teixeira,6.71,1101005,Rondônia,2017
7072,Tabaporã,27.84,5107941,Mato Grosso,2017
7073,Epitaciolândia,5.55,1200252,Acre,2017
7074,Vera,4.17,5108501,Mato Grosso,2017
7075,Novo Mundo,19.61,5106265,Mato Grosso,2017
7076,Bernardo Sayão,0.0,1703206,Tocantins,2017
7077,Rolim de Moura,2.27,1100288,Rondônia,2017
7078,Seringueiras,6.23,1101500,Rondônia,2017
7079,Autazes,19.04,1300300,Amazonas,2017
7080,Ferreira Gomes,0.0,1600238,Amapá,2017
7081,Palmas,0.0,1721000,Tocantins,2017
7082,São Francisco do Brejão,0.45,2110856,Maranhão,2017
7083,Sambaíba,0.0,2109700,Maranhão,2017
7084,Novo Alegre,0.0,1715150,Tocantins,2017
7085,Santa Luzia D'Oeste,0.54,1100296,Rondônia,2017
7086,Tartarugalzinho,2.41,1600709,Amapá,2017
7087,Arenápolis,0.0,5101308,Mato Grosso,2017
7088,Gurupi,0.0,1709500,Tocantins,2017
7089,Lagoa da Confusão,2.24,1711902,Tocantins,2017
7090,Boa Vista,0.0,1400100,Roraima,2017
7091,Gurupá,2.17,1503101,Pará,2017
7092,São Pedro da Água Branca,0.92,2111532,Maranhão,2017
7093,Jaú do Tocantins,0.0,1711506,Tocantins,2017
7094,Araguaçu,0.0,1702000,Tocantins,2017
7095,Sandolândia,0.0,1718840,Tocantins,2017
7096,Altamira,224.22,1500602,Pará,2017
7097,Aliança do Tocantins,0.0,1700350,Tocantins,2017
7098,São Sebastião do Uatumã,3.64,1303957,Amazonas,2017
7099,Porto dos Gaúchos,18.76,5106802,Mato Grosso,2017
7100,Sapezal,1.1,5107875,Mato Grosso,2017
7101,Bragança,0.57,1501709,Pará,2017
7102,Nova Santa Helena,3.48,5106190,Mato Grosso,2017
7103,Alto Paraíso,53.0,1100403,Rondônia,2017
7104,Araguanã,0.0,1702158,Tocantins,2017
7105,São José do Rio Claro,16.5,5107305,Mato Grosso,2017
7106,Pimenteiras do Oeste,2.86,1101468,Rondônia,2017
7107,Mocajuba,0.3,1504604,Pará,2017
7108,Iranduba,2.02,1301852,Amazonas,2017
7109,Urucará,0.63,1304302,Amazonas,2017
7110,Santa Isabel do Rio Negro,0.69,1303601,Amazonas,2017
7111,Senador Guiomard,4.68,1200450,Acre,2017
7112,Figueirópolis,0.0,1707652,Tocantins,2017
7113,Coari,2.11,1301209,Amazonas,2017
7114,Carauari,0.45,1301001,Amazonas,2017
7115,Nova Mutum,2.46,5106224,Mato Grosso,2017
7116,Nova Nazaré,63.44,5106174,Mato Grosso,2017
7117,Brasil Novo,27.73,1501725,Pará,2017
7118,Apuí,169.54,1300144,Amazonas,2017
7119,Santa Terezinha,21.07,5107776,Mato Grosso,2017
7120,Campinápolis,0.0,5102603,Mato Grosso,2017
7121,Nova Mamoré,177.11,1100338,Rondônia,2017
7122,Castanheiras,4.17,1100908,Rondônia,2017
7123,União do Sul,45.9,5108303,Mato Grosso,2017
7124,Alvorada,0.0,1700707,Tocantins,2017
7125,Caroebe,15.42,1400233,Roraima,2017
7126,Coroatá,1.31,2103604,Maranhão,2017
7127,Pastos Bons,0.0,2108009,Maranhão,2017
7128,Lago do Junco,0.0,2105807,Maranhão,2017
7129,Matões do Norte,0.54,2106631,Maranhão,2017
7130,Cantanhede,0.55,2102705,Maranhão,2017
7131,Arame,25.29,2100956,Maranhão,2017
7132,Conceição do Tocantins,0.0,1705607,Tocantins,2017
7133,Tufilândia,0.0,2112274,Maranhão,2017
7134,Governador Newton Bello,0.0,2104651,Maranhão,2017
7135,Maranhãozinho,0.0,2106375,Maranhão,2017
7136,Igarapé Grande,0.0,2105203,Maranhão,2017
7137,Monção,1.77,2106904,Maranhão,2017
7138,Peritoró,0.26,2108454,Maranhão,2017
7139,Sucupira do Norte,0.0,2111904,Maranhão,2017
7140,Formosa da Serra Negra,0.07,2104099,Maranhão,2017
7141,Nova Iorque,0.0,2107308,Maranhão,2017
7142,Santa Filomena do Maranhão,0.99,2109759,Maranhão,2017
7143,Carutapera,4.71,2102903,Maranhão,2017
7144,Rio Branco,25.86,1200401,Acre,2017
7145,Satubinha,0.0,2111722,Maranhão,2017
7146,Cujubim,85.99,1100940,Rondônia,2017
7147,Fernando Falcão,12.16,2104081,Maranhão,2017
7148,Pirapemas,0.48,2108801,Maranhão,2017
7149,Centro do Guilherme,0.27,2103158,Maranhão,2017
7150,Oiapoque,1.56,1600501,Amapá,2017
7151,Darcinópolis,0.0,1706506,Tocantins,2017
7152,Alcântara,0.0,2100204,Maranhão,2017
7153,Arari,1.83,2101004,Maranhão,2017
7154,Cumaru do Norte,38.38,1502764,Pará,2017
7155,Miranda do Norte,1.97,2106755,Maranhão,2017
7156,Penalva,1.2,2108306,Maranhão,2017
7157,Brejo Grande do Araguaia,1.92,1501758,Pará,2017
7158,Medicilândia,116.56,1504455,Pará,2017
7159,Nova Timboteua,0.61,1505007,Pará,2017
7160,Central do Maranhão,0.0,2103125,Maranhão,2017
7161,Alto Alegre do Maranhão,0.35,2100436,Maranhão,2017
7162,Maurilândia do Tocantins,0.0,1712801,Tocantins,2017
7163,Paragominas,19.6,1505502,Pará,2017
7164,Morros,0.0,2107100,Maranhão,2017
7165,Itinga do Maranhão,5.95,2105427,Maranhão,2017
7166,Santa Helena,1.61,2109809,Maranhão,2017
7167,São João da Ponta,0.79,1507466,Pará,2017
7168,Cedral,0.0,2103109,Maranhão,2017
7169,São João Batista,0.0,2111003,Maranhão,2017
7170,São Raimundo do Doca Bezerra,0.0,2111631,Maranhão,2017
7171,Turilândia,1.38,2112456,Maranhão,2017
7172,São João de Pirabas,0.69,1507474,Pará,2017
7173,Lago dos Rodrigues,0.0,2105948,Maranhão,2017
7174,Lagoa do Tocantins,0.0,1711951,Tocantins,2017
7175,Dianópolis,0.0,1707009,Tocantins,2017
7176,Novo Acordo,0.0,1715101,Tocantins,2017
7177,Maracanã,1.4,1504307,Pará,2017
7178,Axixá do Tocantins,0.0,1702901,Tocantins,2017
7179,Cachoeira Grande,0.0,2102374,Maranhão,2017
7180,Anajatuba,0.15,2100709,Maranhão,2017
7181,Aurora do Tocantins,0.0,1702703,Tocantins,2017
7182,Itiquira,0.0,5104609,Mato Grosso,2017
7183,Mateiros,0.0,1712702,Tocantins,2017
7184,Natividade,0.0,1714203,Tocantins,2017
7185,Joselândia,1.33,2105609,Maranhão,2017
7186,Bom Jesus do Tocantins,0.0,1703305,Tocantins,2017
7187,Estreito,0.0,2104057,Maranhão,2017
7188,Lizarda,0.0,1712405,Tocantins,2017
7189,Ariquemes,20.66,1100023,Rondônia,2017
7190,Olho d'Água das Cunhãs,0.0,2107407,Maranhão,2017
7191,Cajari,1.66,2102507,Maranhão,2017
7192,Bom Jesus do Tocantins,5.73,1501576,Pará,2017
7193,Chaves,2.17,1502509,Pará,2017
7194,Governador Eugênio Barros,4.64,2104602,Maranhão,2017
7195,Barcarena,2.77,1501303,Pará,2017
7196,São João da Baliza,4.53,1400506,Roraima,2017
7197,Miracema do Tocantins,0.0,1713205,Tocantins,2017
7198,Rio dos Bois,0.0,1718709,Tocantins,2017
7199,Itaubal,0.0,1600253,Amapá,2017
7200,Tefé,5.73,1304203,Amazonas,2017
7201,Cláudia,31.61,5103056,Mato Grosso,2017
7202,Nortelândia,0.64,5106000,Mato Grosso,2017
7203,Anori,0.24,1300102,Amazonas,2017
7204,Água Boa,1.74,5100201,Mato Grosso,2017
7205,Miranorte,0.0,1713304,Tocantins,2017
7206,Rorainópolis,33.7,1400472,Roraima,2017
7207,Cocalinho,11.42,5103106,Mato Grosso,2017
7208,Costa Marques,25.65,1100080,Rondônia,2017
7209,Macapá,0.65,1600303,Amapá,2017
7210,Mirante da Serra,4.46,1101302,Rondônia,2017
7211,Monte Alegre,31.05,1504802,Pará,2017
7212,Santa Rosa do Purus,2.39,1200435,Acre,2017
7213,Palmeirópolis,0.0,1715754,Tocantins,2017
7214,Canaã dos Carajás,1.4,1502152,Pará,2017
7215,Guimarães,0.0,2104909,Maranhão,2017
7216,Belterra,1.97,1501451,Pará,2017
7217,Itapiratins,0.0,1710904,Tocantins,2017
7218,Araguanã,0.06,2100873,Maranhão,2017
7219,Viseu,11.04,1508308,Pará,2017
7220,Uruará,88.58,1508159,Pará,2017
7221,Junco do Maranhão,0.12,2105658,Maranhão,2017
7222,Novo Aripuanã,126.57,1303304,Amazonas,2017
7223,Cotriguaçu,45.08,5103379,Mato Grosso,2017
7224,Jatobá,3.26,2105450,Maranhão,2017
7225,Rio Sono,0.0,1718758,Tocantins,2017
7226,Tracuateua,0.42,1508035,Pará,2017
7227,Breu Branco,8.9,1501782,Pará,2017
7228,Santa Tereza do Tocantins,0.0,1719004,Tocantins,2017
7229,Maracaçumé,1.71,2106326,Maranhão,2017
7230,Parintins,2.21,1303403,Amazonas,2017
7231,Porto Grande,3.02,1600535,Amapá,2017
7232,Aragominas,1.86,1701309,Tocantins,2017
7233,Pugmil,0.0,1718451,Tocantins,2017
7234,Araguacema,0.21,1701903,Tocantins,2017
7235,Novo Airão,1.53,1303205,Amazonas,2017
7236,Breves,1.04,1501808,Pará,2017
7237,Acará,18.54,1500206,Pará,2017
7238,Augustinópolis,0.25,1702554,Tocantins,2017
7239,Canutama,28.12,1300904,Amazonas,2017
7240,Serra Nova Dourada,5.18,5107883,Mato Grosso,2017
7241,Humaitá,34.56,1301704,Amazonas,2017
7242,Borba,3.37,1300805,Amazonas,2017
7243,Ourilândia do Norte,13.23,1505437,Pará,2017
7244,Cerejeiras,1.67,1100056,Rondônia,2017
7245,Mãe do Rio,0.37,1504059,Pará,2017
7246,Bom Jesus das Selvas,15.97,2102036,Maranhão,2017
7247,São João do Soter,0.0,2111078,Maranhão,2017
7248,Magalhães Barata,0.34,1504109,Pará,2017
7249,Senador Alexandre Costa,1.31,2111748,Maranhão,2017
7250,São Mateus do Maranhão,0.19,2111508,Maranhão,2017
7251,Marajá do Sena,4.57,2106359,Maranhão,2017
7252,Igarapé do Meio,0.25,2105153,Maranhão,2017
7253,Santa Rosa do Tocantins,0.0,1718907,Tocantins,2017
7254,Manacapuru,2.52,1302504,Amazonas,2017
7255,Alvarães,4.18,1300029,Amazonas,2017
7256,Cabixi,1.87,1100031,Rondônia,2017
7257,Candeias do Jamari,105.01,1100809,Rondônia,2017
7258,Nova Canaã do Norte,12.47,5106216,Mato Grosso,2017
7259,Moju,43.14,1504703,Pará,2017
7260,Maués,20.59,1302900,Amazonas,2017
7261,São Miguel do Guaporé,9.86,1100320,Rondônia,2017
7262,Santa Maria das Barreiras,16.74,1506583,Pará,2017
7263,Silves,1.06,1304005,Amazonas,2017
7264,Bandeirantes do Tocantins,0.0,1703057,Tocantins,2017
7265,Porto Alegre do Norte,0.42,5106778,Mato Grosso,2017
7266,Gaúcha do Norte,48.3,5103858,Mato Grosso,2017
7267,Nova Monte Verde,17.43,5108956,Mato Grosso,2017
7268,Cametá,1.27,1502103,Pará,2017
7269,Tarauacá,14.86,1200609,Acre,2017
7270,São José do Xingu,2.02,5107354,Mato Grosso,2017
7271,Nova Olinda do Norte,3.27,1303106,Amazonas,2017
7272,Pracuúba,0.18,1600550,Amapá,2017
7273,Bom Jesus do Araguaia,9.48,5101852,Mato Grosso,2017
7274,Santo Antônio do Içá,1.23,1303700,Amazonas,2017
7275,Tabatinga,0.45,1304062,Amazonas,2017
7276,Vitória do Xingu,7.15,1508357,Pará,2017
7277,Campos de Júlio,0.33,5102686,Mato Grosso,2017
7278,Aripuanã,91.93,5101407,Mato Grosso,2017
7279,Alvorada D'Oeste,1.13,1100346,Rondônia,2017
7280,Nova Ubiratã,43.73,5106240,Mato Grosso,2017
7281,Cruzeiro do Sul,9.45,1200203,Acre,2017
7282,Alta Floresta,11.74,5100250,Mato Grosso,2017
7283,Faro,1.15,1503002,Pará,2017
7284,Canarana,1.61,5102702,Mato Grosso,2017
7285,Cachoeira do Arari,0.0,1502004,Pará,2017
7286,Paraíso do Tocantins,0.0,1716109,Tocantins,2017
7287,Primavera de Rondônia,0.5,1101476,Rondônia,2017
7288,Cutias,0.13,1600212,Amapá,2017
7289,Cacoal,8.02,1100049,Rondônia,2017
7290,Piçarra,2.76,1505635,Pará,2017
7291,Vitória do Jari,1.1,1600808,Amapá,2017
7292,Porto Nacional,0.0,1718204,Tocantins,2017
7293,Assis Brasil,6.39,1200054,Acre,2017
7294,Planalto da Serra,0.0,5106455,Mato Grosso,2017
7295,Colinas do Tocantins,0.0,1705508,Tocantins,2017
7296,Colíder,3.52,5103205,Mato Grosso,2017
7297,Sinop,7.26,5107909,Mato Grosso,2017
7298,Muricilândia,0.0,1713957,Tocantins,2017
7299,Alta Floresta D'Oeste,19.3,1100015,Rondônia,2017
7300,Sorriso,0.6,5107925,Mato Grosso,2017
7301,Inhangapi,0.2,1503408,Pará,2017
7302,Bacabal,0.0,2101202,Maranhão,2017
7303,Primavera,0.0,1506104,Pará,2017
7304,Presidente Sarney,1.72,2109270,Maranhão,2017
7305,Lagoa Grande do Maranhão,0.54,2105963,Maranhão,2017
7306,Campestre do Maranhão,0.58,2102556,Maranhão,2017
7307,Dom Pedro,0.72,2103802,Maranhão,2017
7308,Itaguatins,0.34,1710706,Tocantins,2017
7309,Nova Olinda do Maranhão,0.1,2107357,Maranhão,2017
7310,Ananás,0.0,1701002,Tocantins,2017
7311,Santa Luzia do Paruá,0.41,2110039,Maranhão,2017
7312,Palmeirândia,0.27,2107605,Maranhão,2017
7313,Nova Esperança do Piriá,5.5,1504950,Pará,2017
7314,Alto Taquari,0.0,5100607,Mato Grosso,2017
7315,Ji-Paraná,1.21,1100122,Rondônia,2017
7316,Boa Vista do Ramos,0.9,1300680,Amazonas,2017
7317,Carolina,0.0,2102804,Maranhão,2017
7318,Japurá,0.62,1302108,Amazonas,2017
7319,Santa Bárbara do Pará,0.17,1506351,Pará,2017
7320,Monte do Carmo,0.0,1713601,Tocantins,2017
7321,Prainha,67.05,1506005,Pará,2017
7322,Tuntum,9.42,2112308,Maranhão,2017
7323,Curuçá,0.43,1502905,Pará,2017
7324,Taipas do Tocantins,0.0,1720937,Tocantins,2017
7325,Itaipava do Grajaú,0.73,2105351,Maranhão,2017
7326,Laranjal do Jari,1.82,1600279,Amapá,2017
7327,Senador La Rocque,1.31,2111763,Maranhão,2017
7328,Santa Luzia,3.12,2110005,Maranhão,2017
7329,Santana do Araguaia,14.03,1506708,Pará,2017
7330,Santo Antônio do Tauá,0.25,1507003,Pará,2017
7331,Tasso Fragoso,0.0,2112001,Maranhão,2017
7332,Porto Rico do Maranhão,0.0,2109056,Maranhão,2017
7333,Silvanópolis,0.0,1720655,Tocantins,2017
7334,Sítio Novo do Tocantins,0.17,1720804,Tocantins,2017
7335,Santa Luzia do Pará,0.35,1506559,Pará,2017
7336,Raposa,0.0,2109452,Maranhão,2017
7337,Vila Rica,5.73,5108600,Mato Grosso,2017
7338,Olinda Nova do Maranhão,0.0,2107456,Maranhão,2017
7339,Presidente Vargas,0.25,2109304,Maranhão,2017
7340,Bacurituba,0.0,2101350,Maranhão,2017
7341,Gonçalves Dias,9.8,2104404,Maranhão,2017
7342,São José de Ribamar,0.17,2111201,Maranhão,2017
7343,Altamira do Maranhão,0.0,2100402,Maranhão,2017
7344,Garrafão do Norte,0.61,1503077,Pará,2017
7345,Fortuna,5.77,2104206,Maranhão,2017
7346,São Caetano de Odivelas,0.33,1507102,Pará,2017
7347,Machadinho D'Oeste,98.35,1100130,Rondônia,2017
7348,Bequimão,0.0,2101905,Maranhão,2017
7349,Rosário,0.39,2109601,Maranhão,2017
7350,Capitão Poço,1.79,1502301,Pará,2017
7351,Bujaru,6.16,1501907,Pará,2017
7352,Monte Negro,17.99,1101401,Rondônia,2017
7353,Rodrigues Alves,5.3,1200427,Acre,2017
7354,Terra Santa,2.21,1507979,Pará,2017
7355,Bacuri,0.0,2101301,Maranhão,2017
7356,Santa Rita,2.25,2110203,Maranhão,2017
7357,Capanema,0.24,1502202,Pará,2017
7358,Presidente Dutra,0.87,2109106,Maranhão,2017
7359,Santarém,20.68,1506807,Pará,2017
7360,Melgaço,2.92,1504505,Pará,2017
7361,Peixe-Boi,1.79,1505601,Pará,2017
7362,Passagem Franca,0.0,2107902,Maranhão,2017
7363,Juruena,16.88,5105176,Mato Grosso,2017
7364,Anajás,0.0,1500701,Pará,2017
7365,Buritis,66.95,1100452,Rondônia,2017
7366,Dom Eliseu,5.63,1502939,Pará,2017
7367,Senador José Porfírio,98.75,1507805,Pará,2017
7368,Vargem Grande,0.34,2112704,Maranhão,2017
7369,Rio da Conceição,0.0,1718659,Tocantins,2017
7370,Itapecuru Mirim,2.67,2105401,Maranhão,2017
7371,Loreto,0.0,2106102,Maranhão,2017
7372,Benedito Leite,0.0,2101806,Maranhão,2017
7373,Jacundá,2.0,1503804,Pará,2017
7374,Porto Walter,3.09,1200393,Acre,2017
7375,Abel Figueiredo,0.24,1500131,Pará,2017
7376,Açailândia,4.27,2100055,Maranhão,2017
7377,Itacoatiara,11.07,1301902,Amazonas,2017
7378,São Miguel do Tocantins,0.19,1720200,Tocantins,2017
7379,Bom Lugar,0.0,2102077,Maranhão,2017
7380,Marianópolis do Tocantins,1.67,1712504,Tocantins,2017
7381,Santa Inês,0.0,2109908,Maranhão,2017
7382,Codó,2.12,2103307,Maranhão,2017
7383,Carlinda,2.31,5102793,Mato Grosso,2017
7384,Pindorama do Tocantins,0.0,1717008,Tocantins,2017
7385,Alto Parnaíba,0.0,2100501,Maranhão,2017
7386,Feliz Natal,40.5,5103700,Mato Grosso,2017
7387,São Félix do Araguaia,6.72,5107859,Mato Grosso,2017
7388,Pequizeiro,0.57,1716653,Tocantins,2017
7389,Eldorado do Carajás,1.95,1502954,Pará,2017
7390,Rio Crespo,8.04,1100262,Rondônia,2017
7391,Brasiléia,23.1,1200104,Acre,2017
7392,Tangará da Serra,0.44,5107958,Mato Grosso,2017
7393,Fonte Boa,0.43,1301605,Amazonas,2017
7394,São Miguel do Guamá,1.67,1507607,Pará,2017
7395,Nova Ipixuna,3.94,1504976,Pará,2017
7396,Filadélfia,0.0,1707702,Tocantins,2017
7397,São Domingos do Azeitão,0.0,2110658,Maranhão,2017
7398,Beruri,1.58,1300631,Amazonas,2017
7399,Espigão D'Oeste,4.25,1100098,Rondônia,2017
7400,Uiramutã,0.17,1400704,Roraima,2017
7401,Esperantinópolis,0.0,2104008,Maranhão,2017
7402,Apiacás,27.14,5100805,Mato Grosso,2017
7403,Tupiratins,0.0,1721307,Tocantins,2017
7404,Itanhangá,5.63,5104542,Mato Grosso,2017
7405,Barreirinha,3.31,1300508,Amazonas,2017
7406,Nobres,3.34,5105903,Mato Grosso,2017
7407,São Luís,0.36,2111300,Maranhão,2017
7408,Tucuruí,7.13,1508100,Pará,2017
7409,Paranã,0.0,1716208,Tocantins,2017
7410,Imperatriz,0.16,2105302,Maranhão,2017
7411,Benevides,0.21,1501501,Pará,2017
7412,São João do Carú,0.35,2111029,Maranhão,2017
7413,Cariri do Tocantins,0.0,1703867,Tocantins,2017
7414,Óbidos,17.94,1505106,Pará,2017
7415,Cidelândia,0.66,2103257,Maranhão,2017
7416,Xapuri,20.95,1200708,Acre,2017
7417,Porto Acre,8.71,1200807,Acre,2017
7418,Lavandeira,0.0,1712157,Tocantins,2017
7419,Ponte Alta do Bom Jesus,0.0,1717800,Tocantins,2017
7420,São Roberto,0.0,2111672,Maranhão,2017
7421,Alto Alegre do Pindaré,0.16,2100477,Maranhão,2017
7422,Sena Madureira,34.53,1200500,Acre,2017
7423,Abreulândia,0.15,1700251,Tocantins,2017
7424,Governador Luiz Rocha,4.71,2104628,Maranhão,2017
7425,Pedreiras,0.0,2108207,Maranhão,2017
7426,Xinguara,1.36,1508407,Pará,2017
7427,Itapuã do Oeste,13.85,1101104,Rondônia,2017
7428,São Sebastião da Boa Vista,0.07,1507706,Pará,2017
7429,Presidente Médici,0.0,2109239,Maranhão,2017
7430,São Francisco do Guaporé,14.83,1101492,Rondônia,2017
7431,Fátima,0.0,1707553,Tocantins,2017
7432,Paraibano,0.0,2107704,Maranhão,2017
7433,Placas,87.9,1505650,Pará,2017
7434,Vale do Paraíso,5.02,1101807,Rondônia,2017
7435,Manoel Urbano,17.58,1200344,Acre,2017
7436,Novo Progresso,60.58,1505031,Pará,2017
7437,Montes Altos,0.38,2107001,Maranhão,2017
7438,Chapada de Areia,0.09,1704600,Tocantins,2017
7439,Vale do Anari,10.02,1101757,Rondônia,2017
7440,Governador Edison Lobão,0.0,2104552,Maranhão,2017
7441,Dueré,2.1,1707306,Tocantins,2017
7442,Alenquer,27.47,1500404,Pará,2017
7443,Mazagão,1.49,1600402,Amapá,2017
7444,Curionópolis,1.66,1502772,Pará,2017
7445,Tailândia,13.77,1507953,Pará,2017
7446,Arapoema,0.41,1702307,Tocantins,2017
7447,Rondolândia,14.41,5107578,Mato Grosso,2017
7448,Buriticupu,12.42,2102325,Maranhão,2017
7449,São Paulo de Olivença,1.01,1303908,Amazonas,2017
7450,Cantá,9.78,1400175,Roraima,2017
7451,Apicum-Açu,0.0,2100832,Maranhão,2017
7452,Anamã,0.97,1300086,Amazonas,2017
7453,Sucupira,0.0,1720853,Tocantins,2017
7454,Presidente Médici,0.63,1100254,Rondônia,2017
7455,Pacajá,179.26,1505486,Pará,2017
7456,Paranatinga,8.54,5106307,Mato Grosso,2017
7457,Pimenta Bueno,20.91,1100189,Rondônia,2017
7458,Paço do Lumiar,0.22,2107506,Maranhão,2017
7459,Aparecida do Rio Negro,0.0,1701101,Tocantins,2017
7460,Matinha,0.0,2106508,Maranhão,2017
7461,Ulianópolis,15.38,1508126,Pará,2017
7462,Itupiranga,29.21,1503705,Pará,2017
7463,Rio Preto da Eva,2.34,1303569,Amazonas,2017
7464,Santa Rita do Trivelato,0.38,5107768,Mato Grosso,2017
7465,São João do Araguaia,4.82,1507508,Pará,2017
7466,Água Azul do Norte,8.36,1500347,Pará,2017
7467,Barra do Corda,9.85,2101608,Maranhão,2017
7468,Urucurituba,0.14,1304401,Amazonas,2017
7469,Santo Afonso,3.71,5107263,Mato Grosso,2017
7470,Muaná,0.0,1504901,Pará,2017
7471,Davinópolis,0.53,2103752,Maranhão,2017
7472,Colméia,0.0,1716703,Tocantins,2017
7473,Novo Repartimento,121.66,1505064,Pará,2017
7474,Monte Santo do Tocantins,0.0,1713700,Tocantins,2017
7475,Grajaú,9.56,2104800,Maranhão,2017
7476,Alto Alegre dos Parecis,9.25,1100379,Rondônia,2017
7477,Portel,167.57,1505809,Pará,2017
7478,Itaúba,18.42,5104559,Mato Grosso,2017
7479,Parecis,4.23,1101450,Rondônia,2017
7480,Colorado do Oeste,1.78,1100064,Rondônia,2017
7481,Presidente Kennedy,0.08,1718402,Tocantins,2017
7482,Anapu,98.43,1500859,Pará,2017
7483,Juarina,0.0,1711803,Tocantins,2017
7484,Novo Horizonte do Norte,0.31,5106273,Mato Grosso,2017
7485,Tonantins,7.85,1304237,Amazonas,2017
7486,João Lisboa,1.86,2105500,Maranhão,2017
7487,Porto Velho,346.76,1100205,Rondônia,2017
7488,Nova Olinda,0.0,1714880,Tocantins,2017
7489,Confresa,26.46,5103353,Mato Grosso,2017
7490,Curuá,5.88,1502855,Pará,2017
7491,Itapiranga,1.15,1302009,Amazonas,2017
7492,São Luís Gonzaga do Maranhão,0.39,2111409,Maranhão,2017
7493,Novo Santo Antônio,5.25,5106315,Mato Grosso,2017
7494,Novo Horizonte do Oeste,0.95,1100502,Rondônia,2017
7495,São Raimundo das Mangabeiras,0.0,2111607,Maranhão,2017
7496,Cândido Mendes,3.66,2102606,Maranhão,2017
7497,Amarante do Maranhão,8.07,2100600,Maranhão,2017
7498,Plácido de Castro,5.0,1200385,Acre,2017
7499,Serrano do Maranhão,0.0,2111789,Maranhão,2017
7500,Irituia,0.95,1503507,Pará,2017
7501,Pauini,13.56,1303502,Amazonas,2017
7502,Oeiras do Pará,7.5,1505205,Pará,2017
7503,Acrelândia,5.71,1200013,Acre,2017
7504,Almeirim,20.8,1500503,Pará,2017
7505,Ribeirão Cascalheira,9.92,5107180,Mato Grosso,2017
7506,Esperantina,0.0,1707405,Tocantins,2017
7507,Feijó,26.37,1200302,Acre,2017
7508,Couto Magalhães,0.15,1706001,Tocantins,2017
7509,Igarapé-Miri,0.49,1503309,Pará,2017
7510,Rurópolis,42.86,1506195,Pará,2017
7511,Porto Franco,1.58,2109007,Maranhão,2017
7512,Sampaio,0.0,1718808,Tocantins,2017
7513,Belém,0.27,1501402,Pará,2017
7514,Vitória do Mearim,0.67,2112902,Maranhão,2017
7515,Tupirama,0.0,1721257,Tocantins,2017
7516,São Domingos do Capim,11.44,1507201,Pará,2017
7517,Trizidela do Vale,0.0,2112233,Maranhão,2017
7518,Porto Alegre do Tocantins,0.0,1718006,Tocantins,2017
7519,Goiatins,0.0,1709005,Tocantins,2017
7520,Chapada da Natividade,0.0,1705102,Tocantins,2017
7521,São Sebastião do Tocantins,0.0,1720309,Tocantins,2017
7522,Amapá do Maranhão,5.38,2100550,Maranhão,2017
7523,Taguatinga,0.0,1720903,Tocantins,2017
7524,São Vicente Ferrer,0.0,2111706,Maranhão,2017
7525,Tocantínia,0.0,1721109,Tocantins,2017
7526,Pinheiro,1.65,2108603,Maranhão,2017
7527,Cristalândia,0.0,1706100,Tocantins,2017
7528,Aguiarnópolis,0.12,1700301,Tocantins,2017
7529,Piraquê,0.49,1717206,Tocantins,2017
7530,Bonito,0.63,1501600,Pará,2017
7531,Fortaleza dos Nogueiras,0.0,2104107,Maranhão,2017
7532,Terra Alta,0.0,1507961,Pará,2017
7533,Lago da Pedra,0.0,2105708,Maranhão,2017
7534,Balsas,0.0,2101400,Maranhão,2017
7535,Ipixuna do Pará,8.38,1503457,Pará,2017
7536,Santo Antônio dos Lopes,0.7,2110302,Maranhão,2017
7537,Serra do Navio,0.07,1600055,Amapá,2017
7538,Pau D'Arco,0.37,1716307,Tocantins,2017
7539,Concórdia do Pará,3.1,1502756,Pará,2017
7540,Lima Campos,0.36,2106003,Maranhão,2017
7541,São João do Paraíso,0.0,2111052,Maranhão,2017
7542,Boa Vista do Gurupi,3.07,2101970,Maranhão,2017
7543,Ponte Alta do Tocantins,0.0,1717909,Tocantins,2017
7544,Nazaré,0.15,1714302,Tocantins,2017
7545,Aveiro,30.65,1501006,Pará,2017
7546,Nova União,1.23,1101435,Rondônia,2017
7547,Boca do Acre,94.21,1300706,Amazonas,2017
7548,Luciara,0.15,5105309,Mato Grosso,2017
7549,Xambioá,0.56,1722107,Tocantins,2017
7550,Barcelos,1.11,1300409,Amazonas,2017
7551,Guaraí,1.05,1709302,Tocantins,2017
7552,Codajás,1.4,1301308,Amazonas,2017
7553,Querência,17.36,5107065,Mato Grosso,2017
7554,São Luiz,3.61,1400605,Roraima,2017
7555,Careiro,1.59,1301100,Amazonas,2017
7556,Pium,0.14,1717503,Tocantins,2017
7557,Brasnorte,25.27,5101902,Mato Grosso,2017
7558,Paranaíta,40.99,5106299,Mato Grosso,2017
7559,Oriximiná,11.55,1505304,Pará,2017
7560,Amajari,9.03,1400027,Roraima,2017
7561,Baião,5.2,1501204,Pará,2017
7562,Pacaraima,0.32,1400456,Roraima,2017
7563,Tabocão,0.0,1708254,Tocantins,2017
7564,São Salvador do Tocantins,0.0,1720259,Tocantins,2017
7565,Ipueiras,0.0,1709807,Tocantins,2017
7566,Juruá,0.6,1302207,Amazonas,2017
7567,Santana,0.22,1600600,Amapá,2017
7568,Jutaí,9.42,1302306,Amazonas,2017
7569,Crixás do Tocantins,0.0,1706258,Tocantins,2017
7570,Angico,0.07,1701051,Tocantins,2017
7571,Palestina do Pará,1.32,1505494,Pará,2017
7572,Alto Boa Vista,6.34,5100359,Mato Grosso,2017
7573,Turiaçu,2.33,2112407,Maranhão,2017
7574,Wanderlândia,0.09,1722081,Tocantins,2017
7575,Viana,0.17,2112803,Maranhão,2017
7576,Pedro Afonso,0.17,1716505,Tocantins,2017
7577,Riachinho,0.28,1718550,Tocantins,2017
7578,São Valério,0.0,1720499,Tocantins,2017
7579,Cachoeira do Piriá,20.99,1501956,Pará,2017
7580,Castanhal,0.91,1502400,Pará,2017
7581,Rondon do Pará,19.25,1506187,Pará,2017
7582,Barra do Ouro,0.0,1703073,Tocantins,2017
7583,Tomé-Açu,11.49,1508001,Pará,2017
7584,Poção de Pedras,0.0,2108900,Maranhão,2017
7585,São Bento,0.0,2110500,Maranhão,2017
7586,Godofredo Viana,2.49,2104305,Maranhão,2017
7587,Presidente Juscelino,1.29,2109205,Maranhão,2017
7588,São Pedro dos Crentes,0.0,2111573,Maranhão,2017
7589,Buriti do Tocantins,0.0,1703800,Tocantins,2017
7590,Centro Novo do Maranhão,6.62,2103174,Maranhão,2017
7591,Careiro da Várzea,5.54,1301159,Amazonas,2017
7592,Buriti Bravo,2.36,2102309,Maranhão,2017
7593,Pedro do Rosário,1.59,2108256,Maranhão,2017
7594,Palmeirante,0.0,1715705,Tocantins,2017
7595,Palmeiras do Tocantins,0.23,1713809,Tocantins,2017
7596,Carrasco Bonito,0.0,1703891,Tocantins,2017
7597,Conceição do Lago-Açu,0.0,2103554,Maranhão,2017
7598,Vitorino Freire,0.0,2113009,Maranhão,2017
7599,São Domingos do Araguaia,1.55,1507151,Pará,2017
7600,Almas,0.0,1700400,Tocantins,2017
7601,Lajeado,0.0,1712009,Tocantins,2017
7602,Feira Nova do Maranhão,0.0,2104073,Maranhão,2017
7603,Icatu,0.0,2105104,Maranhão,2017
7604,Cururupu,0.0,2103703,Maranhão,2017
7605,Itacajá,0.0,1710508,Tocantins,2017
7606,Luís Domingues,1.02,2106201,Maranhão,2017
7607,Campos Lindos,0.0,1703842,Tocantins,2017
7608,Aurora do Pará,4.62,1500958,Pará,2017
7609,Peri Mirim,0.0,2108405,Maranhão,2017
7610,Capinzal do Norte,0.22,2102754,Maranhão,2017
7611,Cachoeirinha,0.0,1703826,Tocantins,2017
7612,Bela Vista do Maranhão,0.0,2101772,Maranhão,2017
7613,Carmolândia,0.0,1703883,Tocantins,2017
7614,Santa Rita do Tocantins,0.15,1718899,Tocantins,2017
7615,Ministro Andreazza,1.65,1101203,Rondônia,2017
7616,Ponta de Pedras,0.0,1505700,Pará,2017
7617,Chupinguaia,9.2,1100924,Rondônia,2017
7618,Castanheira,7.72,5102850,Mato Grosso,2017
7619,Manaquiri,1.0,1302553,Amazonas,2017
7620,Marcelândia,47.99,5105580,Mato Grosso,2017
7621,Formoso do Araguaia,1.97,1708205,Tocantins,2017
7622,São Felipe D'Oeste,0.09,1101484,Rondônia,2017
7623,Brejinho de Nazaré,0.0,1703701,Tocantins,2017
7624,Juara,21.47,5105101,Mato Grosso,2017
7625,Guarantã do Norte,7.32,5104104,Mato Grosso,2017
7626,Nova Marilândia,4.13,5108857,Mato Grosso,2017
7627,Bernardo do Mearim,0.38,2101939,Maranhão,2017
7628,Terra Nova do Norte,4.38,5108055,Mato Grosso,2017
7629,Indiavaí,0.0,5104500,Mato Grosso,2017
7630,Soure,0.53,1507904,Pará,2017
7631,Caapiranga,1.15,1300839,Amazonas,2017
7632,Marabá,41.62,1504208,Pará,2017
7633,Nova Brasilândia D'Oeste,3.22,1100148,Rondônia,2017
7634,Campo Novo do Parecis,0.24,5102637,Mato Grosso,2017
7635,Guajará-Mirim,4.18,1100106,Rondônia,2017
7636,Mojuí dos Campos,19.26,1504752,Pará,2017
7637,Benjamin Constant,0.44,1300607,Amazonas,2017
7638,Dois Irmãos do Tocantins,0.0,1707207,Tocantins,2017
7639,Jaru,1.96,1100114,Rondônia,2017
7640,Jordão,2.49,1200328,Acre,2017
7641,Mucajaí,8.33,1400308,Roraima,2017
7642,Normandia,0.0,1400407,Roraima,2017
7643,Juína,32.86,5105150,Mato Grosso,2017
7644,Corumbiara,2.71,1100072,Rondônia,2017
7645,Urupá,0.79,1101708,Rondônia,2017
7646,Trairão,81.24,1508050,Pará,2017
7647,Atalaia do Norte,1.24,1300201,Amazonas,2017
7648,Nhamundá,1.81,1303007,Amazonas,2017
7649,Barra do Garças,0.64,5101803,Mato Grosso,2017
7650,São Domingos do Maranhão,9.63,2110708,Maranhão,2017
7651,Bagre,1.42,1501105,Pará,2017
7652,São Bento do Tocantins,0.35,1720101,Tocantins,2017
7653,Juruti,11.59,1503903,Pará,2017
7654,Colniza,174.44,5103254,Mato Grosso,2017
7655,Quatipuru,0.21,1506112,Pará,2017
7656,Salinópolis,0.09,1506203,Pará,2017
7657,Babaçulândia,0.0,1703008,Tocantins,2017
7658,Zé Doca,0.64,2114007,Maranhão,2017
7659,Sapucaia,3.84,1507755,Pará,2017
7660,Colares,0.17,1502608,Pará,2017
7661,Araguatins,3.24,1702208,Tocantins,2017
7662,Pio XII,0.0,2108702,Maranhão,2017
7663,Novo Jardim,0.0,1715259,Tocantins,2017
7664,Marechal Thaumaturgo,2.59,1200351,Acre,2017
7665,Teixeirópolis,0.01,1101559,Rondônia,2017
7666,São Francisco do Pará,0.24,1507409,Pará,2017
7667,Paulo Ramos,0.2,2108108,Maranhão,2017
7668,Nova Colinas,0.0,2107258,Maranhão,2017
7669,Santa Maria do Tocantins,0.0,1718881,Tocantins,2017
7670,Arraias,0.0,1702406,Tocantins,2017
7671,Salvaterra,2.44,1506302,Pará,2017
7672,Manicoré,99.4,1302702,Amazonas,2017
7673,Santa Maria do Pará,0.08,1506609,Pará,2017
7674,Cajapió,0.0,2102408,Maranhão,2017
7675,Bom Jardim,14.83,2102002,Maranhão,2017
7676,Peixe,0.0,1716604,Tocantins,2017
7677,Governador Archer,1.23,2104503,Maranhão,2017
7678,Curralinho,0.15,1502806,Pará,2017
7679,Talismã,0.0,1720978,Tocantins,2017
7680,Timbiras,0.34,2112100,Maranhão,2017
7681,Igarapé-Açu,0.62,1503200,Pará,2017
7682,Lago Verde,0.0,2105906,Maranhão,2017
7683,Itamarati,0.83,1301951,Amazonas,2017
7684,Lábrea,276.87,1302405,Amazonas,2017
7685,Luzinópolis,0.0,1712454,Tocantins,2017
7686,Brasilândia do Tocantins,0.0,1703602,Tocantins,2017
7687,Axixá,0.0,2101103,Maranhão,2017
7688,Brejo de Areia,0.48,2102150,Maranhão,2017
7689,Marituba,0.11,1504422,Pará,2017
7690,Recursolândia,0.76,1718501,Tocantins,2017
7691,Praia Norte,1.02,1718303,Tocantins,2017
7692,Sítio Novo,0.07,2111805,Maranhão,2017
7693,Ouro Preto do Oeste,33.78,1100155,Rondônia,2017
7694,São Félix do Tocantins,0.0,1720150,Tocantins,2017
7695,Marapanim,0.69,1504406,Pará,2017
7696,Bacabeira,0.52,2101251,Maranhão,2017
7697,Santarém Novo,0.28,1506906,Pará,2017
7698,Mirador,0.0,2106706,Maranhão,2017
7699,Vila Nova dos Martírios,1.1,2112852,Maranhão,2017
7700,Riachão,0.0,2109502,Maranhão,2017
7701,Ourém,0.6,1505403,Pará,2017
7702,São José dos Basílios,0.63,2111250,Maranhão,2017
7703,Governador Nunes Freire,0.14,2104677,Maranhão,2017
7704,Calçoene,3.02,1600204,Amapá,2017
7705,Alto Araguaia,0.0,5100300,Mato Grosso,2017
7706,Mirinzal,0.0,2106805,Maranhão,2017
7707,Jenipapo dos Vieiras,1.79,2105476,Maranhão,2017
7708,Santa Izabel do Pará,1.7,1506500,Pará,2017
7709,Combinado,0.0,1705557,Tocantins,2017
7710,Envira,4.63,1301506,Amazonas,2017
7711,Graça Aranha,1.27,2104701,Maranhão,2017
7712,Tocantinópolis,0.08,1721208,Tocantins,2017
7713,Amaturá,0.58,1300060,Amazonas,2017
7714,Cacaulândia,12.19,1100601,Rondônia,2017
7715,São Félix de Balsas,0.0,2110807,Maranhão,2017
7716,Colinas,3.67,2103505,Maranhão,2017
7717,Buritirana,2.11,2102358,Maranhão,2017
7718,Ananindeua,0.0,1500800,Pará,2017
7719,Presidente Figueiredo,8.61,1303536,Amazonas,2017
7720,Abaetetuba,1.18,1500107,Pará,2017
7721,Pindaré-Mirim,0.0,2108504,Maranhão,2017
7722,Centenário,0.0,1704105,Tocantins,2017
7723,Santa Terezinha do Tocantins,0.0,1720002,Tocantins,2017
7724,Vigia,0.17,1508209,Pará,2017
7725,Campo Novo de Rondônia,26.98,1100700,Rondônia,2017
7726,Santa Cruz do Xingu,16.63,5107743,Mato Grosso,2017
7727,Lajeado Novo,0.31,2105989,Maranhão,2017
7728,Afuá,0.12,1500305,Pará,2017
7729,Ribamar Fiquene,1.28,2109551,Maranhão,2017
7730,Peixoto de Azevedo,23.51,5106422,Mato Grosso,2018
7731,Pau D'Arco,0.43,1505551,Pará,2018
7732,Mâncio Lima,3.65,1200336,Acre,2018
7733,Alto Alegre,5.16,1400050,Roraima,2018
7734,Pedra Preta,0.0,5106372,Mato Grosso,2018
7735,Itaituba,96.0,1503606,Pará,2018
7736,Redenção,0.31,1506138,Pará,2018
7737,Iracema,2.79,1400282,Roraima,2018
7738,Santo Antônio do Leverger,0.15,5107800,Mato Grosso,2018
7739,Porto Esperidião,1.05,5106828,Mato Grosso,2018
7740,Nova Brasilândia,0.0,5106208,Mato Grosso,2018
7741,Caracaraí,18.16,1400209,Roraima,2018
7742,Ponte Branca,0.0,5106703,Mato Grosso,2018
7743,Cuiabá,0.0,5103403,Mato Grosso,2018
7744,Tucumã,1.84,1508084,Pará,2018
7745,Alto Paraguai,0.34,5100508,Mato Grosso,2018
7746,São Pedro da Cipa,0.0,5107404,Mato Grosso,2018
7747,Porto Estrela,0.29,5106851,Mato Grosso,2018
7748,Porto de Moz,35.91,1505908,Pará,2018
7749,Denise,0.0,5103452,Mato Grosso,2018
7750,Cáceres,2.06,5102504,Mato Grosso,2018
7751,Tesouro,0.0,5108105,Mato Grosso,2018
7752,Araguaiana,0.0,5101001,Mato Grosso,2018
7753,Matupá,5.23,5105606,Mato Grosso,2018
7754,Conquista D'Oeste,0.02,5103361,Mato Grosso,2018
7755,Vale de São Domingos,0.39,5108352,Mato Grosso,2018
7756,Juscimeira,0.22,5105200,Mato Grosso,2018
7757,Nova Guarita,2.4,5108808,Mato Grosso,2018
7758,Bonfim,2.4,1400159,Roraima,2018
7759,Tapauá,17.62,1304104,Amazonas,2018
7760,Salto do Céu,0.72,5107750,Mato Grosso,2018
7761,Campo Verde,0.0,5102678,Mato Grosso,2018
7762,Eirunepé,3.91,1301407,Amazonas,2018
7763,Curvelândia,0.0,5103437,Mato Grosso,2018
7764,Acorizal,0.0,5100102,Mato Grosso,2018
7765,Várzea Grande,0.0,5108402,Mato Grosso,2018
7766,Rosário Oeste,0.0,5107701,Mato Grosso,2018
7767,Rio Branco,0.15,5107206,Mato Grosso,2018
7768,Santo Antônio do Leste,0.0,5107792,Mato Grosso,2018
7769,Chapada dos Guimarães,0.0,5103007,Mato Grosso,2018
7770,Novo São Joaquim,0.0,5106281,Mato Grosso,2018
7771,Glória D'Oeste,0.0,5103957,Mato Grosso,2018
7772,São José do Povo,0.0,5107297,Mato Grosso,2018
7773,Mirassol d'Oeste,0.5,5105622,Mato Grosso,2018
7774,Nova Bandeirantes,59.57,5106158,Mato Grosso,2018
7775,Poconé,0.35,5106505,Mato Grosso,2018
7776,Conceição do Araguaia,2.76,1502707,Pará,2018
7777,Barra do Bugres,2.85,5101704,Mato Grosso,2018
7778,Guiratinga,0.0,5104203,Mato Grosso,2018
7779,Dom Aquino,0.0,5103601,Mato Grosso,2018
7780,Lambari D'Oeste,0.53,5105234,Mato Grosso,2018
7781,São José dos Quatro Marcos,0.23,5107107,Mato Grosso,2018
7782,Poxoréu,0.0,5107008,Mato Grosso,2018
7783,Floresta do Araguaia,1.29,1503044,Pará,2018
7784,Barão de Melgaço,0.57,5101605,Mato Grosso,2018
7785,Araputanga,0.1,5101258,Mato Grosso,2018
7786,Nova Olímpia,0.11,5106232,Mato Grosso,2018
7787,Rondonópolis,0.11,5107602,Mato Grosso,2018
7788,Nova Xavantina,0.0,5106257,Mato Grosso,2018
7789,Pontal do Araguaia,0.0,5106653,Mato Grosso,2018
7790,Jangada,0.0,5104906,Mato Grosso,2018
7791,Amapá,0.0,1600105,Amapá,2018
7792,Guajará,11.79,1301654,Amazonas,2018
7793,Vila Bela da Santíssima Trindade,9.76,5105507,Mato Grosso,2018
7794,Araguainha,0.0,5101209,Mato Grosso,2018
7795,Capixaba,10.26,1200179,Acre,2018
7796,Jauru,0.45,5105002,Mato Grosso,2018
7797,Ribeirãozinho,0.0,5107198,Mato Grosso,2018
7798,Reserva do Cabaçal,1.49,5107156,Mato Grosso,2018
7799,Figueirópolis D'Oeste,0.04,5103809,Mato Grosso,2018
7800,Alto Garças,0.0,5100409,Mato Grosso,2018
7801,Nossa Senhora do Livramento,0.0,5106109,Mato Grosso,2018
7802,Jaciara,0.0,5104807,Mato Grosso,2018
7803,Manaus,1.0,1302603,Amazonas,2018
7804,Pontes e Lacerda,2.79,5106752,Mato Grosso,2018
7805,Ipixuna,7.29,1301803,Amazonas,2018
7806,Primavera do Leste,0.0,5107040,Mato Grosso,2018
7807,Maraã,1.13,1302801,Amazonas,2018
7808,Torixoréu,0.0,5108204,Mato Grosso,2018
7809,General Carneiro,0.0,5103908,Mato Grosso,2018
7810,Nova Rosalândia,0.0,1715002,Tocantins,2018
7811,São Gabriel da Cachoeira,1.83,1303809,Amazonas,2018
7812,Ipiranga do Norte,0.92,5104526,Mato Grosso,2018
7813,Araguaína,0.16,1702109,Tocantins,2018
7814,São Geraldo do Araguaia,0.99,1507458,Pará,2018
7815,Augusto Corrêa,0.0,1500909,Pará,2018
7816,Uarini,5.36,1304260,Amazonas,2018
7817,Vilhena,17.31,1100304,Rondônia,2018
7818,Nova Lacerda,5.9,5106182,Mato Grosso,2018
7819,Itaporã do Tocantins,0.16,1711100,Tocantins,2018
7820,Lucas do Rio Verde,2.07,5105259,Mato Grosso,2018
7821,Nova Maringá,40.71,5108907,Mato Grosso,2018
7822,Goianésia do Pará,20.28,1503093,Pará,2018
7823,Bujari,13.71,1200138,Acre,2018
7824,Rio Maria,7.32,1506161,Pará,2018
7825,Divinópolis do Tocantins,0.0,1707108,Tocantins,2018
7826,Jacareacanga,51.69,1503754,Pará,2018
7827,Barrolândia,0.0,1703107,Tocantins,2018
7828,Diamantino,4.01,5103502,Mato Grosso,2018
7829,Santa Fé do Araguaia,0.22,1718865,Tocantins,2018
7830,Santa Carmem,14.39,5107248,Mato Grosso,2018
7831,Bannach,1.58,1501253,Pará,2018
7832,Canabrava do Norte,1.58,5102694,Mato Grosso,2018
7833,Pedra Branca do Amapari,2.03,1600154,Amapá,2018
7834,Oliveira de Fátima,0.0,1715507,Tocantins,2018
7835,Caseara,0.19,1703909,Tocantins,2018
7836,Santa Cruz do Arari,0.0,1506401,Pará,2018
7837,Tapurah,9.53,5108006,Mato Grosso,2018
7838,Parauapebas,2.63,1505536,Pará,2018
7839,Limoeiro do Ajuru,0.0,1504000,Pará,2018
7840,Theobroma,2.65,1101609,Rondônia,2018
7841,São Félix do Xingu,277.14,1507300,Pará,2018
7842,Comodoro,31.77,5103304,Mato Grosso,2018
7843,Goianorte,0.09,1708304,Tocantins,2018
7844,Governador Jorge Teixeira,4.15,1101005,Rondônia,2018
7845,Tabaporã,8.92,5107941,Mato Grosso,2018
7846,Epitaciolândia,7.99,1200252,Acre,2018
7847,Vera,6.91,5108501,Mato Grosso,2018
7848,Novo Mundo,13.69,5106265,Mato Grosso,2018
7849,Bernardo Sayão,0.0,1703206,Tocantins,2018
7850,Rolim de Moura,1.76,1100288,Rondônia,2018
7851,Seringueiras,8.96,1101500,Rondônia,2018
7852,Autazes,13.42,1300300,Amazonas,2018
7853,Ferreira Gomes,0.42,1600238,Amapá,2018
7854,Palmas,0.0,1721000,Tocantins,2018
7855,São Francisco do Brejão,0.26,2110856,Maranhão,2018
7856,Sambaíba,0.0,2109700,Maranhão,2018
7857,Novo Alegre,0.0,1715150,Tocantins,2018
7858,Santa Luzia D'Oeste,0.84,1100296,Rondônia,2018
7859,Tartarugalzinho,1.69,1600709,Amapá,2018
7860,Arenápolis,0.69,5101308,Mato Grosso,2018
7861,Gurupi,0.0,1709500,Tocantins,2018
7862,Lagoa da Confusão,0.95,1711902,Tocantins,2018
7863,Boa Vista,0.0,1400100,Roraima,2018
7864,Gurupá,2.95,1503101,Pará,2018
7865,São Pedro da Água Branca,0.1,2111532,Maranhão,2018
7866,Jaú do Tocantins,0.0,1711506,Tocantins,2018
7867,Araguaçu,0.0,1702000,Tocantins,2018
7868,Sandolândia,0.0,1718840,Tocantins,2018
7869,Altamira,429.95,1500602,Pará,2018
7870,Aliança do Tocantins,0.0,1700350,Tocantins,2018
7871,São Sebastião do Uatumã,0.72,1303957,Amazonas,2018
7872,Porto dos Gaúchos,32.61,5106802,Mato Grosso,2018
7873,Sapezal,0.3,5107875,Mato Grosso,2018
7874,Bragança,0.29,1501709,Pará,2018
7875,Nova Santa Helena,2.67,5106190,Mato Grosso,2018
7876,Alto Paraíso,65.26,1100403,Rondônia,2018
7877,Araguanã,0.25,1702158,Tocantins,2018
7878,São José do Rio Claro,10.71,5107305,Mato Grosso,2018
7879,Pimenteiras do Oeste,3.3,1101468,Rondônia,2018
7880,Mocajuba,0.3,1504604,Pará,2018
7881,Iranduba,1.18,1301852,Amazonas,2018
7882,Urucará,0.54,1304302,Amazonas,2018
7883,Santa Isabel do Rio Negro,0.72,1303601,Amazonas,2018
7884,Senador Guiomard,8.17,1200450,Acre,2018
7885,Figueirópolis,0.0,1707652,Tocantins,2018
7886,Coari,2.05,1301209,Amazonas,2018
7887,Carauari,1.5,1301001,Amazonas,2018
7888,Nova Mutum,7.01,5106224,Mato Grosso,2018
7889,Nova Nazaré,0.0,5106174,Mato Grosso,2018
7890,Brasil Novo,18.84,1501725,Pará,2018
7891,Apuí,158.19,1300144,Amazonas,2018
7892,Santa Terezinha,10.81,5107776,Mato Grosso,2018
7893,Campinápolis,0.0,5102603,Mato Grosso,2018
7894,Nova Mamoré,146.09,1100338,Rondônia,2018
7895,Castanheiras,1.74,1100908,Rondônia,2018
7896,União do Sul,28.54,5108303,Mato Grosso,2018
7897,Alvorada,0.0,1700707,Tocantins,2018
7898,Caroebe,11.93,1400233,Roraima,2018
7899,Coroatá,0.59,2103604,Maranhão,2018
7900,Pastos Bons,0.0,2108009,Maranhão,2018
7901,Lago do Junco,0.0,2105807,Maranhão,2018
7902,Matões do Norte,0.29,2106631,Maranhão,2018
7903,Cantanhede,0.93,2102705,Maranhão,2018
7904,Arame,6.65,2100956,Maranhão,2018
7905,Conceição do Tocantins,0.0,1705607,Tocantins,2018
7906,Tufilândia,0.0,2112274,Maranhão,2018
7907,Governador Newton Bello,0.0,2104651,Maranhão,2018
7908,Maranhãozinho,0.0,2106375,Maranhão,2018
7909,Igarapé Grande,0.0,2105203,Maranhão,2018
7910,Monção,0.15,2106904,Maranhão,2018
7911,Peritoró,0.23,2108454,Maranhão,2018
7912,Sucupira do Norte,0.0,2111904,Maranhão,2018
7913,Formosa da Serra Negra,0.1,2104099,Maranhão,2018
7914,Nova Iorque,0.0,2107308,Maranhão,2018
7915,Santa Filomena do Maranhão,0.68,2109759,Maranhão,2018
7916,Carutapera,0.56,2102903,Maranhão,2018
7917,Rio Branco,32.7,1200401,Acre,2018
7918,Satubinha,0.0,2111722,Maranhão,2018
7919,Cujubim,71.04,1100940,Rondônia,2018
7920,Fernando Falcão,1.88,2104081,Maranhão,2018
7921,Pirapemas,0.28,2108801,Maranhão,2018
7922,Centro do Guilherme,0.69,2103158,Maranhão,2018
7923,Oiapoque,2.38,1600501,Amapá,2018
7924,Darcinópolis,0.0,1706506,Tocantins,2018
7925,Alcântara,0.0,2100204,Maranhão,2018
7926,Arari,1.33,2101004,Maranhão,2018
7927,Cumaru do Norte,28.78,1502764,Pará,2018
7928,Miranda do Norte,0.45,2106755,Maranhão,2018
7929,Penalva,0.22,2108306,Maranhão,2018
7930,Brejo Grande do Araguaia,0.9,1501758,Pará,2018
7931,Medicilândia,62.88,1504455,Pará,2018
7932,Nova Timboteua,0.54,1505007,Pará,2018
7933,Central do Maranhão,0.0,2103125,Maranhão,2018
7934,Alto Alegre do Maranhão,0.0,2100436,Maranhão,2018
7935,Maurilândia do Tocantins,0.18,1712801,Tocantins,2018
7936,Paragominas,18.07,1505502,Pará,2018
7937,Morros,0.0,2107100,Maranhão,2018
7938,Itinga do Maranhão,8.88,2105427,Maranhão,2018
7939,Santa Helena,0.2,2109809,Maranhão,2018
7940,São João da Ponta,0.62,1507466,Pará,2018
7941,Cedral,0.0,2103109,Maranhão,2018
7942,São João Batista,0.0,2111003,Maranhão,2018
7943,São Raimundo do Doca Bezerra,0.06,2111631,Maranhão,2018
7944,Turilândia,0.09,2112456,Maranhão,2018
7945,São João de Pirabas,0.89,1507474,Pará,2018
7946,Lago dos Rodrigues,0.0,2105948,Maranhão,2018
7947,Lagoa do Tocantins,0.0,1711951,Tocantins,2018
7948,Dianópolis,0.0,1707009,Tocantins,2018
7949,Novo Acordo,0.0,1715101,Tocantins,2018
7950,Maracanã,1.07,1504307,Pará,2018
7951,Axixá do Tocantins,0.07,1702901,Tocantins,2018
7952,Cachoeira Grande,0.0,2102374,Maranhão,2018
7953,Anajatuba,0.0,2100709,Maranhão,2018
7954,Aurora do Tocantins,0.0,1702703,Tocantins,2018
7955,Itiquira,0.0,5104609,Mato Grosso,2018
7956,Mateiros,0.0,1712702,Tocantins,2018
7957,Natividade,0.0,1714203,Tocantins,2018
7958,Joselândia,0.25,2105609,Maranhão,2018
7959,Bom Jesus do Tocantins,0.0,1703305,Tocantins,2018
7960,Estreito,0.0,2104057,Maranhão,2018
7961,Lizarda,0.0,1712405,Tocantins,2018
7962,Ariquemes,16.76,1100023,Rondônia,2018
7963,Olho d'Água das Cunhãs,0.0,2107407,Maranhão,2018
7964,Cajari,0.16,2102507,Maranhão,2018
7965,Bom Jesus do Tocantins,6.84,1501576,Pará,2018
7966,Chaves,0.0,1502509,Pará,2018
7967,Governador Eugênio Barros,6.39,2104602,Maranhão,2018
7968,Barcarena,0.82,1501303,Pará,2018
7969,São João da Baliza,4.93,1400506,Roraima,2018
7970,Miracema do Tocantins,0.0,1713205,Tocantins,2018
7971,Rio dos Bois,0.0,1718709,Tocantins,2018
7972,Itaubal,1.83,1600253,Amapá,2018
7973,Tefé,8.32,1304203,Amazonas,2018
7974,Cláudia,49.42,5103056,Mato Grosso,2018
7975,Nortelândia,0.55,5106000,Mato Grosso,2018
7976,Anori,0.1,1300102,Amazonas,2018
7977,Água Boa,0.0,5100201,Mato Grosso,2018
7978,Miranorte,0.39,1713304,Tocantins,2018
7979,Rorainópolis,37.72,1400472,Roraima,2018
7980,Cocalinho,0.37,5103106,Mato Grosso,2018
7981,Costa Marques,29.79,1100080,Rondônia,2018
7982,Macapá,4.02,1600303,Amapá,2018
7983,Mirante da Serra,4.45,1101302,Rondônia,2018
7984,Monte Alegre,11.59,1504802,Pará,2018
7985,Santa Rosa do Purus,2.83,1200435,Acre,2018
7986,Palmeirópolis,0.0,1715754,Tocantins,2018
7987,Canaã dos Carajás,1.0,1502152,Pará,2018
7988,Guimarães,0.0,2104909,Maranhão,2018
7989,Belterra,2.61,1501451,Pará,2018
7990,Itapiratins,0.0,1710904,Tocantins,2018
7991,Araguanã,0.0,2100873,Maranhão,2018
7992,Viseu,4.09,1508308,Pará,2018
7993,Uruará,81.62,1508159,Pará,2018
7994,Junco do Maranhão,0.0,2105658,Maranhão,2018
7995,Novo Aripuanã,139.93,1303304,Amazonas,2018
7996,Cotriguaçu,22.14,5103379,Mato Grosso,2018
7997,Jatobá,2.32,2105450,Maranhão,2018
7998,Rio Sono,0.0,1718758,Tocantins,2018
7999,Tracuateua,0.19,1508035,Pará,2018
8000,Breu Branco,8.99,1501782,Pará,2018
8001,Santa Tereza do Tocantins,0.0,1719004,Tocantins,2018
8002,Maracaçumé,0.17,2106326,Maranhão,2018
8003,Parintins,2.59,1303403,Amazonas,2018
8004,Porto Grande,1.07,1600535,Amapá,2018
8005,Aragominas,0.95,1701309,Tocantins,2018
8006,Pugmil,0.0,1718451,Tocantins,2018
8007,Araguacema,0.39,1701903,Tocantins,2018
8008,Novo Airão,0.65,1303205,Amazonas,2018
8009,Breves,0.36,1501808,Pará,2018
8010,Acará,16.74,1500206,Pará,2018
8011,Augustinópolis,0.04,1702554,Tocantins,2018
8012,Canutama,43.62,1300904,Amazonas,2018
8013,Serra Nova Dourada,8.07,5107883,Mato Grosso,2018
8014,Humaitá,47.44,1301704,Amazonas,2018
8015,Borba,3.96,1300805,Amazonas,2018
8016,Ourilândia do Norte,8.7,1505437,Pará,2018
8017,Cerejeiras,0.9,1100056,Rondônia,2018
8018,Mãe do Rio,0.0,1504059,Pará,2018
8019,Bom Jesus das Selvas,10.89,2102036,Maranhão,2018
8020,São João do Soter,0.02,2111078,Maranhão,2018
8021,Magalhães Barata,0.52,1504109,Pará,2018
8022,Senador Alexandre Costa,5.34,2111748,Maranhão,2018
8023,São Mateus do Maranhão,0.07,2111508,Maranhão,2018
8024,Marajá do Sena,2.16,2106359,Maranhão,2018
8025,Igarapé do Meio,0.0,2105153,Maranhão,2018
8026,Santa Rosa do Tocantins,0.0,1718907,Tocantins,2018
8027,Manacapuru,1.96,1302504,Amazonas,2018
8028,Alvarães,5.41,1300029,Amazonas,2018
8029,Cabixi,3.18,1100031,Rondônia,2018
8030,Candeias do Jamari,100.84,1100809,Rondônia,2018
8031,Nova Canaã do Norte,15.76,5106216,Mato Grosso,2018
8032,Moju,33.52,1504703,Pará,2018
8033,Maués,6.42,1302900,Amazonas,2018
8034,São Miguel do Guaporé,8.87,1100320,Rondônia,2018
8035,Santa Maria das Barreiras,16.95,1506583,Pará,2018
8036,Silves,0.62,1304005,Amazonas,2018
8037,Bandeirantes do Tocantins,0.0,1703057,Tocantins,2018
8038,Porto Alegre do Norte,0.88,5106778,Mato Grosso,2018
8039,Gaúcha do Norte,8.55,5103858,Mato Grosso,2018
8040,Nova Monte Verde,16.81,5108956,Mato Grosso,2018
8041,Cametá,1.05,1502103,Pará,2018
8042,Tarauacá,40.19,1200609,Acre,2018
8043,São José do Xingu,5.76,5107354,Mato Grosso,2018
8044,Nova Olinda do Norte,1.86,1303106,Amazonas,2018
8045,Pracuúba,0.19,1600550,Amapá,2018
8046,Bom Jesus do Araguaia,4.28,5101852,Mato Grosso,2018
8047,Santo Antônio do Içá,0.39,1303700,Amazonas,2018
8048,Tabatinga,0.17,1304062,Amazonas,2018
8049,Vitória do Xingu,4.26,1508357,Pará,2018
8050,Campos de Júlio,0.36,5102686,Mato Grosso,2018
8051,Aripuanã,110.75,5101407,Mato Grosso,2018
8052,Alvorada D'Oeste,1.73,1100346,Rondônia,2018
8053,Nova Ubiratã,23.43,5106240,Mato Grosso,2018
8054,Cruzeiro do Sul,18.06,1200203,Acre,2018
8055,Alta Floresta,8.52,5100250,Mato Grosso,2018
8056,Faro,3.32,1503002,Pará,2018
8057,Canarana,0.14,5102702,Mato Grosso,2018
8058,Cachoeira do Arari,0.23,1502004,Pará,2018
8059,Paraíso do Tocantins,0.0,1716109,Tocantins,2018
8060,Primavera de Rondônia,1.21,1101476,Rondônia,2018
8061,Cutias,0.49,1600212,Amapá,2018
8062,Cacoal,4.91,1100049,Rondônia,2018
8063,Piçarra,3.79,1505635,Pará,2018
8064,Vitória do Jari,1.43,1600808,Amapá,2018
8065,Porto Nacional,0.0,1718204,Tocantins,2018
8066,Assis Brasil,7.93,1200054,Acre,2018
8067,Planalto da Serra,0.0,5106455,Mato Grosso,2018
8068,Colinas do Tocantins,0.0,1705508,Tocantins,2018
8069,Colíder,2.51,5103205,Mato Grosso,2018
8070,Sinop,33.82,5107909,Mato Grosso,2018
8071,Muricilândia,0.48,1713957,Tocantins,2018
8072,Alta Floresta D'Oeste,13.8,1100015,Rondônia,2018
8073,Sorriso,0.47,5107925,Mato Grosso,2018
8074,Inhangapi,0.14,1503408,Pará,2018
8075,Bacabal,0.0,2101202,Maranhão,2018
8076,Primavera,0.14,1506104,Pará,2018
8077,Presidente Sarney,0.08,2109270,Maranhão,2018
8078,Lagoa Grande do Maranhão,0.0,2105963,Maranhão,2018
8079,Campestre do Maranhão,0.13,2102556,Maranhão,2018
8080,Dom Pedro,0.62,2103802,Maranhão,2018
8081,Itaguatins,0.55,1710706,Tocantins,2018
8082,Nova Olinda do Maranhão,0.09,2107357,Maranhão,2018
8083,Ananás,1.14,1701002,Tocantins,2018
8084,Santa Luzia do Paruá,0.0,2110039,Maranhão,2018
8085,Palmeirândia,0.0,2107605,Maranhão,2018
8086,Nova Esperança do Piriá,4.54,1504950,Pará,2018
8087,Alto Taquari,0.0,5100607,Mato Grosso,2018
8088,Ji-Paraná,1.24,1100122,Rondônia,2018
8089,Boa Vista do Ramos,0.48,1300680,Amazonas,2018
8090,Carolina,0.0,2102804,Maranhão,2018
8091,Japurá,0.97,1302108,Amazonas,2018
8092,Santa Bárbara do Pará,0.23,1506351,Pará,2018
8093,Monte do Carmo,0.0,1713601,Tocantins,2018
8094,Prainha,26.8,1506005,Pará,2018
8095,Tuntum,4.67,2112308,Maranhão,2018
8096,Curuçá,1.1,1502905,Pará,2018
8097,Taipas do Tocantins,0.0,1720937,Tocantins,2018
8098,Itaipava do Grajaú,0.16,2105351,Maranhão,2018
8099,Laranjal do Jari,1.74,1600279,Amapá,2018
8100,Senador La Rocque,0.22,2111763,Maranhão,2018
8101,Santa Luzia,1.33,2110005,Maranhão,2018
8102,Santana do Araguaia,12.25,1506708,Pará,2018
8103,Santo Antônio do Tauá,0.0,1507003,Pará,2018
8104,Tasso Fragoso,0.0,2112001,Maranhão,2018
8105,Porto Rico do Maranhão,0.0,2109056,Maranhão,2018
8106,Silvanópolis,0.0,1720655,Tocantins,2018
8107,Sítio Novo do Tocantins,0.03,1720804,Tocantins,2018
8108,Santa Luzia do Pará,0.18,1506559,Pará,2018
8109,Raposa,0.0,2109452,Maranhão,2018
8110,Vila Rica,3.14,5108600,Mato Grosso,2018
8111,Olinda Nova do Maranhão,0.0,2107456,Maranhão,2018
8112,Presidente Vargas,0.06,2109304,Maranhão,2018
8113,Bacurituba,0.0,2101350,Maranhão,2018
8114,Gonçalves Dias,8.5,2104404,Maranhão,2018
8115,São José de Ribamar,0.09,2111201,Maranhão,2018
8116,Altamira do Maranhão,0.0,2100402,Maranhão,2018
8117,Garrafão do Norte,0.98,1503077,Pará,2018
8118,Fortuna,4.37,2104206,Maranhão,2018
8119,São Caetano de Odivelas,0.33,1507102,Pará,2018
8120,Machadinho D'Oeste,72.06,1100130,Rondônia,2018
8121,Bequimão,0.0,2101905,Maranhão,2018
8122,Rosário,1.15,2109601,Maranhão,2018
8123,Capitão Poço,1.49,1502301,Pará,2018
8124,Bujaru,0.91,1501907,Pará,2018
8125,Monte Negro,16.61,1101401,Rondônia,2018
8126,Rodrigues Alves,9.47,1200427,Acre,2018
8127,Terra Santa,1.4,1507979,Pará,2018
8128,Bacuri,0.0,2101301,Maranhão,2018
8129,Santa Rita,1.77,2110203,Maranhão,2018
8130,Capanema,0.07,1502202,Pará,2018
8131,Presidente Dutra,0.64,2109106,Maranhão,2018
8132,Santarém,12.87,1506807,Pará,2018
8133,Melgaço,1.55,1504505,Pará,2018
8134,Peixe-Boi,0.27,1505601,Pará,2018
8135,Passagem Franca,0.0,2107902,Maranhão,2018
8136,Juruena,4.42,5105176,Mato Grosso,2018
8137,Anajás,0.0,1500701,Pará,2018
8138,Buritis,43.79,1100452,Rondônia,2018
8139,Dom Eliseu,10.65,1502939,Pará,2018
8140,Senador José Porfírio,49.46,1507805,Pará,2018
8141,Vargem Grande,0.07,2112704,Maranhão,2018
8142,Rio da Conceição,0.0,1718659,Tocantins,2018
8143,Itapecuru Mirim,1.67,2105401,Maranhão,2018
8144,Loreto,0.0,2106102,Maranhão,2018
8145,Benedito Leite,0.0,2101806,Maranhão,2018
8146,Jacundá,2.66,1503804,Pará,2018
8147,Porto Walter,4.74,1200393,Acre,2018
8148,Abel Figueiredo,0.95,1500131,Pará,2018
8149,Açailândia,9.67,2100055,Maranhão,2018
8150,Itacoatiara,4.72,1301902,Amazonas,2018
8151,São Miguel do Tocantins,0.96,1720200,Tocantins,2018
8152,Bom Lugar,0.0,2102077,Maranhão,2018
8153,Marianópolis do Tocantins,0.0,1712504,Tocantins,2018
8154,Santa Inês,0.0,2109908,Maranhão,2018
8155,Codó,1.77,2103307,Maranhão,2018
8156,Carlinda,2.42,5102793,Mato Grosso,2018
8157,Pindorama do Tocantins,0.0,1717008,Tocantins,2018
8158,Alto Parnaíba,0.0,2100501,Maranhão,2018
8159,Feliz Natal,63.09,5103700,Mato Grosso,2018
8160,São Félix do Araguaia,33.99,5107859,Mato Grosso,2018
8161,Pequizeiro,0.0,1716653,Tocantins,2018
8162,Eldorado do Carajás,3.93,1502954,Pará,2018
8163,Rio Crespo,6.22,1100262,Rondônia,2018
8164,Brasiléia,21.09,1200104,Acre,2018
8165,Tangará da Serra,0.65,5107958,Mato Grosso,2018
8166,Fonte Boa,0.15,1301605,Amazonas,2018
8167,São Miguel do Guamá,0.67,1507607,Pará,2018
8168,Nova Ipixuna,3.0,1504976,Pará,2018
8169,Filadélfia,0.0,1707702,Tocantins,2018
8170,São Domingos do Azeitão,0.0,2110658,Maranhão,2018
8171,Beruri,2.03,1300631,Amazonas,2018
8172,Espigão D'Oeste,5.53,1100098,Rondônia,2018
8173,Uiramutã,0.0,1400704,Roraima,2018
8174,Esperantinópolis,0.0,2104008,Maranhão,2018
8175,Apiacás,28.82,5100805,Mato Grosso,2018
8176,Tupiratins,0.0,1721307,Tocantins,2018
8177,Itanhangá,12.23,5104542,Mato Grosso,2018
8178,Barreirinha,1.62,1300508,Amazonas,2018
8179,Nobres,0.17,5105903,Mato Grosso,2018
8180,São Luís,0.52,2111300,Maranhão,2018
8181,Tucuruí,16.2,1508100,Pará,2018
8182,Paranã,0.0,1716208,Tocantins,2018
8183,Imperatriz,1.28,2105302,Maranhão,2018
8184,Benevides,0.25,1501501,Pará,2018
8185,São João do Carú,0.0,2111029,Maranhão,2018
8186,Cariri do Tocantins,0.0,1703867,Tocantins,2018
8187,Óbidos,22.35,1505106,Pará,2018
8188,Cidelândia,2.75,2103257,Maranhão,2018
8189,Xapuri,22.19,1200708,Acre,2018
8190,Porto Acre,12.47,1200807,Acre,2018
8191,Lavandeira,0.0,1712157,Tocantins,2018
8192,Ponte Alta do Bom Jesus,0.0,1717800,Tocantins,2018
8193,São Roberto,0.0,2111672,Maranhão,2018
8194,Alto Alegre do Pindaré,0.18,2100477,Maranhão,2018
8195,Sena Madureira,48.28,1200500,Acre,2018
8196,Abreulândia,0.0,1700251,Tocantins,2018
8197,Governador Luiz Rocha,4.59,2104628,Maranhão,2018
8198,Pedreiras,0.0,2108207,Maranhão,2018
8199,Xinguara,0.89,1508407,Pará,2018
8200,Itapuã do Oeste,16.36,1101104,Rondônia,2018
8201,São Sebastião da Boa Vista,0.0,1507706,Pará,2018
8202,Presidente Médici,0.0,2109239,Maranhão,2018
8203,São Francisco do Guaporé,26.12,1101492,Rondônia,2018
8204,Fátima,0.0,1707553,Tocantins,2018
8205,Paraibano,0.0,2107704,Maranhão,2018
8206,Placas,90.26,1505650,Pará,2018
8207,Vale do Paraíso,2.9,1101807,Rondônia,2018
8208,Manoel Urbano,46.46,1200344,Acre,2018
8209,Novo Progresso,192.2,1505031,Pará,2018
8210,Montes Altos,1.09,2107001,Maranhão,2018
8211,Chapada de Areia,0.0,1704600,Tocantins,2018
8212,Vale do Anari,8.81,1101757,Rondônia,2018
8213,Governador Edison Lobão,0.14,2104552,Maranhão,2018
8214,Dueré,1.59,1707306,Tocantins,2018
8215,Alenquer,22.03,1500404,Pará,2018
8216,Mazagão,4.6,1600402,Amapá,2018
8217,Curionópolis,0.93,1502772,Pará,2018
8218,Tailândia,13.63,1507953,Pará,2018
8219,Arapoema,0.19,1702307,Tocantins,2018
8220,Rondolândia,71.81,5107578,Mato Grosso,2018
8221,Buriticupu,9.29,2102325,Maranhão,2018
8222,São Paulo de Olivença,0.25,1303908,Amazonas,2018
8223,Cantá,9.31,1400175,Roraima,2018
8224,Apicum-Açu,0.0,2100832,Maranhão,2018
8225,Anamã,0.25,1300086,Amazonas,2018
8226,Sucupira,0.0,1720853,Tocantins,2018
8227,Presidente Médici,0.39,1100254,Rondônia,2018
8228,Pacajá,130.22,1505486,Pará,2018
8229,Paranatinga,30.79,5106307,Mato Grosso,2018
8230,Pimenta Bueno,19.71,1100189,Rondônia,2018
8231,Paço do Lumiar,0.08,2107506,Maranhão,2018
8232,Aparecida do Rio Negro,0.0,1701101,Tocantins,2018
8233,Matinha,0.0,2106508,Maranhão,2018
8234,Ulianópolis,6.48,1508126,Pará,2018
8235,Itupiranga,30.5,1503705,Pará,2018
8236,Rio Preto da Eva,1.75,1303569,Amazonas,2018
8237,Santa Rita do Trivelato,0.0,5107768,Mato Grosso,2018
8238,São João do Araguaia,3.95,1507508,Pará,2018
8239,Água Azul do Norte,4.67,1500347,Pará,2018
8240,Barra do Corda,9.21,2101608,Maranhão,2018
8241,Urucurituba,0.0,1304401,Amazonas,2018
8242,Santo Afonso,1.96,5107263,Mato Grosso,2018
8243,Muaná,0.26,1504901,Pará,2018
8244,Davinópolis,0.94,2103752,Maranhão,2018
8245,Colméia,0.0,1716703,Tocantins,2018
8246,Novo Repartimento,166.99,1505064,Pará,2018
8247,Monte Santo do Tocantins,1.32,1713700,Tocantins,2018
8248,Grajaú,6.86,2104800,Maranhão,2018
8249,Alto Alegre dos Parecis,7.21,1100379,Rondônia,2018
8250,Portel,96.79,1505809,Pará,2018
8251,Itaúba,21.72,5104559,Mato Grosso,2018
8252,Parecis,7.18,1101450,Rondônia,2018
8253,Colorado do Oeste,0.52,1100064,Rondônia,2018
8254,Presidente Kennedy,0.0,1718402,Tocantins,2018
8255,Anapu,56.35,1500859,Pará,2018
8256,Juarina,0.0,1711803,Tocantins,2018
8257,Novo Horizonte do Norte,0.0,5106273,Mato Grosso,2018
8258,Tonantins,0.09,1304237,Amazonas,2018
8259,João Lisboa,0.32,2105500,Maranhão,2018
8260,Porto Velho,378.08,1100205,Rondônia,2018
8261,Nova Olinda,0.0,1714880,Tocantins,2018
8262,Confresa,15.22,5103353,Mato Grosso,2018
8263,Curuá,5.05,1502855,Pará,2018
8264,Itapiranga,0.25,1302009,Amazonas,2018
8265,São Luís Gonzaga do Maranhão,0.0,2111409,Maranhão,2018
8266,Novo Santo Antônio,3.46,5106315,Mato Grosso,2018
8267,Novo Horizonte do Oeste,0.83,1100502,Rondônia,2018
8268,São Raimundo das Mangabeiras,0.0,2111607,Maranhão,2018
8269,Cândido Mendes,0.88,2102606,Maranhão,2018
8270,Amarante do Maranhão,6.54,2100600,Maranhão,2018
8271,Plácido de Castro,11.86,1200385,Acre,2018
8272,Serrano do Maranhão,0.08,2111789,Maranhão,2018
8273,Irituia,0.33,1503507,Pará,2018
8274,Pauini,8.12,1303502,Amazonas,2018
8275,Oeiras do Pará,1.89,1505205,Pará,2018
8276,Acrelândia,21.78,1200013,Acre,2018
8277,Almeirim,18.59,1500503,Pará,2018
8278,Ribeirão Cascalheira,1.58,5107180,Mato Grosso,2018
8279,Esperantina,0.18,1707405,Tocantins,2018
8280,Feijó,72.24,1200302,Acre,2018
8281,Couto Magalhães,0.98,1706001,Tocantins,2018
8282,Igarapé-Miri,1.2,1503309,Pará,2018
8283,Rurópolis,50.04,1506195,Pará,2018
8284,Porto Franco,0.79,2109007,Maranhão,2018
8285,Sampaio,0.0,1718808,Tocantins,2018
8286,Belém,0.93,1501402,Pará,2018
8287,Vitória do Mearim,0.0,2112902,Maranhão,2018
8288,Tupirama,0.0,1721257,Tocantins,2018
8289,São Domingos do Capim,0.91,1507201,Pará,2018
8290,Trizidela do Vale,0.0,2112233,Maranhão,2018
8291,Porto Alegre do Tocantins,0.0,1718006,Tocantins,2018
8292,Goiatins,0.0,1709005,Tocantins,2018
8293,Chapada da Natividade,0.0,1705102,Tocantins,2018
8294,São Sebastião do Tocantins,0.0,1720309,Tocantins,2018
8295,Amapá do Maranhão,0.37,2100550,Maranhão,2018
8296,Taguatinga,0.0,1720903,Tocantins,2018
8297,São Vicente Ferrer,0.0,2111706,Maranhão,2018
8298,Tocantínia,0.0,1721109,Tocantins,2018
8299,Pinheiro,0.08,2108603,Maranhão,2018
8300,Cristalândia,0.0,1706100,Tocantins,2018
8301,Aguiarnópolis,0.14,1700301,Tocantins,2018
8302,Piraquê,0.65,1717206,Tocantins,2018
8303,Bonito,0.0,1501600,Pará,2018
8304,Fortaleza dos Nogueiras,0.0,2104107,Maranhão,2018
8305,Terra Alta,0.32,1507961,Pará,2018
8306,Lago da Pedra,0.0,2105708,Maranhão,2018
8307,Balsas,0.0,2101400,Maranhão,2018
8308,Ipixuna do Pará,12.53,1503457,Pará,2018
8309,Santo Antônio dos Lopes,0.11,2110302,Maranhão,2018
8310,Serra do Navio,0.18,1600055,Amapá,2018
8311,Pau D'Arco,0.1,1716307,Tocantins,2018
8312,Concórdia do Pará,0.4,1502756,Pará,2018
8313,Lima Campos,0.0,2106003,Maranhão,2018
8314,São João do Paraíso,0.49,2111052,Maranhão,2018
8315,Boa Vista do Gurupi,0.2,2101970,Maranhão,2018
8316,Ponte Alta do Tocantins,0.0,1717909,Tocantins,2018
8317,Nazaré,0.07,1714302,Tocantins,2018
8318,Aveiro,20.95,1501006,Pará,2018
8319,Nova União,1.23,1101435,Rondônia,2018
8320,Boca do Acre,107.25,1300706,Amazonas,2018
8321,Luciara,0.82,5105309,Mato Grosso,2018
8322,Xambioá,0.5,1722107,Tocantins,2018
8323,Barcelos,1.2,1300409,Amazonas,2018
8324,Guaraí,0.17,1709302,Tocantins,2018
8325,Codajás,1.91,1301308,Amazonas,2018
8326,Querência,69.99,5107065,Mato Grosso,2018
8327,São Luiz,4.03,1400605,Roraima,2018
8328,Careiro,0.87,1301100,Amazonas,2018
8329,Pium,0.0,1717503,Tocantins,2018
8330,Brasnorte,15.11,5101902,Mato Grosso,2018
8331,Paranaíta,41.65,5106299,Mato Grosso,2018
8332,Oriximiná,14.62,1505304,Pará,2018
8333,Amajari,11.7,1400027,Roraima,2018
8334,Baião,9.9,1501204,Pará,2018
8335,Pacaraima,0.0,1400456,Roraima,2018
8336,Tabocão,0.0,1708254,Tocantins,2018
8337,São Salvador do Tocantins,0.0,1720259,Tocantins,2018
8338,Ipueiras,0.0,1709807,Tocantins,2018
8339,Juruá,1.43,1302207,Amazonas,2018
8340,Santana,0.54,1600600,Amapá,2018
8341,Jutaí,1.06,1302306,Amazonas,2018
8342,Crixás do Tocantins,0.0,1706258,Tocantins,2018
8343,Angico,1.68,1701051,Tocantins,2018
8344,Palestina do Pará,0.77,1505494,Pará,2018
8345,Alto Boa Vista,20.49,5100359,Mato Grosso,2018
8346,Turiaçu,4.71,2112407,Maranhão,2018
8347,Wanderlândia,0.18,1722081,Tocantins,2018
8348,Viana,0.0,2112803,Maranhão,2018
8349,Pedro Afonso,0.19,1716505,Tocantins,2018
8350,Riachinho,0.27,1718550,Tocantins,2018
8351,São Valério,0.0,1720499,Tocantins,2018
8352,Cachoeira do Piriá,19.08,1501956,Pará,2018
8353,Castanhal,0.44,1502400,Pará,2018
8354,Rondon do Pará,24.22,1506187,Pará,2018
8355,Barra do Ouro,0.0,1703073,Tocantins,2018
8356,Tomé-Açu,16.48,1508001,Pará,2018
8357,Poção de Pedras,0.0,2108900,Maranhão,2018
8358,São Bento,0.0,2110500,Maranhão,2018
8359,Godofredo Viana,0.2,2104305,Maranhão,2018
8360,Presidente Juscelino,0.39,2109205,Maranhão,2018
8361,São Pedro dos Crentes,0.0,2111573,Maranhão,2018
8362,Buriti do Tocantins,0.0,1703800,Tocantins,2018
8363,Centro Novo do Maranhão,6.88,2103174,Maranhão,2018
8364,Careiro da Várzea,3.93,1301159,Amazonas,2018
8365,Buriti Bravo,0.39,2102309,Maranhão,2018
8366,Pedro do Rosário,0.0,2108256,Maranhão,2018
8367,Palmeirante,0.0,1715705,Tocantins,2018
8368,Palmeiras do Tocantins,0.11,1713809,Tocantins,2018
8369,Carrasco Bonito,0.0,1703891,Tocantins,2018
8370,Conceição do Lago-Açu,0.0,2103554,Maranhão,2018
8371,Vitorino Freire,0.0,2113009,Maranhão,2018
8372,São Domingos do Araguaia,1.02,1507151,Pará,2018
8373,Almas,0.0,1700400,Tocantins,2018
8374,Lajeado,0.0,1712009,Tocantins,2018
8375,Feira Nova do Maranhão,0.0,2104073,Maranhão,2018
8376,Icatu,0.36,2105104,Maranhão,2018
8377,Cururupu,0.0,2103703,Maranhão,2018
8378,Itacajá,0.0,1710508,Tocantins,2018
8379,Luís Domingues,0.65,2106201,Maranhão,2018
8380,Campos Lindos,0.0,1703842,Tocantins,2018
8381,Aurora do Pará,3.66,1500958,Pará,2018
8382,Peri Mirim,0.0,2108405,Maranhão,2018
8383,Capinzal do Norte,0.14,2102754,Maranhão,2018
8384,Cachoeirinha,0.0,1703826,Tocantins,2018
8385,Bela Vista do Maranhão,0.0,2101772,Maranhão,2018
8386,Carmolândia,0.0,1703883,Tocantins,2018
8387,Santa Rita do Tocantins,0.0,1718899,Tocantins,2018
8388,Ministro Andreazza,0.64,1101203,Rondônia,2018
8389,Ponta de Pedras,0.0,1505700,Pará,2018
8390,Chupinguaia,9.35,1100924,Rondônia,2018
8391,Castanheira,3.18,5102850,Mato Grosso,2018
8392,Manaquiri,0.47,1302553,Amazonas,2018
8393,Marcelândia,22.06,5105580,Mato Grosso,2018
8394,Formoso do Araguaia,2.31,1708205,Tocantins,2018
8395,São Felipe D'Oeste,0.0,1101484,Rondônia,2018
8396,Brejinho de Nazaré,0.0,1703701,Tocantins,2018
8397,Juara,25.76,5105101,Mato Grosso,2018
8398,Guarantã do Norte,4.1,5104104,Mato Grosso,2018
8399,Nova Marilândia,0.38,5108857,Mato Grosso,2018
8400,Bernardo do Mearim,0.0,2101939,Maranhão,2018
8401,Terra Nova do Norte,4.88,5108055,Mato Grosso,2018
8402,Indiavaí,0.0,5104500,Mato Grosso,2018
8403,Soure,0.09,1507904,Pará,2018
8404,Caapiranga,0.94,1300839,Amazonas,2018
8405,Marabá,48.29,1504208,Pará,2018
8406,Nova Brasilândia D'Oeste,1.09,1100148,Rondônia,2018
8407,Campo Novo do Parecis,0.0,5102637,Mato Grosso,2018
8408,Guajará-Mirim,15.69,1100106,Rondônia,2018
8409,Mojuí dos Campos,24.19,1504752,Pará,2018
8410,Benjamin Constant,0.17,1300607,Amazonas,2018
8411,Dois Irmãos do Tocantins,0.44,1707207,Tocantins,2018
8412,Jaru,1.62,1100114,Rondônia,2018
8413,Jordão,6.27,1200328,Acre,2018
8414,Mucajaí,18.52,1400308,Roraima,2018
8415,Normandia,0.0,1400407,Roraima,2018
8416,Juína,22.19,5105150,Mato Grosso,2018
8417,Corumbiara,6.55,1100072,Rondônia,2018
8418,Urupá,0.68,1101708,Rondônia,2018
8419,Trairão,55.65,1508050,Pará,2018
8420,Atalaia do Norte,0.67,1300201,Amazonas,2018
8421,Nhamundá,4.77,1303007,Amazonas,2018
8422,Barra do Garças,0.0,5101803,Mato Grosso,2018
8423,São Domingos do Maranhão,9.09,2110708,Maranhão,2018
8424,Bagre,0.83,1501105,Pará,2018
8425,São Bento do Tocantins,0.37,1720101,Tocantins,2018
8426,Juruti,5.42,1503903,Pará,2018
8427,Colniza,234.54,5103254,Mato Grosso,2018
8428,Quatipuru,0.21,1506112,Pará,2018
8429,Salinópolis,0.27,1506203,Pará,2018
8430,Babaçulândia,0.0,1703008,Tocantins,2018
8431,Zé Doca,0.61,2114007,Maranhão,2018
8432,Sapucaia,2.19,1507755,Pará,2018
8433,Colares,0.0,1502608,Pará,2018
8434,Araguatins,2.63,1702208,Tocantins,2018
8435,Pio XII,0.0,2108702,Maranhão,2018
8436,Novo Jardim,0.0,1715259,Tocantins,2018
8437,Marechal Thaumaturgo,4.07,1200351,Acre,2018
8438,Teixeirópolis,0.0,1101559,Rondônia,2018
8439,São Francisco do Pará,0.07,1507409,Pará,2018
8440,Paulo Ramos,0.22,2108108,Maranhão,2018
8441,Nova Colinas,0.0,2107258,Maranhão,2018
8442,Santa Maria do Tocantins,0.0,1718881,Tocantins,2018
8443,Arraias,0.0,1702406,Tocantins,2018
8444,Salvaterra,0.12,1506302,Pará,2018
8445,Manicoré,80.67,1302702,Amazonas,2018
8446,Santa Maria do Pará,0.14,1506609,Pará,2018
8447,Cajapió,0.0,2102408,Maranhão,2018
8448,Bom Jardim,10.61,2102002,Maranhão,2018
8449,Peixe,0.0,1716604,Tocantins,2018
8450,Governador Archer,0.69,2104503,Maranhão,2018
8451,Curralinho,0.0,1502806,Pará,2018
8452,Talismã,0.0,1720978,Tocantins,2018
8453,Timbiras,0.0,2112100,Maranhão,2018
8454,Igarapé-Açu,0.0,1503200,Pará,2018
8455,Lago Verde,0.0,2105906,Maranhão,2018
8456,Itamarati,0.78,1301951,Amazonas,2018
8457,Lábrea,315.52,1302405,Amazonas,2018
8458,Luzinópolis,0.68,1712454,Tocantins,2018
8459,Brasilândia do Tocantins,0.12,1703602,Tocantins,2018
8460,Axixá,0.07,2101103,Maranhão,2018
8461,Brejo de Areia,0.0,2102150,Maranhão,2018
8462,Marituba,0.0,1504422,Pará,2018
8463,Recursolândia,0.0,1718501,Tocantins,2018
8464,Praia Norte,0.37,1718303,Tocantins,2018
8465,Sítio Novo,0.0,2111805,Maranhão,2018
8466,Ouro Preto do Oeste,23.7,1100155,Rondônia,2018
8467,São Félix do Tocantins,0.0,1720150,Tocantins,2018
8468,Marapanim,0.81,1504406,Pará,2018
8469,Bacabeira,0.19,2101251,Maranhão,2018
8470,Santarém Novo,0.21,1506906,Pará,2018
8471,Mirador,0.0,2106706,Maranhão,2018
8472,Vila Nova dos Martírios,0.65,2112852,Maranhão,2018
8473,Riachão,0.0,2109502,Maranhão,2018
8474,Ourém,0.41,1505403,Pará,2018
8475,São José dos Basílios,0.34,2111250,Maranhão,2018
8476,Governador Nunes Freire,0.0,2104677,Maranhão,2018
8477,Calçoene,1.97,1600204,Amapá,2018
8478,Alto Araguaia,0.0,5100300,Mato Grosso,2018
8479,Mirinzal,0.0,2106805,Maranhão,2018
8480,Jenipapo dos Vieiras,0.51,2105476,Maranhão,2018
8481,Santa Izabel do Pará,0.46,1506500,Pará,2018
8482,Combinado,0.0,1705557,Tocantins,2018
8483,Envira,11.61,1301506,Amazonas,2018
8484,Graça Aranha,4.17,2104701,Maranhão,2018
8485,Tocantinópolis,0.08,1721208,Tocantins,2018
8486,Amaturá,0.39,1300060,Amazonas,2018
8487,Cacaulândia,4.49,1100601,Rondônia,2018
8488,São Félix de Balsas,0.0,2110807,Maranhão,2018
8489,Colinas,3.09,2103505,Maranhão,2018
8490,Buritirana,1.96,2102358,Maranhão,2018
8491,Ananindeua,0.0,1500800,Pará,2018
8492,Presidente Figueiredo,5.92,1303536,Amazonas,2018
8493,Abaetetuba,0.64,1500107,Pará,2018
8494,Pindaré-Mirim,0.0,2108504,Maranhão,2018
8495,Centenário,0.0,1704105,Tocantins,2018
8496,Santa Terezinha do Tocantins,0.25,1720002,Tocantins,2018
8497,Vigia,0.06,1508209,Pará,2018
8498,Campo Novo de Rondônia,21.41,1100700,Rondônia,2018
8499,Santa Cruz do Xingu,20.41,5107743,Mato Grosso,2018
8500,Lajeado Novo,0.16,2105989,Maranhão,2018
8501,Afuá,0.0,1500305,Pará,2018
8502,Ribamar Fiquene,0.38,2109551,Maranhão,2018
8503,Peixoto de Azevedo,55.34,5106422,Mato Grosso,2019
8504,Pau D'Arco,1.42,1505551,Pará,2019
8505,Mâncio Lima,12.04,1200336,Acre,2019
8506,Alto Alegre,21.89,1400050,Roraima,2019
8507,Pedra Preta,0.0,5106372,Mato Grosso,2019
8508,Itaituba,168.9,1503606,Pará,2019
8509,Redenção,1.26,1506138,Pará,2019
8510,Iracema,61.05,1400282,Roraima,2019
8511,Santo Antônio do Leverger,0.79,5107800,Mato Grosso,2019
8512,Porto Esperidião,4.75,5106828,Mato Grosso,2019
8513,Nova Brasilândia,0.18,5106208,Mato Grosso,2019
8514,Caracaraí,99.49,1400209,Roraima,2019
8515,Ponte Branca,0.0,5106703,Mato Grosso,2019
8516,Cuiabá,0.0,5103403,Mato Grosso,2019
8517,Tucumã,5.35,1508084,Pará,2019
8518,Alto Paraguai,0.0,5100508,Mato Grosso,2019
8519,São Pedro da Cipa,0.0,5107404,Mato Grosso,2019
8520,Porto Estrela,0.09,5106851,Mato Grosso,2019
8521,Porto de Moz,41.58,1505908,Pará,2019
8522,Denise,0.09,5103452,Mato Grosso,2019
8523,Cáceres,2.06,5102504,Mato Grosso,2019
8524,Tesouro,0.0,5108105,Mato Grosso,2019
8525,Araguaiana,0.0,5101001,Mato Grosso,2019
8526,Matupá,21.08,5105606,Mato Grosso,2019
8527,Conquista D'Oeste,0.77,5103361,Mato Grosso,2019
8528,Vale de São Domingos,0.22,5108352,Mato Grosso,2019
8529,Juscimeira,0.0,5105200,Mato Grosso,2019
8530,Nova Guarita,4.24,5108808,Mato Grosso,2019
8531,Bonfim,12.48,1400159,Roraima,2019
8532,Tapauá,21.21,1304104,Amazonas,2019
8533,Salto do Céu,2.17,5107750,Mato Grosso,2019
8534,Campo Verde,0.35,5102678,Mato Grosso,2019
8535,Eirunepé,3.39,1301407,Amazonas,2019
8536,Curvelândia,0.13,5103437,Mato Grosso,2019
8537,Acorizal,0.0,5100102,Mato Grosso,2019
8538,Várzea Grande,0.0,5108402,Mato Grosso,2019
8539,Rosário Oeste,0.15,5107701,Mato Grosso,2019
8540,Rio Branco,0.0,5107206,Mato Grosso,2019
8541,Santo Antônio do Leste,0.0,5107792,Mato Grosso,2019
8542,Chapada dos Guimarães,0.06,5103007,Mato Grosso,2019
8543,Novo São Joaquim,0.0,5106281,Mato Grosso,2019
8544,Glória D'Oeste,0.0,5103957,Mato Grosso,2019
8545,São José do Povo,0.0,5107297,Mato Grosso,2019
8546,Mirassol d'Oeste,1.59,5105622,Mato Grosso,2019
8547,Nova Bandeirantes,123.98,5106158,Mato Grosso,2019
8548,Poconé,0.0,5106505,Mato Grosso,2019
8549,Conceição do Araguaia,8.92,1502707,Pará,2019
8550,Barra do Bugres,2.74,5101704,Mato Grosso,2019
8551,Guiratinga,0.0,5104203,Mato Grosso,2019
8552,Dom Aquino,0.19,5103601,Mato Grosso,2019
8553,Lambari D'Oeste,0.49,5105234,Mato Grosso,2019
8554,São José dos Quatro Marcos,0.86,5107107,Mato Grosso,2019
8555,Poxoréu,0.0,5107008,Mato Grosso,2019
8556,Floresta do Araguaia,3.15,1503044,Pará,2019
8557,Barão de Melgaço,0.3,5101605,Mato Grosso,2019
8558,Araputanga,0.07,5101258,Mato Grosso,2019
8559,Nova Olímpia,0.8,5106232,Mato Grosso,2019
8560,Rondonópolis,0.09,5107602,Mato Grosso,2019
8561,Nova Xavantina,0.25,5106257,Mato Grosso,2019
8562,Pontal do Araguaia,0.0,5106653,Mato Grosso,2019
8563,Jangada,0.0,5104906,Mato Grosso,2019
8564,Amapá,0.69,1600105,Amapá,2019
8565,Guajará,18.93,1301654,Amazonas,2019
8566,Vila Bela da Santíssima Trindade,8.71,5105507,Mato Grosso,2019
8567,Araguainha,0.0,5101209,Mato Grosso,2019
8568,Capixaba,27.77,1200179,Acre,2019
8569,Jauru,0.22,5105002,Mato Grosso,2019
8570,Ribeirãozinho,0.0,5107198,Mato Grosso,2019
8571,Reserva do Cabaçal,1.1,5107156,Mato Grosso,2019
8572,Figueirópolis D'Oeste,0.0,5103809,Mato Grosso,2019
8573,Alto Garças,0.0,5100409,Mato Grosso,2019
8574,Nossa Senhora do Livramento,0.0,5106109,Mato Grosso,2019
8575,Jaciara,0.0,5104807,Mato Grosso,2019
8576,Manaus,4.63,1302603,Amazonas,2019
8577,Pontes e Lacerda,7.54,5106752,Mato Grosso,2019
8578,Ipixuna,7.74,1301803,Amazonas,2019
8579,Primavera do Leste,0.0,5107040,Mato Grosso,2019
8580,Maraã,1.05,1302801,Amazonas,2019
8581,Torixoréu,0.0,5108204,Mato Grosso,2019
8582,General Carneiro,0.0,5103908,Mato Grosso,2019
8583,Nova Rosalândia,0.0,1715002,Tocantins,2019
8584,São Gabriel da Cachoeira,6.32,1303809,Amazonas,2019
8585,Ipiranga do Norte,4.41,5104526,Mato Grosso,2019
8586,Araguaína,1.41,1702109,Tocantins,2019
8587,São Geraldo do Araguaia,1.48,1507458,Pará,2019
8588,Augusto Corrêa,0.0,1500909,Pará,2019
8589,Uarini,2.45,1304260,Amazonas,2019
8590,Vilhena,25.0,1100304,Rondônia,2019
8591,Nova Lacerda,4.89,5106182,Mato Grosso,2019
8592,Itaporã do Tocantins,0.0,1711100,Tocantins,2019
8593,Lucas do Rio Verde,0.63,5105259,Mato Grosso,2019
8594,Nova Maringá,35.46,5108907,Mato Grosso,2019
8595,Goianésia do Pará,29.97,1503093,Pará,2019
8596,Bujari,26.05,1200138,Acre,2019
8597,Rio Maria,6.09,1506161,Pará,2019
8598,Divinópolis do Tocantins,0.0,1707108,Tocantins,2019
8599,Jacareacanga,93.98,1503754,Pará,2019
8600,Barrolândia,0.0,1703107,Tocantins,2019
8601,Diamantino,0.58,5103502,Mato Grosso,2019
8602,Santa Fé do Araguaia,0.37,1718865,Tocantins,2019
8603,Santa Carmem,16.42,5107248,Mato Grosso,2019
8604,Bannach,2.34,1501253,Pará,2019
8605,Canabrava do Norte,4.36,5102694,Mato Grosso,2019
8606,Pedra Branca do Amapari,4.91,1600154,Amapá,2019
8607,Oliveira de Fátima,0.0,1715507,Tocantins,2019
8608,Caseara,0.32,1703909,Tocantins,2019
8609,Santa Cruz do Arari,0.0,1506401,Pará,2019
8610,Tapurah,2.21,5108006,Mato Grosso,2019
8611,Parauapebas,4.53,1505536,Pará,2019
8612,Limoeiro do Ajuru,0.05,1504000,Pará,2019
8613,Theobroma,5.5,1101609,Rondônia,2019
8614,São Félix do Xingu,544.94,1507300,Pará,2019
8615,Comodoro,30.49,5103304,Mato Grosso,2019
8616,Goianorte,0.0,1708304,Tocantins,2019
8617,Governador Jorge Teixeira,5.58,1101005,Rondônia,2019
8618,Tabaporã,18.06,5107941,Mato Grosso,2019
8619,Epitaciolândia,11.37,1200252,Acre,2019
8620,Vera,2.2,5108501,Mato Grosso,2019
8621,Novo Mundo,21.84,5106265,Mato Grosso,2019
8622,Bernardo Sayão,0.0,1703206,Tocantins,2019
8623,Rolim de Moura,2.58,1100288,Rondônia,2019
8624,Seringueiras,53.12,1101500,Rondônia,2019
8625,Autazes,34.78,1300300,Amazonas,2019
8626,Ferreira Gomes,1.3,1600238,Amapá,2019
8627,Palmas,0.0,1721000,Tocantins,2019
8628,São Francisco do Brejão,0.3,2110856,Maranhão,2019
8629,Sambaíba,0.0,2109700,Maranhão,2019
8630,Novo Alegre,0.0,1715150,Tocantins,2019
8631,Santa Luzia D'Oeste,1.54,1100296,Rondônia,2019
8632,Tartarugalzinho,5.89,1600709,Amapá,2019
8633,Arenápolis,0.66,5101308,Mato Grosso,2019
8634,Gurupi,0.0,1709500,Tocantins,2019
8635,Lagoa da Confusão,0.48,1711902,Tocantins,2019
8636,Boa Vista,0.07,1400100,Roraima,2019
8637,Gurupá,4.63,1503101,Pará,2019
8638,São Pedro da Água Branca,0.71,2111532,Maranhão,2019
8639,Jaú do Tocantins,0.0,1711506,Tocantins,2019
8640,Araguaçu,0.0,1702000,Tocantins,2019
8641,Sandolândia,0.0,1718840,Tocantins,2019
8642,Altamira,575.08,1500602,Pará,2019
8643,Aliança do Tocantins,0.0,1700350,Tocantins,2019
8644,São Sebastião do Uatumã,2.3,1303957,Amazonas,2019
8645,Porto dos Gaúchos,25.16,5106802,Mato Grosso,2019
8646,Sapezal,3.39,5107875,Mato Grosso,2019
8647,Bragança,0.22,1501709,Pará,2019
8648,Nova Santa Helena,5.51,5106190,Mato Grosso,2019
8649,Alto Paraíso,46.64,1100403,Rondônia,2019
8650,Araguanã,0.13,1702158,Tocantins,2019
8651,São José do Rio Claro,6.81,5107305,Mato Grosso,2019
8652,Pimenteiras do Oeste,3.7,1101468,Rondônia,2019
8653,Mocajuba,0.1,1504604,Pará,2019
8654,Iranduba,0.79,1301852,Amazonas,2019
8655,Urucará,0.85,1304302,Amazonas,2019
8656,Santa Isabel do Rio Negro,3.11,1303601,Amazonas,2019
8657,Senador Guiomard,6.64,1200450,Acre,2019
8658,Figueirópolis,0.0,1707652,Tocantins,2019
8659,Coari,3.46,1301209,Amazonas,2019
8660,Carauari,0.57,1301001,Amazonas,2019
8661,Nova Mutum,30.41,5106224,Mato Grosso,2019
8662,Nova Nazaré,0.0,5106174,Mato Grosso,2019
8663,Brasil Novo,25.99,1501725,Pará,2019
8664,Apuí,287.69,1300144,Amazonas,2019
8665,Santa Terezinha,11.04,5107776,Mato Grosso,2019
8666,Campinápolis,0.0,5102603,Mato Grosso,2019
8667,Nova Mamoré,148.04,1100338,Rondônia,2019
8668,Castanheiras,1.75,1100908,Rondônia,2019
8669,União do Sul,62.47,5108303,Mato Grosso,2019
8670,Alvorada,0.0,1700707,Tocantins,2019
8671,Caroebe,36.96,1400233,Roraima,2019
8672,Coroatá,0.56,2103604,Maranhão,2019
8673,Pastos Bons,0.0,2108009,Maranhão,2019
8674,Lago do Junco,0.0,2105807,Maranhão,2019
8675,Matões do Norte,1.25,2106631,Maranhão,2019
8676,Cantanhede,1.44,2102705,Maranhão,2019
8677,Arame,28.57,2100956,Maranhão,2019
8678,Conceição do Tocantins,0.0,1705607,Tocantins,2019
8679,Tufilândia,0.0,2112274,Maranhão,2019
8680,Governador Newton Bello,0.0,2104651,Maranhão,2019
8681,Maranhãozinho,0.06,2106375,Maranhão,2019
8682,Igarapé Grande,0.0,2105203,Maranhão,2019
8683,Monção,0.76,2106904,Maranhão,2019
8684,Peritoró,0.24,2108454,Maranhão,2019
8685,Sucupira do Norte,0.0,2111904,Maranhão,2019
8686,Formosa da Serra Negra,0.25,2104099,Maranhão,2019
8687,Nova Iorque,0.0,2107308,Maranhão,2019
8688,Santa Filomena do Maranhão,0.33,2109759,Maranhão,2019
8689,Carutapera,2.18,2102903,Maranhão,2019
8690,Rio Branco,80.0,1200401,Acre,2019
8691,Satubinha,0.0,2111722,Maranhão,2019
8692,Cujubim,114.05,1100940,Rondônia,2019
8693,Fernando Falcão,0.76,2104081,Maranhão,2019
8694,Pirapemas,1.36,2108801,Maranhão,2019
8695,Centro do Guilherme,0.55,2103158,Maranhão,2019
8696,Oiapoque,7.24,1600501,Amapá,2019
8697,Darcinópolis,0.07,1706506,Tocantins,2019
8698,Alcântara,0.0,2100204,Maranhão,2019
8699,Arari,0.87,2101004,Maranhão,2019
8700,Cumaru do Norte,43.88,1502764,Pará,2019
8701,Miranda do Norte,1.8,2106755,Maranhão,2019
8702,Penalva,0.8,2108306,Maranhão,2019
8703,Brejo Grande do Araguaia,1.2,1501758,Pará,2019
8704,Medicilândia,112.9,1504455,Pará,2019
8705,Nova Timboteua,0.0,1505007,Pará,2019
8706,Central do Maranhão,0.0,2103125,Maranhão,2019
8707,Alto Alegre do Maranhão,0.47,2100436,Maranhão,2019
8708,Maurilândia do Tocantins,0.0,1712801,Tocantins,2019
8709,Paragominas,25.79,1505502,Pará,2019
8710,Morros,0.0,2107100,Maranhão,2019
8711,Itinga do Maranhão,16.52,2105427,Maranhão,2019
8712,Santa Helena,0.64,2109809,Maranhão,2019
8713,São João da Ponta,0.45,1507466,Pará,2019
8714,Cedral,0.0,2103109,Maranhão,2019
8715,São João Batista,0.0,2111003,Maranhão,2019
8716,São Raimundo do Doca Bezerra,0.07,2111631,Maranhão,2019
8717,Turilândia,0.12,2112456,Maranhão,2019
8718,São João de Pirabas,1.94,1507474,Pará,2019
8719,Lago dos Rodrigues,0.0,2105948,Maranhão,2019
8720,Lagoa do Tocantins,0.0,1711951,Tocantins,2019
8721,Dianópolis,0.0,1707009,Tocantins,2019
8722,Novo Acordo,0.0,1715101,Tocantins,2019
8723,Maracanã,1.64,1504307,Pará,2019
8724,Axixá do Tocantins,0.0,1702901,Tocantins,2019
8725,Cachoeira Grande,0.07,2102374,Maranhão,2019
8726,Anajatuba,0.51,2100709,Maranhão,2019
8727,Aurora do Tocantins,0.0,1702703,Tocantins,2019
8728,Itiquira,0.0,5104609,Mato Grosso,2019
8729,Mateiros,0.0,1712702,Tocantins,2019
8730,Natividade,0.0,1714203,Tocantins,2019
8731,Joselândia,0.62,2105609,Maranhão,2019
8732,Bom Jesus do Tocantins,0.0,1703305,Tocantins,2019
8733,Estreito,0.0,2104057,Maranhão,2019
8734,Lizarda,0.0,1712405,Tocantins,2019
8735,Ariquemes,18.51,1100023,Rondônia,2019
8736,Olho d'Água das Cunhãs,0.0,2107407,Maranhão,2019
8737,Cajari,0.28,2102507,Maranhão,2019
8738,Bom Jesus do Tocantins,7.34,1501576,Pará,2019
8739,Chaves,0.3,1502509,Pará,2019
8740,Governador Eugênio Barros,8.38,2104602,Maranhão,2019
8741,Barcarena,0.07,1501303,Pará,2019
8742,São João da Baliza,10.61,1400506,Roraima,2019
8743,Miracema do Tocantins,0.0,1713205,Tocantins,2019
8744,Rio dos Bois,0.0,1718709,Tocantins,2019
8745,Itaubal,0.04,1600253,Amapá,2019
8746,Tefé,7.54,1304203,Amazonas,2019
8747,Cláudia,91.92,5103056,Mato Grosso,2019
8748,Nortelândia,0.72,5106000,Mato Grosso,2019
8749,Anori,0.0,1300102,Amazonas,2019
8750,Água Boa,0.0,5100201,Mato Grosso,2019
8751,Miranorte,0.0,1713304,Tocantins,2019
8752,Rorainópolis,97.18,1400472,Roraima,2019
8753,Cocalinho,2.28,5103106,Mato Grosso,2019
8754,Costa Marques,42.36,1100080,Rondônia,2019
8755,Macapá,7.21,1600303,Amapá,2019
8756,Mirante da Serra,7.89,1101302,Rondônia,2019
8757,Monte Alegre,25.77,1504802,Pará,2019
8758,Santa Rosa do Purus,7.0,1200435,Acre,2019
8759,Palmeirópolis,0.0,1715754,Tocantins,2019
8760,Canaã dos Carajás,1.12,1502152,Pará,2019
8761,Guimarães,0.0,2104909,Maranhão,2019
8762,Belterra,5.12,1501451,Pará,2019
8763,Itapiratins,0.0,1710904,Tocantins,2019
8764,Araguanã,0.0,2100873,Maranhão,2019
8765,Viseu,8.46,1508308,Pará,2019
8766,Uruará,154.05,1508159,Pará,2019
8767,Junco do Maranhão,0.83,2105658,Maranhão,2019
8768,Novo Aripuanã,230.93,1303304,Amazonas,2019
8769,Cotriguaçu,32.89,5103379,Mato Grosso,2019
8770,Jatobá,1.38,2105450,Maranhão,2019
8771,Rio Sono,0.0,1718758,Tocantins,2019
8772,Tracuateua,0.36,1508035,Pará,2019
8773,Breu Branco,9.28,1501782,Pará,2019
8774,Santa Tereza do Tocantins,0.0,1719004,Tocantins,2019
8775,Maracaçumé,0.73,2106326,Maranhão,2019
8776,Parintins,3.35,1303403,Amazonas,2019
8777,Porto Grande,2.74,1600535,Amapá,2019
8778,Aragominas,0.29,1701309,Tocantins,2019
8779,Pugmil,0.0,1718451,Tocantins,2019
8780,Araguacema,0.07,1701903,Tocantins,2019
8781,Novo Airão,3.14,1303205,Amazonas,2019
8782,Breves,1.81,1501808,Pará,2019
8783,Acará,18.17,1500206,Pará,2019
8784,Augustinópolis,0.35,1702554,Tocantins,2019
8785,Canutama,59.87,1300904,Amazonas,2019
8786,Serra Nova Dourada,0.55,5107883,Mato Grosso,2019
8787,Humaitá,89.22,1301704,Amazonas,2019
8788,Borba,10.69,1300805,Amazonas,2019
8789,Ourilândia do Norte,16.41,1505437,Pará,2019
8790,Cerejeiras,1.03,1100056,Rondônia,2019
8791,Mãe do Rio,0.0,1504059,Pará,2019
8792,Bom Jesus das Selvas,19.82,2102036,Maranhão,2019
8793,São João do Soter,0.0,2111078,Maranhão,2019
8794,Magalhães Barata,0.17,1504109,Pará,2019
8795,Senador Alexandre Costa,1.3,2111748,Maranhão,2019
8796,São Mateus do Maranhão,0.0,2111508,Maranhão,2019
8797,Marajá do Sena,5.87,2106359,Maranhão,2019
8798,Igarapé do Meio,0.18,2105153,Maranhão,2019
8799,Santa Rosa do Tocantins,0.0,1718907,Tocantins,2019
8800,Manacapuru,4.14,1302504,Amazonas,2019
8801,Alvarães,2.8,1300029,Amazonas,2019
8802,Cabixi,4.71,1100031,Rondônia,2019
8803,Candeias do Jamari,104.9,1100809,Rondônia,2019
8804,Nova Canaã do Norte,16.01,5106216,Mato Grosso,2019
8805,Moju,27.91,1504703,Pará,2019
8806,Maués,16.04,1302900,Amazonas,2019
8807,São Miguel do Guaporé,16.91,1100320,Rondônia,2019
8808,Santa Maria das Barreiras,28.6,1506583,Pará,2019
8809,Silves,1.63,1304005,Amazonas,2019
8810,Bandeirantes do Tocantins,0.22,1703057,Tocantins,2019
8811,Porto Alegre do Norte,5.2,5106778,Mato Grosso,2019
8812,Gaúcha do Norte,15.62,5103858,Mato Grosso,2019
8813,Nova Monte Verde,40.03,5108956,Mato Grosso,2019
8814,Cametá,0.14,1502103,Pará,2019
8815,Tarauacá,67.42,1200609,Acre,2019
8816,São José do Xingu,3.88,5107354,Mato Grosso,2019
8817,Nova Olinda do Norte,5.94,1303106,Amazonas,2019
8818,Pracuúba,1.28,1600550,Amapá,2019
8819,Bom Jesus do Araguaia,1.76,5101852,Mato Grosso,2019
8820,Santo Antônio do Içá,0.55,1303700,Amazonas,2019
8821,Tabatinga,1.67,1304062,Amazonas,2019
8822,Vitória do Xingu,7.25,1508357,Pará,2019
8823,Campos de Júlio,4.33,5102686,Mato Grosso,2019
8824,Aripuanã,153.86,5101407,Mato Grosso,2019
8825,Alvorada D'Oeste,2.53,1100346,Rondônia,2019
8826,Nova Ubiratã,19.1,5106240,Mato Grosso,2019
8827,Cruzeiro do Sul,25.21,1200203,Acre,2019
8828,Alta Floresta,15.15,5100250,Mato Grosso,2019
8829,Faro,1.18,1503002,Pará,2019
8830,Canarana,19.75,5102702,Mato Grosso,2019
8831,Cachoeira do Arari,0.0,1502004,Pará,2019
8832,Paraíso do Tocantins,0.0,1716109,Tocantins,2019
8833,Primavera de Rondônia,0.26,1101476,Rondônia,2019
8834,Cutias,0.78,1600212,Amapá,2019
8835,Cacoal,5.92,1100049,Rondônia,2019
8836,Piçarra,1.99,1505635,Pará,2019
8837,Vitória do Jari,0.5,1600808,Amapá,2019
8838,Porto Nacional,0.0,1718204,Tocantins,2019
8839,Assis Brasil,21.14,1200054,Acre,2019
8840,Planalto da Serra,0.0,5106455,Mato Grosso,2019
8841,Colinas do Tocantins,0.0,1705508,Tocantins,2019
8842,Colíder,8.37,5103205,Mato Grosso,2019
8843,Sinop,72.48,5107909,Mato Grosso,2019
8844,Muricilândia,0.08,1713957,Tocantins,2019
8845,Alta Floresta D'Oeste,30.01,1100015,Rondônia,2019
8846,Sorriso,0.16,5107925,Mato Grosso,2019
8847,Inhangapi,0.18,1503408,Pará,2019
8848,Bacabal,0.0,2101202,Maranhão,2019
8849,Primavera,0.0,1506104,Pará,2019
8850,Presidente Sarney,0.21,2109270,Maranhão,2019
8851,Lagoa Grande do Maranhão,0.09,2105963,Maranhão,2019
8852,Campestre do Maranhão,0.26,2102556,Maranhão,2019
8853,Dom Pedro,1.02,2103802,Maranhão,2019
8854,Itaguatins,0.58,1710706,Tocantins,2019
8855,Nova Olinda do Maranhão,0.08,2107357,Maranhão,2019
8856,Ananás,0.28,1701002,Tocantins,2019
8857,Santa Luzia do Paruá,0.0,2110039,Maranhão,2019
8858,Palmeirândia,0.0,2107605,Maranhão,2019
8859,Nova Esperança do Piriá,4.36,1504950,Pará,2019
8860,Alto Taquari,0.0,5100607,Mato Grosso,2019
8861,Ji-Paraná,3.39,1100122,Rondônia,2019
8862,Boa Vista do Ramos,1.13,1300680,Amazonas,2019
8863,Carolina,0.0,2102804,Maranhão,2019
8864,Japurá,0.49,1302108,Amazonas,2019
8865,Santa Bárbara do Pará,0.44,1506351,Pará,2019
8866,Monte do Carmo,0.0,1713601,Tocantins,2019
8867,Prainha,74.94,1506005,Pará,2019
8868,Tuntum,8.07,2112308,Maranhão,2019
8869,Curuçá,0.56,1502905,Pará,2019
8870,Taipas do Tocantins,0.0,1720937,Tocantins,2019
8871,Itaipava do Grajaú,0.9,2105351,Maranhão,2019
8872,Laranjal do Jari,1.49,1600279,Amapá,2019
8873,Senador La Rocque,0.4,2111763,Maranhão,2019
8874,Santa Luzia,4.05,2110005,Maranhão,2019
8875,Santana do Araguaia,23.17,1506708,Pará,2019
8876,Santo Antônio do Tauá,0.0,1507003,Pará,2019
8877,Tasso Fragoso,0.0,2112001,Maranhão,2019
8878,Porto Rico do Maranhão,0.0,2109056,Maranhão,2019
8879,Silvanópolis,0.0,1720655,Tocantins,2019
8880,Sítio Novo do Tocantins,0.33,1720804,Tocantins,2019
8881,Santa Luzia do Pará,0.2,1506559,Pará,2019
8882,Raposa,0.0,2109452,Maranhão,2019
8883,Vila Rica,5.72,5108600,Mato Grosso,2019
8884,Olinda Nova do Maranhão,0.0,2107456,Maranhão,2019
8885,Presidente Vargas,0.16,2109304,Maranhão,2019
8886,Bacurituba,0.0,2101350,Maranhão,2019
8887,Gonçalves Dias,6.29,2104404,Maranhão,2019
8888,São José de Ribamar,0.07,2111201,Maranhão,2019
8889,Altamira do Maranhão,0.0,2100402,Maranhão,2019
8890,Garrafão do Norte,0.62,1503077,Pará,2019
8891,Fortuna,7.52,2104206,Maranhão,2019
8892,São Caetano de Odivelas,0.18,1507102,Pará,2019
8893,Machadinho D'Oeste,79.19,1100130,Rondônia,2019
8894,Bequimão,0.0,2101905,Maranhão,2019
8895,Rosário,0.09,2109601,Maranhão,2019
8896,Capitão Poço,1.63,1502301,Pará,2019
8897,Bujaru,0.16,1501907,Pará,2019
8898,Monte Negro,10.81,1101401,Rondônia,2019
8899,Rodrigues Alves,12.62,1200427,Acre,2019
8900,Terra Santa,4.56,1507979,Pará,2019
8901,Bacuri,0.0,2101301,Maranhão,2019
8902,Santa Rita,0.95,2110203,Maranhão,2019
8903,Capanema,0.09,1502202,Pará,2019
8904,Presidente Dutra,1.35,2109106,Maranhão,2019
8905,Santarém,19.43,1506807,Pará,2019
8906,Melgaço,2.55,1504505,Pará,2019
8907,Peixe-Boi,0.0,1505601,Pará,2019
8908,Passagem Franca,0.0,2107902,Maranhão,2019
8909,Juruena,3.95,5105176,Mato Grosso,2019
8910,Anajás,0.39,1500701,Pará,2019
8911,Buritis,31.0,1100452,Rondônia,2019
8912,Dom Eliseu,13.14,1502939,Pará,2019
8913,Senador José Porfírio,328.16,1507805,Pará,2019
8914,Vargem Grande,0.23,2112704,Maranhão,2019
8915,Rio da Conceição,0.0,1718659,Tocantins,2019
8916,Itapecuru Mirim,3.51,2105401,Maranhão,2019
8917,Loreto,0.0,2106102,Maranhão,2019
8918,Benedito Leite,0.0,2101806,Maranhão,2019
8919,Jacundá,3.83,1503804,Pará,2019
8920,Porto Walter,8.72,1200393,Acre,2019
8921,Abel Figueiredo,4.15,1500131,Pará,2019
8922,Açailândia,10.23,2100055,Maranhão,2019
8923,Itacoatiara,14.08,1301902,Amazonas,2019
8924,São Miguel do Tocantins,1.01,1720200,Tocantins,2019
8925,Bom Lugar,0.0,2102077,Maranhão,2019
8926,Marianópolis do Tocantins,1.36,1712504,Tocantins,2019
8927,Santa Inês,0.0,2109908,Maranhão,2019
8928,Codó,3.81,2103307,Maranhão,2019
8929,Carlinda,2.1,5102793,Mato Grosso,2019
8930,Pindorama do Tocantins,0.0,1717008,Tocantins,2019
8931,Alto Parnaíba,0.0,2100501,Maranhão,2019
8932,Feliz Natal,47.42,5103700,Mato Grosso,2019
8933,São Félix do Araguaia,13.44,5107859,Mato Grosso,2019
8934,Pequizeiro,0.34,1716653,Tocantins,2019
8935,Eldorado do Carajás,3.5,1502954,Pará,2019
8936,Rio Crespo,10.69,1100262,Rondônia,2019
8937,Brasiléia,58.61,1200104,Acre,2019
8938,Tangará da Serra,3.37,5107958,Mato Grosso,2019
8939,Fonte Boa,0.65,1301605,Amazonas,2019
8940,São Miguel do Guamá,0.21,1507607,Pará,2019
8941,Nova Ipixuna,6.41,1504976,Pará,2019
8942,Filadélfia,0.0,1707702,Tocantins,2019
8943,São Domingos do Azeitão,0.0,2110658,Maranhão,2019
8944,Beruri,2.36,1300631,Amazonas,2019
8945,Espigão D'Oeste,6.89,1100098,Rondônia,2019
8946,Uiramutã,1.93,1400704,Roraima,2019
8947,Esperantinópolis,0.0,2104008,Maranhão,2019
8948,Apiacás,85.59,5100805,Mato Grosso,2019
8949,Tupiratins,0.0,1721307,Tocantins,2019
8950,Itanhangá,1.93,5104542,Mato Grosso,2019
8951,Barreirinha,3.77,1300508,Amazonas,2019
8952,Nobres,0.07,5105903,Mato Grosso,2019
8953,São Luís,0.63,2111300,Maranhão,2019
8954,Tucuruí,8.21,1508100,Pará,2019
8955,Paranã,0.0,1716208,Tocantins,2019
8956,Imperatriz,0.28,2105302,Maranhão,2019
8957,Benevides,0.06,1501501,Pará,2019
8958,São João do Carú,0.13,2111029,Maranhão,2019
8959,Cariri do Tocantins,0.0,1703867,Tocantins,2019
8960,Óbidos,34.81,1505106,Pará,2019
8961,Cidelândia,2.08,2103257,Maranhão,2019
8962,Xapuri,59.9,1200708,Acre,2019
8963,Porto Acre,22.97,1200807,Acre,2019
8964,Lavandeira,0.0,1712157,Tocantins,2019
8965,Ponte Alta do Bom Jesus,0.0,1717800,Tocantins,2019
8966,São Roberto,0.0,2111672,Maranhão,2019
8967,Alto Alegre do Pindaré,0.41,2100477,Maranhão,2019
8968,Sena Madureira,80.16,1200500,Acre,2019
8969,Abreulândia,0.0,1700251,Tocantins,2019
8970,Governador Luiz Rocha,5.11,2104628,Maranhão,2019
8971,Pedreiras,0.0,2108207,Maranhão,2019
8972,Xinguara,1.33,1508407,Pará,2019
8973,Itapuã do Oeste,14.89,1101104,Rondônia,2019
8974,São Sebastião da Boa Vista,0.09,1507706,Pará,2019
8975,Presidente Médici,0.0,2109239,Maranhão,2019
8976,São Francisco do Guaporé,23.1,1101492,Rondônia,2019
8977,Fátima,0.0,1707553,Tocantins,2019
8978,Paraibano,0.0,2107704,Maranhão,2019
8979,Placas,104.81,1505650,Pará,2019
8980,Vale do Paraíso,1.8,1101807,Rondônia,2019
8981,Manoel Urbano,31.62,1200344,Acre,2019
8982,Novo Progresso,201.12,1505031,Pará,2019
8983,Montes Altos,2.2,2107001,Maranhão,2019
8984,Chapada de Areia,0.0,1704600,Tocantins,2019
8985,Vale do Anari,9.4,1101757,Rondônia,2019
8986,Governador Edison Lobão,0.0,2104552,Maranhão,2019
8987,Dueré,0.0,1707306,Tocantins,2019
8988,Alenquer,19.84,1500404,Pará,2019
8989,Mazagão,2.34,1600402,Amapá,2019
8990,Curionópolis,2.77,1502772,Pará,2019
8991,Tailândia,19.97,1507953,Pará,2019
8992,Arapoema,0.29,1702307,Tocantins,2019
8993,Rondolândia,28.28,5107578,Mato Grosso,2019
8994,Buriticupu,13.31,2102325,Maranhão,2019
8995,São Paulo de Olivença,2.87,1303908,Amazonas,2019
8996,Cantá,85.04,1400175,Roraima,2019
8997,Apicum-Açu,0.0,2100832,Maranhão,2019
8998,Anamã,0.32,1300086,Amazonas,2019
8999,Sucupira,0.0,1720853,Tocantins,2019
9000,Presidente Médici,0.98,1100254,Rondônia,2019
9001,Pacajá,311.95,1505486,Pará,2019
9002,Paranatinga,16.67,5106307,Mato Grosso,2019
9003,Pimenta Bueno,20.43,1100189,Rondônia,2019
9004,Paço do Lumiar,0.22,2107506,Maranhão,2019
9005,Aparecida do Rio Negro,0.0,1701101,Tocantins,2019
9006,Matinha,0.0,2106508,Maranhão,2019
9007,Ulianópolis,18.28,1508126,Pará,2019
9008,Itupiranga,34.84,1503705,Pará,2019
9009,Rio Preto da Eva,3.6,1303569,Amazonas,2019
9010,Santa Rita do Trivelato,1.05,5107768,Mato Grosso,2019
9011,São João do Araguaia,5.27,1507508,Pará,2019
9012,Água Azul do Norte,9.68,1500347,Pará,2019
9013,Barra do Corda,9.12,2101608,Maranhão,2019
9014,Urucurituba,0.39,1304401,Amazonas,2019
9015,Santo Afonso,2.64,5107263,Mato Grosso,2019
9016,Muaná,0.0,1504901,Pará,2019
9017,Davinópolis,0.09,2103752,Maranhão,2019
9018,Colméia,0.94,1716703,Tocantins,2019
9019,Novo Repartimento,141.16,1505064,Pará,2019
9020,Monte Santo do Tocantins,0.0,1713700,Tocantins,2019
9021,Grajaú,10.12,2104800,Maranhão,2019
9022,Alto Alegre dos Parecis,9.93,1100379,Rondônia,2019
9023,Portel,254.24,1505809,Pará,2019
9024,Itaúba,27.11,5104559,Mato Grosso,2019
9025,Parecis,7.37,1101450,Rondônia,2019
9026,Colorado do Oeste,1.84,1100064,Rondônia,2019
9027,Presidente Kennedy,0.0,1718402,Tocantins,2019
9028,Anapu,217.31,1500859,Pará,2019
9029,Juarina,0.0,1711803,Tocantins,2019
9030,Novo Horizonte do Norte,0.52,5106273,Mato Grosso,2019
9031,Tonantins,0.24,1304237,Amazonas,2019
9032,João Lisboa,0.14,2105500,Maranhão,2019
9033,Porto Velho,412.7,1100205,Rondônia,2019
9034,Nova Olinda,0.0,1714880,Tocantins,2019
9035,Confresa,9.53,5103353,Mato Grosso,2019
9036,Curuá,11.21,1502855,Pará,2019
9037,Itapiranga,0.87,1302009,Amazonas,2019
9038,São Luís Gonzaga do Maranhão,0.0,2111409,Maranhão,2019
9039,Novo Santo Antônio,2.34,5106315,Mato Grosso,2019
9040,Novo Horizonte do Oeste,1.41,1100502,Rondônia,2019
9041,São Raimundo das Mangabeiras,0.0,2111607,Maranhão,2019
9042,Cândido Mendes,1.5,2102606,Maranhão,2019
9043,Amarante do Maranhão,13.66,2100600,Maranhão,2019
9044,Plácido de Castro,8.99,1200385,Acre,2019
9045,Serrano do Maranhão,0.0,2111789,Maranhão,2019
9046,Irituia,0.09,1503507,Pará,2019
9047,Pauini,10.3,1303502,Amazonas,2019
9048,Oeiras do Pará,2.7,1505205,Pará,2019
9049,Acrelândia,19.89,1200013,Acre,2019
9050,Almeirim,29.67,1500503,Pará,2019
9051,Ribeirão Cascalheira,12.71,5107180,Mato Grosso,2019
9052,Esperantina,0.59,1707405,Tocantins,2019
9053,Feijó,94.02,1200302,Acre,2019
9054,Couto Magalhães,0.14,1706001,Tocantins,2019
9055,Igarapé-Miri,0.82,1503309,Pará,2019
9056,Rurópolis,108.72,1506195,Pará,2019
9057,Porto Franco,1.13,2109007,Maranhão,2019
9058,Sampaio,0.08,1718808,Tocantins,2019
9059,Belém,1.26,1501402,Pará,2019
9060,Vitória do Mearim,0.09,2112902,Maranhão,2019
9061,Tupirama,0.0,1721257,Tocantins,2019
9062,São Domingos do Capim,0.47,1507201,Pará,2019
9063,Trizidela do Vale,0.0,2112233,Maranhão,2019
9064,Porto Alegre do Tocantins,0.0,1718006,Tocantins,2019
9065,Goiatins,0.0,1709005,Tocantins,2019
9066,Chapada da Natividade,0.0,1705102,Tocantins,2019
9067,São Sebastião do Tocantins,0.0,1720309,Tocantins,2019
9068,Amapá do Maranhão,1.93,2100550,Maranhão,2019
9069,Taguatinga,0.0,1720903,Tocantins,2019
9070,São Vicente Ferrer,0.0,2111706,Maranhão,2019
9071,Tocantínia,0.0,1721109,Tocantins,2019
9072,Pinheiro,0.99,2108603,Maranhão,2019
9073,Cristalândia,0.0,1706100,Tocantins,2019
9074,Aguiarnópolis,1.93,1700301,Tocantins,2019
9075,Piraquê,2.52,1717206,Tocantins,2019
9076,Bonito,0.0,1501600,Pará,2019
9077,Fortaleza dos Nogueiras,0.0,2104107,Maranhão,2019
9078,Terra Alta,0.17,1507961,Pará,2019
9079,Lago da Pedra,0.0,2105708,Maranhão,2019
9080,Balsas,0.0,2101400,Maranhão,2019
9081,Ipixuna do Pará,7.31,1503457,Pará,2019
9082,Santo Antônio dos Lopes,1.1,2110302,Maranhão,2019
9083,Serra do Navio,0.5,1600055,Amapá,2019
9084,Pau D'Arco,0.07,1716307,Tocantins,2019
9085,Concórdia do Pará,0.31,1502756,Pará,2019
9086,Lima Campos,0.43,2106003,Maranhão,2019
9087,São João do Paraíso,0.16,2111052,Maranhão,2019
9088,Boa Vista do Gurupi,2.71,2101970,Maranhão,2019
9089,Ponte Alta do Tocantins,0.0,1717909,Tocantins,2019
9090,Nazaré,0.36,1714302,Tocantins,2019
9091,Aveiro,44.98,1501006,Pará,2019
9092,Nova União,21.49,1101435,Rondônia,2019
9093,Boca do Acre,144.08,1300706,Amazonas,2019
9094,Luciara,0.46,5105309,Mato Grosso,2019
9095,Xambioá,0.49,1722107,Tocantins,2019
9096,Barcelos,11.05,1300409,Amazonas,2019
9097,Guaraí,0.0,1709302,Tocantins,2019
9098,Codajás,2.46,1301308,Amazonas,2019
9099,Querência,17.25,5107065,Mato Grosso,2019
9100,São Luiz,10.87,1400605,Roraima,2019
9101,Careiro,2.47,1301100,Amazonas,2019
9102,Pium,0.0,1717503,Tocantins,2019
9103,Brasnorte,47.39,5101902,Mato Grosso,2019
9104,Paranaíta,54.96,5106299,Mato Grosso,2019
9105,Oriximiná,20.61,1505304,Pará,2019
9106,Amajari,21.29,1400027,Roraima,2019
9107,Baião,7.21,1501204,Pará,2019
9108,Pacaraima,2.21,1400456,Roraima,2019
9109,Tabocão,0.0,1708254,Tocantins,2019
9110,São Salvador do Tocantins,0.0,1720259,Tocantins,2019
9111,Ipueiras,0.0,1709807,Tocantins,2019
9112,Juruá,0.35,1302207,Amazonas,2019
9113,Santana,0.08,1600600,Amapá,2019
9114,Jutaí,10.84,1302306,Amazonas,2019
9115,Crixás do Tocantins,0.0,1706258,Tocantins,2019
9116,Angico,2.01,1701051,Tocantins,2019
9117,Palestina do Pará,1.16,1505494,Pará,2019
9118,Alto Boa Vista,0.71,5100359,Mato Grosso,2019
9119,Turiaçu,6.1,2112407,Maranhão,2019
9120,Wanderlândia,0.28,1722081,Tocantins,2019
9121,Viana,0.4,2112803,Maranhão,2019
9122,Pedro Afonso,2.49,1716505,Tocantins,2019
9123,Riachinho,0.6,1718550,Tocantins,2019
9124,São Valério,0.0,1720499,Tocantins,2019
9125,Cachoeira do Piriá,22.79,1501956,Pará,2019
9126,Castanhal,0.25,1502400,Pará,2019
9127,Rondon do Pará,34.09,1506187,Pará,2019
9128,Barra do Ouro,0.0,1703073,Tocantins,2019
9129,Tomé-Açu,13.52,1508001,Pará,2019
9130,Poção de Pedras,0.0,2108900,Maranhão,2019
9131,São Bento,0.0,2110500,Maranhão,2019
9132,Godofredo Viana,1.22,2104305,Maranhão,2019
9133,Presidente Juscelino,0.14,2109205,Maranhão,2019
9134,São Pedro dos Crentes,0.0,2111573,Maranhão,2019
9135,Buriti do Tocantins,0.0,1703800,Tocantins,2019
9136,Centro Novo do Maranhão,4.88,2103174,Maranhão,2019
9137,Careiro da Várzea,11.78,1301159,Amazonas,2019
9138,Buriti Bravo,0.49,2102309,Maranhão,2019
9139,Pedro do Rosário,0.07,2108256,Maranhão,2019
9140,Palmeirante,0.0,1715705,Tocantins,2019
9141,Palmeiras do Tocantins,0.0,1713809,Tocantins,2019
9142,Carrasco Bonito,0.0,1703891,Tocantins,2019
9143,Conceição do Lago-Açu,0.0,2103554,Maranhão,2019
9144,Vitorino Freire,0.0,2113009,Maranhão,2019
9145,São Domingos do Araguaia,1.48,1507151,Pará,2019
9146,Almas,0.0,1700400,Tocantins,2019
9147,Lajeado,0.0,1712009,Tocantins,2019
9148,Feira Nova do Maranhão,0.0,2104073,Maranhão,2019
9149,Icatu,0.0,2105104,Maranhão,2019
9150,Cururupu,0.0,2103703,Maranhão,2019
9151,Itacajá,0.0,1710508,Tocantins,2019
9152,Luís Domingues,2.28,2106201,Maranhão,2019
9153,Campos Lindos,0.0,1703842,Tocantins,2019
9154,Aurora do Pará,1.29,1500958,Pará,2019
9155,Peri Mirim,0.0,2108405,Maranhão,2019
9156,Capinzal do Norte,0.37,2102754,Maranhão,2019
9157,Cachoeirinha,0.13,1703826,Tocantins,2019
9158,Bela Vista do Maranhão,0.0,2101772,Maranhão,2019
9159,Carmolândia,0.13,1703883,Tocantins,2019
9160,Santa Rita do Tocantins,0.0,1718899,Tocantins,2019
9161,Ministro Andreazza,1.19,1101203,Rondônia,2019
9162,Ponta de Pedras,0.0,1505700,Pará,2019
9163,Chupinguaia,15.14,1100924,Rondônia,2019
9164,Castanheira,8.75,5102850,Mato Grosso,2019
9165,Manaquiri,1.49,1302553,Amazonas,2019
9166,Marcelândia,95.99,5105580,Mato Grosso,2019
9167,Formoso do Araguaia,1.93,1708205,Tocantins,2019
9168,São Felipe D'Oeste,0.59,1101484,Rondônia,2019
9169,Brejinho de Nazaré,0.0,1703701,Tocantins,2019
9170,Juara,85.45,5105101,Mato Grosso,2019
9171,Guarantã do Norte,13.04,5104104,Mato Grosso,2019
9172,Nova Marilândia,1.03,5108857,Mato Grosso,2019
9173,Bernardo do Mearim,0.0,2101939,Maranhão,2019
9174,Terra Nova do Norte,6.95,5108055,Mato Grosso,2019
9175,Indiavaí,0.0,5104500,Mato Grosso,2019
9176,Soure,0.0,1507904,Pará,2019
9177,Caapiranga,0.96,1300839,Amazonas,2019
9178,Marabá,67.26,1504208,Pará,2019
9179,Nova Brasilândia D'Oeste,5.56,1100148,Rondônia,2019
9180,Campo Novo do Parecis,3.04,5102637,Mato Grosso,2019
9181,Guajará-Mirim,18.42,1100106,Rondônia,2019
9182,Mojuí dos Campos,45.27,1504752,Pará,2019
9183,Benjamin Constant,0.42,1300607,Amazonas,2019
9184,Dois Irmãos do Tocantins,0.0,1707207,Tocantins,2019
9185,Jaru,2.28,1100114,Rondônia,2019
9186,Jordão,11.05,1200328,Acre,2019
9187,Mucajaí,81.61,1400308,Roraima,2019
9188,Normandia,0.0,1400407,Roraima,2019
9189,Juína,43.58,5105150,Mato Grosso,2019
9190,Corumbiara,3.79,1100072,Rondônia,2019
9191,Urupá,0.47,1101708,Rondônia,2019
9192,Trairão,111.92,1508050,Pará,2019
9193,Atalaia do Norte,2.47,1300201,Amazonas,2019
9194,Nhamundá,2.95,1303007,Amazonas,2019
9195,Barra do Garças,1.9,5101803,Mato Grosso,2019
9196,São Domingos do Maranhão,6.17,2110708,Maranhão,2019
9197,Bagre,2.31,1501105,Pará,2019
9198,São Bento do Tocantins,0.49,1720101,Tocantins,2019
9199,Juruti,15.78,1503903,Pará,2019
9200,Colniza,197.65,5103254,Mato Grosso,2019
9201,Quatipuru,0.0,1506112,Pará,2019
9202,Salinópolis,1.15,1506203,Pará,2019
9203,Babaçulândia,0.0,1703008,Tocantins,2019
9204,Zé Doca,0.95,2114007,Maranhão,2019
9205,Sapucaia,4.41,1507755,Pará,2019
9206,Colares,0.0,1502608,Pará,2019
9207,Araguatins,2.23,1702208,Tocantins,2019
9208,Pio XII,0.0,2108702,Maranhão,2019
9209,Novo Jardim,0.0,1715259,Tocantins,2019
9210,Marechal Thaumaturgo,13.62,1200351,Acre,2019
9211,Teixeirópolis,0.28,1101559,Rondônia,2019
9212,São Francisco do Pará,0.0,1507409,Pará,2019
9213,Paulo Ramos,0.18,2108108,Maranhão,2019
9214,Nova Colinas,0.0,2107258,Maranhão,2019
9215,Santa Maria do Tocantins,0.0,1718881,Tocantins,2019
9216,Arraias,0.0,1702406,Tocantins,2019
9217,Salvaterra,0.26,1506302,Pará,2019
9218,Manicoré,81.65,1302702,Amazonas,2019
9219,Santa Maria do Pará,0.0,1506609,Pará,2019
9220,Cajapió,0.0,2102408,Maranhão,2019
9221,Bom Jardim,19.2,2102002,Maranhão,2019
9222,Peixe,0.0,1716604,Tocantins,2019
9223,Governador Archer,1.02,2104503,Maranhão,2019
9224,Curralinho,1.71,1502806,Pará,2019
9225,Talismã,0.0,1720978,Tocantins,2019
9226,Timbiras,0.16,2112100,Maranhão,2019
9227,Igarapé-Açu,0.0,1503200,Pará,2019
9228,Lago Verde,0.0,2105906,Maranhão,2019
9229,Itamarati,0.99,1301951,Amazonas,2019
9230,Lábrea,381.76,1302405,Amazonas,2019
9231,Luzinópolis,1.12,1712454,Tocantins,2019
9232,Brasilândia do Tocantins,0.0,1703602,Tocantins,2019
9233,Axixá,0.0,2101103,Maranhão,2019
9234,Brejo de Areia,0.72,2102150,Maranhão,2019
9235,Marituba,0.1,1504422,Pará,2019
9236,Recursolândia,0.17,1718501,Tocantins,2019
9237,Praia Norte,1.26,1718303,Tocantins,2019
9238,Sítio Novo,0.19,2111805,Maranhão,2019
9239,Ouro Preto do Oeste,22.59,1100155,Rondônia,2019
9240,São Félix do Tocantins,0.0,1720150,Tocantins,2019
9241,Marapanim,0.0,1504406,Pará,2019
9242,Bacabeira,0.07,2101251,Maranhão,2019
9243,Santarém Novo,0.23,1506906,Pará,2019
9244,Mirador,0.0,2106706,Maranhão,2019
9245,Vila Nova dos Martírios,0.62,2112852,Maranhão,2019
9246,Riachão,0.0,2109502,Maranhão,2019
9247,Ourém,0.3,1505403,Pará,2019
9248,São José dos Basílios,0.4,2111250,Maranhão,2019
9249,Governador Nunes Freire,0.0,2104677,Maranhão,2019
9250,Calçoene,2.06,1600204,Amapá,2019
9251,Alto Araguaia,0.0,5100300,Mato Grosso,2019
9252,Mirinzal,0.16,2106805,Maranhão,2019
9253,Jenipapo dos Vieiras,1.15,2105476,Maranhão,2019
9254,Santa Izabel do Pará,0.0,1506500,Pará,2019
9255,Combinado,0.0,1705557,Tocantins,2019
9256,Envira,13.06,1301506,Amazonas,2019
9257,Graça Aranha,1.7,2104701,Maranhão,2019
9258,Tocantinópolis,0.07,1721208,Tocantins,2019
9259,Amaturá,0.0,1300060,Amazonas,2019
9260,Cacaulândia,6.11,1100601,Rondônia,2019
9261,São Félix de Balsas,0.0,2110807,Maranhão,2019
9262,Colinas,1.91,2103505,Maranhão,2019
9263,Buritirana,3.39,2102358,Maranhão,2019
9264,Ananindeua,0.0,1500800,Pará,2019
9265,Presidente Figueiredo,9.71,1303536,Amazonas,2019
9266,Abaetetuba,0.34,1500107,Pará,2019
9267,Pindaré-Mirim,0.0,2108504,Maranhão,2019
9268,Centenário,0.0,1704105,Tocantins,2019
9269,Santa Terezinha do Tocantins,0.1,1720002,Tocantins,2019
9270,Vigia,0.19,1508209,Pará,2019
9271,Campo Novo de Rondônia,14.62,1100700,Rondônia,2019
9272,Santa Cruz do Xingu,10.23,5107743,Mato Grosso,2019
9273,Lajeado Novo,0.94,2105989,Maranhão,2019
9274,Afuá,0.11,1500305,Pará,2019
9275,Ribamar Fiquene,0.39,2109551,Maranhão,2019
9276,Peixoto de Azevedo,64.77,5106422,Mato Grosso,2020
9277,Pau D'Arco,2.95,1505551,Pará,2020
9278,Mâncio Lima,6.22,1200336,Acre,2020
9279,Alto Alegre,35.93,1400050,Roraima,2020
9280,Pedra Preta,0.0,5106372,Mato Grosso,2020
9281,Itaituba,272.61,1503606,Pará,2020
9282,Redenção,0.22,1506138,Pará,2020
9283,Iracema,22.77,1400282,Roraima,2020
9284,Santo Antônio do Leverger,2.67,5107800,Mato Grosso,2020
9285,Porto Esperidião,4.47,5106828,Mato Grosso,2020
9286,Nova Brasilândia,0.08,5106208,Mato Grosso,2020
9287,Caracaraí,35.98,1400209,Roraima,2020
9288,Ponte Branca,0.0,5106703,Mato Grosso,2020
9289,Cuiabá,0.0,5103403,Mato Grosso,2020
9290,Tucumã,2.44,1508084,Pará,2020
9291,Alto Paraguai,0.0,5100508,Mato Grosso,2020
9292,São Pedro da Cipa,0.0,5107404,Mato Grosso,2020
9293,Porto Estrela,0.0,5106851,Mato Grosso,2020
9294,Porto de Moz,32.1,1505908,Pará,2020
9295,Denise,0.29,5103452,Mato Grosso,2020
9296,Cáceres,5.91,5102504,Mato Grosso,2020
9297,Tesouro,0.0,5108105,Mato Grosso,2020
9298,Araguaiana,0.0,5101001,Mato Grosso,2020
9299,Matupá,18.43,5105606,Mato Grosso,2020
9300,Conquista D'Oeste,0.18,5103361,Mato Grosso,2020
9301,Vale de São Domingos,0.55,5108352,Mato Grosso,2020
9302,Juscimeira,0.0,5105200,Mato Grosso,2020
9303,Nova Guarita,1.3,5108808,Mato Grosso,2020
9304,Bonfim,8.96,1400159,Roraima,2020
9305,Tapauá,16.9,1304104,Amazonas,2020
9306,Salto do Céu,0.19,5107750,Mato Grosso,2020
9307,Campo Verde,0.32,5102678,Mato Grosso,2020
9308,Eirunepé,2.89,1301407,Amazonas,2020
9309,Curvelândia,0.3,5103437,Mato Grosso,2020
9310,Acorizal,0.0,5100102,Mato Grosso,2020
9311,Várzea Grande,0.0,5108402,Mato Grosso,2020
9312,Rosário Oeste,0.0,5107701,Mato Grosso,2020
9313,Rio Branco,0.0,5107206,Mato Grosso,2020
9314,Santo Antônio do Leste,0.0,5107792,Mato Grosso,2020
9315,Chapada dos Guimarães,0.07,5103007,Mato Grosso,2020
9316,Novo São Joaquim,0.0,5106281,Mato Grosso,2020
9317,Glória D'Oeste,0.1,5103957,Mato Grosso,2020
9318,São José do Povo,0.0,5107297,Mato Grosso,2020
9319,Mirassol d'Oeste,2.19,5105622,Mato Grosso,2020
9320,Nova Bandeirantes,50.7,5106158,Mato Grosso,2020
9321,Poconé,0.18,5106505,Mato Grosso,2020
9322,Conceição do Araguaia,2.15,1502707,Pará,2020
9323,Barra do Bugres,4.39,5101704,Mato Grosso,2020
9324,Guiratinga,0.0,5104203,Mato Grosso,2020
9325,Dom Aquino,0.1,5103601,Mato Grosso,2020
9326,Lambari D'Oeste,0.41,5105234,Mato Grosso,2020
9327,São José dos Quatro Marcos,0.3,5107107,Mato Grosso,2020
9328,Poxoréu,0.12,5107008,Mato Grosso,2020
9329,Floresta do Araguaia,2.38,1503044,Pará,2020
9330,Barão de Melgaço,5.09,5101605,Mato Grosso,2020
9331,Araputanga,5.95,5101258,Mato Grosso,2020
9332,Nova Olímpia,1.6,5106232,Mato Grosso,2020
9333,Rondonópolis,0.13,5107602,Mato Grosso,2020
9334,Nova Xavantina,0.0,5106257,Mato Grosso,2020
9335,Pontal do Araguaia,0.0,5106653,Mato Grosso,2020
9336,Jangada,0.0,5104906,Mato Grosso,2020
9337,Amapá,0.0,1600105,Amapá,2020
9338,Guajará,20.64,1301654,Amazonas,2020
9339,Vila Bela da Santíssima Trindade,11.18,5105507,Mato Grosso,2020
9340,Araguainha,0.0,5101209,Mato Grosso,2020
9341,Capixaba,18.8,1200179,Acre,2020
9342,Jauru,0.93,5105002,Mato Grosso,2020
9343,Ribeirãozinho,0.0,5107198,Mato Grosso,2020
9344,Reserva do Cabaçal,3.43,5107156,Mato Grosso,2020
9345,Figueirópolis D'Oeste,0.32,5103809,Mato Grosso,2020
9346,Alto Garças,0.0,5100409,Mato Grosso,2020
9347,Nossa Senhora do Livramento,0.39,5106109,Mato Grosso,2020
9348,Jaciara,0.0,5104807,Mato Grosso,2020
9349,Manaus,6.71,1302603,Amazonas,2020
9350,Pontes e Lacerda,6.44,5106752,Mato Grosso,2020
9351,Ipixuna,8.12,1301803,Amazonas,2020
9352,Primavera do Leste,0.0,5107040,Mato Grosso,2020
9353,Maraã,0.86,1302801,Amazonas,2020
9354,Torixoréu,0.0,5108204,Mato Grosso,2020
9355,General Carneiro,0.0,5103908,Mato Grosso,2020
9356,Nova Rosalândia,0.0,1715002,Tocantins,2020
9357,São Gabriel da Cachoeira,6.33,1303809,Amazonas,2020
9358,Ipiranga do Norte,0.35,5104526,Mato Grosso,2020
9359,Araguaína,0.3,1702109,Tocantins,2020
9360,São Geraldo do Araguaia,1.26,1507458,Pará,2020
9361,Augusto Corrêa,0.0,1500909,Pará,2020
9362,Uarini,3.47,1304260,Amazonas,2020
9363,Vilhena,18.95,1100304,Rondônia,2020
9364,Nova Lacerda,2.11,5106182,Mato Grosso,2020
9365,Itaporã do Tocantins,0.17,1711100,Tocantins,2020
9366,Lucas do Rio Verde,6.21,5105259,Mato Grosso,2020
9367,Nova Maringá,18.17,5108907,Mato Grosso,2020
9368,Goianésia do Pará,38.99,1503093,Pará,2020
9369,Bujari,17.65,1200138,Acre,2020
9370,Rio Maria,11.72,1506161,Pará,2020
9371,Divinópolis do Tocantins,0.0,1707108,Tocantins,2020
9372,Jacareacanga,88.93,1503754,Pará,2020
9373,Barrolândia,0.0,1703107,Tocantins,2020
9374,Diamantino,6.01,5103502,Mato Grosso,2020
9375,Santa Fé do Araguaia,0.12,1718865,Tocantins,2020
9376,Santa Carmem,20.87,5107248,Mato Grosso,2020
9377,Bannach,2.21,1501253,Pará,2020
9378,Canabrava do Norte,2.12,5102694,Mato Grosso,2020
9379,Pedra Branca do Amapari,1.02,1600154,Amapá,2020
9380,Oliveira de Fátima,0.0,1715507,Tocantins,2020
9381,Caseara,0.37,1703909,Tocantins,2020
9382,Santa Cruz do Arari,0.0,1506401,Pará,2020
9383,Tapurah,5.31,5108006,Mato Grosso,2020
9384,Parauapebas,4.08,1505536,Pará,2020
9385,Limoeiro do Ajuru,0.24,1504000,Pará,2020
9386,Theobroma,4.71,1101609,Rondônia,2020
9387,São Félix do Xingu,608.84,1507300,Pará,2020
9388,Comodoro,32.47,5103304,Mato Grosso,2020
9389,Goianorte,0.0,1708304,Tocantins,2020
9390,Governador Jorge Teixeira,5.66,1101005,Rondônia,2020
9391,Tabaporã,7.09,5107941,Mato Grosso,2020
9392,Epitaciolândia,8.45,1200252,Acre,2020
9393,Vera,1.95,5108501,Mato Grosso,2020
9394,Novo Mundo,19.56,5106265,Mato Grosso,2020
9395,Bernardo Sayão,0.18,1703206,Tocantins,2020
9396,Rolim de Moura,0.96,1100288,Rondônia,2020
9397,Seringueiras,33.84,1101500,Rondônia,2020
9398,Autazes,22.82,1300300,Amazonas,2020
9399,Ferreira Gomes,0.45,1600238,Amapá,2020
9400,Palmas,0.0,1721000,Tocantins,2020
9401,São Francisco do Brejão,0.72,2110856,Maranhão,2020
9402,Sambaíba,0.0,2109700,Maranhão,2020
9403,Novo Alegre,0.0,1715150,Tocantins,2020
9404,Santa Luzia D'Oeste,0.8,1100296,Rondônia,2020
9405,Tartarugalzinho,1.38,1600709,Amapá,2020
9406,Arenápolis,0.08,5101308,Mato Grosso,2020
9407,Gurupi,0.0,1709500,Tocantins,2020
9408,Lagoa da Confusão,0.14,1711902,Tocantins,2020
9409,Boa Vista,0.86,1400100,Roraima,2020
9410,Gurupá,3.83,1503101,Pará,2020
9411,São Pedro da Água Branca,1.05,2111532,Maranhão,2020
9412,Jaú do Tocantins,0.0,1711506,Tocantins,2020
9413,Araguaçu,0.0,1702000,Tocantins,2020
9414,Sandolândia,0.0,1718840,Tocantins,2020
9415,Altamira,797.69,1500602,Pará,2020
9416,Aliança do Tocantins,0.0,1700350,Tocantins,2020
9417,São Sebastião do Uatumã,1.32,1303957,Amazonas,2020
9418,Porto dos Gaúchos,51.71,5106802,Mato Grosso,2020
9419,Sapezal,2.0,5107875,Mato Grosso,2020
9420,Bragança,0.4,1501709,Pará,2020
9421,Nova Santa Helena,10.46,5106190,Mato Grosso,2020
9422,Alto Paraíso,41.07,1100403,Rondônia,2020
9423,Araguanã,0.24,1702158,Tocantins,2020
9424,São José do Rio Claro,3.22,5107305,Mato Grosso,2020
9425,Pimenteiras do Oeste,8.83,1101468,Rondônia,2020
9426,Mocajuba,0.09,1504604,Pará,2020
9427,Iranduba,2.22,1301852,Amazonas,2020
9428,Urucará,0.47,1304302,Amazonas,2020
9429,Santa Isabel do Rio Negro,1.09,1303601,Amazonas,2020
9430,Senador Guiomard,9.85,1200450,Acre,2020
9431,Figueirópolis,0.0,1707652,Tocantins,2020
9432,Coari,3.92,1301209,Amazonas,2020
9433,Carauari,1.44,1301001,Amazonas,2020
9434,Nova Mutum,2.04,5106224,Mato Grosso,2020
9435,Nova Nazaré,0.08,5106174,Mato Grosso,2020
9436,Brasil Novo,26.71,1501725,Pará,2020
9437,Apuí,259.63,1300144,Amazonas,2020
9438,Santa Terezinha,17.98,5107776,Mato Grosso,2020
9439,Campinápolis,0.0,5102603,Mato Grosso,2020
9440,Nova Mamoré,112.7,1100338,Rondônia,2020
9441,Castanheiras,1.44,1100908,Rondônia,2020
9442,União do Sul,133.77,5108303,Mato Grosso,2020
9443,Alvorada,0.0,1700707,Tocantins,2020
9444,Caroebe,41.88,1400233,Roraima,2020
9445,Coroatá,1.33,2103604,Maranhão,2020
9446,Pastos Bons,0.0,2108009,Maranhão,2020
9447,Lago do Junco,0.0,2105807,Maranhão,2020
9448,Matões do Norte,1.8,2106631,Maranhão,2020
9449,Cantanhede,3.07,2102705,Maranhão,2020
9450,Arame,22.38,2100956,Maranhão,2020
9451,Conceição do Tocantins,0.0,1705607,Tocantins,2020
9452,Tufilândia,0.0,2112274,Maranhão,2020
9453,Governador Newton Bello,0.0,2104651,Maranhão,2020
9454,Maranhãozinho,0.0,2106375,Maranhão,2020
9455,Igarapé Grande,0.0,2105203,Maranhão,2020
9456,Monção,4.42,2106904,Maranhão,2020
9457,Peritoró,1.23,2108454,Maranhão,2020
9458,Sucupira do Norte,0.0,2111904,Maranhão,2020
9459,Formosa da Serra Negra,0.16,2104099,Maranhão,2020
9460,Nova Iorque,0.0,2107308,Maranhão,2020
9461,Santa Filomena do Maranhão,0.67,2109759,Maranhão,2020
9462,Carutapera,2.08,2102903,Maranhão,2020
9463,Rio Branco,55.74,1200401,Acre,2020
9464,Satubinha,0.0,2111722,Maranhão,2020
9465,Cujubim,100.97,1100940,Rondônia,2020
9466,Fernando Falcão,0.78,2104081,Maranhão,2020
9467,Pirapemas,0.98,2108801,Maranhão,2020
9468,Centro do Guilherme,0.75,2103158,Maranhão,2020
9469,Oiapoque,0.68,1600501,Amapá,2020
9470,Darcinópolis,0.97,1706506,Tocantins,2020
9471,Alcântara,0.0,2100204,Maranhão,2020
9472,Arari,2.11,2101004,Maranhão,2020
9473,Cumaru do Norte,69.79,1502764,Pará,2020
9474,Miranda do Norte,2.23,2106755,Maranhão,2020
9475,Penalva,2.06,2108306,Maranhão,2020
9476,Brejo Grande do Araguaia,1.4,1501758,Pará,2020
9477,Medicilândia,64.63,1504455,Pará,2020
9478,Nova Timboteua,0.07,1505007,Pará,2020
9479,Central do Maranhão,0.0,2103125,Maranhão,2020
9480,Alto Alegre do Maranhão,0.07,2100436,Maranhão,2020
9481,Maurilândia do Tocantins,0.0,1712801,Tocantins,2020
9482,Paragominas,19.56,1505502,Pará,2020
9483,Morros,0.08,2107100,Maranhão,2020
9484,Itinga do Maranhão,23.0,2105427,Maranhão,2020
9485,Santa Helena,12.15,2109809,Maranhão,2020
9486,São João da Ponta,0.65,1507466,Pará,2020
9487,Cedral,0.0,2103109,Maranhão,2020
9488,São João Batista,0.0,2111003,Maranhão,2020
9489,São Raimundo do Doca Bezerra,0.0,2111631,Maranhão,2020
9490,Turilândia,11.44,2112456,Maranhão,2020
9491,São João de Pirabas,0.57,1507474,Pará,2020
9492,Lago dos Rodrigues,0.0,2105948,Maranhão,2020
9493,Lagoa do Tocantins,0.0,1711951,Tocantins,2020
9494,Dianópolis,0.0,1707009,Tocantins,2020
9495,Novo Acordo,0.0,1715101,Tocantins,2020
9496,Maracanã,0.89,1504307,Pará,2020
9497,Axixá do Tocantins,0.07,1702901,Tocantins,2020
9498,Cachoeira Grande,0.0,2102374,Maranhão,2020
9499,Anajatuba,0.41,2100709,Maranhão,2020
9500,Aurora do Tocantins,0.0,1702703,Tocantins,2020
9501,Itiquira,0.0,5104609,Mato Grosso,2020
9502,Mateiros,0.0,1712702,Tocantins,2020
9503,Natividade,0.0,1714203,Tocantins,2020
9504,Joselândia,0.62,2105609,Maranhão,2020
9505,Bom Jesus do Tocantins,0.0,1703305,Tocantins,2020
9506,Estreito,0.07,2104057,Maranhão,2020
9507,Lizarda,0.0,1712405,Tocantins,2020
9508,Ariquemes,22.39,1100023,Rondônia,2020
9509,Olho d'Água das Cunhãs,0.0,2107407,Maranhão,2020
9510,Cajari,2.79,2102507,Maranhão,2020
9511,Bom Jesus do Tocantins,19.13,1501576,Pará,2020
9512,Chaves,0.06,1502509,Pará,2020
9513,Governador Eugênio Barros,2.82,2104602,Maranhão,2020
9514,Barcarena,2.6,1501303,Pará,2020
9515,São João da Baliza,8.3,1400506,Roraima,2020
9516,Miracema do Tocantins,0.0,1713205,Tocantins,2020
9517,Rio dos Bois,0.0,1718709,Tocantins,2020
9518,Itaubal,0.0,1600253,Amapá,2020
9519,Tefé,10.47,1304203,Amazonas,2020
9520,Cláudia,44.07,5103056,Mato Grosso,2020
9521,Nortelândia,1.09,5106000,Mato Grosso,2020
9522,Anori,0.32,1300102,Amazonas,2020
9523,Água Boa,0.21,5100201,Mato Grosso,2020
9524,Miranorte,0.0,1713304,Tocantins,2020
9525,Rorainópolis,79.52,1400472,Roraima,2020
9526,Cocalinho,0.7,5103106,Mato Grosso,2020
9527,Costa Marques,36.54,1100080,Rondônia,2020
9528,Macapá,1.44,1600303,Amapá,2020
9529,Mirante da Serra,7.22,1101302,Rondônia,2020
9530,Monte Alegre,32.83,1504802,Pará,2020
9531,Santa Rosa do Purus,5.16,1200435,Acre,2020
9532,Palmeirópolis,0.0,1715754,Tocantins,2020
9533,Canaã dos Carajás,1.93,1502152,Pará,2020
9534,Guimarães,0.0,2104909,Maranhão,2020
9535,Belterra,4.47,1501451,Pará,2020
9536,Itapiratins,0.0,1710904,Tocantins,2020
9537,Araguanã,0.17,2100873,Maranhão,2020
9538,Viseu,8.65,1508308,Pará,2020
9539,Uruará,133.37,1508159,Pará,2020
9540,Junco do Maranhão,0.0,2105658,Maranhão,2020
9541,Novo Aripuanã,110.33,1303304,Amazonas,2020
9542,Cotriguaçu,49.78,5103379,Mato Grosso,2020
9543,Jatobá,0.99,2105450,Maranhão,2020
9544,Rio Sono,0.0,1718758,Tocantins,2020
9545,Tracuateua,0.08,1508035,Pará,2020
9546,Breu Branco,13.11,1501782,Pará,2020
9547,Santa Tereza do Tocantins,0.0,1719004,Tocantins,2020
9548,Maracaçumé,0.27,2106326,Maranhão,2020
9549,Parintins,3.03,1303403,Amazonas,2020
9550,Porto Grande,0.59,1600535,Amapá,2020
9551,Aragominas,1.6,1701309,Tocantins,2020
9552,Pugmil,0.0,1718451,Tocantins,2020
9553,Araguacema,0.27,1701903,Tocantins,2020
9554,Novo Airão,0.73,1303205,Amazonas,2020
9555,Breves,1.88,1501808,Pará,2020
9556,Acará,15.67,1500206,Pará,2020
9557,Augustinópolis,0.1,1702554,Tocantins,2020
9558,Canutama,62.42,1300904,Amazonas,2020
9559,Serra Nova Dourada,2.2,5107883,Mato Grosso,2020
9560,Humaitá,108.57,1301704,Amazonas,2020
9561,Borba,12.27,1300805,Amazonas,2020
9562,Ourilândia do Norte,17.69,1505437,Pará,2020
9563,Cerejeiras,0.92,1100056,Rondônia,2020
9564,Mãe do Rio,0.21,1504059,Pará,2020
9565,Bom Jesus das Selvas,12.18,2102036,Maranhão,2020
9566,São João do Soter,0.0,2111078,Maranhão,2020
9567,Magalhães Barata,1.72,1504109,Pará,2020
9568,Senador Alexandre Costa,2.37,2111748,Maranhão,2020
9569,São Mateus do Maranhão,0.14,2111508,Maranhão,2020
9570,Marajá do Sena,8.49,2106359,Maranhão,2020
9571,Igarapé do Meio,0.31,2105153,Maranhão,2020
9572,Santa Rosa do Tocantins,0.0,1718907,Tocantins,2020
9573,Manacapuru,10.88,1302504,Amazonas,2020
9574,Alvarães,5.36,1300029,Amazonas,2020
9575,Cabixi,0.96,1100031,Rondônia,2020
9576,Candeias do Jamari,113.86,1100809,Rondônia,2020
9577,Nova Canaã do Norte,9.2,5106216,Mato Grosso,2020
9578,Moju,36.29,1504703,Pará,2020
9579,Maués,21.4,1302900,Amazonas,2020
9580,São Miguel do Guaporé,20.47,1100320,Rondônia,2020
9581,Santa Maria das Barreiras,32.71,1506583,Pará,2020
9582,Silves,1.62,1304005,Amazonas,2020
9583,Bandeirantes do Tocantins,0.0,1703057,Tocantins,2020
9584,Porto Alegre do Norte,12.36,5106778,Mato Grosso,2020
9585,Gaúcha do Norte,52.58,5103858,Mato Grosso,2020
9586,Nova Monte Verde,18.89,5108956,Mato Grosso,2020
9587,Cametá,0.45,1502103,Pará,2020
9588,Tarauacá,51.57,1200609,Acre,2020
9589,São José do Xingu,1.2,5107354,Mato Grosso,2020
9590,Nova Olinda do Norte,6.07,1303106,Amazonas,2020
9591,Pracuúba,0.64,1600550,Amapá,2020
9592,Bom Jesus do Araguaia,2.54,5101852,Mato Grosso,2020
9593,Santo Antônio do Içá,2.95,1303700,Amazonas,2020
9594,Tabatinga,0.64,1304062,Amazonas,2020
9595,Vitória do Xingu,8.44,1508357,Pará,2020
9596,Campos de Júlio,0.09,5102686,Mato Grosso,2020
9597,Aripuanã,142.88,5101407,Mato Grosso,2020
9598,Alvorada D'Oeste,1.82,1100346,Rondônia,2020
9599,Nova Ubiratã,31.98,5106240,Mato Grosso,2020
9600,Cruzeiro do Sul,42.47,1200203,Acre,2020
9601,Alta Floresta,18.49,5100250,Mato Grosso,2020
9602,Faro,1.17,1503002,Pará,2020
9603,Canarana,3.46,5102702,Mato Grosso,2020
9604,Cachoeira do Arari,0.0,1502004,Pará,2020
9605,Paraíso do Tocantins,0.0,1716109,Tocantins,2020
9606,Primavera de Rondônia,0.3,1101476,Rondônia,2020
9607,Cutias,0.4,1600212,Amapá,2020
9608,Cacoal,4.96,1100049,Rondônia,2020
9609,Piçarra,1.61,1505635,Pará,2020
9610,Vitória do Jari,1.13,1600808,Amapá,2020
9611,Porto Nacional,0.0,1718204,Tocantins,2020
9612,Assis Brasil,18.17,1200054,Acre,2020
9613,Planalto da Serra,0.0,5106455,Mato Grosso,2020
9614,Colinas do Tocantins,0.0,1705508,Tocantins,2020
9615,Colíder,5.63,5103205,Mato Grosso,2020
9616,Sinop,10.01,5107909,Mato Grosso,2020
9617,Muricilândia,0.3,1713957,Tocantins,2020
9618,Alta Floresta D'Oeste,25.42,1100015,Rondônia,2020
9619,Sorriso,0.33,5107925,Mato Grosso,2020
9620,Inhangapi,0.25,1503408,Pará,2020
9621,Bacabal,0.0,2101202,Maranhão,2020
9622,Primavera,0.45,1506104,Pará,2020
9623,Presidente Sarney,4.95,2109270,Maranhão,2020
9624,Lagoa Grande do Maranhão,0.4,2105963,Maranhão,2020
9625,Campestre do Maranhão,0.09,2102556,Maranhão,2020
9626,Dom Pedro,0.59,2103802,Maranhão,2020
9627,Itaguatins,0.2,1710706,Tocantins,2020
9628,Nova Olinda do Maranhão,9.47,2107357,Maranhão,2020
9629,Ananás,5.2,1701002,Tocantins,2020
9630,Santa Luzia do Paruá,1.48,2110039,Maranhão,2020
9631,Palmeirândia,0.0,2107605,Maranhão,2020
9632,Nova Esperança do Piriá,7.71,1504950,Pará,2020
9633,Alto Taquari,0.0,5100607,Mato Grosso,2020
9634,Ji-Paraná,2.51,1100122,Rondônia,2020
9635,Boa Vista do Ramos,0.6,1300680,Amazonas,2020
9636,Carolina,0.0,2102804,Maranhão,2020
9637,Japurá,2.21,1302108,Amazonas,2020
9638,Santa Bárbara do Pará,0.32,1506351,Pará,2020
9639,Monte do Carmo,0.0,1713601,Tocantins,2020
9640,Prainha,54.88,1506005,Pará,2020
9641,Tuntum,3.81,2112308,Maranhão,2020
9642,Curuçá,0.87,1502905,Pará,2020
9643,Taipas do Tocantins,0.0,1720937,Tocantins,2020
9644,Itaipava do Grajaú,0.81,2105351,Maranhão,2020
9645,Laranjal do Jari,0.37,1600279,Amapá,2020
9646,Senador La Rocque,0.52,2111763,Maranhão,2020
9647,Santa Luzia,6.15,2110005,Maranhão,2020
9648,Santana do Araguaia,51.62,1506708,Pará,2020
9649,Santo Antônio do Tauá,0.39,1507003,Pará,2020
9650,Tasso Fragoso,0.0,2112001,Maranhão,2020
9651,Porto Rico do Maranhão,0.0,2109056,Maranhão,2020
9652,Silvanópolis,0.0,1720655,Tocantins,2020
9653,Sítio Novo do Tocantins,0.25,1720804,Tocantins,2020
9654,Santa Luzia do Pará,0.55,1506559,Pará,2020
9655,Raposa,0.04,2109452,Maranhão,2020
9656,Vila Rica,4.56,5108600,Mato Grosso,2020
9657,Olinda Nova do Maranhão,0.0,2107456,Maranhão,2020
9658,Presidente Vargas,0.08,2109304,Maranhão,2020
9659,Bacurituba,0.0,2101350,Maranhão,2020
9660,Gonçalves Dias,7.37,2104404,Maranhão,2020
9661,São José de Ribamar,0.57,2111201,Maranhão,2020
9662,Altamira do Maranhão,0.0,2100402,Maranhão,2020
9663,Garrafão do Norte,0.93,1503077,Pará,2020
9664,Fortuna,4.91,2104206,Maranhão,2020
9665,São Caetano de Odivelas,0.9,1507102,Pará,2020
9666,Machadinho D'Oeste,44.38,1100130,Rondônia,2020
9667,Bequimão,0.0,2101905,Maranhão,2020
9668,Rosário,1.91,2109601,Maranhão,2020
9669,Capitão Poço,1.17,1502301,Pará,2020
9670,Bujaru,1.25,1501907,Pará,2020
9671,Monte Negro,14.34,1101401,Rondônia,2020
9672,Rodrigues Alves,15.54,1200427,Acre,2020
9673,Terra Santa,2.79,1507979,Pará,2020
9674,Bacuri,0.0,2101301,Maranhão,2020
9675,Santa Rita,4.18,2110203,Maranhão,2020
9676,Capanema,0.53,1502202,Pará,2020
9677,Presidente Dutra,1.68,2109106,Maranhão,2020
9678,Santarém,15.56,1506807,Pará,2020
9679,Melgaço,2.19,1504505,Pará,2020
9680,Peixe-Boi,0.25,1505601,Pará,2020
9681,Passagem Franca,0.0,2107902,Maranhão,2020
9682,Juruena,5.44,5105176,Mato Grosso,2020
9683,Anajás,0.9,1500701,Pará,2020
9684,Buritis,38.4,1100452,Rondônia,2020
9685,Dom Eliseu,26.7,1502939,Pará,2020
9686,Senador José Porfírio,147.61,1507805,Pará,2020
9687,Vargem Grande,0.63,2112704,Maranhão,2020
9688,Rio da Conceição,0.0,1718659,Tocantins,2020
9689,Itapecuru Mirim,4.21,2105401,Maranhão,2020
9690,Loreto,0.0,2106102,Maranhão,2020
9691,Benedito Leite,0.0,2101806,Maranhão,2020
9692,Jacundá,3.76,1503804,Pará,2020
9693,Porto Walter,23.58,1200393,Acre,2020
9694,Abel Figueiredo,1.21,1500131,Pará,2020
9695,Açailândia,20.0,2100055,Maranhão,2020
9696,Itacoatiara,10.25,1301902,Amazonas,2020
9697,São Miguel do Tocantins,0.51,1720200,Tocantins,2020
9698,Bom Lugar,0.0,2102077,Maranhão,2020
9699,Marianópolis do Tocantins,0.38,1712504,Tocantins,2020
9700,Santa Inês,0.0,2109908,Maranhão,2020
9701,Codó,1.54,2103307,Maranhão,2020
9702,Carlinda,1.6,5102793,Mato Grosso,2020
9703,Pindorama do Tocantins,0.0,1717008,Tocantins,2020
9704,Alto Parnaíba,0.0,2100501,Maranhão,2020
9705,Feliz Natal,63.45,5103700,Mato Grosso,2020
9706,São Félix do Araguaia,17.28,5107859,Mato Grosso,2020
9707,Pequizeiro,0.0,1716653,Tocantins,2020
9708,Eldorado do Carajás,2.85,1502954,Pará,2020
9709,Rio Crespo,6.19,1100262,Rondônia,2020
9710,Brasiléia,40.12,1200104,Acre,2020
9711,Tangará da Serra,0.62,5107958,Mato Grosso,2020
9712,Fonte Boa,0.0,1301605,Amazonas,2020
9713,São Miguel do Guamá,0.66,1507607,Pará,2020
9714,Nova Ipixuna,6.55,1504976,Pará,2020
9715,Filadélfia,0.0,1707702,Tocantins,2020
9716,São Domingos do Azeitão,0.0,2110658,Maranhão,2020
9717,Beruri,3.29,1300631,Amazonas,2020
9718,Espigão D'Oeste,4.16,1100098,Rondônia,2020
9719,Uiramutã,0.99,1400704,Roraima,2020
9720,Esperantinópolis,0.0,2104008,Maranhão,2020
9721,Apiacás,51.81,5100805,Mato Grosso,2020
9722,Tupiratins,0.0,1721307,Tocantins,2020
9723,Itanhangá,31.96,5104542,Mato Grosso,2020
9724,Barreirinha,1.45,1300508,Amazonas,2020
9725,Nobres,0.0,5105903,Mato Grosso,2020
9726,São Luís,1.25,2111300,Maranhão,2020
9727,Tucuruí,8.64,1508100,Pará,2020
9728,Paranã,0.0,1716208,Tocantins,2020
9729,Imperatriz,0.0,2105302,Maranhão,2020
9730,Benevides,0.31,1501501,Pará,2020
9731,São João do Carú,0.89,2111029,Maranhão,2020
9732,Cariri do Tocantins,0.0,1703867,Tocantins,2020
9733,Óbidos,42.42,1505106,Pará,2020
9734,Cidelândia,2.24,2103257,Maranhão,2020
9735,Xapuri,39.47,1200708,Acre,2020
9736,Porto Acre,19.51,1200807,Acre,2020
9737,Lavandeira,0.0,1712157,Tocantins,2020
9738,Ponte Alta do Bom Jesus,0.0,1717800,Tocantins,2020
9739,São Roberto,0.0,2111672,Maranhão,2020
9740,Alto Alegre do Pindaré,0.41,2100477,Maranhão,2020
9741,Sena Madureira,73.0,1200500,Acre,2020
9742,Abreulândia,0.17,1700251,Tocantins,2020
9743,Governador Luiz Rocha,5.22,2104628,Maranhão,2020
9744,Pedreiras,0.0,2108207,Maranhão,2020
9745,Xinguara,1.46,1508407,Pará,2020
9746,Itapuã do Oeste,13.36,1101104,Rondônia,2020
9747,São Sebastião da Boa Vista,0.41,1507706,Pará,2020
9748,Presidente Médici,0.0,2109239,Maranhão,2020
9749,São Francisco do Guaporé,21.64,1101492,Rondônia,2020
9750,Fátima,0.0,1707553,Tocantins,2020
9751,Paraibano,0.0,2107704,Maranhão,2020
9752,Placas,85.87,1505650,Pará,2020
9753,Vale do Paraíso,2.04,1101807,Rondônia,2020
9754,Manoel Urbano,54.0,1200344,Acre,2020
9755,Novo Progresso,364.1,1505031,Pará,2020
9756,Montes Altos,0.62,2107001,Maranhão,2020
9757,Chapada de Areia,0.19,1704600,Tocantins,2020
9758,Vale do Anari,7.18,1101757,Rondônia,2020
9759,Governador Edison Lobão,0.0,2104552,Maranhão,2020
9760,Dueré,0.39,1707306,Tocantins,2020
9761,Alenquer,32.86,1500404,Pará,2020
9762,Mazagão,0.71,1600402,Amapá,2020
9763,Curionópolis,3.76,1502772,Pará,2020
9764,Tailândia,37.48,1507953,Pará,2020
9765,Arapoema,0.07,1702307,Tocantins,2020
9766,Rondolândia,51.29,5107578,Mato Grosso,2020
9767,Buriticupu,8.18,2102325,Maranhão,2020
9768,São Paulo de Olivença,3.55,1303908,Amazonas,2020
9769,Cantá,21.01,1400175,Roraima,2020
9770,Apicum-Açu,0.07,2100832,Maranhão,2020
9771,Anamã,0.66,1300086,Amazonas,2020
9772,Sucupira,0.0,1720853,Tocantins,2020
9773,Presidente Médici,0.74,1100254,Rondônia,2020
9774,Pacajá,247.25,1505486,Pará,2020
9775,Paranatinga,65.86,5106307,Mato Grosso,2020
9776,Pimenta Bueno,17.32,1100189,Rondônia,2020
9777,Paço do Lumiar,1.12,2107506,Maranhão,2020
9778,Aparecida do Rio Negro,0.0,1701101,Tocantins,2020
9779,Matinha,0.08,2106508,Maranhão,2020
9780,Ulianópolis,57.04,1508126,Pará,2020
9781,Itupiranga,33.22,1503705,Pará,2020
9782,Rio Preto da Eva,2.99,1303569,Amazonas,2020
9783,Santa Rita do Trivelato,0.0,5107768,Mato Grosso,2020
9784,São João do Araguaia,4.77,1507508,Pará,2020
9785,Água Azul do Norte,8.13,1500347,Pará,2020
9786,Barra do Corda,7.27,2101608,Maranhão,2020
9787,Urucurituba,0.07,1304401,Amazonas,2020
9788,Santo Afonso,1.9,5107263,Mato Grosso,2020
9789,Muaná,0.09,1504901,Pará,2020
9790,Davinópolis,0.52,2103752,Maranhão,2020
9791,Colméia,0.43,1716703,Tocantins,2020
9792,Novo Repartimento,154.82,1505064,Pará,2020
9793,Monte Santo do Tocantins,0.02,1713700,Tocantins,2020
9794,Grajaú,11.42,2104800,Maranhão,2020
9795,Alto Alegre dos Parecis,12.53,1100379,Rondônia,2020
9796,Portel,189.99,1505809,Pará,2020
9797,Itaúba,13.46,5104559,Mato Grosso,2020
9798,Parecis,6.02,1101450,Rondônia,2020
9799,Colorado do Oeste,0.7,1100064,Rondônia,2020
9800,Presidente Kennedy,0.0,1718402,Tocantins,2020
9801,Anapu,111.95,1500859,Pará,2020
9802,Juarina,0.0,1711803,Tocantins,2020
9803,Novo Horizonte do Norte,0.48,5106273,Mato Grosso,2020
9804,Tonantins,1.13,1304237,Amazonas,2020
9805,João Lisboa,1.73,2105500,Maranhão,2020
9806,Porto Velho,449.64,1100205,Rondônia,2020
9807,Nova Olinda,0.0,1714880,Tocantins,2020
9808,Confresa,29.37,5103353,Mato Grosso,2020
9809,Curuá,9.55,1502855,Pará,2020
9810,Itapiranga,0.16,1302009,Amazonas,2020
9811,São Luís Gonzaga do Maranhão,0.07,2111409,Maranhão,2020
9812,Novo Santo Antônio,0.44,5106315,Mato Grosso,2020
9813,Novo Horizonte do Oeste,0.56,1100502,Rondônia,2020
9814,São Raimundo das Mangabeiras,0.0,2111607,Maranhão,2020
9815,Cândido Mendes,0.67,2102606,Maranhão,2020
9816,Amarante do Maranhão,6.71,2100600,Maranhão,2020
9817,Plácido de Castro,8.28,1200385,Acre,2020
9818,Serrano do Maranhão,0.0,2111789,Maranhão,2020
9819,Irituia,0.52,1503507,Pará,2020
9820,Pauini,21.14,1303502,Amazonas,2020
9821,Oeiras do Pará,2.42,1505205,Pará,2020
9822,Acrelândia,12.94,1200013,Acre,2020
9823,Almeirim,24.7,1500503,Pará,2020
9824,Ribeirão Cascalheira,2.14,5107180,Mato Grosso,2020
9825,Esperantina,0.77,1707405,Tocantins,2020
9826,Feijó,99.88,1200302,Acre,2020
9827,Couto Magalhães,0.0,1706001,Tocantins,2020
9828,Igarapé-Miri,1.08,1503309,Pará,2020
9829,Rurópolis,98.57,1506195,Pará,2020
9830,Porto Franco,0.28,2109007,Maranhão,2020
9831,Sampaio,0.01,1718808,Tocantins,2020
9832,Belém,0.23,1501402,Pará,2020
9833,Vitória do Mearim,1.4,2112902,Maranhão,2020
9834,Tupirama,0.0,1721257,Tocantins,2020
9835,São Domingos do Capim,2.14,1507201,Pará,2020
9836,Trizidela do Vale,0.0,2112233,Maranhão,2020
9837,Porto Alegre do Tocantins,0.0,1718006,Tocantins,2020
9838,Goiatins,0.0,1709005,Tocantins,2020
9839,Chapada da Natividade,0.0,1705102,Tocantins,2020
9840,São Sebastião do Tocantins,0.0,1720309,Tocantins,2020
9841,Amapá do Maranhão,1.66,2100550,Maranhão,2020
9842,Taguatinga,0.0,1720903,Tocantins,2020
9843,São Vicente Ferrer,0.0,2111706,Maranhão,2020
9844,Tocantínia,0.0,1721109,Tocantins,2020
9845,Pinheiro,4.09,2108603,Maranhão,2020
9846,Cristalândia,0.0,1706100,Tocantins,2020
9847,Aguiarnópolis,0.0,1700301,Tocantins,2020
9848,Piraquê,0.87,1717206,Tocantins,2020
9849,Bonito,0.24,1501600,Pará,2020
9850,Fortaleza dos Nogueiras,0.0,2104107,Maranhão,2020
9851,Terra Alta,0.21,1507961,Pará,2020
9852,Lago da Pedra,0.0,2105708,Maranhão,2020
9853,Balsas,0.0,2101400,Maranhão,2020
9854,Ipixuna do Pará,23.22,1503457,Pará,2020
9855,Santo Antônio dos Lopes,0.14,2110302,Maranhão,2020
9856,Serra do Navio,0.08,1600055,Amapá,2020
9857,Pau D'Arco,0.0,1716307,Tocantins,2020
9858,Concórdia do Pará,0.77,1502756,Pará,2020
9859,Lima Campos,0.43,2106003,Maranhão,2020
9860,São João do Paraíso,0.6,2111052,Maranhão,2020
9861,Boa Vista do Gurupi,1.65,2101970,Maranhão,2020
9862,Ponte Alta do Tocantins,0.0,1717909,Tocantins,2020
9863,Nazaré,0.0,1714302,Tocantins,2020
9864,Aveiro,35.01,1501006,Pará,2020
9865,Nova União,9.64,1101435,Rondônia,2020
9866,Boca do Acre,142.06,1300706,Amazonas,2020
9867,Luciara,0.21,5105309,Mato Grosso,2020
9868,Xambioá,0.58,1722107,Tocantins,2020
9869,Barcelos,1.26,1300409,Amazonas,2020
9870,Guaraí,0.5,1709302,Tocantins,2020
9871,Codajás,1.26,1301308,Amazonas,2020
9872,Querência,22.38,5107065,Mato Grosso,2020
9873,São Luiz,6.53,1400605,Roraima,2020
9874,Careiro,4.39,1301100,Amazonas,2020
9875,Pium,0.0,1717503,Tocantins,2020
9876,Brasnorte,33.73,5101902,Mato Grosso,2020
9877,Paranaíta,23.08,5106299,Mato Grosso,2020
9878,Oriximiná,24.5,1505304,Pará,2020
9879,Amajari,14.98,1400027,Roraima,2020
9880,Baião,6.44,1501204,Pará,2020
9881,Pacaraima,0.46,1400456,Roraima,2020
9882,Tabocão,0.0,1708254,Tocantins,2020
9883,São Salvador do Tocantins,0.0,1720259,Tocantins,2020
9884,Ipueiras,0.0,1709807,Tocantins,2020
9885,Juruá,0.77,1302207,Amazonas,2020
9886,Santana,0.35,1600600,Amapá,2020
9887,Jutaí,7.27,1302306,Amazonas,2020
9888,Crixás do Tocantins,0.0,1706258,Tocantins,2020
9889,Angico,0.23,1701051,Tocantins,2020
9890,Palestina do Pará,1.05,1505494,Pará,2020
9891,Alto Boa Vista,1.45,5100359,Mato Grosso,2020
9892,Turiaçu,1.1,2112407,Maranhão,2020
9893,Wanderlândia,0.85,1722081,Tocantins,2020
9894,Viana,0.15,2112803,Maranhão,2020
9895,Pedro Afonso,1.53,1716505,Tocantins,2020
9896,Riachinho,0.91,1718550,Tocantins,2020
9897,São Valério,0.0,1720499,Tocantins,2020
9898,Cachoeira do Piriá,27.86,1501956,Pará,2020
9899,Castanhal,0.75,1502400,Pará,2020
9900,Rondon do Pará,36.28,1506187,Pará,2020
9901,Barra do Ouro,0.0,1703073,Tocantins,2020
9902,Tomé-Açu,15.95,1508001,Pará,2020
9903,Poção de Pedras,0.0,2108900,Maranhão,2020
9904,São Bento,0.1,2110500,Maranhão,2020
9905,Godofredo Viana,1.68,2104305,Maranhão,2020
9906,Presidente Juscelino,0.28,2109205,Maranhão,2020
9907,São Pedro dos Crentes,0.0,2111573,Maranhão,2020
9908,Buriti do Tocantins,0.13,1703800,Tocantins,2020
9909,Centro Novo do Maranhão,9.54,2103174,Maranhão,2020
9910,Careiro da Várzea,7.07,1301159,Amazonas,2020
9911,Buriti Bravo,0.09,2102309,Maranhão,2020
9912,Pedro do Rosário,2.71,2108256,Maranhão,2020
9913,Palmeirante,0.0,1715705,Tocantins,2020
9914,Palmeiras do Tocantins,0.14,1713809,Tocantins,2020
9915,Carrasco Bonito,0.0,1703891,Tocantins,2020
9916,Conceição do Lago-Açu,0.0,2103554,Maranhão,2020
9917,Vitorino Freire,0.0,2113009,Maranhão,2020
9918,São Domingos do Araguaia,1.57,1507151,Pará,2020
9919,Almas,0.0,1700400,Tocantins,2020
9920,Lajeado,0.0,1712009,Tocantins,2020
9921,Feira Nova do Maranhão,0.0,2104073,Maranhão,2020
9922,Icatu,0.07,2105104,Maranhão,2020
9923,Cururupu,0.0,2103703,Maranhão,2020
9924,Itacajá,0.0,1710508,Tocantins,2020
9925,Luís Domingues,0.37,2106201,Maranhão,2020
9926,Campos Lindos,0.0,1703842,Tocantins,2020
9927,Aurora do Pará,3.11,1500958,Pará,2020
9928,Peri Mirim,0.71,2108405,Maranhão,2020
9929,Capinzal do Norte,0.08,2102754,Maranhão,2020
9930,Cachoeirinha,0.3,1703826,Tocantins,2020
9931,Bela Vista do Maranhão,0.0,2101772,Maranhão,2020
9932,Carmolândia,0.0,1703883,Tocantins,2020
9933,Santa Rita do Tocantins,0.0,1718899,Tocantins,2020
9934,Ministro Andreazza,0.88,1101203,Rondônia,2020
9935,Ponta de Pedras,0.0,1505700,Pará,2020
9936,Chupinguaia,12.61,1100924,Rondônia,2020
9937,Castanheira,7.2,5102850,Mato Grosso,2020
9938,Manaquiri,2.01,1302553,Amazonas,2020
9939,Marcelândia,112.1,5105580,Mato Grosso,2020
9940,Formoso do Araguaia,1.86,1708205,Tocantins,2020
9941,São Felipe D'Oeste,0.0,1101484,Rondônia,2020
9942,Brejinho de Nazaré,0.0,1703701,Tocantins,2020
9943,Juara,52.57,5105101,Mato Grosso,2020
9944,Guarantã do Norte,8.01,5104104,Mato Grosso,2020
9945,Nova Marilândia,0.56,5108857,Mato Grosso,2020
9946,Bernardo do Mearim,0.0,2101939,Maranhão,2020
9947,Terra Nova do Norte,1.51,5108055,Mato Grosso,2020
9948,Indiavaí,0.0,5104500,Mato Grosso,2020
9949,Soure,0.0,1507904,Pará,2020
9950,Caapiranga,2.52,1300839,Amazonas,2020
9951,Marabá,57.95,1504208,Pará,2020
9952,Nova Brasilândia D'Oeste,3.93,1100148,Rondônia,2020
9953,Campo Novo do Parecis,0.0,5102637,Mato Grosso,2020
9954,Guajará-Mirim,34.55,1100106,Rondônia,2020
9955,Mojuí dos Campos,31.41,1504752,Pará,2020
9956,Benjamin Constant,0.1,1300607,Amazonas,2020
9957,Dois Irmãos do Tocantins,0.0,1707207,Tocantins,2020
9958,Jaru,4.31,1100114,Rondônia,2020
9959,Jordão,11.65,1200328,Acre,2020
9960,Mucajaí,43.16,1400308,Roraima,2020
9961,Normandia,0.0,1400407,Roraima,2020
9962,Juína,20.37,5105150,Mato Grosso,2020
9963,Corumbiara,4.08,1100072,Rondônia,2020
9964,Urupá,1.04,1101708,Rondônia,2020
9965,Trairão,82.33,1508050,Pará,2020
9966,Atalaia do Norte,1.0,1300201,Amazonas,2020
9967,Nhamundá,3.75,1303007,Amazonas,2020
9968,Barra do Garças,0.0,5101803,Mato Grosso,2020
9969,São Domingos do Maranhão,5.63,2110708,Maranhão,2020
9970,Bagre,3.26,1501105,Pará,2020
9971,São Bento do Tocantins,0.0,1720101,Tocantins,2020
9972,Juruti,9.33,1503903,Pará,2020
9973,Colniza,239.43,5103254,Mato Grosso,2020
9974,Quatipuru,0.08,1506112,Pará,2020
9975,Salinópolis,0.0,1506203,Pará,2020
9976,Babaçulândia,0.0,1703008,Tocantins,2020
9977,Zé Doca,1.03,2114007,Maranhão,2020
9978,Sapucaia,3.78,1507755,Pará,2020
9979,Colares,0.06,1502608,Pará,2020
9980,Araguatins,1.54,1702208,Tocantins,2020
9981,Pio XII,0.0,2108702,Maranhão,2020
9982,Novo Jardim,0.0,1715259,Tocantins,2020
9983,Marechal Thaumaturgo,28.65,1200351,Acre,2020
9984,Teixeirópolis,0.36,1101559,Rondônia,2020
9985,São Francisco do Pará,0.21,1507409,Pará,2020
9986,Paulo Ramos,0.47,2108108,Maranhão,2020
9987,Nova Colinas,0.0,2107258,Maranhão,2020
9988,Santa Maria do Tocantins,0.0,1718881,Tocantins,2020
9989,Arraias,0.0,1702406,Tocantins,2020
9990,Salvaterra,0.08,1506302,Pará,2020
9991,Manicoré,79.68,1302702,Amazonas,2020
9992,Santa Maria do Pará,0.1,1506609,Pará,2020
9993,Cajapió,0.0,2102408,Maranhão,2020
9994,Bom Jardim,20.65,2102002,Maranhão,2020
9995,Peixe,0.0,1716604,Tocantins,2020
9996,Governador Archer,0.9,2104503,Maranhão,2020
9997,Curralinho,1.08,1502806,Pará,2020
9998,Talismã,0.0,1720978,Tocantins,2020
9999,Timbiras,0.06,2112100,Maranhão,2020
10000,Igarapé-Açu,0.22,1503200,Pará,2020
10001,Lago Verde,0.0,2105906,Maranhão,2020
10002,Itamarati,1.27,1301951,Amazonas,2020
10003,Lábrea,382.87,1302405,Amazonas,2020
10004,Luzinópolis,0.0,1712454,Tocantins,2020
10005,Brasilândia do Tocantins,0.0,1703602,Tocantins,2020
10006,Axixá,0.0,2101103,Maranhão,2020
10007,Brejo de Areia,1.36,2102150,Maranhão,2020
10008,Marituba,0.0,1504422,Pará,2020
10009,Recursolândia,0.79,1718501,Tocantins,2020
10010,Praia Norte,0.39,1718303,Tocantins,2020
10011,Sítio Novo,0.0,2111805,Maranhão,2020
10012,Ouro Preto do Oeste,8.57,1100155,Rondônia,2020
10013,São Félix do Tocantins,0.0,1720150,Tocantins,2020
10014,Marapanim,0.67,1504406,Pará,2020
10015,Bacabeira,0.53,2101251,Maranhão,2020
10016,Santarém Novo,0.07,1506906,Pará,2020
10017,Mirador,0.0,2106706,Maranhão,2020
10018,Vila Nova dos Martírios,0.49,2112852,Maranhão,2020
10019,Riachão,0.0,2109502,Maranhão,2020
10020,Ourém,0.33,1505403,Pará,2020
10021,São José dos Basílios,0.07,2111250,Maranhão,2020
10022,Governador Nunes Freire,0.09,2104677,Maranhão,2020
10023,Calçoene,1.11,1600204,Amapá,2020
10024,Alto Araguaia,0.0,5100300,Mato Grosso,2020
10025,Mirinzal,0.0,2106805,Maranhão,2020
10026,Jenipapo dos Vieiras,1.02,2105476,Maranhão,2020
10027,Santa Izabel do Pará,0.35,1506500,Pará,2020
10028,Combinado,0.0,1705557,Tocantins,2020
10029,Envira,9.77,1301506,Amazonas,2020
10030,Graça Aranha,0.77,2104701,Maranhão,2020
10031,Tocantinópolis,0.41,1721208,Tocantins,2020
10032,Amaturá,0.16,1300060,Amazonas,2020
10033,Cacaulândia,6.92,1100601,Rondônia,2020
10034,São Félix de Balsas,0.0,2110807,Maranhão,2020
10035,Colinas,2.73,2103505,Maranhão,2020
10036,Buritirana,1.66,2102358,Maranhão,2020
10037,Ananindeua,0.0,1500800,Pará,2020
10038,Presidente Figueiredo,9.34,1303536,Amazonas,2020
10039,Abaetetuba,1.22,1500107,Pará,2020
10040,Pindaré-Mirim,0.0,2108504,Maranhão,2020
10041,Centenário,0.0,1704105,Tocantins,2020
10042,Santa Terezinha do Tocantins,0.68,1720002,Tocantins,2020
10043,Vigia,0.54,1508209,Pará,2020
10044,Campo Novo de Rondônia,14.04,1100700,Rondônia,2020
10045,Santa Cruz do Xingu,11.89,5107743,Mato Grosso,2020
10046,Lajeado Novo,0.32,2105989,Maranhão,2020
10047,Afuá,0.0,1500305,Pará,2020
10048,Ribamar Fiquene,0.24,2109551,Maranhão,2020
10049,Peixoto de Azevedo,88.41,5106422,Mato Grosso,2021
10050,Pau D'Arco,3.91,1505551,Pará,2021
10051,Mâncio Lima,10.7,1200336,Acre,2021
10052,Alto Alegre,12.84,1400050,Roraima,2021
10053,Pedra Preta,0.0,5106372,Mato Grosso,2021
10054,Itaituba,355.58,1503606,Pará,2021
10055,Redenção,0.41,1506138,Pará,2021
10056,Iracema,25.29,1400282,Roraima,2021
10057,Santo Antônio do Leverger,1.36,5107800,Mato Grosso,2021
10058,Porto Esperidião,0.94,5106828,Mato Grosso,2021
10059,Nova Brasilândia,0.07,5106208,Mato Grosso,2021
10060,Caracaraí,22.71,1400209,Roraima,2021
10061,Ponte Branca,0.0,5106703,Mato Grosso,2021
10062,Cuiabá,0.0,5103403,Mato Grosso,2021
10063,Tucumã,0.87,1508084,Pará,2021
10064,Alto Paraguai,0.1,5100508,Mato Grosso,2021
10065,São Pedro da Cipa,0.0,5107404,Mato Grosso,2021
10066,Porto Estrela,0.15,5106851,Mato Grosso,2021
10067,Porto de Moz,51.25,1505908,Pará,2021
10068,Denise,0.08,5103452,Mato Grosso,2021
10069,Cáceres,5.05,5102504,Mato Grosso,2021
10070,Tesouro,0.0,5108105,Mato Grosso,2021
10071,Araguaiana,0.13,5101001,Mato Grosso,2021
10072,Matupá,8.29,5105606,Mato Grosso,2021
10073,Conquista D'Oeste,2.66,5103361,Mato Grosso,2021
10074,Vale de São Domingos,4.18,5108352,Mato Grosso,2021
10075,Juscimeira,0.17,5105200,Mato Grosso,2021
10076,Nova Guarita,1.41,5108808,Mato Grosso,2021
10077,Bonfim,1.8,1400159,Roraima,2021
10078,Tapauá,51.59,1304104,Amazonas,2021
10079,Salto do Céu,2.12,5107750,Mato Grosso,2021
10080,Campo Verde,0.21,5102678,Mato Grosso,2021
10081,Eirunepé,6.07,1301407,Amazonas,2021
10082,Curvelândia,0.11,5103437,Mato Grosso,2021
10083,Acorizal,0.0,5100102,Mato Grosso,2021
10084,Várzea Grande,0.0,5108402,Mato Grosso,2021
10085,Rosário Oeste,0.0,5107701,Mato Grosso,2021
10086,Rio Branco,0.0,5107206,Mato Grosso,2021
10087,Santo Antônio do Leste,0.0,5107792,Mato Grosso,2021
10088,Chapada dos Guimarães,0.13,5103007,Mato Grosso,2021
10089,Novo São Joaquim,0.0,5106281,Mato Grosso,2021
10090,Glória D'Oeste,0.0,5103957,Mato Grosso,2021
10091,São José do Povo,0.0,5107297,Mato Grosso,2021
10092,Mirassol d'Oeste,0.68,5105622,Mato Grosso,2021
10093,Nova Bandeirantes,123.95,5106158,Mato Grosso,2021
10094,Poconé,0.0,5106505,Mato Grosso,2021
10095,Conceição do Araguaia,4.65,1502707,Pará,2021
10096,Barra do Bugres,9.9,5101704,Mato Grosso,2021
10097,Guiratinga,0.0,5104203,Mato Grosso,2021
10098,Dom Aquino,0.14,5103601,Mato Grosso,2021
10099,Lambari D'Oeste,0.73,5105234,Mato Grosso,2021
10100,São José dos Quatro Marcos,0.16,5107107,Mato Grosso,2021
10101,Poxoréu,0.08,5107008,Mato Grosso,2021
10102,Floresta do Araguaia,3.03,1503044,Pará,2021
10103,Barão de Melgaço,0.0,5101605,Mato Grosso,2021
10104,Araputanga,1.8,5101258,Mato Grosso,2021
10105,Nova Olímpia,1.68,5106232,Mato Grosso,2021
10106,Rondonópolis,0.07,5107602,Mato Grosso,2021
10107,Nova Xavantina,0.0,5106257,Mato Grosso,2021
10108,Pontal do Araguaia,0.0,5106653,Mato Grosso,2021
10109,Jangada,0.0,5104906,Mato Grosso,2021
10110,Amapá,0.0,1600105,Amapá,2021
10111,Guajará,24.76,1301654,Amazonas,2021
10112,Vila Bela da Santíssima Trindade,5.32,5105507,Mato Grosso,2021
10113,Araguainha,0.0,5101209,Mato Grosso,2021
10114,Capixaba,29.38,1200179,Acre,2021
10115,Jauru,2.4,5105002,Mato Grosso,2021
10116,Ribeirãozinho,0.0,5107198,Mato Grosso,2021
10117,Reserva do Cabaçal,2.18,5107156,Mato Grosso,2021
10118,Figueirópolis D'Oeste,0.0,5103809,Mato Grosso,2021
10119,Alto Garças,0.0,5100409,Mato Grosso,2021
10120,Nossa Senhora do Livramento,0.0,5106109,Mato Grosso,2021
10121,Jaciara,0.0,5104807,Mato Grosso,2021
10122,Manaus,5.66,1302603,Amazonas,2021
10123,Pontes e Lacerda,6.55,5106752,Mato Grosso,2021
10124,Ipixuna,12.02,1301803,Amazonas,2021
10125,Primavera do Leste,0.0,5107040,Mato Grosso,2021
10126,Maraã,1.98,1302801,Amazonas,2021
10127,Torixoréu,0.0,5108204,Mato Grosso,2021
10128,General Carneiro,0.0,5103908,Mato Grosso,2021
10129,Nova Rosalândia,0.0,1715002,Tocantins,2021
10130,São Gabriel da Cachoeira,5.59,1303809,Amazonas,2021
10131,Ipiranga do Norte,3.95,5104526,Mato Grosso,2021
10132,Araguaína,1.29,1702109,Tocantins,2021
10133,São Geraldo do Araguaia,1.47,1507458,Pará,2021
10134,Augusto Corrêa,0.0,1500909,Pará,2021
10135,Uarini,5.98,1304260,Amazonas,2021
10136,Vilhena,24.19,1100304,Rondônia,2021
10137,Nova Lacerda,2.25,5106182,Mato Grosso,2021
10138,Itaporã do Tocantins,0.0,1711100,Tocantins,2021
10139,Lucas do Rio Verde,0.53,5105259,Mato Grosso,2021
10140,Nova Maringá,30.17,5108907,Mato Grosso,2021
10141,Goianésia do Pará,28.96,1503093,Pará,2021
10142,Bujari,25.8,1200138,Acre,2021
10143,Rio Maria,5.84,1506161,Pará,2021
10144,Divinópolis do Tocantins,0.0,1707108,Tocantins,2021
10145,Jacareacanga,110.76,1503754,Pará,2021
10146,Barrolândia,0.0,1703107,Tocantins,2021
10147,Diamantino,5.68,5103502,Mato Grosso,2021
10148,Santa Fé do Araguaia,0.13,1718865,Tocantins,2021
10149,Santa Carmem,8.47,5107248,Mato Grosso,2021
10150,Bannach,4.97,1501253,Pará,2021
10151,Canabrava do Norte,6.13,5102694,Mato Grosso,2021
10152,Pedra Branca do Amapari,2.0,1600154,Amapá,2021
10153,Oliveira de Fátima,0.0,1715507,Tocantins,2021
10154,Caseara,0.0,1703909,Tocantins,2021
10155,Santa Cruz do Arari,0.0,1506401,Pará,2021
10156,Tapurah,2.92,5108006,Mato Grosso,2021
10157,Parauapebas,7.28,1505536,Pará,2021
10158,Limoeiro do Ajuru,0.34,1504000,Pará,2021
10159,Theobroma,4.5,1101609,Rondônia,2021
10160,São Félix do Xingu,576.96,1507300,Pará,2021
10161,Comodoro,23.37,5103304,Mato Grosso,2021
10162,Goianorte,0.14,1708304,Tocantins,2021
10163,Governador Jorge Teixeira,20.77,1101005,Rondônia,2021
10164,Tabaporã,23.1,5107941,Mato Grosso,2021
10165,Epitaciolândia,18.65,1200252,Acre,2021
10166,Vera,12.84,5108501,Mato Grosso,2021
10167,Novo Mundo,17.89,5106265,Mato Grosso,2021
10168,Bernardo Sayão,0.0,1703206,Tocantins,2021
10169,Rolim de Moura,1.32,1100288,Rondônia,2021
10170,Seringueiras,31.71,1101500,Rondônia,2021
10171,Autazes,47.31,1300300,Amazonas,2021
10172,Ferreira Gomes,0.07,1600238,Amapá,2021
10173,Palmas,0.0,1721000,Tocantins,2021
10174,São Francisco do Brejão,0.54,2110856,Maranhão,2021
10175,Sambaíba,0.0,2109700,Maranhão,2021
10176,Novo Alegre,0.0,1715150,Tocantins,2021
10177,Santa Luzia D'Oeste,1.05,1100296,Rondônia,2021
10178,Tartarugalzinho,0.88,1600709,Amapá,2021
10179,Arenápolis,0.28,5101308,Mato Grosso,2021
10180,Gurupi,0.0,1709500,Tocantins,2021
10181,Lagoa da Confusão,0.86,1711902,Tocantins,2021
10182,Boa Vista,0.42,1400100,Roraima,2021
10183,Gurupá,2.19,1503101,Pará,2021
10184,São Pedro da Água Branca,0.99,2111532,Maranhão,2021
10185,Jaú do Tocantins,0.0,1711506,Tocantins,2021
10186,Araguaçu,0.0,1702000,Tocantins,2021
10187,Sandolândia,0.46,1718840,Tocantins,2021
10188,Altamira,765.53,1500602,Pará,2021
10189,Aliança do Tocantins,0.0,1700350,Tocantins,2021
10190,São Sebastião do Uatumã,1.59,1303957,Amazonas,2021
10191,Porto dos Gaúchos,18.29,5106802,Mato Grosso,2021
10192,Sapezal,3.23,5107875,Mato Grosso,2021
10193,Bragança,0.3,1501709,Pará,2021
10194,Nova Santa Helena,8.83,5106190,Mato Grosso,2021
10195,Alto Paraíso,28.86,1100403,Rondônia,2021
10196,Araguanã,0.0,1702158,Tocantins,2021
10197,São José do Rio Claro,25.07,5107305,Mato Grosso,2021
10198,Pimenteiras do Oeste,9.66,1101468,Rondônia,2021
10199,Mocajuba,0.0,1504604,Pará,2021
10200,Iranduba,0.7,1301852,Amazonas,2021
10201,Urucará,0.94,1304302,Amazonas,2021
10202,Santa Isabel do Rio Negro,1.74,1303601,Amazonas,2021
10203,Senador Guiomard,20.17,1200450,Acre,2021
10204,Figueirópolis,0.0,1707652,Tocantins,2021
10205,Coari,5.06,1301209,Amazonas,2021
10206,Carauari,1.06,1301001,Amazonas,2021
10207,Nova Mutum,4.58,5106224,Mato Grosso,2021
10208,Nova Nazaré,0.32,5106174,Mato Grosso,2021
10209,Brasil Novo,20.13,1501725,Pará,2021
10210,Apuí,329.88,1300144,Amazonas,2021
10211,Santa Terezinha,22.84,5107776,Mato Grosso,2021
10212,Campinápolis,0.0,5102603,Mato Grosso,2021
10213,Nova Mamoré,94.68,1100338,Rondônia,2021
10214,Castanheiras,1.09,1100908,Rondônia,2021
10215,União do Sul,67.3,5108303,Mato Grosso,2021
10216,Alvorada,0.0,1700707,Tocantins,2021
10217,Caroebe,37.25,1400233,Roraima,2021
10218,Coroatá,1.81,2103604,Maranhão,2021
10219,Pastos Bons,0.0,2108009,Maranhão,2021
10220,Lago do Junco,0.0,2105807,Maranhão,2021
10221,Matões do Norte,0.31,2106631,Maranhão,2021
10222,Cantanhede,1.65,2102705,Maranhão,2021
10223,Arame,15.91,2100956,Maranhão,2021
10224,Conceição do Tocantins,0.0,1705607,Tocantins,2021
10225,Tufilândia,0.0,2112274,Maranhão,2021
10226,Governador Newton Bello,0.0,2104651,Maranhão,2021
10227,Maranhãozinho,0.0,2106375,Maranhão,2021
10228,Igarapé Grande,0.0,2105203,Maranhão,2021
10229,Monção,0.74,2106904,Maranhão,2021
10230,Peritoró,8.33,2108454,Maranhão,2021
10231,Sucupira do Norte,0.0,2111904,Maranhão,2021
10232,Formosa da Serra Negra,0.9,2104099,Maranhão,2021
10233,Nova Iorque,0.0,2107308,Maranhão,2021
10234,Santa Filomena do Maranhão,0.48,2109759,Maranhão,2021
10235,Carutapera,0.88,2102903,Maranhão,2021
10236,Rio Branco,97.63,1200401,Acre,2021
10237,Satubinha,0.0,2111722,Maranhão,2021
10238,Cujubim,120.75,1100940,Rondônia,2021
10239,Fernando Falcão,0.83,2104081,Maranhão,2021
10240,Pirapemas,1.88,2108801,Maranhão,2021
10241,Centro do Guilherme,0.0,2103158,Maranhão,2021
10242,Oiapoque,0.71,1600501,Amapá,2021
10243,Darcinópolis,0.61,1706506,Tocantins,2021
10244,Alcântara,0.16,2100204,Maranhão,2021
10245,Arari,0.18,2101004,Maranhão,2021
10246,Cumaru do Norte,46.79,1502764,Pará,2021
10247,Miranda do Norte,0.96,2106755,Maranhão,2021
10248,Penalva,0.07,2108306,Maranhão,2021
10249,Brejo Grande do Araguaia,1.96,1501758,Pará,2021
10250,Medicilândia,105.46,1504455,Pará,2021
10251,Nova Timboteua,0.0,1505007,Pará,2021
10252,Central do Maranhão,0.0,2103125,Maranhão,2021
10253,Alto Alegre do Maranhão,0.07,2100436,Maranhão,2021
10254,Maurilândia do Tocantins,0.0,1712801,Tocantins,2021
10255,Paragominas,31.2,1505502,Pará,2021
10256,Morros,0.28,2107100,Maranhão,2021
10257,Itinga do Maranhão,21.87,2105427,Maranhão,2021
10258,Santa Helena,2.29,2109809,Maranhão,2021
10259,São João da Ponta,0.4,1507466,Pará,2021
10260,Cedral,0.0,2103109,Maranhão,2021
10261,São João Batista,0.0,2111003,Maranhão,2021
10262,São Raimundo do Doca Bezerra,0.0,2111631,Maranhão,2021
10263,Turilândia,2.67,2112456,Maranhão,2021
10264,São João de Pirabas,1.92,1507474,Pará,2021
10265,Lago dos Rodrigues,0.0,2105948,Maranhão,2021
10266,Lagoa do Tocantins,0.0,1711951,Tocantins,2021
10267,Dianópolis,0.0,1707009,Tocantins,2021
10268,Novo Acordo,0.0,1715101,Tocantins,2021
10269,Maracanã,0.59,1504307,Pará,2021
10270,Axixá do Tocantins,0.0,1702901,Tocantins,2021
10271,Cachoeira Grande,0.0,2102374,Maranhão,2021
10272,Anajatuba,0.12,2100709,Maranhão,2021
10273,Aurora do Tocantins,0.0,1702703,Tocantins,2021
10274,Itiquira,0.0,5104609,Mato Grosso,2021
10275,Mateiros,0.0,1712702,Tocantins,2021
10276,Natividade,0.0,1714203,Tocantins,2021
10277,Joselândia,1.18,2105609,Maranhão,2021
10278,Bom Jesus do Tocantins,0.42,1703305,Tocantins,2021
10279,Estreito,0.0,2104057,Maranhão,2021
10280,Lizarda,0.0,1712405,Tocantins,2021
10281,Ariquemes,14.91,1100023,Rondônia,2021
10282,Olho d'Água das Cunhãs,0.0,2107407,Maranhão,2021
10283,Cajari,0.78,2102507,Maranhão,2021
10284,Bom Jesus do Tocantins,7.99,1501576,Pará,2021
10285,Chaves,0.0,1502509,Pará,2021
10286,Governador Eugênio Barros,7.03,2104602,Maranhão,2021
10287,Barcarena,1.97,1501303,Pará,2021
10288,São João da Baliza,21.37,1400506,Roraima,2021
10289,Miracema do Tocantins,0.0,1713205,Tocantins,2021
10290,Rio dos Bois,0.0,1718709,Tocantins,2021
10291,Itaubal,0.08,1600253,Amapá,2021
10292,Tefé,12.78,1304203,Amazonas,2021
10293,Cláudia,24.23,5103056,Mato Grosso,2021
10294,Nortelândia,2.37,5106000,Mato Grosso,2021
10295,Anori,0.45,1300102,Amazonas,2021
10296,Água Boa,0.55,5100201,Mato Grosso,2021
10297,Miranorte,0.0,1713304,Tocantins,2021
10298,Rorainópolis,53.99,1400472,Roraima,2021
10299,Cocalinho,0.46,5103106,Mato Grosso,2021
10300,Costa Marques,34.78,1100080,Rondônia,2021
10301,Macapá,0.9,1600303,Amapá,2021
10302,Mirante da Serra,5.22,1101302,Rondônia,2021
10303,Monte Alegre,37.57,1504802,Pará,2021
10304,Santa Rosa do Purus,4.07,1200435,Acre,2021
10305,Palmeirópolis,0.0,1715754,Tocantins,2021
10306,Canaã dos Carajás,2.42,1502152,Pará,2021
10307,Guimarães,0.0,2104909,Maranhão,2021
10308,Belterra,16.36,1501451,Pará,2021
10309,Itapiratins,0.0,1710904,Tocantins,2021
10310,Araguanã,0.0,2100873,Maranhão,2021
10311,Viseu,3.93,1508308,Pará,2021
10312,Uruará,139.61,1508159,Pará,2021
10313,Junco do Maranhão,0.29,2105658,Maranhão,2021
10314,Novo Aripuanã,194.39,1303304,Amazonas,2021
10315,Cotriguaçu,30.33,5103379,Mato Grosso,2021
10316,Jatobá,1.14,2105450,Maranhão,2021
10317,Rio Sono,0.0,1718758,Tocantins,2021
10318,Tracuateua,0.28,1508035,Pará,2021
10319,Breu Branco,13.07,1501782,Pará,2021
10320,Santa Tereza do Tocantins,0.0,1719004,Tocantins,2021
10321,Maracaçumé,0.07,2106326,Maranhão,2021
10322,Parintins,2.47,1303403,Amazonas,2021
10323,Porto Grande,2.24,1600535,Amapá,2021
10324,Aragominas,0.94,1701309,Tocantins,2021
10325,Pugmil,0.0,1718451,Tocantins,2021
10326,Araguacema,0.33,1701903,Tocantins,2021
10327,Novo Airão,1.02,1303205,Amazonas,2021
10328,Breves,2.31,1501808,Pará,2021
10329,Acará,10.31,1500206,Pará,2021
10330,Augustinópolis,0.07,1702554,Tocantins,2021
10331,Canutama,126.97,1300904,Amazonas,2021
10332,Serra Nova Dourada,3.64,5107883,Mato Grosso,2021
10333,Humaitá,197.77,1301704,Amazonas,2021
10334,Borba,14.93,1300805,Amazonas,2021
10335,Ourilândia do Norte,14.96,1505437,Pará,2021
10336,Cerejeiras,3.11,1100056,Rondônia,2021
10337,Mãe do Rio,0.0,1504059,Pará,2021
10338,Bom Jesus das Selvas,20.37,2102036,Maranhão,2021
10339,São João do Soter,0.0,2111078,Maranhão,2021
10340,Magalhães Barata,1.21,1504109,Pará,2021
10341,Senador Alexandre Costa,2.78,2111748,Maranhão,2021
10342,São Mateus do Maranhão,0.0,2111508,Maranhão,2021
10343,Marajá do Sena,3.55,2106359,Maranhão,2021
10344,Igarapé do Meio,0.2,2105153,Maranhão,2021
10345,Santa Rosa do Tocantins,0.0,1718907,Tocantins,2021
10346,Manacapuru,5.9,1302504,Amazonas,2021
10347,Alvarães,7.42,1300029,Amazonas,2021
10348,Cabixi,4.41,1100031,Rondônia,2021
10349,Candeias do Jamari,219.75,1100809,Rondônia,2021
10350,Nova Canaã do Norte,14.18,5106216,Mato Grosso,2021
10351,Moju,55.69,1504703,Pará,2021
10352,Maués,67.98,1302900,Amazonas,2021
10353,São Miguel do Guaporé,12.51,1100320,Rondônia,2021
10354,Santa Maria das Barreiras,12.35,1506583,Pará,2021
10355,Silves,1.5,1304005,Amazonas,2021
10356,Bandeirantes do Tocantins,0.0,1703057,Tocantins,2021
10357,Porto Alegre do Norte,16.24,5106778,Mato Grosso,2021
10358,Gaúcha do Norte,21.71,5103858,Mato Grosso,2021
10359,Nova Monte Verde,26.11,5108956,Mato Grosso,2021
10360,Cametá,0.3,1502103,Pará,2021
10361,Tarauacá,104.2,1200609,Acre,2021
10362,São José do Xingu,1.61,5107354,Mato Grosso,2021
10363,Nova Olinda do Norte,6.35,1303106,Amazonas,2021
10364,Pracuúba,0.22,1600550,Amapá,2021
10365,Bom Jesus do Araguaia,1.2,5101852,Mato Grosso,2021
10366,Santo Antônio do Içá,1.81,1303700,Amazonas,2021
10367,Tabatinga,3.7,1304062,Amazonas,2021
10368,Vitória do Xingu,4.33,1508357,Pará,2021
10369,Campos de Júlio,0.66,5102686,Mato Grosso,2021
10370,Aripuanã,167.39,5101407,Mato Grosso,2021
10371,Alvorada D'Oeste,2.04,1100346,Rondônia,2021
10372,Nova Ubiratã,59.23,5106240,Mato Grosso,2021
10373,Cruzeiro do Sul,33.57,1200203,Acre,2021
10374,Alta Floresta,14.56,5100250,Mato Grosso,2021
10375,Faro,3.45,1503002,Pará,2021
10376,Canarana,0.87,5102702,Mato Grosso,2021
10377,Cachoeira do Arari,0.39,1502004,Pará,2021
10378,Paraíso do Tocantins,0.0,1716109,Tocantins,2021
10379,Primavera de Rondônia,1.44,1101476,Rondônia,2021
10380,Cutias,0.1,1600212,Amapá,2021
10381,Cacoal,18.28,1100049,Rondônia,2021
10382,Piçarra,1.91,1505635,Pará,2021
10383,Vitória do Jari,2.72,1600808,Amapá,2021
10384,Porto Nacional,0.0,1718204,Tocantins,2021
10385,Assis Brasil,17.65,1200054,Acre,2021
10386,Planalto da Serra,0.0,5106455,Mato Grosso,2021
10387,Colinas do Tocantins,0.0,1705508,Tocantins,2021
10388,Colíder,5.01,5103205,Mato Grosso,2021
10389,Sinop,6.4,5107909,Mato Grosso,2021
10390,Muricilândia,0.79,1713957,Tocantins,2021
10391,Alta Floresta D'Oeste,24.86,1100015,Rondônia,2021
10392,Sorriso,0.71,5107925,Mato Grosso,2021
10393,Inhangapi,0.31,1503408,Pará,2021
10394,Bacabal,0.0,2101202,Maranhão,2021
10395,Primavera,0.06,1506104,Pará,2021
10396,Presidente Sarney,1.56,2109270,Maranhão,2021
10397,Lagoa Grande do Maranhão,0.36,2105963,Maranhão,2021
10398,Campestre do Maranhão,0.33,2102556,Maranhão,2021
10399,Dom Pedro,0.95,2103802,Maranhão,2021
10400,Itaguatins,0.37,1710706,Tocantins,2021
10401,Nova Olinda do Maranhão,0.09,2107357,Maranhão,2021
10402,Ananás,0.62,1701002,Tocantins,2021
10403,Santa Luzia do Paruá,0.0,2110039,Maranhão,2021
10404,Palmeirândia,0.0,2107605,Maranhão,2021
10405,Nova Esperança do Piriá,2.39,1504950,Pará,2021
10406,Alto Taquari,0.0,5100607,Mato Grosso,2021
10407,Ji-Paraná,2.96,1100122,Rondônia,2021
10408,Boa Vista do Ramos,0.6,1300680,Amazonas,2021
10409,Carolina,0.0,2102804,Maranhão,2021
10410,Japurá,4.27,1302108,Amazonas,2021
10411,Santa Bárbara do Pará,0.1,1506351,Pará,2021
10412,Monte do Carmo,0.0,1713601,Tocantins,2021
10413,Prainha,66.91,1506005,Pará,2021
10414,Tuntum,10.18,2112308,Maranhão,2021
10415,Curuçá,0.68,1502905,Pará,2021
10416,Taipas do Tocantins,0.0,1720937,Tocantins,2021
10417,Itaipava do Grajaú,1.56,2105351,Maranhão,2021
10418,Laranjal do Jari,2.15,1600279,Amapá,2021
10419,Senador La Rocque,0.38,2111763,Maranhão,2021
10420,Santa Luzia,3.78,2110005,Maranhão,2021
10421,Santana do Araguaia,26.27,1506708,Pará,2021
10422,Santo Antônio do Tauá,0.47,1507003,Pará,2021
10423,Tasso Fragoso,0.0,2112001,Maranhão,2021
10424,Porto Rico do Maranhão,0.0,2109056,Maranhão,2021
10425,Silvanópolis,0.0,1720655,Tocantins,2021
10426,Sítio Novo do Tocantins,0.18,1720804,Tocantins,2021
10427,Santa Luzia do Pará,0.0,1506559,Pará,2021
10428,Raposa,0.0,2109452,Maranhão,2021
10429,Vila Rica,22.05,5108600,Mato Grosso,2021
10430,Olinda Nova do Maranhão,0.0,2107456,Maranhão,2021
10431,Presidente Vargas,0.29,2109304,Maranhão,2021
10432,Bacurituba,0.0,2101350,Maranhão,2021
10433,Gonçalves Dias,7.69,2104404,Maranhão,2021
10434,São José de Ribamar,0.12,2111201,Maranhão,2021
10435,Altamira do Maranhão,0.0,2100402,Maranhão,2021
10436,Garrafão do Norte,1.16,1503077,Pará,2021
10437,Fortuna,9.67,2104206,Maranhão,2021
10438,São Caetano de Odivelas,0.38,1507102,Pará,2021
10439,Machadinho D'Oeste,57.19,1100130,Rondônia,2021
10440,Bequimão,0.08,2101905,Maranhão,2021
10441,Rosário,0.63,2109601,Maranhão,2021
10442,Capitão Poço,2.29,1502301,Pará,2021
10443,Bujaru,0.57,1501907,Pará,2021
10444,Monte Negro,16.91,1101401,Rondônia,2021
10445,Rodrigues Alves,12.21,1200427,Acre,2021
10446,Terra Santa,3.89,1507979,Pará,2021
10447,Bacuri,0.0,2101301,Maranhão,2021
10448,Santa Rita,1.93,2110203,Maranhão,2021
10449,Capanema,0.31,1502202,Pará,2021
10450,Presidente Dutra,2.29,2109106,Maranhão,2021
10451,Santarém,17.72,1506807,Pará,2021
10452,Melgaço,1.85,1504505,Pará,2021
10453,Peixe-Boi,0.32,1505601,Pará,2021
10454,Passagem Franca,0.0,2107902,Maranhão,2021
10455,Juruena,3.33,5105176,Mato Grosso,2021
10456,Anajás,0.97,1500701,Pará,2021
10457,Buritis,35.71,1100452,Rondônia,2021
10458,Dom Eliseu,43.14,1502939,Pará,2021
10459,Senador José Porfírio,112.29,1507805,Pará,2021
10460,Vargem Grande,0.27,2112704,Maranhão,2021
10461,Rio da Conceição,0.0,1718659,Tocantins,2021
10462,Itapecuru Mirim,2.61,2105401,Maranhão,2021
10463,Loreto,0.0,2106102,Maranhão,2021
10464,Benedito Leite,0.0,2101806,Maranhão,2021
10465,Jacundá,1.63,1503804,Pará,2021
10466,Porto Walter,5.26,1200393,Acre,2021
10467,Abel Figueiredo,2.07,1500131,Pará,2021
10468,Açailândia,13.56,2100055,Maranhão,2021
10469,Itacoatiara,16.52,1301902,Amazonas,2021
10470,São Miguel do Tocantins,1.27,1720200,Tocantins,2021
10471,Bom Lugar,0.0,2102077,Maranhão,2021
10472,Marianópolis do Tocantins,0.24,1712504,Tocantins,2021
10473,Santa Inês,0.0,2109908,Maranhão,2021
10474,Codó,4.25,2103307,Maranhão,2021
10475,Carlinda,1.91,5102793,Mato Grosso,2021
10476,Pindorama do Tocantins,0.0,1717008,Tocantins,2021
10477,Alto Parnaíba,0.0,2100501,Maranhão,2021
10478,Feliz Natal,42.72,5103700,Mato Grosso,2021
10479,São Félix do Araguaia,21.35,5107859,Mato Grosso,2021
10480,Pequizeiro,0.0,1716653,Tocantins,2021
10481,Eldorado do Carajás,3.13,1502954,Pará,2021
10482,Rio Crespo,8.29,1100262,Rondônia,2021
10483,Brasiléia,61.01,1200104,Acre,2021
10484,Tangará da Serra,0.27,5107958,Mato Grosso,2021
10485,Fonte Boa,0.6,1301605,Amazonas,2021
10486,São Miguel do Guamá,0.84,1507607,Pará,2021
10487,Nova Ipixuna,3.71,1504976,Pará,2021
10488,Filadélfia,0.0,1707702,Tocantins,2021
10489,São Domingos do Azeitão,0.0,2110658,Maranhão,2021
10490,Beruri,6.68,1300631,Amazonas,2021
10491,Espigão D'Oeste,11.78,1100098,Rondônia,2021
10492,Uiramutã,0.53,1400704,Roraima,2021
10493,Esperantinópolis,0.0,2104008,Maranhão,2021
10494,Apiacás,97.02,5100805,Mato Grosso,2021
10495,Tupiratins,0.0,1721307,Tocantins,2021
10496,Itanhangá,10.44,5104542,Mato Grosso,2021
10497,Barreirinha,3.23,1300508,Amazonas,2021
10498,Nobres,0.0,5105903,Mato Grosso,2021
10499,São Luís,1.48,2111300,Maranhão,2021
10500,Tucuruí,14.4,1508100,Pará,2021
10501,Paranã,0.0,1716208,Tocantins,2021
10502,Imperatriz,0.54,2105302,Maranhão,2021
10503,Benevides,0.14,1501501,Pará,2021
10504,São João do Carú,0.0,2111029,Maranhão,2021
10505,Cariri do Tocantins,0.0,1703867,Tocantins,2021
10506,Óbidos,29.57,1505106,Pará,2021
10507,Cidelândia,4.82,2103257,Maranhão,2021
10508,Xapuri,58.61,1200708,Acre,2021
10509,Porto Acre,31.5,1200807,Acre,2021
10510,Lavandeira,0.0,1712157,Tocantins,2021
10511,Ponte Alta do Bom Jesus,0.0,1717800,Tocantins,2021
10512,São Roberto,0.0,2111672,Maranhão,2021
10513,Alto Alegre do Pindaré,0.0,2100477,Maranhão,2021
10514,Sena Madureira,111.31,1200500,Acre,2021
10515,Abreulândia,0.0,1700251,Tocantins,2021
10516,Governador Luiz Rocha,10.82,2104628,Maranhão,2021
10517,Pedreiras,0.0,2108207,Maranhão,2021
10518,Xinguara,0.9,1508407,Pará,2021
10519,Itapuã do Oeste,20.51,1101104,Rondônia,2021
10520,São Sebastião da Boa Vista,0.27,1507706,Pará,2021
10521,Presidente Médici,0.0,2109239,Maranhão,2021
10522,São Francisco do Guaporé,32.39,1101492,Rondônia,2021
10523,Fátima,0.0,1707553,Tocantins,2021
10524,Paraibano,0.0,2107704,Maranhão,2021
10525,Placas,141.31,1505650,Pará,2021
10526,Vale do Paraíso,2.18,1101807,Rondônia,2021
10527,Manoel Urbano,41.54,1200344,Acre,2021
10528,Novo Progresso,414.17,1505031,Pará,2021
10529,Montes Altos,0.95,2107001,Maranhão,2021
10530,Chapada de Areia,0.0,1704600,Tocantins,2021
10531,Vale do Anari,9.24,1101757,Rondônia,2021
10532,Governador Edison Lobão,0.31,2104552,Maranhão,2021
10533,Dueré,5.13,1707306,Tocantins,2021
10534,Alenquer,31.92,1500404,Pará,2021
10535,Mazagão,2.46,1600402,Amapá,2021
10536,Curionópolis,1.35,1502772,Pará,2021
10537,Tailândia,39.45,1507953,Pará,2021
10538,Arapoema,0.15,1702307,Tocantins,2021
10539,Rondolândia,66.09,5107578,Mato Grosso,2021
10540,Buriticupu,17.91,2102325,Maranhão,2021
10541,São Paulo de Olivença,1.83,1303908,Amazonas,2021
10542,Cantá,19.51,1400175,Roraima,2021
10543,Apicum-Açu,0.0,2100832,Maranhão,2021
10544,Anamã,1.72,1300086,Amazonas,2021
10545,Sucupira,0.0,1720853,Tocantins,2021
10546,Presidente Médici,1.09,1100254,Rondônia,2021
10547,Pacajá,258.19,1505486,Pará,2021
10548,Paranatinga,28.58,5106307,Mato Grosso,2021
10549,Pimenta Bueno,33.14,1100189,Rondônia,2021
10550,Paço do Lumiar,0.41,2107506,Maranhão,2021
10551,Aparecida do Rio Negro,0.0,1701101,Tocantins,2021
10552,Matinha,0.1,2106508,Maranhão,2021
10553,Ulianópolis,74.79,1508126,Pará,2021
10554,Itupiranga,48.26,1503705,Pará,2021
10555,Rio Preto da Eva,4.1,1303569,Amazonas,2021
10556,Santa Rita do Trivelato,8.4,5107768,Mato Grosso,2021
10557,São João do Araguaia,5.38,1507508,Pará,2021
10558,Água Azul do Norte,5.37,1500347,Pará,2021
10559,Barra do Corda,14.74,2101608,Maranhão,2021
10560,Urucurituba,0.82,1304401,Amazonas,2021
10561,Santo Afonso,3.32,5107263,Mato Grosso,2021
10562,Muaná,0.3,1504901,Pará,2021
10563,Davinópolis,0.2,2103752,Maranhão,2021
10564,Colméia,0.56,1716703,Tocantins,2021
10565,Novo Repartimento,190.53,1505064,Pará,2021
10566,Monte Santo do Tocantins,0.0,1713700,Tocantins,2021
10567,Grajaú,19.45,2104800,Maranhão,2021
10568,Alto Alegre dos Parecis,12.64,1100379,Rondônia,2021
10569,Portel,240.65,1505809,Pará,2021
10570,Itaúba,14.34,5104559,Mato Grosso,2021
10571,Parecis,3.78,1101450,Rondônia,2021
10572,Colorado do Oeste,1.29,1100064,Rondônia,2021
10573,Presidente Kennedy,0.0,1718402,Tocantins,2021
10574,Anapu,133.74,1500859,Pará,2021
10575,Juarina,0.0,1711803,Tocantins,2021
10576,Novo Horizonte do Norte,0.46,5106273,Mato Grosso,2021
10577,Tonantins,0.52,1304237,Amazonas,2021
10578,João Lisboa,0.64,2105500,Maranhão,2021
10579,Porto Velho,619.34,1100205,Rondônia,2021
10580,Nova Olinda,0.0,1714880,Tocantins,2021
10581,Confresa,36.07,5103353,Mato Grosso,2021
10582,Curuá,6.87,1502855,Pará,2021
10583,Itapiranga,1.59,1302009,Amazonas,2021
10584,São Luís Gonzaga do Maranhão,0.07,2111409,Maranhão,2021
10585,Novo Santo Antônio,9.71,5106315,Mato Grosso,2021
10586,Novo Horizonte do Oeste,0.81,1100502,Rondônia,2021
10587,São Raimundo das Mangabeiras,0.0,2111607,Maranhão,2021
10588,Cândido Mendes,1.31,2102606,Maranhão,2021
10589,Amarante do Maranhão,12.17,2100600,Maranhão,2021
10590,Plácido de Castro,15.19,1200385,Acre,2021
10591,Serrano do Maranhão,0.0,2111789,Maranhão,2021
10592,Irituia,0.79,1503507,Pará,2021
10593,Pauini,28.06,1303502,Amazonas,2021
10594,Oeiras do Pará,10.55,1505205,Pará,2021
10595,Acrelândia,38.27,1200013,Acre,2021
10596,Almeirim,31.54,1500503,Pará,2021
10597,Ribeirão Cascalheira,2.47,5107180,Mato Grosso,2021
10598,Esperantina,0.23,1707405,Tocantins,2021
10599,Feijó,139.01,1200302,Acre,2021
10600,Couto Magalhães,0.29,1706001,Tocantins,2021
10601,Igarapé-Miri,4.41,1503309,Pará,2021
10602,Rurópolis,169.47,1506195,Pará,2021
10603,Porto Franco,2.69,2109007,Maranhão,2021
10604,Sampaio,0.19,1718808,Tocantins,2021
10605,Belém,0.48,1501402,Pará,2021
10606,Vitória do Mearim,1.0,2112902,Maranhão,2021
10607,Tupirama,0.0,1721257,Tocantins,2021
10608,São Domingos do Capim,1.19,1507201,Pará,2021
10609,Trizidela do Vale,0.0,2112233,Maranhão,2021
10610,Porto Alegre do Tocantins,0.0,1718006,Tocantins,2021
10611,Goiatins,0.0,1709005,Tocantins,2021
10612,Chapada da Natividade,0.0,1705102,Tocantins,2021
10613,São Sebastião do Tocantins,0.0,1720309,Tocantins,2021
10614,Amapá do Maranhão,1.08,2100550,Maranhão,2021
10615,Taguatinga,0.0,1720903,Tocantins,2021
10616,São Vicente Ferrer,0.0,2111706,Maranhão,2021
10617,Tocantínia,0.0,1721109,Tocantins,2021
10618,Pinheiro,1.73,2108603,Maranhão,2021
10619,Cristalândia,0.0,1706100,Tocantins,2021
10620,Aguiarnópolis,0.61,1700301,Tocantins,2021
10621,Piraquê,1.43,1717206,Tocantins,2021
10622,Bonito,0.2,1501600,Pará,2021
10623,Fortaleza dos Nogueiras,0.0,2104107,Maranhão,2021
10624,Terra Alta,0.13,1507961,Pará,2021
10625,Lago da Pedra,0.0,2105708,Maranhão,2021
10626,Balsas,0.0,2101400,Maranhão,2021
10627,Ipixuna do Pará,29.62,1503457,Pará,2021
10628,Santo Antônio dos Lopes,1.35,2110302,Maranhão,2021
10629,Serra do Navio,0.35,1600055,Amapá,2021
10630,Pau D'Arco,0.25,1716307,Tocantins,2021
10631,Concórdia do Pará,0.29,1502756,Pará,2021
10632,Lima Campos,0.23,2106003,Maranhão,2021
10633,São João do Paraíso,0.54,2111052,Maranhão,2021
10634,Boa Vista do Gurupi,0.5,2101970,Maranhão,2021
10635,Ponte Alta do Tocantins,0.0,1717909,Tocantins,2021
10636,Nazaré,0.37,1714302,Tocantins,2021
10637,Aveiro,55.58,1501006,Pará,2021
10638,Nova União,7.96,1101435,Rondônia,2021
10639,Boca do Acre,200.16,1300706,Amazonas,2021
10640,Luciara,0.0,5105309,Mato Grosso,2021
10641,Xambioá,1.06,1722107,Tocantins,2021
10642,Barcelos,1.39,1300409,Amazonas,2021
10643,Guaraí,0.14,1709302,Tocantins,2021
10644,Codajás,1.42,1301308,Amazonas,2021
10645,Querência,25.36,5107065,Mato Grosso,2021
10646,São Luiz,7.98,1400605,Roraima,2021
10647,Careiro,6.9,1301100,Amazonas,2021
10648,Pium,0.2,1717503,Tocantins,2021
10649,Brasnorte,12.21,5101902,Mato Grosso,2021
10650,Paranaíta,20.12,5106299,Mato Grosso,2021
10651,Oriximiná,17.15,1505304,Pará,2021
10652,Amajari,10.35,1400027,Roraima,2021
10653,Baião,14.63,1501204,Pará,2021
10654,Pacaraima,1.1,1400456,Roraima,2021
10655,Tabocão,0.0,1708254,Tocantins,2021
10656,São Salvador do Tocantins,0.0,1720259,Tocantins,2021
10657,Ipueiras,0.0,1709807,Tocantins,2021
10658,Juruá,1.57,1302207,Amazonas,2021
10659,Santana,0.13,1600600,Amapá,2021
10660,Jutaí,1.16,1302306,Amazonas,2021
10661,Crixás do Tocantins,0.0,1706258,Tocantins,2021
10662,Angico,0.0,1701051,Tocantins,2021
10663,Palestina do Pará,1.13,1505494,Pará,2021
10664,Alto Boa Vista,15.55,5100359,Mato Grosso,2021
10665,Turiaçu,0.67,2112407,Maranhão,2021
10666,Wanderlândia,2.17,1722081,Tocantins,2021
10667,Viana,0.62,2112803,Maranhão,2021
10668,Pedro Afonso,0.21,1716505,Tocantins,2021
10669,Riachinho,0.0,1718550,Tocantins,2021
10670,São Valério,0.0,1720499,Tocantins,2021
10671,Cachoeira do Piriá,15.46,1501956,Pará,2021
10672,Castanhal,0.92,1502400,Pará,2021
10673,Rondon do Pará,34.58,1506187,Pará,2021
10674,Barra do Ouro,0.0,1703073,Tocantins,2021
10675,Tomé-Açu,22.9,1508001,Pará,2021
10676,Poção de Pedras,0.0,2108900,Maranhão,2021
10677,São Bento,0.0,2110500,Maranhão,2021
10678,Godofredo Viana,4.69,2104305,Maranhão,2021
10679,Presidente Juscelino,0.57,2109205,Maranhão,2021
10680,São Pedro dos Crentes,0.0,2111573,Maranhão,2021
10681,Buriti do Tocantins,0.0,1703800,Tocantins,2021
10682,Centro Novo do Maranhão,4.53,2103174,Maranhão,2021
10683,Careiro da Várzea,17.19,1301159,Amazonas,2021
10684,Buriti Bravo,1.62,2102309,Maranhão,2021
10685,Pedro do Rosário,0.41,2108256,Maranhão,2021
10686,Palmeirante,0.0,1715705,Tocantins,2021
10687,Palmeiras do Tocantins,0.11,1713809,Tocantins,2021
10688,Carrasco Bonito,0.0,1703891,Tocantins,2021
10689,Conceição do Lago-Açu,0.0,2103554,Maranhão,2021
10690,Vitorino Freire,0.0,2113009,Maranhão,2021
10691,São Domingos do Araguaia,1.5,1507151,Pará,2021
10692,Almas,0.0,1700400,Tocantins,2021
10693,Lajeado,0.0,1712009,Tocantins,2021
10694,Feira Nova do Maranhão,0.0,2104073,Maranhão,2021
10695,Icatu,0.0,2105104,Maranhão,2021
10696,Cururupu,0.0,2103703,Maranhão,2021
10697,Itacajá,0.0,1710508,Tocantins,2021
10698,Luís Domingues,0.68,2106201,Maranhão,2021
10699,Campos Lindos,0.0,1703842,Tocantins,2021
10700,Aurora do Pará,2.59,1500958,Pará,2021
10701,Peri Mirim,0.24,2108405,Maranhão,2021
10702,Capinzal do Norte,0.49,2102754,Maranhão,2021
10703,Cachoeirinha,0.01,1703826,Tocantins,2021
10704,Bela Vista do Maranhão,0.0,2101772,Maranhão,2021
10705,Carmolândia,0.23,1703883,Tocantins,2021
10706,Santa Rita do Tocantins,0.0,1718899,Tocantins,2021
10707,Ministro Andreazza,2.31,1101203,Rondônia,2021
10708,Ponta de Pedras,0.0,1505700,Pará,2021
10709,Chupinguaia,15.27,1100924,Rondônia,2021
10710,Castanheira,5.05,5102850,Mato Grosso,2021
10711,Manaquiri,1.64,1302553,Amazonas,2021
10712,Marcelândia,133.13,5105580,Mato Grosso,2021
10713,Formoso do Araguaia,2.09,1708205,Tocantins,2021
10714,São Felipe D'Oeste,0.33,1101484,Rondônia,2021
10715,Brejinho de Nazaré,0.0,1703701,Tocantins,2021
10716,Juara,88.22,5105101,Mato Grosso,2021
10717,Guarantã do Norte,11.58,5104104,Mato Grosso,2021
10718,Nova Marilândia,2.33,5108857,Mato Grosso,2021
10719,Bernardo do Mearim,0.0,2101939,Maranhão,2021
10720,Terra Nova do Norte,2.82,5108055,Mato Grosso,2021
10721,Indiavaí,0.0,5104500,Mato Grosso,2021
10722,Soure,0.0,1507904,Pará,2021
10723,Caapiranga,2.01,1300839,Amazonas,2021
10724,Marabá,73.58,1504208,Pará,2021
10725,Nova Brasilândia D'Oeste,2.4,1100148,Rondônia,2021
10726,Campo Novo do Parecis,3.97,5102637,Mato Grosso,2021
10727,Guajará-Mirim,27.08,1100106,Rondônia,2021
10728,Mojuí dos Campos,61.84,1504752,Pará,2021
10729,Benjamin Constant,1.73,1300607,Amazonas,2021
10730,Dois Irmãos do Tocantins,0.77,1707207,Tocantins,2021
10731,Jaru,2.71,1100114,Rondônia,2021
10732,Jordão,9.74,1200328,Acre,2021
10733,Mucajaí,68.47,1400308,Roraima,2021
10734,Normandia,0.0,1400407,Roraima,2021
10735,Juína,48.45,5105150,Mato Grosso,2021
10736,Corumbiara,4.15,1100072,Rondônia,2021
10737,Urupá,0.84,1101708,Rondônia,2021
10738,Trairão,120.39,1508050,Pará,2021
10739,Atalaia do Norte,1.74,1300201,Amazonas,2021
10740,Nhamundá,4.62,1303007,Amazonas,2021
10741,Barra do Garças,0.0,5101803,Mato Grosso,2021
10742,São Domingos do Maranhão,7.54,2110708,Maranhão,2021
10743,Bagre,6.14,1501105,Pará,2021
10744,São Bento do Tocantins,0.31,1720101,Tocantins,2021
10745,Juruti,4.57,1503903,Pará,2021
10746,Colniza,267.42,5103254,Mato Grosso,2021
10747,Quatipuru,0.07,1506112,Pará,2021
10748,Salinópolis,0.89,1506203,Pará,2021
10749,Babaçulândia,0.0,1703008,Tocantins,2021
10750,Zé Doca,0.37,2114007,Maranhão,2021
10751,Sapucaia,1.49,1507755,Pará,2021
10752,Colares,0.08,1502608,Pará,2021
10753,Araguatins,3.91,1702208,Tocantins,2021
10754,Pio XII,0.0,2108702,Maranhão,2021
10755,Novo Jardim,0.0,1715259,Tocantins,2021
10756,Marechal Thaumaturgo,6.33,1200351,Acre,2021
10757,Teixeirópolis,0.32,1101559,Rondônia,2021
10758,São Francisco do Pará,0.24,1507409,Pará,2021
10759,Paulo Ramos,0.41,2108108,Maranhão,2021
10760,Nova Colinas,0.0,2107258,Maranhão,2021
10761,Santa Maria do Tocantins,0.0,1718881,Tocantins,2021
10762,Arraias,0.0,1702406,Tocantins,2021
10763,Salvaterra,0.35,1506302,Pará,2021
10764,Manicoré,134.71,1302702,Amazonas,2021
10765,Santa Maria do Pará,0.0,1506609,Pará,2021
10766,Cajapió,0.0,2102408,Maranhão,2021
10767,Bom Jardim,21.76,2102002,Maranhão,2021
10768,Peixe,0.0,1716604,Tocantins,2021
10769,Governador Archer,2.57,2104503,Maranhão,2021
10770,Curralinho,2.78,1502806,Pará,2021
10771,Talismã,0.0,1720978,Tocantins,2021
10772,Timbiras,0.22,2112100,Maranhão,2021
10773,Igarapé-Açu,0.07,1503200,Pará,2021
10774,Lago Verde,0.0,2105906,Maranhão,2021
10775,Itamarati,1.13,1301951,Amazonas,2021
10776,Lábrea,540.23,1302405,Amazonas,2021
10777,Luzinópolis,0.2,1712454,Tocantins,2021
10778,Brasilândia do Tocantins,0.0,1703602,Tocantins,2021
10779,Axixá,0.2,2101103,Maranhão,2021
10780,Brejo de Areia,0.68,2102150,Maranhão,2021
10781,Marituba,0.0,1504422,Pará,2021
10782,Recursolândia,0.13,1718501,Tocantins,2021
10783,Praia Norte,1.45,1718303,Tocantins,2021
10784,Sítio Novo,0.09,2111805,Maranhão,2021
10785,Ouro Preto do Oeste,7.63,1100155,Rondônia,2021
10786,São Félix do Tocantins,0.0,1720150,Tocantins,2021
10787,Marapanim,1.35,1504406,Pará,2021
10788,Bacabeira,0.07,2101251,Maranhão,2021
10789,Santarém Novo,0.09,1506906,Pará,2021
10790,Mirador,0.0,2106706,Maranhão,2021
10791,Vila Nova dos Martírios,0.59,2112852,Maranhão,2021
10792,Riachão,0.0,2109502,Maranhão,2021
10793,Ourém,0.42,1505403,Pará,2021
10794,São José dos Basílios,0.43,2111250,Maranhão,2021
10795,Governador Nunes Freire,0.09,2104677,Maranhão,2021
10796,Calçoene,1.09,1600204,Amapá,2021
10797,Alto Araguaia,0.0,5100300,Mato Grosso,2021
10798,Mirinzal,0.0,2106805,Maranhão,2021
10799,Jenipapo dos Vieiras,0.59,2105476,Maranhão,2021
10800,Santa Izabel do Pará,0.5,1506500,Pará,2021
10801,Combinado,0.0,1705557,Tocantins,2021
10802,Envira,13.59,1301506,Amazonas,2021
10803,Graça Aranha,0.71,2104701,Maranhão,2021
10804,Tocantinópolis,0.1,1721208,Tocantins,2021
10805,Amaturá,0.53,1300060,Amazonas,2021
10806,Cacaulândia,10.0,1100601,Rondônia,2021
10807,São Félix de Balsas,0.0,2110807,Maranhão,2021
10808,Colinas,3.72,2103505,Maranhão,2021
10809,Buritirana,3.0,2102358,Maranhão,2021
10810,Ananindeua,0.0,1500800,Pará,2021
10811,Presidente Figueiredo,14.96,1303536,Amazonas,2021
10812,Abaetetuba,1.7,1500107,Pará,2021
10813,Pindaré-Mirim,0.0,2108504,Maranhão,2021
10814,Centenário,0.0,1704105,Tocantins,2021
10815,Santa Terezinha do Tocantins,1.11,1720002,Tocantins,2021
10816,Vigia,0.33,1508209,Pará,2021
10817,Campo Novo de Rondônia,19.6,1100700,Rondônia,2021
10818,Santa Cruz do Xingu,11.39,5107743,Mato Grosso,2021
10819,Lajeado Novo,0.59,2105989,Maranhão,2021
10820,Afuá,0.0,1500305,Pará,2021
10821,Ribamar Fiquene,0.35,2109551,Maranhão,2021
10822,Peixoto de Azevedo,54.95,5106422,Mato Grosso,2022
10823,Pau D'Arco,1.62,1505551,Pará,2022
10824,Mâncio Lima,13.22,1200336,Acre,2022
10825,Alto Alegre,24.24,1400050,Roraima,2022
10826,Pedra Preta,0.0,5106372,Mato Grosso,2022
10827,Itaituba,347.76,1503606,Pará,2022
10828,Redenção,0.11,1506138,Pará,2022
10829,Iracema,27.41,1400282,Roraima,2022
10830,Santo Antônio do Leverger,0.25,5107800,Mato Grosso,2022
10831,Porto Esperidião,0.47,5106828,Mato Grosso,2022
10832,Nova Brasilândia,0.0,5106208,Mato Grosso,2022
10833,Caracaraí,39.36,1400209,Roraima,2022
10834,Ponte Branca,0.0,5106703,Mato Grosso,2022
10835,Cuiabá,0.0,5103403,Mato Grosso,2022
10836,Tucumã,0.86,1508084,Pará,2022
10837,Alto Paraguai,0.0,5100508,Mato Grosso,2022
10838,São Pedro da Cipa,0.0,5107404,Mato Grosso,2022
10839,Porto Estrela,0.0,5106851,Mato Grosso,2022
10840,Porto de Moz,41.38,1505908,Pará,2022
10841,Denise,0.33,5103452,Mato Grosso,2022
10842,Cáceres,5.9,5102504,Mato Grosso,2022
10843,Tesouro,0.0,5108105,Mato Grosso,2022
10844,Araguaiana,0.0,5101001,Mato Grosso,2022
10845,Matupá,11.12,5105606,Mato Grosso,2022
10846,Conquista D'Oeste,1.82,5103361,Mato Grosso,2022
10847,Vale de São Domingos,3.94,5108352,Mato Grosso,2022
10848,Juscimeira,0.07,5105200,Mato Grosso,2022
10849,Nova Guarita,1.48,5108808,Mato Grosso,2022
10850,Bonfim,3.8,1400159,Roraima,2022
10851,Tapauá,66.15,1304104,Amazonas,2022
10852,Salto do Céu,0.0,5107750,Mato Grosso,2022
10853,Campo Verde,0.0,5102678,Mato Grosso,2022
10854,Eirunepé,6.59,1301407,Amazonas,2022
10855,Curvelândia,0.0,5103437,Mato Grosso,2022
10856,Acorizal,0.0,5100102,Mato Grosso,2022
10857,Várzea Grande,0.0,5108402,Mato Grosso,2022
10858,Rosário Oeste,0.0,5107701,Mato Grosso,2022
10859,Rio Branco,0.0,5107206,Mato Grosso,2022
10860,Santo Antônio do Leste,0.0,5107792,Mato Grosso,2022
10861,Chapada dos Guimarães,0.0,5103007,Mato Grosso,2022
10862,Novo São Joaquim,0.0,5106281,Mato Grosso,2022
10863,Glória D'Oeste,0.0,5103957,Mato Grosso,2022
10864,São José do Povo,0.0,5107297,Mato Grosso,2022
10865,Mirassol d'Oeste,0.5,5105622,Mato Grosso,2022
10866,Nova Bandeirantes,177.61,5106158,Mato Grosso,2022
10867,Poconé,0.0,5106505,Mato Grosso,2022
10868,Conceição do Araguaia,4.77,1502707,Pará,2022
10869,Barra do Bugres,23.47,5101704,Mato Grosso,2022
10870,Guiratinga,0.0,5104203,Mato Grosso,2022
10871,Dom Aquino,0.0,5103601,Mato Grosso,2022
10872,Lambari D'Oeste,0.61,5105234,Mato Grosso,2022
10873,São José dos Quatro Marcos,0.0,5107107,Mato Grosso,2022
10874,Poxoréu,0.0,5107008,Mato Grosso,2022
10875,Floresta do Araguaia,2.31,1503044,Pará,2022
10876,Barão de Melgaço,6.48,5101605,Mato Grosso,2022
10877,Araputanga,0.77,5101258,Mato Grosso,2022
10878,Nova Olímpia,0.32,5106232,Mato Grosso,2022
10879,Rondonópolis,0.0,5107602,Mato Grosso,2022
10880,Nova Xavantina,0.0,5106257,Mato Grosso,2022
10881,Pontal do Araguaia,0.0,5106653,Mato Grosso,2022
10882,Jangada,0.0,5104906,Mato Grosso,2022
10883,Amapá,0.0,1600105,Amapá,2022
10884,Guajará,34.56,1301654,Amazonas,2022
10885,Vila Bela da Santíssima Trindade,4.71,5105507,Mato Grosso,2022
10886,Araguainha,0.0,5101209,Mato Grosso,2022
10887,Capixaba,31.98,1200179,Acre,2022
10888,Jauru,0.12,5105002,Mato Grosso,2022
10889,Ribeirãozinho,0.0,5107198,Mato Grosso,2022
10890,Reserva do Cabaçal,1.24,5107156,Mato Grosso,2022
10891,Figueirópolis D'Oeste,0.0,5103809,Mato Grosso,2022
10892,Alto Garças,0.0,5100409,Mato Grosso,2022
10893,Nossa Senhora do Livramento,0.0,5106109,Mato Grosso,2022
10894,Jaciara,0.0,5104807,Mato Grosso,2022
10895,Manaus,3.67,1302603,Amazonas,2022
10896,Pontes e Lacerda,3.56,5106752,Mato Grosso,2022
10897,Ipixuna,18.1,1301803,Amazonas,2022
10898,Primavera do Leste,0.0,5107040,Mato Grosso,2022
10899,Maraã,0.44,1302801,Amazonas,2022
10900,Torixoréu,0.0,5108204,Mato Grosso,2022
10901,General Carneiro,0.0,5103908,Mato Grosso,2022
10902,Nova Rosalândia,0.0,1715002,Tocantins,2022
10903,São Gabriel da Cachoeira,2.4,1303809,Amazonas,2022
10904,Ipiranga do Norte,7.04,5104526,Mato Grosso,2022
10905,Araguaína,1.71,1702109,Tocantins,2022
10906,São Geraldo do Araguaia,0.55,1507458,Pará,2022
10907,Augusto Corrêa,0.0,1500909,Pará,2022
10908,Uarini,1.28,1304260,Amazonas,2022
10909,Vilhena,10.74,1100304,Rondônia,2022
10910,Nova Lacerda,0.75,5106182,Mato Grosso,2022
10911,Itaporã do Tocantins,0.18,1711100,Tocantins,2022
10912,Lucas do Rio Verde,0.09,5105259,Mato Grosso,2022
10913,Nova Maringá,26.26,5108907,Mato Grosso,2022
10914,Goianésia do Pará,27.79,1503093,Pará,2022
10915,Bujari,37.21,1200138,Acre,2022
10916,Rio Maria,8.12,1506161,Pará,2022
10917,Divinópolis do Tocantins,0.0,1707108,Tocantins,2022
10918,Jacareacanga,107.51,1503754,Pará,2022
10919,Barrolândia,0.0,1703107,Tocantins,2022
10920,Diamantino,1.3,5103502,Mato Grosso,2022
10921,Santa Fé do Araguaia,0.1,1718865,Tocantins,2022
10922,Santa Carmem,37.25,5107248,Mato Grosso,2022
10923,Bannach,4.01,1501253,Pará,2022
10924,Canabrava do Norte,2.9,5102694,Mato Grosso,2022
10925,Pedra Branca do Amapari,3.34,1600154,Amapá,2022
10926,Oliveira de Fátima,0.0,1715507,Tocantins,2022
10927,Caseara,0.25,1703909,Tocantins,2022
10928,Santa Cruz do Arari,0.0,1506401,Pará,2022
10929,Tapurah,4.63,5108006,Mato Grosso,2022
10930,Parauapebas,4.16,1505536,Pará,2022
10931,Limoeiro do Ajuru,0.0,1504000,Pará,2022
10932,Theobroma,5.52,1101609,Rondônia,2022
10933,São Félix do Xingu,534.52,1507300,Pará,2022
10934,Comodoro,12.5,5103304,Mato Grosso,2022
10935,Goianorte,0.07,1708304,Tocantins,2022
10936,Governador Jorge Teixeira,30.83,1101005,Rondônia,2022
10937,Tabaporã,30.63,5107941,Mato Grosso,2022
10938,Epitaciolândia,10.73,1200252,Acre,2022
10939,Vera,2.87,5108501,Mato Grosso,2022
10940,Novo Mundo,14.47,5106265,Mato Grosso,2022
10941,Bernardo Sayão,0.07,1703206,Tocantins,2022
10942,Rolim de Moura,1.87,1100288,Rondônia,2022
10943,Seringueiras,16.87,1101500,Rondônia,2022
10944,Autazes,44.67,1300300,Amazonas,2022
10945,Ferreira Gomes,0.75,1600238,Amapá,2022
10946,Palmas,0.0,1721000,Tocantins,2022
10947,São Francisco do Brejão,0.3,2110856,Maranhão,2022
10948,Sambaíba,0.0,2109700,Maranhão,2022
10949,Novo Alegre,0.0,1715150,Tocantins,2022
10950,Santa Luzia D'Oeste,0.19,1100296,Rondônia,2022
10951,Tartarugalzinho,0.16,1600709,Amapá,2022
10952,Arenápolis,0.0,5101308,Mato Grosso,2022
10953,Gurupi,0.0,1709500,Tocantins,2022
10954,Lagoa da Confusão,1.64,1711902,Tocantins,2022
10955,Boa Vista,0.77,1400100,Roraima,2022
10956,Gurupá,2.35,1503101,Pará,2022
10957,São Pedro da Água Branca,0.29,2111532,Maranhão,2022
10958,Jaú do Tocantins,0.0,1711506,Tocantins,2022
10959,Araguaçu,0.0,1702000,Tocantins,2022
10960,Sandolândia,0.0,1718840,Tocantins,2022
10961,Altamira,626.02,1500602,Pará,2022
10962,Aliança do Tocantins,0.0,1700350,Tocantins,2022
10963,São Sebastião do Uatumã,4.95,1303957,Amazonas,2022
10964,Porto dos Gaúchos,29.19,5106802,Mato Grosso,2022
10965,Sapezal,0.07,5107875,Mato Grosso,2022
10966,Bragança,0.0,1501709,Pará,2022
10967,Nova Santa Helena,11.15,5106190,Mato Grosso,2022
10968,Alto Paraíso,21.14,1100403,Rondônia,2022
10969,Araguanã,0.41,1702158,Tocantins,2022
10970,São José do Rio Claro,17.48,5107305,Mato Grosso,2022
10971,Pimenteiras do Oeste,5.61,1101468,Rondônia,2022
10972,Mocajuba,0.0,1504604,Pará,2022
10973,Iranduba,0.73,1301852,Amazonas,2022
10974,Urucará,1.3,1304302,Amazonas,2022
10975,Santa Isabel do Rio Negro,0.1,1303601,Amazonas,2022
10976,Senador Guiomard,16.87,1200450,Acre,2022
10977,Figueirópolis,0.0,1707652,Tocantins,2022
10978,Coari,1.85,1301209,Amazonas,2022
10979,Carauari,1.87,1301001,Amazonas,2022
10980,Nova Mutum,8.83,5106224,Mato Grosso,2022
10981,Nova Nazaré,0.11,5106174,Mato Grosso,2022
10982,Brasil Novo,8.63,1501725,Pará,2022
10983,Apuí,731.72,1300144,Amazonas,2022
10984,Santa Terezinha,23.29,5107776,Mato Grosso,2022
10985,Campinápolis,0.0,5102603,Mato Grosso,2022
10986,Nova Mamoré,149.99,1100338,Rondônia,2022
10987,Castanheiras,0.4,1100908,Rondônia,2022
10988,União do Sul,56.98,5108303,Mato Grosso,2022
10989,Alvorada,0.0,1700707,Tocantins,2022
10990,Caroebe,31.9,1400233,Roraima,2022
10991,Coroatá,5.59,2103604,Maranhão,2022
10992,Pastos Bons,0.0,2108009,Maranhão,2022
10993,Lago do Junco,0.0,2105807,Maranhão,2022
10994,Matões do Norte,1.53,2106631,Maranhão,2022
10995,Cantanhede,8.03,2102705,Maranhão,2022
10996,Arame,18.72,2100956,Maranhão,2022
10997,Conceição do Tocantins,0.0,1705607,Tocantins,2022
10998,Tufilândia,0.0,2112274,Maranhão,2022
10999,Governador Newton Bello,0.0,2104651,Maranhão,2022
11000,Maranhãozinho,0.09,2106375,Maranhão,2022
11001,Igarapé Grande,0.0,2105203,Maranhão,2022
11002,Monção,0.25,2106904,Maranhão,2022
11003,Peritoró,4.15,2108454,Maranhão,2022
11004,Sucupira do Norte,0.0,2111904,Maranhão,2022
11005,Formosa da Serra Negra,1.32,2104099,Maranhão,2022
11006,Nova Iorque,0.0,2107308,Maranhão,2022
11007,Santa Filomena do Maranhão,0.15,2109759,Maranhão,2022
11008,Carutapera,0.19,2102903,Maranhão,2022
11009,Rio Branco,118.25,1200401,Acre,2022
11010,Satubinha,0.0,2111722,Maranhão,2022
11011,Cujubim,116.48,1100940,Rondônia,2022
11012,Fernando Falcão,1.22,2104081,Maranhão,2022
11013,Pirapemas,2.01,2108801,Maranhão,2022
11014,Centro do Guilherme,1.17,2103158,Maranhão,2022
11015,Oiapoque,1.61,1600501,Amapá,2022
11016,Darcinópolis,0.0,1706506,Tocantins,2022
11017,Alcântara,0.0,2100204,Maranhão,2022
11018,Arari,0.79,2101004,Maranhão,2022
11019,Cumaru do Norte,25.37,1502764,Pará,2022
11020,Miranda do Norte,1.01,2106755,Maranhão,2022
11021,Penalva,0.43,2108306,Maranhão,2022
11022,Brejo Grande do Araguaia,1.86,1501758,Pará,2022
11023,Medicilândia,102.08,1504455,Pará,2022
11024,Nova Timboteua,0.02,1505007,Pará,2022
11025,Central do Maranhão,0.0,2103125,Maranhão,2022
11026,Alto Alegre do Maranhão,0.06,2100436,Maranhão,2022
11027,Maurilândia do Tocantins,0.09,1712801,Tocantins,2022
11028,Paragominas,47.03,1505502,Pará,2022
11029,Morros,0.0,2107100,Maranhão,2022
11030,Itinga do Maranhão,26.77,2105427,Maranhão,2022
11031,Santa Helena,0.09,2109809,Maranhão,2022
11032,São João da Ponta,0.4,1507466,Pará,2022
11033,Cedral,0.0,2103109,Maranhão,2022
11034,São João Batista,0.0,2111003,Maranhão,2022
11035,São Raimundo do Doca Bezerra,0.0,2111631,Maranhão,2022
11036,Turilândia,0.31,2112456,Maranhão,2022
11037,São João de Pirabas,0.96,1507474,Pará,2022
11038,Lago dos Rodrigues,0.0,2105948,Maranhão,2022
11039,Lagoa do Tocantins,0.0,1711951,Tocantins,2022
11040,Dianópolis,0.0,1707009,Tocantins,2022
11041,Novo Acordo,0.0,1715101,Tocantins,2022
11042,Maracanã,0.34,1504307,Pará,2022
11043,Axixá do Tocantins,0.11,1702901,Tocantins,2022
11044,Cachoeira Grande,0.0,2102374,Maranhão,2022
11045,Anajatuba,0.0,2100709,Maranhão,2022
11046,Aurora do Tocantins,0.0,1702703,Tocantins,2022
11047,Itiquira,0.0,5104609,Mato Grosso,2022
11048,Mateiros,0.0,1712702,Tocantins,2022
11049,Natividade,0.0,1714203,Tocantins,2022
11050,Joselândia,0.91,2105609,Maranhão,2022
11051,Bom Jesus do Tocantins,0.0,1703305,Tocantins,2022
11052,Estreito,0.0,2104057,Maranhão,2022
11053,Lizarda,0.0,1712405,Tocantins,2022
11054,Ariquemes,11.76,1100023,Rondônia,2022
11055,Olho d'Água das Cunhãs,0.0,2107407,Maranhão,2022
11056,Cajari,0.16,2102507,Maranhão,2022
11057,Bom Jesus do Tocantins,6.51,1501576,Pará,2022
11058,Chaves,0.07,1502509,Pará,2022
11059,Governador Eugênio Barros,4.78,2104602,Maranhão,2022
11060,Barcarena,0.56,1501303,Pará,2022
11061,São João da Baliza,17.19,1400506,Roraima,2022
11062,Miracema do Tocantins,0.0,1713205,Tocantins,2022
11063,Rio dos Bois,0.0,1718709,Tocantins,2022
11064,Itaubal,0.0,1600253,Amapá,2022
11065,Tefé,2.23,1304203,Amazonas,2022
11066,Cláudia,16.57,5103056,Mato Grosso,2022
11067,Nortelândia,0.37,5106000,Mato Grosso,2022
11068,Anori,0.22,1300102,Amazonas,2022
11069,Água Boa,0.0,5100201,Mato Grosso,2022
11070,Miranorte,0.0,1713304,Tocantins,2022
11071,Rorainópolis,78.74,1400472,Roraima,2022
11072,Cocalinho,1.88,5103106,Mato Grosso,2022
11073,Costa Marques,39.26,1100080,Rondônia,2022
11074,Macapá,0.43,1600303,Amapá,2022
11075,Mirante da Serra,2.28,1101302,Rondônia,2022
11076,Monte Alegre,37.28,1504802,Pará,2022
11077,Santa Rosa do Purus,3.55,1200435,Acre,2022
11078,Palmeirópolis,0.0,1715754,Tocantins,2022
11079,Canaã dos Carajás,1.75,1502152,Pará,2022
11080,Guimarães,0.0,2104909,Maranhão,2022
11081,Belterra,12.78,1501451,Pará,2022
11082,Itapiratins,0.0,1710904,Tocantins,2022
11083,Araguanã,0.0,2100873,Maranhão,2022
11084,Viseu,1.39,1508308,Pará,2022
11085,Uruará,193.63,1508159,Pará,2022
11086,Junco do Maranhão,0.0,2105658,Maranhão,2022
11087,Novo Aripuanã,295.04,1303304,Amazonas,2022
11088,Cotriguaçu,40.54,5103379,Mato Grosso,2022
11089,Jatobá,2.11,2105450,Maranhão,2022
11090,Rio Sono,0.0,1718758,Tocantins,2022
11091,Tracuateua,0.0,1508035,Pará,2022
11092,Breu Branco,8.27,1501782,Pará,2022
11093,Santa Tereza do Tocantins,0.0,1719004,Tocantins,2022
11094,Maracaçumé,0.09,2106326,Maranhão,2022
11095,Parintins,3.83,1303403,Amazonas,2022
11096,Porto Grande,0.61,1600535,Amapá,2022
11097,Aragominas,1.71,1701309,Tocantins,2022
11098,Pugmil,0.0,1718451,Tocantins,2022
11099,Araguacema,1.12,1701903,Tocantins,2022
11100,Novo Airão,0.66,1303205,Amazonas,2022
11101,Breves,1.55,1501808,Pará,2022
11102,Acará,5.71,1500206,Pará,2022
11103,Augustinópolis,0.4,1702554,Tocantins,2022
11104,Canutama,156.74,1300904,Amazonas,2022
11105,Serra Nova Dourada,4.06,5107883,Mato Grosso,2022
11106,Humaitá,169.89,1301704,Amazonas,2022
11107,Borba,38.2,1300805,Amazonas,2022
11108,Ourilândia do Norte,7.86,1505437,Pará,2022
11109,Cerejeiras,4.49,1100056,Rondônia,2022
11110,Mãe do Rio,0.0,1504059,Pará,2022
11111,Bom Jesus das Selvas,7.57,2102036,Maranhão,2022
11112,São João do Soter,0.0,2111078,Maranhão,2022
11113,Magalhães Barata,0.14,1504109,Pará,2022
11114,Senador Alexandre Costa,1.41,2111748,Maranhão,2022
11115,São Mateus do Maranhão,0.0,2111508,Maranhão,2022
11116,Marajá do Sena,7.31,2106359,Maranhão,2022
11117,Igarapé do Meio,0.07,2105153,Maranhão,2022
11118,Santa Rosa do Tocantins,0.0,1718907,Tocantins,2022
11119,Manacapuru,1.67,1302504,Amazonas,2022
11120,Alvarães,1.42,1300029,Amazonas,2022
11121,Cabixi,0.67,1100031,Rondônia,2022
11122,Candeias do Jamari,189.29,1100809,Rondônia,2022
11123,Nova Canaã do Norte,4.32,5106216,Mato Grosso,2022
11124,Moju,74.63,1504703,Pará,2022
11125,Maués,117.0,1302900,Amazonas,2022
11126,São Miguel do Guaporé,10.25,1100320,Rondônia,2022
11127,Santa Maria das Barreiras,16.33,1506583,Pará,2022
11128,Silves,1.0,1304005,Amazonas,2022
11129,Bandeirantes do Tocantins,0.0,1703057,Tocantins,2022
11130,Porto Alegre do Norte,1.84,5106778,Mato Grosso,2022
11131,Gaúcha do Norte,18.5,5103858,Mato Grosso,2022
11132,Nova Monte Verde,34.26,5108956,Mato Grosso,2022
11133,Cametá,0.42,1502103,Pará,2022
11134,Tarauacá,112.73,1200609,Acre,2022
11135,São José do Xingu,6.03,5107354,Mato Grosso,2022
11136,Nova Olinda do Norte,12.2,1303106,Amazonas,2022
11137,Pracuúba,0.0,1600550,Amapá,2022
11138,Bom Jesus do Araguaia,0.98,5101852,Mato Grosso,2022
11139,Santo Antônio do Içá,2.04,1303700,Amazonas,2022
11140,Tabatinga,1.34,1304062,Amazonas,2022
11141,Vitória do Xingu,3.23,1508357,Pará,2022
11142,Campos de Júlio,0.47,5102686,Mato Grosso,2022
11143,Aripuanã,132.66,5101407,Mato Grosso,2022
11144,Alvorada D'Oeste,0.62,1100346,Rondônia,2022
11145,Nova Ubiratã,55.84,5106240,Mato Grosso,2022
11146,Cruzeiro do Sul,54.71,1200203,Acre,2022
11147,Alta Floresta,16.33,5100250,Mato Grosso,2022
11148,Faro,4.76,1503002,Pará,2022
11149,Canarana,1.23,5102702,Mato Grosso,2022
11150,Cachoeira do Arari,0.07,1502004,Pará,2022
11151,Paraíso do Tocantins,0.0,1716109,Tocantins,2022
11152,Primavera de Rondônia,0.26,1101476,Rondônia,2022
11153,Cutias,0.26,1600212,Amapá,2022
11154,Cacoal,3.22,1100049,Rondônia,2022
11155,Piçarra,1.94,1505635,Pará,2022
11156,Vitória do Jari,0.51,1600808,Amapá,2022
11157,Porto Nacional,0.0,1718204,Tocantins,2022
11158,Assis Brasil,8.37,1200054,Acre,2022
11159,Planalto da Serra,0.0,5106455,Mato Grosso,2022
11160,Colinas do Tocantins,0.0,1705508,Tocantins,2022
11161,Colíder,3.1,5103205,Mato Grosso,2022
11162,Sinop,4.81,5107909,Mato Grosso,2022
11163,Muricilândia,0.36,1713957,Tocantins,2022
11164,Alta Floresta D'Oeste,24.18,1100015,Rondônia,2022
11165,Sorriso,0.0,5107925,Mato Grosso,2022
11166,Inhangapi,0.0,1503408,Pará,2022
11167,Bacabal,0.0,2101202,Maranhão,2022
11168,Primavera,0.25,1506104,Pará,2022
11169,Presidente Sarney,0.0,2109270,Maranhão,2022
11170,Lagoa Grande do Maranhão,0.61,2105963,Maranhão,2022
11171,Campestre do Maranhão,0.18,2102556,Maranhão,2022
11172,Dom Pedro,0.64,2103802,Maranhão,2022
11173,Itaguatins,0.44,1710706,Tocantins,2022
11174,Nova Olinda do Maranhão,0.51,2107357,Maranhão,2022
11175,Ananás,0.53,1701002,Tocantins,2022
11176,Santa Luzia do Paruá,0.0,2110039,Maranhão,2022
11177,Palmeirândia,0.0,2107605,Maranhão,2022
11178,Nova Esperança do Piriá,7.9,1504950,Pará,2022
11179,Alto Taquari,0.0,5100607,Mato Grosso,2022
11180,Ji-Paraná,1.26,1100122,Rondônia,2022
11181,Boa Vista do Ramos,2.92,1300680,Amazonas,2022
11182,Carolina,0.0,2102804,Maranhão,2022
11183,Japurá,13.26,1302108,Amazonas,2022
11184,Santa Bárbara do Pará,0.0,1506351,Pará,2022
11185,Monte do Carmo,0.0,1713601,Tocantins,2022
11186,Prainha,85.17,1506005,Pará,2022
11187,Tuntum,7.0,2112308,Maranhão,2022
11188,Curuçá,0.07,1502905,Pará,2022
11189,Taipas do Tocantins,0.0,1720937,Tocantins,2022
11190,Itaipava do Grajaú,0.57,2105351,Maranhão,2022
11191,Laranjal do Jari,1.71,1600279,Amapá,2022
11192,Senador La Rocque,0.83,2111763,Maranhão,2022
11193,Santa Luzia,2.43,2110005,Maranhão,2022
11194,Santana do Araguaia,17.23,1506708,Pará,2022
11195,Santo Antônio do Tauá,0.0,1507003,Pará,2022
11196,Tasso Fragoso,0.0,2112001,Maranhão,2022
11197,Porto Rico do Maranhão,0.0,2109056,Maranhão,2022
11198,Silvanópolis,0.0,1720655,Tocantins,2022
11199,Sítio Novo do Tocantins,0.33,1720804,Tocantins,2022
11200,Santa Luzia do Pará,0.0,1506559,Pará,2022
11201,Raposa,0.0,2109452,Maranhão,2022
11202,Vila Rica,8.63,5108600,Mato Grosso,2022
11203,Olinda Nova do Maranhão,0.0,2107456,Maranhão,2022
11204,Presidente Vargas,0.0,2109304,Maranhão,2022
11205,Bacurituba,0.0,2101350,Maranhão,2022
11206,Gonçalves Dias,5.47,2104404,Maranhão,2022
11207,São José de Ribamar,0.09,2111201,Maranhão,2022
11208,Altamira do Maranhão,0.0,2100402,Maranhão,2022
11209,Garrafão do Norte,2.01,1503077,Pará,2022
11210,Fortuna,4.22,2104206,Maranhão,2022
11211,São Caetano de Odivelas,0.18,1507102,Pará,2022
11212,Machadinho D'Oeste,68.75,1100130,Rondônia,2022
11213,Bequimão,0.0,2101905,Maranhão,2022
11214,Rosário,0.27,2109601,Maranhão,2022
11215,Capitão Poço,1.53,1502301,Pará,2022
11216,Bujaru,0.25,1501907,Pará,2022
11217,Monte Negro,11.54,1101401,Rondônia,2022
11218,Rodrigues Alves,23.82,1200427,Acre,2022
11219,Terra Santa,4.93,1507979,Pará,2022
11220,Bacuri,0.0,2101301,Maranhão,2022
11221,Santa Rita,2.08,2110203,Maranhão,2022
11222,Capanema,0.0,1502202,Pará,2022
11223,Presidente Dutra,0.98,2109106,Maranhão,2022
11224,Santarém,54.46,1506807,Pará,2022
11225,Melgaço,1.92,1504505,Pará,2022
11226,Peixe-Boi,0.14,1505601,Pará,2022
11227,Passagem Franca,0.0,2107902,Maranhão,2022
11228,Juruena,4.33,5105176,Mato Grosso,2022
11229,Anajás,0.13,1500701,Pará,2022
11230,Buritis,27.45,1100452,Rondônia,2022
11231,Dom Eliseu,47.62,1502939,Pará,2022
11232,Senador José Porfírio,122.01,1507805,Pará,2022
11233,Vargem Grande,0.14,2112704,Maranhão,2022
11234,Rio da Conceição,0.0,1718659,Tocantins,2022
11235,Itapecuru Mirim,1.61,2105401,Maranhão,2022
11236,Loreto,0.0,2106102,Maranhão,2022
11237,Benedito Leite,0.0,2101806,Maranhão,2022
11238,Jacundá,1.4,1503804,Pará,2022
11239,Porto Walter,7.08,1200393,Acre,2022
11240,Abel Figueiredo,2.73,1500131,Pará,2022
11241,Açailândia,14.0,2100055,Maranhão,2022
11242,Itacoatiara,26.06,1301902,Amazonas,2022
11243,São Miguel do Tocantins,0.75,1720200,Tocantins,2022
11244,Bom Lugar,0.0,2102077,Maranhão,2022
11245,Marianópolis do Tocantins,0.14,1712504,Tocantins,2022
11246,Santa Inês,0.0,2109908,Maranhão,2022
11247,Codó,3.59,2103307,Maranhão,2022
11248,Carlinda,1.47,5102793,Mato Grosso,2022
11249,Pindorama do Tocantins,0.0,1717008,Tocantins,2022
11250,Alto Parnaíba,0.0,2100501,Maranhão,2022
11251,Feliz Natal,49.05,5103700,Mato Grosso,2022
11252,São Félix do Araguaia,34.12,5107859,Mato Grosso,2022
11253,Pequizeiro,0.0,1716653,Tocantins,2022
11254,Eldorado do Carajás,3.15,1502954,Pará,2022
11255,Rio Crespo,4.15,1100262,Rondônia,2022
11256,Brasiléia,30.5,1200104,Acre,2022
11257,Tangará da Serra,0.08,5107958,Mato Grosso,2022
11258,Fonte Boa,1.87,1301605,Amazonas,2022
11259,São Miguel do Guamá,0.39,1507607,Pará,2022
11260,Nova Ipixuna,4.03,1504976,Pará,2022
11261,Filadélfia,0.0,1707702,Tocantins,2022
11262,São Domingos do Azeitão,0.0,2110658,Maranhão,2022
11263,Beruri,7.34,1300631,Amazonas,2022
11264,Espigão D'Oeste,5.76,1100098,Rondônia,2022
11265,Uiramutã,0.48,1400704,Roraima,2022
11266,Esperantinópolis,0.0,2104008,Maranhão,2022
11267,Apiacás,79.06,5100805,Mato Grosso,2022
11268,Tupiratins,0.0,1721307,Tocantins,2022
11269,Itanhangá,8.21,5104542,Mato Grosso,2022
11270,Barreirinha,4.91,1300508,Amazonas,2022
11271,Nobres,0.0,5105903,Mato Grosso,2022
11272,São Luís,0.64,2111300,Maranhão,2022
11273,Tucuruí,7.32,1508100,Pará,2022
11274,Paranã,0.0,1716208,Tocantins,2022
11275,Imperatriz,1.49,2105302,Maranhão,2022
11276,Benevides,0.35,1501501,Pará,2022
11277,São João do Carú,0.11,2111029,Maranhão,2022
11278,Cariri do Tocantins,0.0,1703867,Tocantins,2022
11279,Óbidos,31.67,1505106,Pará,2022
11280,Cidelândia,3.42,2103257,Maranhão,2022
11281,Xapuri,77.14,1200708,Acre,2022
11282,Porto Acre,22.57,1200807,Acre,2022
11283,Lavandeira,0.0,1712157,Tocantins,2022
11284,Ponte Alta do Bom Jesus,0.0,1717800,Tocantins,2022
11285,São Roberto,0.0,2111672,Maranhão,2022
11286,Alto Alegre do Pindaré,0.36,2100477,Maranhão,2022
11287,Sena Madureira,105.8,1200500,Acre,2022
11288,Abreulândia,0.07,1700251,Tocantins,2022
11289,Governador Luiz Rocha,4.29,2104628,Maranhão,2022
11290,Pedreiras,0.08,2108207,Maranhão,2022
11291,Xinguara,2.39,1508407,Pará,2022
11292,Itapuã do Oeste,10.38,1101104,Rondônia,2022
11293,São Sebastião da Boa Vista,0.0,1507706,Pará,2022
11294,Presidente Médici,0.0,2109239,Maranhão,2022
11295,São Francisco do Guaporé,20.54,1101492,Rondônia,2022
11296,Fátima,0.0,1707553,Tocantins,2022
11297,Paraibano,0.0,2107704,Maranhão,2022
11298,Placas,141.24,1505650,Pará,2022
11299,Vale do Paraíso,1.15,1101807,Rondônia,2022
11300,Manoel Urbano,88.3,1200344,Acre,2022
11301,Novo Progresso,261.78,1505031,Pará,2022
11302,Montes Altos,2.0,2107001,Maranhão,2022
11303,Chapada de Areia,0.0,1704600,Tocantins,2022
11304,Vale do Anari,4.37,1101757,Rondônia,2022
11305,Governador Edison Lobão,0.47,2104552,Maranhão,2022
11306,Dueré,0.15,1707306,Tocantins,2022
11307,Alenquer,29.04,1500404,Pará,2022
11308,Mazagão,2.68,1600402,Amapá,2022
11309,Curionópolis,4.26,1502772,Pará,2022
11310,Tailândia,24.68,1507953,Pará,2022
11311,Arapoema,0.27,1702307,Tocantins,2022
11312,Rondolândia,48.07,5107578,Mato Grosso,2022
11313,Buriticupu,8.78,2102325,Maranhão,2022
11314,São Paulo de Olivença,0.81,1303908,Amazonas,2022
11315,Cantá,12.57,1400175,Roraima,2022
11316,Apicum-Açu,0.0,2100832,Maranhão,2022
11317,Anamã,0.29,1300086,Amazonas,2022
11318,Sucupira,0.0,1720853,Tocantins,2022
11319,Presidente Médici,0.53,1100254,Rondônia,2022
11320,Pacajá,222.08,1505486,Pará,2022
11321,Paranatinga,89.43,5106307,Mato Grosso,2022
11322,Pimenta Bueno,14.98,1100189,Rondônia,2022
11323,Paço do Lumiar,0.06,2107506,Maranhão,2022
11324,Aparecida do Rio Negro,0.0,1701101,Tocantins,2022
11325,Matinha,0.0,2106508,Maranhão,2022
11326,Ulianópolis,17.22,1508126,Pará,2022
11327,Itupiranga,26.76,1503705,Pará,2022
11328,Rio Preto da Eva,4.4,1303569,Amazonas,2022
11329,Santa Rita do Trivelato,0.0,5107768,Mato Grosso,2022
11330,São João do Araguaia,4.81,1507508,Pará,2022
11331,Água Azul do Norte,4.5,1500347,Pará,2022
11332,Barra do Corda,20.99,2101608,Maranhão,2022
11333,Urucurituba,1.44,1304401,Amazonas,2022
11334,Santo Afonso,0.2,5107263,Mato Grosso,2022
11335,Muaná,0.13,1504901,Pará,2022
11336,Davinópolis,0.57,2103752,Maranhão,2022
11337,Colméia,0.49,1716703,Tocantins,2022
11338,Novo Repartimento,109.37,1505064,Pará,2022
11339,Monte Santo do Tocantins,0.0,1713700,Tocantins,2022
11340,Grajaú,28.32,2104800,Maranhão,2022
11341,Alto Alegre dos Parecis,6.15,1100379,Rondônia,2022
11342,Portel,315.45,1505809,Pará,2022
11343,Itaúba,7.34,5104559,Mato Grosso,2022
11344,Parecis,2.81,1101450,Rondônia,2022
11345,Colorado do Oeste,1.22,1100064,Rondônia,2022
11346,Presidente Kennedy,0.0,1718402,Tocantins,2022
11347,Anapu,108.24,1500859,Pará,2022
11348,Juarina,0.0,1711803,Tocantins,2022
11349,Novo Horizonte do Norte,0.0,5106273,Mato Grosso,2022
11350,Tonantins,0.08,1304237,Amazonas,2022
11351,João Lisboa,0.64,2105500,Maranhão,2022
11352,Porto Velho,551.19,1100205,Rondônia,2022
11353,Nova Olinda,0.0,1714880,Tocantins,2022
11354,Confresa,32.71,5103353,Mato Grosso,2022
11355,Curuá,6.19,1502855,Pará,2022
11356,Itapiranga,1.66,1302009,Amazonas,2022
11357,São Luís Gonzaga do Maranhão,0.17,2111409,Maranhão,2022
11358,Novo Santo Antônio,2.41,5106315,Mato Grosso,2022
11359,Novo Horizonte do Oeste,1.27,1100502,Rondônia,2022
11360,São Raimundo das Mangabeiras,0.0,2111607,Maranhão,2022
11361,Cândido Mendes,0.25,2102606,Maranhão,2022
11362,Amarante do Maranhão,9.84,2100600,Maranhão,2022
11363,Plácido de Castro,5.97,1200385,Acre,2022
11364,Serrano do Maranhão,0.0,2111789,Maranhão,2022
11365,Irituia,0.46,1503507,Pará,2022
11366,Pauini,31.19,1303502,Amazonas,2022
11367,Oeiras do Pará,3.29,1505205,Pará,2022
11368,Acrelândia,18.5,1200013,Acre,2022
11369,Almeirim,18.38,1500503,Pará,2022
11370,Ribeirão Cascalheira,15.62,5107180,Mato Grosso,2022
11371,Esperantina,0.32,1707405,Tocantins,2022
11372,Feijó,193.22,1200302,Acre,2022
11373,Couto Magalhães,0.73,1706001,Tocantins,2022
11374,Igarapé-Miri,0.55,1503309,Pará,2022
11375,Rurópolis,118.14,1506195,Pará,2022
11376,Porto Franco,2.78,2109007,Maranhão,2022
11377,Sampaio,0.19,1718808,Tocantins,2022
11378,Belém,0.07,1501402,Pará,2022
11379,Vitória do Mearim,1.04,2112902,Maranhão,2022
11380,Tupirama,0.0,1721257,Tocantins,2022
11381,São Domingos do Capim,0.83,1507201,Pará,2022
11382,Trizidela do Vale,0.0,2112233,Maranhão,2022
11383,Porto Alegre do Tocantins,0.0,1718006,Tocantins,2022
11384,Goiatins,0.0,1709005,Tocantins,2022
11385,Chapada da Natividade,0.0,1705102,Tocantins,2022
11386,São Sebastião do Tocantins,0.11,1720309,Tocantins,2022
11387,Amapá do Maranhão,1.0,2100550,Maranhão,2022
11388,Taguatinga,0.0,1720903,Tocantins,2022
11389,São Vicente Ferrer,0.0,2111706,Maranhão,2022
11390,Tocantínia,0.0,1721109,Tocantins,2022
11391,Pinheiro,0.17,2108603,Maranhão,2022
11392,Cristalândia,0.0,1706100,Tocantins,2022
11393,Aguiarnópolis,0.82,1700301,Tocantins,2022
11394,Piraquê,4.05,1717206,Tocantins,2022
11395,Bonito,0.0,1501600,Pará,2022
11396,Fortaleza dos Nogueiras,0.0,2104107,Maranhão,2022
11397,Terra Alta,0.1,1507961,Pará,2022
11398,Lago da Pedra,0.0,2105708,Maranhão,2022
11399,Balsas,0.0,2101400,Maranhão,2022
11400,Ipixuna do Pará,10.53,1503457,Pará,2022
11401,Santo Antônio dos Lopes,2.64,2110302,Maranhão,2022
11402,Serra do Navio,0.17,1600055,Amapá,2022
11403,Pau D'Arco,0.5,1716307,Tocantins,2022
11404,Concórdia do Pará,0.33,1502756,Pará,2022
11405,Lima Campos,0.17,2106003,Maranhão,2022
11406,São João do Paraíso,1.29,2111052,Maranhão,2022
11407,Boa Vista do Gurupi,0.0,2101970,Maranhão,2022
11408,Ponte Alta do Tocantins,0.0,1717909,Tocantins,2022
11409,Nazaré,0.43,1714302,Tocantins,2022
11410,Aveiro,53.08,1501006,Pará,2022
11411,Nova União,5.33,1101435,Rondônia,2022
11412,Boca do Acre,180.28,1300706,Amazonas,2022
11413,Luciara,0.47,5105309,Mato Grosso,2022
11414,Xambioá,1.55,1722107,Tocantins,2022
11415,Barcelos,0.71,1300409,Amazonas,2022
11416,Guaraí,0.29,1709302,Tocantins,2022
11417,Codajás,1.91,1301308,Amazonas,2022
11418,Querência,46.87,5107065,Mato Grosso,2022
11419,São Luiz,8.61,1400605,Roraima,2022
11420,Careiro,6.27,1301100,Amazonas,2022
11421,Pium,0.08,1717503,Tocantins,2022
11422,Brasnorte,15.05,5101902,Mato Grosso,2022
11423,Paranaíta,30.92,5106299,Mato Grosso,2022
11424,Oriximiná,14.38,1505304,Pará,2022
11425,Amajari,18.35,1400027,Roraima,2022
11426,Baião,8.89,1501204,Pará,2022
11427,Pacaraima,0.35,1400456,Roraima,2022
11428,Tabocão,0.0,1708254,Tocantins,2022
11429,São Salvador do Tocantins,0.0,1720259,Tocantins,2022
11430,Ipueiras,0.0,1709807,Tocantins,2022
11431,Juruá,0.41,1302207,Amazonas,2022
11432,Santana,0.01,1600600,Amapá,2022
11433,Jutaí,11.77,1302306,Amazonas,2022
11434,Crixás do Tocantins,0.0,1706258,Tocantins,2022
11435,Angico,0.08,1701051,Tocantins,2022
11436,Palestina do Pará,0.74,1505494,Pará,2022
11437,Alto Boa Vista,4.86,5100359,Mato Grosso,2022
11438,Turiaçu,0.0,2112407,Maranhão,2022
11439,Wanderlândia,0.59,1722081,Tocantins,2022
11440,Viana,0.0,2112803,Maranhão,2022
11441,Pedro Afonso,0.12,1716505,Tocantins,2022
11442,Riachinho,0.34,1718550,Tocantins,2022
11443,São Valério,0.0,1720499,Tocantins,2022
11444,Cachoeira do Piriá,11.88,1501956,Pará,2022
11445,Castanhal,0.49,1502400,Pará,2022
11446,Rondon do Pará,46.8,1506187,Pará,2022
11447,Barra do Ouro,0.0,1703073,Tocantins,2022
11448,Tomé-Açu,22.49,1508001,Pará,2022
11449,Poção de Pedras,0.0,2108900,Maranhão,2022
11450,São Bento,0.0,2110500,Maranhão,2022
11451,Godofredo Viana,0.25,2104305,Maranhão,2022
11452,Presidente Juscelino,0.0,2109205,Maranhão,2022
11453,São Pedro dos Crentes,0.0,2111573,Maranhão,2022
11454,Buriti do Tocantins,0.0,1703800,Tocantins,2022
11455,Centro Novo do Maranhão,6.96,2103174,Maranhão,2022
11456,Careiro da Várzea,28.7,1301159,Amazonas,2022
11457,Buriti Bravo,0.79,2102309,Maranhão,2022
11458,Pedro do Rosário,0.0,2108256,Maranhão,2022
11459,Palmeirante,0.38,1715705,Tocantins,2022
11460,Palmeiras do Tocantins,0.0,1713809,Tocantins,2022
11461,Carrasco Bonito,0.1,1703891,Tocantins,2022
11462,Conceição do Lago-Açu,0.0,2103554,Maranhão,2022
11463,Vitorino Freire,0.0,2113009,Maranhão,2022
11464,São Domingos do Araguaia,1.42,1507151,Pará,2022
11465,Almas,0.0,1700400,Tocantins,2022
11466,Lajeado,0.0,1712009,Tocantins,2022
11467,Feira Nova do Maranhão,0.0,2104073,Maranhão,2022
11468,Icatu,0.0,2105104,Maranhão,2022
11469,Cururupu,0.0,2103703,Maranhão,2022
11470,Itacajá,0.0,1710508,Tocantins,2022
11471,Luís Domingues,0.31,2106201,Maranhão,2022
11472,Campos Lindos,0.0,1703842,Tocantins,2022
11473,Aurora do Pará,2.12,1500958,Pará,2022
11474,Peri Mirim,0.0,2108405,Maranhão,2022
11475,Capinzal do Norte,0.51,2102754,Maranhão,2022
11476,Cachoeirinha,0.0,1703826,Tocantins,2022
11477,Bela Vista do Maranhão,0.0,2101772,Maranhão,2022
11478,Carmolândia,0.3,1703883,Tocantins,2022
11479,Santa Rita do Tocantins,0.0,1718899,Tocantins,2022
11480,Ministro Andreazza,1.06,1101203,Rondônia,2022
11481,Ponta de Pedras,0.0,1505700,Pará,2022
11482,Chupinguaia,4.52,1100924,Rondônia,2022
11483,Castanheira,4.25,5102850,Mato Grosso,2022
11484,Manaquiri,0.6,1302553,Amazonas,2022
11485,Marcelândia,70.38,5105580,Mato Grosso,2022
11486,Formoso do Araguaia,2.0,1708205,Tocantins,2022
11487,São Felipe D'Oeste,0.23,1101484,Rondônia,2022
11488,Brejinho de Nazaré,0.0,1703701,Tocantins,2022
11489,Juara,80.48,5105101,Mato Grosso,2022
11490,Guarantã do Norte,10.73,5104104,Mato Grosso,2022
11491,Nova Marilândia,0.0,5108857,Mato Grosso,2022
11492,Bernardo do Mearim,0.49,2101939,Maranhão,2022
11493,Terra Nova do Norte,2.19,5108055,Mato Grosso,2022
11494,Indiavaí,0.0,5104500,Mato Grosso,2022
11495,Soure,0.0,1507904,Pará,2022
11496,Caapiranga,0.82,1300839,Amazonas,2022
11497,Marabá,42.45,1504208,Pará,2022
11498,Nova Brasilândia D'Oeste,1.79,1100148,Rondônia,2022
11499,Campo Novo do Parecis,1.89,5102637,Mato Grosso,2022
11500,Guajará-Mirim,23.92,1100106,Rondônia,2022
11501,Mojuí dos Campos,80.83,1504752,Pará,2022
11502,Benjamin Constant,0.84,1300607,Amazonas,2022
11503,Dois Irmãos do Tocantins,0.07,1707207,Tocantins,2022
11504,Jaru,6.7,1100114,Rondônia,2022
11505,Jordão,15.35,1200328,Acre,2022
11506,Mucajaí,29.41,1400308,Roraima,2022
11507,Normandia,0.0,1400407,Roraima,2022
11508,Juína,29.06,5105150,Mato Grosso,2022
11509,Corumbiara,3.43,1100072,Rondônia,2022
11510,Urupá,0.14,1101708,Rondônia,2022
11511,Trairão,113.5,1508050,Pará,2022
11512,Atalaia do Norte,2.06,1300201,Amazonas,2022
11513,Nhamundá,9.08,1303007,Amazonas,2022
11514,Barra do Garças,0.0,5101803,Mato Grosso,2022
11515,São Domingos do Maranhão,11.6,2110708,Maranhão,2022
11516,Bagre,3.42,1501105,Pará,2022
11517,São Bento do Tocantins,0.27,1720101,Tocantins,2022
11518,Juruti,15.6,1503903,Pará,2022
11519,Colniza,397.8,5103254,Mato Grosso,2022
11520,Quatipuru,0.0,1506112,Pará,2022
11521,Salinópolis,0.34,1506203,Pará,2022
11522,Babaçulândia,0.0,1703008,Tocantins,2022
11523,Zé Doca,1.62,2114007,Maranhão,2022
11524,Sapucaia,1.83,1507755,Pará,2022
11525,Colares,0.14,1502608,Pará,2022
11526,Araguatins,3.56,1702208,Tocantins,2022
11527,Pio XII,0.0,2108702,Maranhão,2022
11528,Novo Jardim,0.0,1715259,Tocantins,2022
11529,Marechal Thaumaturgo,9.78,1200351,Acre,2022
11530,Teixeirópolis,0.03,1101559,Rondônia,2022
11531,São Francisco do Pará,0.22,1507409,Pará,2022
11532,Paulo Ramos,1.08,2108108,Maranhão,2022
11533,Nova Colinas,0.0,2107258,Maranhão,2022
11534,Santa Maria do Tocantins,0.0,1718881,Tocantins,2022
11535,Arraias,0.0,1702406,Tocantins,2022
11536,Salvaterra,0.0,1506302,Pará,2022
11537,Manicoré,246.89,1302702,Amazonas,2022
11538,Santa Maria do Pará,0.0,1506609,Pará,2022
11539,Cajapió,0.0,2102408,Maranhão,2022
11540,Bom Jardim,23.3,2102002,Maranhão,2022
11541,Peixe,0.0,1716604,Tocantins,2022
11542,Governador Archer,0.43,2104503,Maranhão,2022
11543,Curralinho,0.76,1502806,Pará,2022
11544,Talismã,0.0,1720978,Tocantins,2022
11545,Timbiras,0.34,2112100,Maranhão,2022
11546,Igarapé-Açu,0.0,1503200,Pará,2022
11547,Lago Verde,0.0,2105906,Maranhão,2022
11548,Itamarati,3.51,1301951,Amazonas,2022
11549,Lábrea,699.59,1302405,Amazonas,2022
11550,Luzinópolis,0.0,1712454,Tocantins,2022
11551,Brasilândia do Tocantins,0.0,1703602,Tocantins,2022
11552,Axixá,0.0,2101103,Maranhão,2022
11553,Brejo de Areia,0.41,2102150,Maranhão,2022
11554,Marituba,0.08,1504422,Pará,2022
11555,Recursolândia,0.41,1718501,Tocantins,2022
11556,Praia Norte,1.16,1718303,Tocantins,2022
11557,Sítio Novo,0.0,2111805,Maranhão,2022
11558,Ouro Preto do Oeste,2.58,1100155,Rondônia,2022
11559,São Félix do Tocantins,0.0,1720150,Tocantins,2022
11560,Marapanim,0.7,1504406,Pará,2022
11561,Bacabeira,0.2,2101251,Maranhão,2022
11562,Santarém Novo,0.14,1506906,Pará,2022
11563,Mirador,0.0,2106706,Maranhão,2022
11564,Vila Nova dos Martírios,3.51,2112852,Maranhão,2022
11565,Riachão,0.0,2109502,Maranhão,2022
11566,Ourém,0.0,1505403,Pará,2022
11567,São José dos Basílios,0.34,2111250,Maranhão,2022
11568,Governador Nunes Freire,0.0,2104677,Maranhão,2022
11569,Calçoene,1.74,1600204,Amapá,2022
11570,Alto Araguaia,0.0,5100300,Mato Grosso,2022
11571,Mirinzal,0.0,2106805,Maranhão,2022
11572,Jenipapo dos Vieiras,1.19,2105476,Maranhão,2022
11573,Santa Izabel do Pará,0.23,1506500,Pará,2022
11574,Combinado,0.0,1705557,Tocantins,2022
11575,Envira,18.97,1301506,Amazonas,2022
11576,Graça Aranha,0.47,2104701,Maranhão,2022
11577,Tocantinópolis,0.25,1721208,Tocantins,2022
11578,Amaturá,0.07,1300060,Amazonas,2022
11579,Cacaulândia,7.7,1100601,Rondônia,2022
11580,São Félix de Balsas,0.0,2110807,Maranhão,2022
11581,Colinas,4.01,2103505,Maranhão,2022
11582,Buritirana,3.6,2102358,Maranhão,2022
11583,Ananindeua,0.0,1500800,Pará,2022
11584,Presidente Figueiredo,15.09,1303536,Amazonas,2022
11585,Abaetetuba,0.41,1500107,Pará,2022
11586,Pindaré-Mirim,0.0,2108504,Maranhão,2022
11587,Centenário,0.0,1704105,Tocantins,2022
11588,Santa Terezinha do Tocantins,0.88,1720002,Tocantins,2022
11589,Vigia,0.38,1508209,Pará,2022
11590,Campo Novo de Rondônia,15.33,1100700,Rondônia,2022
11591,Santa Cruz do Xingu,13.69,5107743,Mato Grosso,2022
11592,Lajeado Novo,0.23,2105989,Maranhão,2022
11593,Afuá,0.16,1500305,Pará,2022
11594,Ribamar Fiquene,1.44,2109551,Maranhão,2022
11595,Peixoto de Azevedo,80.48,5106422,Mato Grosso,2023
11596,Pau D'Arco,4.74,1505551,Pará,2023
11597,Mâncio Lima,8.2,1200336,Acre,2023
11598,Alto Alegre,12.01,1400050,Roraima,2023
11599,Pedra Preta,0.0,5106372,Mato Grosso,2023
11600,Itaituba,111.26,1503606,Pará,2023
11601,Redenção,0.3,1506138,Pará,2023
11602,Iracema,26.51,1400282,Roraima,2023
11603,Santo Antônio do Leverger,0.13,5107800,Mato Grosso,2023
11604,Porto Esperidião,0.33,5106828,Mato Grosso,2023
11605,Nova Brasilândia,0.0,5106208,Mato Grosso,2023
11606,Caracaraí,52.01,1400209,Roraima,2023
11607,Ponte Branca,0.0,5106703,Mato Grosso,2023
11608,Cuiabá,0.07,5103403,Mato Grosso,2023
11609,Tucumã,3.94,1508084,Pará,2023
11610,Alto Paraguai,0.1,5100508,Mato Grosso,2023
11611,São Pedro da Cipa,0.0,5107404,Mato Grosso,2023
11612,Porto Estrela,0.21,5106851,Mato Grosso,2023
11613,Porto de Moz,22.39,1505908,Pará,2023
11614,Denise,0.0,5103452,Mato Grosso,2023
11615,Cáceres,2.9,5102504,Mato Grosso,2023
11616,Tesouro,0.0,5108105,Mato Grosso,2023
11617,Araguaiana,0.08,5101001,Mato Grosso,2023
11618,Matupá,6.61,5105606,Mato Grosso,2023
11619,Conquista D'Oeste,7.39,5103361,Mato Grosso,2023
11620,Vale de São Domingos,4.95,5108352,Mato Grosso,2023
11621,Juscimeira,0.22,5105200,Mato Grosso,2023
11622,Nova Guarita,1.0,5108808,Mato Grosso,2023
11623,Bonfim,5.84,1400159,Roraima,2023
11624,Tapauá,33.02,1304104,Amazonas,2023
11625,Salto do Céu,0.0,5107750,Mato Grosso,2023
11626,Campo Verde,0.0,5102678,Mato Grosso,2023
11627,Eirunepé,3.8,1301407,Amazonas,2023
11628,Curvelândia,0.0,5103437,Mato Grosso,2023
11629,Acorizal,0.0,5100102,Mato Grosso,2023
11630,Várzea Grande,0.0,5108402,Mato Grosso,2023
11631,Rosário Oeste,0.0,5107701,Mato Grosso,2023
11632,Rio Branco,0.0,5107206,Mato Grosso,2023
11633,Santo Antônio do Leste,0.0,5107792,Mato Grosso,2023
11634,Chapada dos Guimarães,0.0,5103007,Mato Grosso,2023
11635,Novo São Joaquim,0.0,5106281,Mato Grosso,2023
11636,Glória D'Oeste,0.0,5103957,Mato Grosso,2023
11637,São José do Povo,0.0,5107297,Mato Grosso,2023
11638,Mirassol d'Oeste,0.77,5105622,Mato Grosso,2023
11639,Nova Bandeirantes,69.26,5106158,Mato Grosso,2023
11640,Poconé,0.0,5106505,Mato Grosso,2023
11641,Conceição do Araguaia,7.09,1502707,Pará,2023
11642,Barra do Bugres,6.07,5101704,Mato Grosso,2023
11643,Guiratinga,0.0,5104203,Mato Grosso,2023
11644,Dom Aquino,0.0,5103601,Mato Grosso,2023
11645,Lambari D'Oeste,2.31,5105234,Mato Grosso,2023
11646,São José dos Quatro Marcos,0.0,5107107,Mato Grosso,2023
11647,Poxoréu,0.0,5107008,Mato Grosso,2023
11648,Floresta do Araguaia,3.1,1503044,Pará,2023
11649,Barão de Melgaço,0.07,5101605,Mato Grosso,2023
11650,Araputanga,0.0,5101258,Mato Grosso,2023
11651,Nova Olímpia,0.48,5106232,Mato Grosso,2023
11652,Rondonópolis,0.08,5107602,Mato Grosso,2023
11653,Nova Xavantina,0.0,5106257,Mato Grosso,2023
11654,Pontal do Araguaia,0.0,5106653,Mato Grosso,2023
11655,Jangada,0.0,5104906,Mato Grosso,2023
11656,Amapá,0.0,1600105,Amapá,2023
11657,Guajará,17.02,1301654,Amazonas,2023
11658,Vila Bela da Santíssima Trindade,13.61,5105507,Mato Grosso,2023
11659,Araguainha,0.0,5101209,Mato Grosso,2023
11660,Capixaba,12.05,1200179,Acre,2023
11661,Jauru,0.42,5105002,Mato Grosso,2023
11662,Ribeirãozinho,0.0,5107198,Mato Grosso,2023
11663,Reserva do Cabaçal,1.27,5107156,Mato Grosso,2023
11664,Figueirópolis D'Oeste,0.0,5103809,Mato Grosso,2023
11665,Alto Garças,0.0,5100409,Mato Grosso,2023
11666,Nossa Senhora do Livramento,0.2,5106109,Mato Grosso,2023
11667,Jaciara,0.0,5104807,Mato Grosso,2023
11668,Manaus,3.42,1302603,Amazonas,2023
11669,Pontes e Lacerda,2.55,5106752,Mato Grosso,2023
11670,Ipixuna,8.02,1301803,Amazonas,2023
11671,Primavera do Leste,0.0,5107040,Mato Grosso,2023
11672,Maraã,1.43,1302801,Amazonas,2023
11673,Torixoréu,0.0,5108204,Mato Grosso,2023
11674,General Carneiro,0.0,5103908,Mato Grosso,2023
11675,Nova Rosalândia,0.0,1715002,Tocantins,2023
11676,São Gabriel da Cachoeira,2.99,1303809,Amazonas,2023
11677,Ipiranga do Norte,1.43,5104526,Mato Grosso,2023
11678,Araguaína,1.38,1702109,Tocantins,2023
11679,São Geraldo do Araguaia,0.36,1507458,Pará,2023
11680,Augusto Corrêa,0.31,1500909,Pará,2023
11681,Uarini,4.24,1304260,Amazonas,2023
11682,Vilhena,7.84,1100304,Rondônia,2023
11683,Nova Lacerda,1.84,5106182,Mato Grosso,2023
11684,Itaporã do Tocantins,0.0,1711100,Tocantins,2023
11685,Lucas do Rio Verde,1.23,5105259,Mato Grosso,2023
11686,Nova Maringá,129.84,5108907,Mato Grosso,2023
11687,Goianésia do Pará,18.91,1503093,Pará,2023
11688,Bujari,15.99,1200138,Acre,2023
11689,Rio Maria,8.18,1506161,Pará,2023
11690,Divinópolis do Tocantins,0.01,1707108,Tocantins,2023
11691,Jacareacanga,57.84,1503754,Pará,2023
11692,Barrolândia,0.0,1703107,Tocantins,2023
11693,Diamantino,7.55,5103502,Mato Grosso,2023
11694,Santa Fé do Araguaia,0.23,1718865,Tocantins,2023
11695,Santa Carmem,20.46,5107248,Mato Grosso,2023
11696,Bannach,2.58,1501253,Pará,2023
11697,Canabrava do Norte,0.1,5102694,Mato Grosso,2023
11698,Pedra Branca do Amapari,0.74,1600154,Amapá,2023
11699,Oliveira de Fátima,0.0,1715507,Tocantins,2023
11700,Caseara,0.13,1703909,Tocantins,2023
11701,Santa Cruz do Arari,0.0,1506401,Pará,2023
11702,Tapurah,10.2,5108006,Mato Grosso,2023
11703,Parauapebas,2.93,1505536,Pará,2023
11704,Limoeiro do Ajuru,0.14,1504000,Pará,2023
11705,Theobroma,3.92,1101609,Rondônia,2023
11706,São Félix do Xingu,314.2,1507300,Pará,2023
11707,Comodoro,10.09,5103304,Mato Grosso,2023
11708,Goianorte,0.07,1708304,Tocantins,2023
11709,Governador Jorge Teixeira,21.34,1101005,Rondônia,2023
11710,Tabaporã,30.44,5107941,Mato Grosso,2023
11711,Epitaciolândia,9.01,1200252,Acre,2023
11712,Vera,1.57,5108501,Mato Grosso,2023
11713,Novo Mundo,11.78,5106265,Mato Grosso,2023
11714,Bernardo Sayão,0.08,1703206,Tocantins,2023
11715,Rolim de Moura,1.55,1100288,Rondônia,2023
11716,Seringueiras,7.37,1101500,Rondônia,2023
11717,Autazes,20.77,1300300,Amazonas,2023
11718,Ferreira Gomes,0.17,1600238,Amapá,2023
11719,Palmas,0.0,1721000,Tocantins,2023
11720,São Francisco do Brejão,0.19,2110856,Maranhão,2023
11721,Sambaíba,0.0,2109700,Maranhão,2023
11722,Novo Alegre,0.0,1715150,Tocantins,2023
11723,Santa Luzia D'Oeste,0.06,1100296,Rondônia,2023
11724,Tartarugalzinho,1.84,1600709,Amapá,2023
11725,Arenápolis,0.0,5101308,Mato Grosso,2023
11726,Gurupi,0.0,1709500,Tocantins,2023
11727,Lagoa da Confusão,3.42,1711902,Tocantins,2023
11728,Boa Vista,0.0,1400100,Roraima,2023
11729,Gurupá,1.73,1503101,Pará,2023
11730,São Pedro da Água Branca,1.96,2111532,Maranhão,2023
11731,Jaú do Tocantins,0.0,1711506,Tocantins,2023
11732,Araguaçu,0.0,1702000,Tocantins,2023
11733,Sandolândia,0.0,1718840,Tocantins,2023
11734,Altamira,317.7,1500602,Pará,2023
11735,Aliança do Tocantins,0.0,1700350,Tocantins,2023
11736,São Sebastião do Uatumã,2.16,1303957,Amazonas,2023
11737,Porto dos Gaúchos,96.56,5106802,Mato Grosso,2023
11738,Sapezal,0.23,5107875,Mato Grosso,2023
11739,Bragança,0.48,1501709,Pará,2023
11740,Nova Santa Helena,28.15,5106190,Mato Grosso,2023
11741,Alto Paraíso,14.69,1100403,Rondônia,2023
11742,Araguanã,0.11,1702158,Tocantins,2023
11743,São José do Rio Claro,8.49,5107305,Mato Grosso,2023
11744,Pimenteiras do Oeste,9.52,1101468,Rondônia,2023
11745,Mocajuba,0.29,1504604,Pará,2023
11746,Iranduba,1.45,1301852,Amazonas,2023
11747,Urucará,0.84,1304302,Amazonas,2023
11748,Santa Isabel do Rio Negro,0.64,1303601,Amazonas,2023
11749,Senador Guiomard,6.23,1200450,Acre,2023
11750,Figueirópolis,0.0,1707652,Tocantins,2023
11751,Coari,6.53,1301209,Amazonas,2023
11752,Carauari,1.9,1301001,Amazonas,2023
11753,Nova Mutum,11.06,5106224,Mato Grosso,2023
11754,Nova Nazaré,0.21,5106174,Mato Grosso,2023
11755,Brasil Novo,11.39,1501725,Pará,2023
11756,Apuí,234.57,1300144,Amazonas,2023
11757,Santa Terezinha,9.59,5107776,Mato Grosso,2023
11758,Campinápolis,0.0,5102603,Mato Grosso,2023
11759,Nova Mamoré,65.84,1100338,Rondônia,2023
11760,Castanheiras,0.25,1100908,Rondônia,2023
11761,União do Sul,92.88,5108303,Mato Grosso,2023
11762,Alvorada,0.0,1700707,Tocantins,2023
11763,Caroebe,39.41,1400233,Roraima,2023
11764,Coroatá,3.71,2103604,Maranhão,2023
11765,Pastos Bons,0.0,2108009,Maranhão,2023
11766,Lago do Junco,0.0,2105807,Maranhão,2023
11767,Matões do Norte,0.35,2106631,Maranhão,2023
11768,Cantanhede,5.62,2102705,Maranhão,2023
11769,Arame,28.77,2100956,Maranhão,2023
11770,Conceição do Tocantins,0.0,1705607,Tocantins,2023
11771,Tufilândia,0.0,2112274,Maranhão,2023
11772,Governador Newton Bello,0.0,2104651,Maranhão,2023
11773,Maranhãozinho,0.0,2106375,Maranhão,2023
11774,Igarapé Grande,0.0,2105203,Maranhão,2023
11775,Monção,0.75,2106904,Maranhão,2023
11776,Peritoró,2.23,2108454,Maranhão,2023
11777,Sucupira do Norte,0.0,2111904,Maranhão,2023
11778,Formosa da Serra Negra,2.05,2104099,Maranhão,2023
11779,Nova Iorque,0.0,2107308,Maranhão,2023
11780,Santa Filomena do Maranhão,0.68,2109759,Maranhão,2023
11781,Carutapera,1.54,2102903,Maranhão,2023
11782,Rio Branco,69.58,1200401,Acre,2023
11783,Satubinha,0.0,2111722,Maranhão,2023
11784,Cujubim,51.54,1100940,Rondônia,2023
11785,Fernando Falcão,2.29,2104081,Maranhão,2023
11786,Pirapemas,1.15,2108801,Maranhão,2023
11787,Centro do Guilherme,0.13,2103158,Maranhão,2023
11788,Oiapoque,0.77,1600501,Amapá,2023
11789,Darcinópolis,0.0,1706506,Tocantins,2023
11790,Alcântara,0.0,2100204,Maranhão,2023
11791,Arari,0.47,2101004,Maranhão,2023
11792,Cumaru do Norte,15.43,1502764,Pará,2023
11793,Miranda do Norte,1.12,2106755,Maranhão,2023
11794,Penalva,0.22,2108306,Maranhão,2023
11795,Brejo Grande do Araguaia,1.04,1501758,Pará,2023
11796,Medicilândia,97.15,1504455,Pará,2023
11797,Nova Timboteua,0.36,1505007,Pará,2023
11798,Central do Maranhão,0.0,2103125,Maranhão,2023
11799,Alto Alegre do Maranhão,0.11,2100436,Maranhão,2023
11800,Maurilândia do Tocantins,0.28,1712801,Tocantins,2023
11801,Paragominas,31.59,1505502,Pará,2023
11802,Morros,0.07,2107100,Maranhão,2023
11803,Itinga do Maranhão,7.47,2105427,Maranhão,2023
11804,Santa Helena,0.0,2109809,Maranhão,2023
11805,São João da Ponta,0.31,1507466,Pará,2023
11806,Cedral,0.0,2103109,Maranhão,2023
11807,São João Batista,0.0,2111003,Maranhão,2023
11808,São Raimundo do Doca Bezerra,0.15,2111631,Maranhão,2023
11809,Turilândia,0.0,2112456,Maranhão,2023
11810,São João de Pirabas,0.79,1507474,Pará,2023
11811,Lago dos Rodrigues,0.0,2105948,Maranhão,2023
11812,Lagoa do Tocantins,0.0,1711951,Tocantins,2023
11813,Dianópolis,0.0,1707009,Tocantins,2023
11814,Novo Acordo,0.0,1715101,Tocantins,2023
11815,Maracanã,0.26,1504307,Pará,2023
11816,Axixá do Tocantins,0.0,1702901,Tocantins,2023
11817,Cachoeira Grande,0.14,2102374,Maranhão,2023
11818,Anajatuba,0.0,2100709,Maranhão,2023
11819,Aurora do Tocantins,0.0,1702703,Tocantins,2023
11820,Itiquira,0.0,5104609,Mato Grosso,2023
11821,Mateiros,0.0,1712702,Tocantins,2023
11822,Natividade,0.0,1714203,Tocantins,2023
11823,Joselândia,1.3,2105609,Maranhão,2023
11824,Bom Jesus do Tocantins,0.0,1703305,Tocantins,2023
11825,Estreito,0.0,2104057,Maranhão,2023
11826,Lizarda,0.0,1712405,Tocantins,2023
11827,Ariquemes,13.32,1100023,Rondônia,2023
11828,Olho d'Água das Cunhãs,0.0,2107407,Maranhão,2023
11829,Cajari,0.2,2102507,Maranhão,2023
11830,Bom Jesus do Tocantins,5.86,1501576,Pará,2023
11831,Chaves,0.06,1502509,Pará,2023
11832,Governador Eugênio Barros,4.7,2104602,Maranhão,2023
11833,Barcarena,0.26,1501303,Pará,2023
11834,São João da Baliza,8.65,1400506,Roraima,2023
11835,Miracema do Tocantins,0.0,1713205,Tocantins,2023
11836,Rio dos Bois,0.0,1718709,Tocantins,2023
11837,Itaubal,0.29,1600253,Amapá,2023
11838,Tefé,12.39,1304203,Amazonas,2023
11839,Cláudia,39.03,5103056,Mato Grosso,2023
11840,Nortelândia,0.0,5106000,Mato Grosso,2023
11841,Anori,0.27,1300102,Amazonas,2023
11842,Água Boa,0.37,5100201,Mato Grosso,2023
11843,Miranorte,0.0,1713304,Tocantins,2023
11844,Rorainópolis,68.11,1400472,Roraima,2023
11845,Cocalinho,0.15,5103106,Mato Grosso,2023
11846,Costa Marques,28.07,1100080,Rondônia,2023
11847,Macapá,1.47,1600303,Amapá,2023
11848,Mirante da Serra,2.27,1101302,Rondônia,2023
11849,Monte Alegre,16.38,1504802,Pará,2023
11850,Santa Rosa do Purus,1.9,1200435,Acre,2023
11851,Palmeirópolis,0.0,1715754,Tocantins,2023
11852,Canaã dos Carajás,0.62,1502152,Pará,2023
11853,Guimarães,0.0,2104909,Maranhão,2023
11854,Belterra,7.54,1501451,Pará,2023
11855,Itapiratins,0.0,1710904,Tocantins,2023
11856,Araguanã,0.0,2100873,Maranhão,2023
11857,Viseu,6.06,1508308,Pará,2023
11858,Uruará,103.65,1508159,Pará,2023
11859,Junco do Maranhão,0.06,2105658,Maranhão,2023
11860,Novo Aripuanã,124.73,1303304,Amazonas,2023
11861,Cotriguaçu,29.69,5103379,Mato Grosso,2023
11862,Jatobá,1.32,2105450,Maranhão,2023
11863,Rio Sono,0.0,1718758,Tocantins,2023
11864,Tracuateua,1.0,1508035,Pará,2023
11865,Breu Branco,9.11,1501782,Pará,2023
11866,Santa Tereza do Tocantins,0.0,1719004,Tocantins,2023
11867,Maracaçumé,1.13,2106326,Maranhão,2023
11868,Parintins,1.87,1303403,Amazonas,2023
11869,Porto Grande,1.19,1600535,Amapá,2023
11870,Aragominas,0.77,1701309,Tocantins,2023
11871,Pugmil,0.0,1718451,Tocantins,2023
11872,Araguacema,0.9,1701903,Tocantins,2023
11873,Novo Airão,0.99,1303205,Amazonas,2023
11874,Breves,1.11,1501808,Pará,2023
11875,Acará,8.36,1500206,Pará,2023
11876,Augustinópolis,0.12,1702554,Tocantins,2023
11877,Canutama,134.4,1300904,Amazonas,2023
11878,Serra Nova Dourada,1.29,5107883,Mato Grosso,2023
11879,Humaitá,85.2,1301704,Amazonas,2023
11880,Borba,31.25,1300805,Amazonas,2023
11881,Ourilândia do Norte,8.89,1505437,Pará,2023
11882,Cerejeiras,1.45,1100056,Rondônia,2023
11883,Mãe do Rio,0.07,1504059,Pará,2023
11884,Bom Jesus das Selvas,4.57,2102036,Maranhão,2023
11885,São João do Soter,0.01,2111078,Maranhão,2023
11886,Magalhães Barata,0.18,1504109,Pará,2023
11887,Senador Alexandre Costa,1.25,2111748,Maranhão,2023
11888,São Mateus do Maranhão,0.0,2111508,Maranhão,2023
11889,Marajá do Sena,11.08,2106359,Maranhão,2023
11890,Igarapé do Meio,0.17,2105153,Maranhão,2023
11891,Santa Rosa do Tocantins,0.0,1718907,Tocantins,2023
11892,Manacapuru,7.17,1302504,Amazonas,2023
11893,Alvarães,6.02,1300029,Amazonas,2023
11894,Cabixi,2.82,1100031,Rondônia,2023
11895,Candeias do Jamari,89.92,1100809,Rondônia,2023
11896,Nova Canaã do Norte,8.57,5106216,Mato Grosso,2023
11897,Moju,97.24,1504703,Pará,2023
11898,Maués,35.12,1302900,Amazonas,2023
11899,São Miguel do Guaporé,6.51,1100320,Rondônia,2023
11900,Santa Maria das Barreiras,13.78,1506583,Pará,2023
11901,Silves,0.79,1304005,Amazonas,2023
11902,Bandeirantes do Tocantins,0.0,1703057,Tocantins,2023
11903,Porto Alegre do Norte,9.65,5106778,Mato Grosso,2023
11904,Gaúcha do Norte,17.29,5103858,Mato Grosso,2023
11905,Nova Monte Verde,33.43,5108956,Mato Grosso,2023
11906,Cametá,0.41,1502103,Pará,2023
11907,Tarauacá,48.38,1200609,Acre,2023
11908,São José do Xingu,4.59,5107354,Mato Grosso,2023
11909,Nova Olinda do Norte,5.05,1303106,Amazonas,2023
11910,Pracuúba,0.41,1600550,Amapá,2023
11911,Bom Jesus do Araguaia,8.45,5101852,Mato Grosso,2023
11912,Santo Antônio do Içá,1.69,1303700,Amazonas,2023
11913,Tabatinga,1.42,1304062,Amazonas,2023
11914,Vitória do Xingu,2.36,1508357,Pará,2023
11915,Campos de Júlio,0.09,5102686,Mato Grosso,2023
11916,Aripuanã,93.05,5101407,Mato Grosso,2023
11917,Alvorada D'Oeste,1.16,1100346,Rondônia,2023
11918,Nova Ubiratã,115.96,5106240,Mato Grosso,2023
11919,Cruzeiro do Sul,28.06,1200203,Acre,2023
11920,Alta Floresta,12.84,5100250,Mato Grosso,2023
11921,Faro,2.81,1503002,Pará,2023
11922,Canarana,8.62,5102702,Mato Grosso,2023
11923,Cachoeira do Arari,0.07,1502004,Pará,2023
11924,Paraíso do Tocantins,0.0,1716109,Tocantins,2023
11925,Primavera de Rondônia,0.22,1101476,Rondônia,2023
11926,Cutias,0.43,1600212,Amapá,2023
11927,Cacoal,3.24,1100049,Rondônia,2023
11928,Piçarra,1.06,1505635,Pará,2023
11929,Vitória do Jari,0.3,1600808,Amapá,2023
11930,Porto Nacional,0.0,1718204,Tocantins,2023
11931,Assis Brasil,7.38,1200054,Acre,2023
11932,Planalto da Serra,0.0,5106455,Mato Grosso,2023
11933,Colinas do Tocantins,0.0,1705508,Tocantins,2023
11934,Colíder,2.36,5103205,Mato Grosso,2023
11935,Sinop,4.67,5107909,Mato Grosso,2023
11936,Muricilândia,0.08,1713957,Tocantins,2023
11937,Alta Floresta D'Oeste,14.7,1100015,Rondônia,2023
11938,Sorriso,0.92,5107925,Mato Grosso,2023
11939,Inhangapi,0.0,1503408,Pará,2023
11940,Bacabal,0.0,2101202,Maranhão,2023
11941,Primavera,0.07,1506104,Pará,2023
11942,Presidente Sarney,0.89,2109270,Maranhão,2023
11943,Lagoa Grande do Maranhão,0.59,2105963,Maranhão,2023
11944,Campestre do Maranhão,0.22,2102556,Maranhão,2023
11945,Dom Pedro,0.19,2103802,Maranhão,2023
11946,Itaguatins,0.63,1710706,Tocantins,2023
11947,Nova Olinda do Maranhão,0.0,2107357,Maranhão,2023
11948,Ananás,0.55,1701002,Tocantins,2023
11949,Santa Luzia do Paruá,0.0,2110039,Maranhão,2023
11950,Palmeirândia,0.0,2107605,Maranhão,2023
11951,Nova Esperança do Piriá,4.31,1504950,Pará,2023
11952,Alto Taquari,0.0,5100607,Mato Grosso,2023
11953,Ji-Paraná,4.53,1100122,Rondônia,2023
11954,Boa Vista do Ramos,0.62,1300680,Amazonas,2023
11955,Carolina,0.0,2102804,Maranhão,2023
11956,Japurá,28.6,1302108,Amazonas,2023
11957,Santa Bárbara do Pará,0.0,1506351,Pará,2023
11958,Monte do Carmo,0.0,1713601,Tocantins,2023
11959,Prainha,56.58,1506005,Pará,2023
11960,Tuntum,13.36,2112308,Maranhão,2023
11961,Curuçá,0.41,1502905,Pará,2023
11962,Taipas do Tocantins,0.0,1720937,Tocantins,2023
11963,Itaipava do Grajaú,2.34,2105351,Maranhão,2023
11964,Laranjal do Jari,2.13,1600279,Amapá,2023
11965,Senador La Rocque,1.19,2111763,Maranhão,2023
11966,Santa Luzia,7.22,2110005,Maranhão,2023
11967,Santana do Araguaia,7.94,1506708,Pará,2023
11968,Santo Antônio do Tauá,0.12,1507003,Pará,2023
11969,Tasso Fragoso,0.0,2112001,Maranhão,2023
11970,Porto Rico do Maranhão,0.0,2109056,Maranhão,2023
11971,Silvanópolis,0.0,1720655,Tocantins,2023
11972,Sítio Novo do Tocantins,0.42,1720804,Tocantins,2023
11973,Santa Luzia do Pará,1.02,1506559,Pará,2023
11974,Raposa,0.0,2109452,Maranhão,2023
11975,Vila Rica,12.91,5108600,Mato Grosso,2023
11976,Olinda Nova do Maranhão,0.0,2107456,Maranhão,2023
11977,Presidente Vargas,0.3,2109304,Maranhão,2023
11978,Bacurituba,0.0,2101350,Maranhão,2023
11979,Gonçalves Dias,3.53,2104404,Maranhão,2023
11980,São José de Ribamar,0.78,2111201,Maranhão,2023
11981,Altamira do Maranhão,0.0,2100402,Maranhão,2023
11982,Garrafão do Norte,2.13,1503077,Pará,2023
11983,Fortuna,4.09,2104206,Maranhão,2023
11984,São Caetano de Odivelas,0.77,1507102,Pará,2023
11985,Machadinho D'Oeste,33.6,1100130,Rondônia,2023
11986,Bequimão,0.0,2101905,Maranhão,2023
11987,Rosário,0.93,2109601,Maranhão,2023
11988,Capitão Poço,4.44,1502301,Pará,2023
11989,Bujaru,0.44,1501907,Pará,2023
11990,Monte Negro,10.9,1101401,Rondônia,2023
11991,Rodrigues Alves,10.55,1200427,Acre,2023
11992,Terra Santa,5.57,1507979,Pará,2023
11993,Bacuri,0.0,2101301,Maranhão,2023
11994,Santa Rita,4.92,2110203,Maranhão,2023
11995,Capanema,0.39,1502202,Pará,2023
11996,Presidente Dutra,0.41,2109106,Maranhão,2023
11997,Santarém,50.46,1506807,Pará,2023
11998,Melgaço,0.74,1504505,Pará,2023
11999,Peixe-Boi,0.3,1505601,Pará,2023
12000,Passagem Franca,0.0,2107902,Maranhão,2023
12001,Juruena,6.6,5105176,Mato Grosso,2023
12002,Anajás,0.2,1500701,Pará,2023
12003,Buritis,18.22,1100452,Rondônia,2023
12004,Dom Eliseu,40.74,1502939,Pará,2023
12005,Senador José Porfírio,72.66,1507805,Pará,2023
12006,Vargem Grande,0.93,2112704,Maranhão,2023
12007,Rio da Conceição,0.0,1718659,Tocantins,2023
12008,Itapecuru Mirim,5.36,2105401,Maranhão,2023
12009,Loreto,0.0,2106102,Maranhão,2023
12010,Benedito Leite,0.0,2101806,Maranhão,2023
12011,Jacundá,2.42,1503804,Pará,2023
12012,Porto Walter,10.57,1200393,Acre,2023
12013,Abel Figueiredo,1.53,1500131,Pará,2023
12014,Açailândia,11.22,2100055,Maranhão,2023
12015,Itacoatiara,10.25,1301902,Amazonas,2023
12016,São Miguel do Tocantins,0.48,1720200,Tocantins,2023
12017,Bom Lugar,0.0,2102077,Maranhão,2023
12018,Marianópolis do Tocantins,0.09,1712504,Tocantins,2023
12019,Santa Inês,0.0,2109908,Maranhão,2023
12020,Codó,2.88,2103307,Maranhão,2023
12021,Carlinda,2.25,5102793,Mato Grosso,2023
12022,Pindorama do Tocantins,0.0,1717008,Tocantins,2023
12023,Alto Parnaíba,0.0,2100501,Maranhão,2023
12024,Feliz Natal,99.61,5103700,Mato Grosso,2023
12025,São Félix do Araguaia,37.32,5107859,Mato Grosso,2023
12026,Pequizeiro,0.0,1716653,Tocantins,2023
12027,Eldorado do Carajás,3.41,1502954,Pará,2023
12028,Rio Crespo,3.1,1100262,Rondônia,2023
12029,Brasiléia,22.45,1200104,Acre,2023
12030,Tangará da Serra,2.66,5107958,Mato Grosso,2023
12031,Fonte Boa,0.83,1301605,Amazonas,2023
12032,São Miguel do Guamá,0.1,1507607,Pará,2023
12033,Nova Ipixuna,2.47,1504976,Pará,2023
12034,Filadélfia,0.0,1707702,Tocantins,2023
12035,São Domingos do Azeitão,0.0,2110658,Maranhão,2023
12036,Beruri,6.03,1300631,Amazonas,2023
12037,Espigão D'Oeste,4.05,1100098,Rondônia,2023
12038,Uiramutã,0.0,1400704,Roraima,2023
12039,Esperantinópolis,0.0,2104008,Maranhão,2023
12040,Apiacás,57.55,5100805,Mato Grosso,2023
12041,Tupiratins,0.5,1721307,Tocantins,2023
12042,Itanhangá,10.24,5104542,Mato Grosso,2023
12043,Barreirinha,0.59,1300508,Amazonas,2023
12044,Nobres,0.0,5105903,Mato Grosso,2023
12045,São Luís,1.44,2111300,Maranhão,2023
12046,Tucuruí,10.82,1508100,Pará,2023
12047,Paranã,0.0,1716208,Tocantins,2023
12048,Imperatriz,0.11,2105302,Maranhão,2023
12049,Benevides,0.0,1501501,Pará,2023
12050,São João do Carú,0.12,2111029,Maranhão,2023
12051,Cariri do Tocantins,0.0,1703867,Tocantins,2023
12052,Óbidos,23.69,1505106,Pará,2023
12053,Cidelândia,1.71,2103257,Maranhão,2023
12054,Xapuri,25.81,1200708,Acre,2023
12055,Porto Acre,9.41,1200807,Acre,2023
12056,Lavandeira,0.0,1712157,Tocantins,2023
12057,Ponte Alta do Bom Jesus,0.0,1717800,Tocantins,2023
12058,São Roberto,0.0,2111672,Maranhão,2023
12059,Alto Alegre do Pindaré,0.08,2100477,Maranhão,2023
12060,Sena Madureira,53.05,1200500,Acre,2023
12061,Abreulândia,0.0,1700251,Tocantins,2023
12062,Governador Luiz Rocha,3.84,2104628,Maranhão,2023
12063,Pedreiras,0.08,2108207,Maranhão,2023
12064,Xinguara,1.02,1508407,Pará,2023
12065,Itapuã do Oeste,15.01,1101104,Rondônia,2023
12066,São Sebastião da Boa Vista,0.0,1507706,Pará,2023
12067,Presidente Médici,0.0,2109239,Maranhão,2023
12068,São Francisco do Guaporé,11.73,1101492,Rondônia,2023
12069,Fátima,0.0,1707553,Tocantins,2023
12070,Paraibano,0.0,2107704,Maranhão,2023
12071,Placas,63.58,1505650,Pará,2023
12072,Vale do Paraíso,0.3,1101807,Rondônia,2023
12073,Manoel Urbano,30.43,1200344,Acre,2023
12074,Novo Progresso,96.51,1505031,Pará,2023
12075,Montes Altos,1.02,2107001,Maranhão,2023
12076,Chapada de Areia,0.0,1704600,Tocantins,2023
12077,Vale do Anari,4.18,1101757,Rondônia,2023
12078,Governador Edison Lobão,0.11,2104552,Maranhão,2023
12079,Dueré,5.74,1707306,Tocantins,2023
12080,Alenquer,22.29,1500404,Pará,2023
12081,Mazagão,3.63,1600402,Amapá,2023
12082,Curionópolis,0.68,1502772,Pará,2023
12083,Tailândia,35.63,1507953,Pará,2023
12084,Arapoema,0.25,1702307,Tocantins,2023
12085,Rondolândia,25.99,5107578,Mato Grosso,2023
12086,Buriticupu,11.19,2102325,Maranhão,2023
12087,São Paulo de Olivença,1.72,1303908,Amazonas,2023
12088,Cantá,17.55,1400175,Roraima,2023
12089,Apicum-Açu,0.0,2100832,Maranhão,2023
12090,Anamã,1.01,1300086,Amazonas,2023
12091,Sucupira,0.0,1720853,Tocantins,2023
12092,Presidente Médici,1.0,1100254,Rondônia,2023
12093,Pacajá,186.35,1505486,Pará,2023
12094,Paranatinga,36.79,5106307,Mato Grosso,2023
12095,Pimenta Bueno,15.33,1100189,Rondônia,2023
12096,Paço do Lumiar,0.93,2107506,Maranhão,2023
12097,Aparecida do Rio Negro,0.0,1701101,Tocantins,2023
12098,Matinha,0.0,2106508,Maranhão,2023
12099,Ulianópolis,22.2,1508126,Pará,2023
12100,Itupiranga,27.57,1503705,Pará,2023
12101,Rio Preto da Eva,1.57,1303569,Amazonas,2023
12102,Santa Rita do Trivelato,0.0,5107768,Mato Grosso,2023
12103,São João do Araguaia,3.26,1507508,Pará,2023
12104,Água Azul do Norte,3.91,1500347,Pará,2023
12105,Barra do Corda,26.49,2101608,Maranhão,2023
12106,Urucurituba,0.0,1304401,Amazonas,2023
12107,Santo Afonso,0.69,5107263,Mato Grosso,2023
12108,Muaná,0.0,1504901,Pará,2023
12109,Davinópolis,0.34,2103752,Maranhão,2023
12110,Colméia,0.0,1716703,Tocantins,2023
12111,Novo Repartimento,107.97,1505064,Pará,2023
12112,Monte Santo do Tocantins,0.05,1713700,Tocantins,2023
12113,Grajaú,27.96,2104800,Maranhão,2023
12114,Alto Alegre dos Parecis,4.93,1100379,Rondônia,2023
12115,Portel,201.15,1505809,Pará,2023
12116,Itaúba,3.61,5104559,Mato Grosso,2023
12117,Parecis,4.32,1101450,Rondônia,2023
12118,Colorado do Oeste,1.49,1100064,Rondônia,2023
12119,Presidente Kennedy,0.0,1718402,Tocantins,2023
12120,Anapu,95.72,1500859,Pará,2023
12121,Juarina,0.0,1711803,Tocantins,2023
12122,Novo Horizonte do Norte,0.38,5106273,Mato Grosso,2023
12123,Tonantins,3.32,1304237,Amazonas,2023
12124,João Lisboa,0.96,2105500,Maranhão,2023
12125,Porto Velho,263.74,1100205,Rondônia,2023
12126,Nova Olinda,0.0,1714880,Tocantins,2023
12127,Confresa,15.07,5103353,Mato Grosso,2023
12128,Curuá,6.5,1502855,Pará,2023
12129,Itapiranga,0.44,1302009,Amazonas,2023
12130,São Luís Gonzaga do Maranhão,0.0,2111409,Maranhão,2023
12131,Novo Santo Antônio,3.13,5106315,Mato Grosso,2023
12132,Novo Horizonte do Oeste,0.9,1100502,Rondônia,2023
12133,São Raimundo das Mangabeiras,0.0,2111607,Maranhão,2023
12134,Cândido Mendes,3.02,2102606,Maranhão,2023
12135,Amarante do Maranhão,7.25,2100600,Maranhão,2023
12136,Plácido de Castro,3.14,1200385,Acre,2023
12137,Serrano do Maranhão,0.0,2111789,Maranhão,2023
12138,Irituia,0.68,1503507,Pará,2023
12139,Pauini,13.27,1303502,Amazonas,2023
12140,Oeiras do Pará,2.47,1505205,Pará,2023
12141,Acrelândia,12.05,1200013,Acre,2023
12142,Almeirim,22.81,1500503,Pará,2023
12143,Ribeirão Cascalheira,3.14,5107180,Mato Grosso,2023
12144,Esperantina,0.74,1707405,Tocantins,2023
12145,Feijó,62.86,1200302,Acre,2023
12146,Couto Magalhães,0.0,1706001,Tocantins,2023
12147,Igarapé-Miri,0.97,1503309,Pará,2023
12148,Rurópolis,39.91,1506195,Pará,2023
12149,Porto Franco,1.48,2109007,Maranhão,2023
12150,Sampaio,0.09,1718808,Tocantins,2023
12151,Belém,0.0,1501402,Pará,2023
12152,Vitória do Mearim,0.09,2112902,Maranhão,2023
12153,Tupirama,0.0,1721257,Tocantins,2023
12154,São Domingos do Capim,1.8,1507201,Pará,2023
12155,Trizidela do Vale,0.0,2112233,Maranhão,2023
12156,Porto Alegre do Tocantins,0.0,1718006,Tocantins,2023
12157,Goiatins,0.0,1709005,Tocantins,2023
12158,Chapada da Natividade,0.0,1705102,Tocantins,2023
12159,São Sebastião do Tocantins,0.0,1720309,Tocantins,2023
12160,Amapá do Maranhão,7.84,2100550,Maranhão,2023
12161,Taguatinga,0.0,1720903,Tocantins,2023
12162,São Vicente Ferrer,0.0,2111706,Maranhão,2023
12163,Tocantínia,0.0,1721109,Tocantins,2023
12164,Pinheiro,0.63,2108603,Maranhão,2023
12165,Cristalândia,0.0,1706100,Tocantins,2023
12166,Aguiarnópolis,0.67,1700301,Tocantins,2023
12167,Piraquê,0.74,1717206,Tocantins,2023
12168,Bonito,0.32,1501600,Pará,2023
12169,Fortaleza dos Nogueiras,0.0,2104107,Maranhão,2023
12170,Terra Alta,0.26,1507961,Pará,2023
12171,Lago da Pedra,0.0,2105708,Maranhão,2023
12172,Balsas,0.0,2101400,Maranhão,2023
12173,Ipixuna do Pará,19.64,1503457,Pará,2023
12174,Santo Antônio dos Lopes,1.45,2110302,Maranhão,2023
12175,Serra do Navio,0.19,1600055,Amapá,2023
12176,Pau D'Arco,0.08,1716307,Tocantins,2023
12177,Concórdia do Pará,0.23,1502756,Pará,2023
12178,Lima Campos,0.53,2106003,Maranhão,2023
12179,São João do Paraíso,0.46,2111052,Maranhão,2023
12180,Boa Vista do Gurupi,0.87,2101970,Maranhão,2023
12181,Ponte Alta do Tocantins,0.0,1717909,Tocantins,2023
12182,Nazaré,0.49,1714302,Tocantins,2023
12183,Aveiro,29.36,1501006,Pará,2023
12184,Nova União,2.04,1101435,Rondônia,2023
12185,Boca do Acre,91.88,1300706,Amazonas,2023
12186,Luciara,0.18,5105309,Mato Grosso,2023
12187,Xambioá,0.66,1722107,Tocantins,2023
12188,Barcelos,1.68,1300409,Amazonas,2023
12189,Guaraí,0.68,1709302,Tocantins,2023
12190,Codajás,3.08,1301308,Amazonas,2023
12191,Querência,46.15,5107065,Mato Grosso,2023
12192,São Luiz,11.78,1400605,Roraima,2023
12193,Careiro,8.16,1301100,Amazonas,2023
12194,Pium,0.0,1717503,Tocantins,2023
12195,Brasnorte,25.65,5101902,Mato Grosso,2023
12196,Paranaíta,49.79,5106299,Mato Grosso,2023
12197,Oriximiná,15.43,1505304,Pará,2023
12198,Amajari,9.85,1400027,Roraima,2023
12199,Baião,8.64,1501204,Pará,2023
12200,Pacaraima,0.2,1400456,Roraima,2023
12201,Tabocão,0.0,1708254,Tocantins,2023
12202,São Salvador do Tocantins,0.0,1720259,Tocantins,2023
12203,Ipueiras,0.0,1709807,Tocantins,2023
12204,Juruá,1.87,1302207,Amazonas,2023
12205,Santana,0.08,1600600,Amapá,2023
12206,Jutaí,5.57,1302306,Amazonas,2023
12207,Crixás do Tocantins,0.0,1706258,Tocantins,2023
12208,Angico,0.0,1701051,Tocantins,2023
12209,Palestina do Pará,0.26,1505494,Pará,2023
12210,Alto Boa Vista,0.69,5100359,Mato Grosso,2023
12211,Turiaçu,1.47,2112407,Maranhão,2023
12212,Wanderlândia,0.72,1722081,Tocantins,2023
12213,Viana,0.23,2112803,Maranhão,2023
12214,Pedro Afonso,0.48,1716505,Tocantins,2023
12215,Riachinho,0.15,1718550,Tocantins,2023
12216,São Valério,0.0,1720499,Tocantins,2023
12217,Cachoeira do Piriá,25.79,1501956,Pará,2023
12218,Castanhal,0.35,1502400,Pará,2023
12219,Rondon do Pará,35.93,1506187,Pará,2023
12220,Barra do Ouro,0.0,1703073,Tocantins,2023
12221,Tomé-Açu,14.9,1508001,Pará,2023
12222,Poção de Pedras,0.0,2108900,Maranhão,2023
12223,São Bento,0.0,2110500,Maranhão,2023
12224,Godofredo Viana,3.56,2104305,Maranhão,2023
12225,Presidente Juscelino,1.12,2109205,Maranhão,2023
12226,São Pedro dos Crentes,0.0,2111573,Maranhão,2023
12227,Buriti do Tocantins,0.0,1703800,Tocantins,2023
12228,Centro Novo do Maranhão,6.33,2103174,Maranhão,2023
12229,Careiro da Várzea,5.0,1301159,Amazonas,2023
12230,Buriti Bravo,0.38,2102309,Maranhão,2023
12231,Pedro do Rosário,0.0,2108256,Maranhão,2023
12232,Palmeirante,0.0,1715705,Tocantins,2023
12233,Palmeiras do Tocantins,0.55,1713809,Tocantins,2023
12234,Carrasco Bonito,0.0,1703891,Tocantins,2023
12235,Conceição do Lago-Açu,0.0,2103554,Maranhão,2023
12236,Vitorino Freire,0.0,2113009,Maranhão,2023
12237,São Domingos do Araguaia,1.35,1507151,Pará,2023
12238,Almas,0.0,1700400,Tocantins,2023
12239,Lajeado,0.0,1712009,Tocantins,2023
12240,Feira Nova do Maranhão,0.0,2104073,Maranhão,2023
12241,Icatu,0.0,2105104,Maranhão,2023
12242,Cururupu,0.0,2103703,Maranhão,2023
12243,Itacajá,0.0,1710508,Tocantins,2023
12244,Luís Domingues,0.5,2106201,Maranhão,2023
12245,Campos Lindos,0.0,1703842,Tocantins,2023
12246,Aurora do Pará,2.87,1500958,Pará,2023
12247,Peri Mirim,0.0,2108405,Maranhão,2023
12248,Capinzal do Norte,0.81,2102754,Maranhão,2023
12249,Cachoeirinha,0.24,1703826,Tocantins,2023
12250,Bela Vista do Maranhão,0.0,2101772,Maranhão,2023
12251,Carmolândia,0.18,1703883,Tocantins,2023
12252,Santa Rita do Tocantins,0.0,1718899,Tocantins,2023
12253,Ministro Andreazza,0.79,1101203,Rondônia,2023
12254,Ponta de Pedras,0.0,1505700,Pará,2023
12255,Chupinguaia,6.85,1100924,Rondônia,2023
12256,Castanheira,3.55,5102850,Mato Grosso,2023
12257,Manaquiri,3.19,1302553,Amazonas,2023
12258,Marcelândia,111.16,5105580,Mato Grosso,2023
12259,Formoso do Araguaia,1.18,1708205,Tocantins,2023
12260,São Felipe D'Oeste,0.08,1101484,Rondônia,2023
12261,Brejinho de Nazaré,0.0,1703701,Tocantins,2023
12262,Juara,116.54,5105101,Mato Grosso,2023
12263,Guarantã do Norte,7.37,5104104,Mato Grosso,2023
12264,Nova Marilândia,0.19,5108857,Mato Grosso,2023
12265,Bernardo do Mearim,0.08,2101939,Maranhão,2023
12266,Terra Nova do Norte,0.49,5108055,Mato Grosso,2023
12267,Indiavaí,0.0,5104500,Mato Grosso,2023
12268,Soure,0.0,1507904,Pará,2023
12269,Caapiranga,1.59,1300839,Amazonas,2023
12270,Marabá,36.31,1504208,Pará,2023
12271,Nova Brasilândia D'Oeste,3.25,1100148,Rondônia,2023
12272,Campo Novo do Parecis,0.0,5102637,Mato Grosso,2023
12273,Guajará-Mirim,9.69,1100106,Rondônia,2023
12274,Mojuí dos Campos,91.04,1504752,Pará,2023
12275,Benjamin Constant,0.59,1300607,Amazonas,2023
12276,Dois Irmãos do Tocantins,0.08,1707207,Tocantins,2023
12277,Jaru,3.08,1100114,Rondônia,2023
12278,Jordão,4.95,1200328,Acre,2023
12279,Mucajaí,24.04,1400308,Roraima,2023
12280,Normandia,0.0,1400407,Roraima,2023
12281,Juína,31.16,5105150,Mato Grosso,2023
12282,Corumbiara,2.86,1100072,Rondônia,2023
12283,Urupá,0.45,1101708,Rondônia,2023
12284,Trairão,26.94,1508050,Pará,2023
12285,Atalaia do Norte,1.55,1300201,Amazonas,2023
12286,Nhamundá,5.6,1303007,Amazonas,2023
12287,Barra do Garças,0.0,5101803,Mato Grosso,2023
12288,São Domingos do Maranhão,7.6,2110708,Maranhão,2023
12289,Bagre,2.53,1501105,Pará,2023
12290,São Bento do Tocantins,0.0,1720101,Tocantins,2023
12291,Juruti,8.52,1503903,Pará,2023
12292,Colniza,149.27,5103254,Mato Grosso,2023
12293,Quatipuru,0.17,1506112,Pará,2023
12294,Salinópolis,0.0,1506203,Pará,2023
12295,Babaçulândia,0.0,1703008,Tocantins,2023
12296,Zé Doca,0.48,2114007,Maranhão,2023
12297,Sapucaia,0.44,1507755,Pará,2023
12298,Colares,0.0,1502608,Pará,2023
12299,Araguatins,4.76,1702208,Tocantins,2023
12300,Pio XII,0.0,2108702,Maranhão,2023
12301,Novo Jardim,0.0,1715259,Tocantins,2023
12302,Marechal Thaumaturgo,10.83,1200351,Acre,2023
12303,Teixeirópolis,0.0,1101559,Rondônia,2023
12304,São Francisco do Pará,0.12,1507409,Pará,2023
12305,Paulo Ramos,1.5,2108108,Maranhão,2023
12306,Nova Colinas,0.0,2107258,Maranhão,2023
12307,Santa Maria do Tocantins,0.0,1718881,Tocantins,2023
12308,Arraias,0.0,1702406,Tocantins,2023
12309,Salvaterra,0.19,1506302,Pará,2023
12310,Manicoré,98.46,1302702,Amazonas,2023
12311,Santa Maria do Pará,0.23,1506609,Pará,2023
12312,Cajapió,0.0,2102408,Maranhão,2023
12313,Bom Jardim,19.0,2102002,Maranhão,2023
12314,Peixe,0.0,1716604,Tocantins,2023
12315,Governador Archer,2.12,2104503,Maranhão,2023
12316,Curralinho,1.15,1502806,Pará,2023
12317,Talismã,0.0,1720978,Tocantins,2023
12318,Timbiras,0.23,2112100,Maranhão,2023
12319,Igarapé-Açu,0.11,1503200,Pará,2023
12320,Lago Verde,0.0,2105906,Maranhão,2023
12321,Itamarati,2.46,1301951,Amazonas,2023
12322,Lábrea,206.75,1302405,Amazonas,2023
12323,Luzinópolis,0.0,1712454,Tocantins,2023
12324,Brasilândia do Tocantins,0.0,1703602,Tocantins,2023
12325,Axixá,0.0,2101103,Maranhão,2023
12326,Brejo de Areia,1.22,2102150,Maranhão,2023
12327,Marituba,0.0,1504422,Pará,2023
12328,Recursolândia,0.64,1718501,Tocantins,2023
12329,Praia Norte,0.59,1718303,Tocantins,2023
12330,Sítio Novo,0.16,2111805,Maranhão,2023
12331,Ouro Preto do Oeste,2.93,1100155,Rondônia,2023
12332,São Félix do Tocantins,0.0,1720150,Tocantins,2023
12333,Marapanim,0.16,1504406,Pará,2023
12334,Bacabeira,0.0,2101251,Maranhão,2023
12335,Santarém Novo,0.13,1506906,Pará,2023
12336,Mirador,0.0,2106706,Maranhão,2023
12337,Vila Nova dos Martírios,0.75,2112852,Maranhão,2023
12338,Riachão,0.0,2109502,Maranhão,2023
12339,Ourém,0.47,1505403,Pará,2023
12340,São José dos Basílios,0.46,2111250,Maranhão,2023
12341,Governador Nunes Freire,0.0,2104677,Maranhão,2023
12342,Calçoene,2.11,1600204,Amapá,2023
12343,Alto Araguaia,0.0,5100300,Mato Grosso,2023
12344,Mirinzal,0.0,2106805,Maranhão,2023
12345,Jenipapo dos Vieiras,2.16,2105476,Maranhão,2023
12346,Santa Izabel do Pará,0.0,1506500,Pará,2023
12347,Combinado,0.0,1705557,Tocantins,2023
12348,Envira,9.14,1301506,Amazonas,2023
12349,Graça Aranha,1.67,2104701,Maranhão,2023
12350,Tocantinópolis,0.11,1721208,Tocantins,2023
12351,Amaturá,1.16,1300060,Amazonas,2023
12352,Cacaulândia,11.23,1100601,Rondônia,2023
12353,São Félix de Balsas,0.0,2110807,Maranhão,2023
12354,Colinas,3.38,2103505,Maranhão,2023
12355,Buritirana,1.96,2102358,Maranhão,2023
12356,Ananindeua,0.0,1500800,Pará,2023
12357,Presidente Figueiredo,2.31,1303536,Amazonas,2023
12358,Abaetetuba,0.31,1500107,Pará,2023
12359,Pindaré-Mirim,0.0,2108504,Maranhão,2023
12360,Centenário,0.0,1704105,Tocantins,2023
12361,Santa Terezinha do Tocantins,0.29,1720002,Tocantins,2023
12362,Vigia,0.0,1508209,Pará,2023
12363,Campo Novo de Rondônia,8.67,1100700,Rondônia,2023
12364,Santa Cruz do Xingu,13.71,5107743,Mato Grosso,2023
12365,Lajeado Novo,0.79,2105989,Maranhão,2023
12366,Afuá,0.27,1500305,Pará,2023
12367,Ribamar Fiquene,0.28,2109551,Maranhão,2023
